Medicine Name,Composition,Uses,Side_effects,Image URL,Manufacturer,Excellent Review %,Average Review %,Poor Review %
Eva Q Syrup,Lactitol (66.67% w/v), Constipation,Cramps Abdominal distension Flatulence,"https://onemg.gumlet.io/l_watermark_346,w_480,h_480/a_ignore,w_480,h_480,c_fit,q_auto,f_auto/cropped/qgr5sfdxwehw1erfvbzr.jpg",Medley Pharmaceuticals,22,28,50
Efnocar 20 Tablet,Efonidipine (20mg),Treatment of Hypertension (high blood pressure),Headache Palpitations Hot flushes Flushing of face,"https://onemg.gumlet.io/l_watermark_346,w_480,h_480/a_ignore,w_480,h_480,c_fit,q_auto,f_auto/cropped/wtl6ovlddbvdn9mp2hde.jpg",Zuventus Healthcare Ltd,42,33,25
Eltocin Tablet,Erythromycin (250mg),Treatment of Bacterial infections,Vomiting Nausea Abdominal pain Diarrhea,"https://onemg.gumlet.io/l_watermark_346,w_480,h_480/a_ignore,w_480,h_480,c_fit,q_auto,f_auto/d12a7368c639403383c38468ed9f6b21.jpg",Ipca Laboratories Ltd,67,33,0
Enapril 5 Tablet,Enalapril (5mg),Treatment of Hypertension (high blood pressure)Treatment of Prevention of heart attack and strokeTreatment of Heart failure,Decreased blood pressure Cough Increased potassium level in blood Fatigue Weakness Dizziness,"https://onemg.gumlet.io/l_watermark_346,w_480,h_480/a_ignore,w_480,h_480,c_fit,q_auto,f_auto/f330919b2ebc4417875e25ebf85d943a.jpg",Intas Pharmaceuticals Ltd,56,11,33
Ethasyl 250 Tablet,Ethamsylate (250mg), Bleeding,Skin rash Vomiting Headache Nausea Diarrhea,"https://onemg.gumlet.io/l_watermark_346,w_480,h_480/a_ignore,w_480,h_480,c_fit,q_auto,f_auto/cropped/kes5k2jxetlla1x1pj02.jpg",FDC Ltd,20,60,20
Eslizen 400mg Tablet,Eslicarbazepine (400mg), Epilepsy/Seizures,Sleepiness Blurred vision Nausea Headache Vomiting Double vision Fatigue Balance disorder loss of balance Diarrhea Impaired coordination Vertigo Decreased appetite Decreased sodium level in blood Dizziness,"https://onemg.gumlet.io/l_watermark_346,w_480,h_480/a_ignore,w_480,h_480,c_fit,q_auto,f_auto/f210b27f864d445995271d48502cc752.jpg",Intas Pharmaceuticals Ltd,31,46,23
Emgra Tablet,Estradiol (2mg), Hormone replacement therapy,Headache Nausea Breast pain Abdominal cramp Bloating Vaginal spotting Vomiting,"https://onemg.gumlet.io/l_watermark_346,w_480,h_480/a_ignore,w_480,h_480,c_fit,q_auto,f_auto/fe5256a4fa2e4a05be3298286c7ca847.jpg",Emcure Pharmaceuticals Ltd,47,20,33
Escigress 10 Tablet,Escitalopram Oxalate (10mg),Treatment of DepressionTreatment of Anxiety disorderTreatment of Panic disorder,Anorgasmia decreased orgasm in women Decreased libido Delayed ejaculation Fatigue Increased sweating Insomnia difficulty in sleeping Nausea Sleepiness,"https://onemg.gumlet.io/l_watermark_346,w_480,h_480/a_ignore,w_480,h_480,c_fit,q_auto,f_auto/cropped/kt6zfyrky1uaqbluxwss.jpg",La Renon Healthcare Pvt Ltd,0,71,29
Etex-T Tablet,Tranexamic Acid (250mg) + Ethamsylate (250mg), Heavy menstrual bleeding,Nausea Stomach pain Diarrhea Headache Nasal congestion stuffy nose Sinus pain Sinus inflammation Rash Tiredness Musculoskeletal bone muscle or joint pain Anemia low number of red blood cells,"https://onemg.gumlet.io/l_watermark_346,w_480,h_480/a_ignore,w_480,h_480,c_fit,q_auto,f_auto/cropped/aqklqu824xsijxamjhy1.jpg",Rapross Pharmaceuticals Pvt Ltd,67,16,17
Entehep 0.5 Tablet,Entecavir (0.5mg), Chronic hepatitis B virus (HBV) infection,Headache Nausea Vomiting Fatigue Stomach pain Diarrhea,"https://onemg.gumlet.io/l_watermark_346,w_480,h_480/a_ignore,w_480,h_480,c_fit,q_auto,f_auto/tn0svg9a8a4f3qvxibgv.jpg",Zydus Cadila,56,22,22
Esipram 10 Tablet,Escitalopram Oxalate (10mg),Treatment of DepressionTreatment of Anxiety disorderTreatment of Panic disorder,Anorgasmia decreased orgasm in women Decreased libido Delayed ejaculation Fatigue Increased sweating Insomnia difficulty in sleeping Nausea Sleepiness,"https://onemg.gumlet.io/l_watermark_346,w_480,h_480/a_ignore,w_480,h_480,c_fit,q_auto,f_auto/cropped/qgs2nlsdksph1yivadfr.jpg",Dios Lifesciences Pvt Ltd,0,67,33
Etova-MR Forte Tablet,Etodolac (400mg) + Thiocolchicoside (8mg), Pain due to muscle spasm,Nausea Vomiting Heartburn Stomach pain epigastric pain Loss of appetite Indigestion Sleepiness,"https://onemg.gumlet.io/l_watermark_346,w_480,h_480/a_ignore,w_480,h_480,c_fit,q_auto,f_auto/cropped/ka0zzkbop2xzmx2nzzfg.jpg",Ipca Laboratories Ltd,0,44,56
Eslo-Tel 2.5mg Tablet,Telmisartan (40mg) + Amlodipine (2.5mg),Treatment of Hypertension (high blood pressure),Sleepiness Ankle swelling Headache Flushing sense of warmth in the face ears neck and trunk Dizziness Tiredness Palpitations Upset stomach Increased potassium level in blood,"https://onemg.gumlet.io/l_watermark_346,w_480,h_480/a_ignore,w_480,h_480,c_fit,q_auto,f_auto/cropped/jcrmhemymfdru7055bkm.jpg",Zuventus Healthcare Ltd,42,41,17
Esoz 20 Tablet,Esomeprazole (20mg),Treatment of Gastroesophageal reflux disease (Acid reflux)Treatment of Peptic ulcer diseaseTreatment of Zollinger-Ellison syndrome,Headache Dryness in mouth Nausea Abdominal pain Constipation Flatulence Diarrhea,"https://onemg.gumlet.io/l_watermark_346,w_480,h_480/a_ignore,w_480,h_480,c_fit,q_auto,f_auto/cropped/wnxns72ghmzqp4chxj9s.jpg",Integrace Pvt Ltd,13,47,40
Eutropin 4IU Injection,Somatropin (4IU), Growth failure due to growth hormone deficiency,Injection site reactions pain swelling redness Headache Rash,"https://onemg.gumlet.io/l_watermark_346,w_480,h_480/a_ignore,w_480,h_480,c_fit,q_auto,f_auto/8d7969d9c1bb499d9c79b2765442829a.jpg",LG Lifesciences,40,27,33
Espin 2.5 Tablet,S-Amlodipine (2.5mg),Treatment of Hypertension (high blood pressure)Prevention of Angina (heart-related chest pain)Prevention of Heart attackPrevention of Stroke,Ankle swelling Dizziness Fatigue Flushing sense of warmth in the face ears neck and trunk Headache Palpitations Abdominal pain Muscle cramp Nausea Sleepiness Visual disturbance Dyspepsia Breathlessness Change in bowel habits,"https://onemg.gumlet.io/l_watermark_346,w_480,h_480/a_ignore,w_480,h_480,c_fit,q_auto,f_auto/cropped/cxmjgf9hn55hem7rn21b.jpg",Intas Pharmaceuticals Ltd,43,33,24
Entaliv 0.5 Tablet,Entecavir (0.5mg), Chronic hepatitis B virus (HBV) infection,Headache Nausea Vomiting Fatigue Stomach pain Diarrhea,"https://onemg.gumlet.io/l_watermark_346,w_480,h_480/a_ignore,w_480,h_480,c_fit,q_auto,f_auto/tk67haokvqspdid89kdu.jpg",Dr Reddy's Laboratories Ltd,38,37,25
Envas 10 Tablet,Enalapril (10mg),Treatment of Hypertension (high blood pressure)Treatment of Prevention of heart attack and strokeTreatment of Heart failure,Decreased blood pressure Cough Increased potassium level in blood Fatigue Weakness Dizziness,"https://onemg.gumlet.io/l_watermark_346,w_480,h_480/a_ignore,w_480,h_480,c_fit,q_auto,f_auto/cropped/yr0zahvxwgwu11uykpmx.jpg",Cadila Pharmaceuticals Ltd,56,30,14
Ezanic 10% Cream,Azelaic Acid (10% w/w),Treatment of Acne,Application site reactions burning irritation itching and redness,"https://onemg.gumlet.io/l_watermark_346,w_480,h_480/a_ignore,w_480,h_480,c_fit,q_auto,f_auto/0d4aa7406e2548aaa67b8c9d9ff4e4ac.jpg",Intas Pharmaceuticals Ltd,20,28,52
Esomefol Tablet,Esomeprazole (40mg),Treatment of Gastroesophageal reflux disease (Acid reflux)Treatment of Peptic ulcer diseaseTreatment of Zollinger-Ellison syndrome,Headache Dryness in mouth Nausea Abdominal pain Constipation Flatulence Diarrhea,"https://onemg.gumlet.io/l_watermark_346,w_480,h_480/a_ignore,w_480,h_480,c_fit,q_auto,f_auto/e862a90873b94db48c0b3c0237432f5f.jpg",Leeford Healthcare Ltd,83,17,0
Embeta XR 12.5 Tablet,Metoprolol Succinate (11.8mg),Treatment of Hypertension (high blood pressure)Treatment of Angina (heart-related chest pain)Treatment of ArrhythmiaPrevention of Heart attackPrevention of Migraine,Fatigue Headache Slow heart rate Dizziness Nausea Breathlessness Rash Diarrhea Depression,"https://onemg.gumlet.io/l_watermark_346,w_480,h_480/a_ignore,w_480,h_480,c_fit,q_auto,f_auto/cropped/wyadcxmofyz66q3x4sdp.jpg",Intas Pharmaceuticals Ltd,0,50,50
EC Pan DSR Capsule,Domperidone (30mg) + Pantoprazole (40mg),Treatment of Gastroesophageal reflux disease (Acid reflux)Treatment of Peptic ulcer disease,Diarrhea Stomach pain Flatulence Dryness in mouth Dizziness Headache,"https://onemg.gumlet.io/l_watermark_346,w_480,h_480/a_ignore,w_480,h_480,c_fit,q_auto,f_auto/e747d1c793024ca1b39a3cacf189b446.jpg",Icon Life Sciences,40,27,33
Elocon Lotion,Mometasone (0.1% w/v),Treatment of Skin conditions with inflammation & itching,Stinging sensation Itching Hair follicle inflammation,"https://onemg.gumlet.io/l_watermark_346,w_480,h_480/a_ignore,w_480,h_480,c_fit,q_auto,f_auto/cropped/vgqge1ijqfmr2zvxdha7.jpg",Fulford India Ltd,52,38,10
Etogesic 400 Tablet,Etodolac (400mg), Pain relief,Visual disturbance Vomiting Stomach pain epigastric pain Nausea Indigestion Dizziness Drowsiness Visual disorder,"https://onemg.gumlet.io/l_watermark_346,w_480,h_480/a_ignore,w_480,h_480,c_fit,q_auto,f_auto/bofr6luiyx37iemkzcx0.jpg",Zydus Cadila,22,78,0
Emty Oral Solution,Lactulose (10gm),Treatment of ConstipationTreatment of Hepatic encephalopathy,Abdominal pain Nausea Vomiting Diarrhea,"https://onemg.gumlet.io/l_watermark_346,w_480,h_480/a_ignore,w_480,h_480,c_fit,q_auto,f_auto/fbhrt3movqsybay6oggs.jpg",Alkem Laboratories Ltd,18,34,48
EV 2mg Tablet,Estradiol (2mg), Hormone replacement therapy,Headache Nausea Breast pain Abdominal cramp Bloating Vaginal spotting Vomiting,"https://onemg.gumlet.io/l_watermark_346,w_480,h_480/a_ignore,w_480,h_480,c_fit,q_auto,f_auto/ab2b5aae655a4f72813d8e70f509e476.jpg",Corona Remedies Pvt Ltd,0,39,61
Escitalent 10 Tablet,Escitalopram Oxalate (10mg),Treatment of DepressionTreatment of Anxiety disorderTreatment of Panic disorder,Anorgasmia decreased orgasm in women Decreased libido Delayed ejaculation Fatigue Increased sweating Insomnia difficulty in sleeping Nausea Sleepiness,"https://onemg.gumlet.io/l_watermark_346,w_480,h_480/a_ignore,w_480,h_480,c_fit,q_auto,f_auto/cropped/oruzlc2lkdgjl6gdhilk.jpg",Talent India ,52,41,7
Ezimet Cream,Mometasone (0.1% w/w),Treatment of Skin conditions with inflammation & itching,Stinging sensation Itching Hair follicle inflammation,"https://onemg.gumlet.io/l_watermark_346,w_480,h_480/a_ignore,w_480,h_480,c_fit,q_auto,f_auto/cropped/zl4zmsi0qqrwqmqm0bd6.jpg",Canixa Life Sciences Pvt,100,0,0
Exermet 500 SR Tablet,Metformin (500mg),Treatment of Type 2 diabetes mellitus,Diarrhea Nausea Vomiting Flatulence,"https://onemg.gumlet.io/l_watermark_346,w_480,h_480/a_ignore,w_480,h_480,c_fit,q_auto,f_auto/a923b67db46b4a448c9d4e59c143b6ae.jpg",Cipla Ltd,33,34,33
Episert Cream,Sertaconazole (2% w/w),Treatment of Fungal skin infectionsTreatment of Fungal infections,Application site reactions burning irritation itching and redness Skin irritation,"https://onemg.gumlet.io/l_watermark_346,w_480,h_480/a_ignore,w_480,h_480,c_fit,q_auto,f_auto/znlo1c3lrbywlowdvq4l.jpg",KLM Laboratories Pvt Ltd,25,42,33
Eritel H Tablet,Telmisartan (40mg) + Hydrochlorothiazide (12.5mg),Treatment of Hypertension (high blood pressure),Fatigue Dizziness Nausea Diarrhea Sinus inflammation Flu like symptoms Upper respiratory tract infection,"https://onemg.gumlet.io/l_watermark_346,w_480,h_480/a_ignore,w_480,h_480,c_fit,q_auto,f_auto/cropped/jutkbcm1ribm1b656nsu.jpg",Eris Lifesciences Ltd,56,22,22
Eslo-AT Tablet,Amlodipine (2.5mg) + Atenolol (50mg),Treatment of Hypertension (high blood pressure),Sleepiness Headache Ankle swelling Flushing sense of warmth in the face ears neck and trunk Slow heart rate Palpitations Nausea Edema swelling Constipation Tiredness Cold extremities,"https://onemg.gumlet.io/l_watermark_346,w_480,h_480/a_ignore,w_480,h_480,c_fit,q_auto,f_auto/cropped/iwamun1inecxnogmrymg.jpg",Zuventus Healthcare Ltd,73,7,20
Esam 2.5 Tablet,S-Amlodipine (2.5mg),Treatment of Hypertension (high blood pressure)Prevention of Angina (heart-related chest pain)Prevention of Heart attackPrevention of Stroke,Ankle swelling Dizziness Fatigue Flushing sense of warmth in the face ears neck and trunk Headache Palpitations Abdominal pain Muscle cramp Nausea Sleepiness Visual disturbance Dyspepsia Breathlessness Change in bowel habits,"https://onemg.gumlet.io/l_watermark_346,w_480,h_480/a_ignore,w_480,h_480,c_fit,q_auto,f_auto/cropped/niyljzb6cnbusgiiaatw.jpg",Torrent Pharmaceuticals Ltd,40,33,27
Eglucent Mix 50 100IU/ml Suspension for Injection,Insulin Lispro (50%) + Insulin Lispro Protamine (50%), Diabetes,Hypoglycemia low blood glucose level Weight gain Infusion site reaction Auto antibody formation,"https://onemg.gumlet.io/l_watermark_346,w_480,h_480/a_ignore,w_480,h_480,c_fit,q_auto,f_auto/c0680c772bba461ab04445699f314348.jpg",Lupin Ltd,59,28,13
Esoz L Capsule SR,Levosulpiride (75mg) + Esomeprazole (40mg),Treatment of Gastroesophageal reflux disease (Acid reflux)Treatment of Peptic ulcer disease,Nausea Vomiting Diarrhea Constipation Upset stomach Stomach pain Headache Flatulence Sleepiness,"https://onemg.gumlet.io/l_watermark_346,w_480,h_480/a_ignore,w_480,h_480,c_fit,q_auto,f_auto/cropped/ncfexbbbl4elcmgg0qwm.jpg",Integrace Pvt Ltd,27,46,27
Etowin P 60mg/325mg Tablet,Etoricoxib (60mg) + Paracetamol (325mg), Pain relief,Diarrhea Indigestion Stomach pain Flatulence Swelling of hands Feet swelling Flu like symptoms,"https://onemg.gumlet.io/l_watermark_346,w_480,h_480/a_ignore,w_480,h_480,c_fit,q_auto,f_auto/pfnojm3dj8jvmvwy5ase.jpg",Corona Remedies Pvt Ltd,33,67,0
Eberjen-M Cream,Eberconazole (1% w/w) + Mometasone (0.1% w/w),Treatment of Fungal skin infections,Application site reactions burning irritation itching and redness,"https://onemg.gumlet.io/l_watermark_346,w_480,h_480/a_ignore,w_480,h_480,c_fit,q_auto,f_auto/cropped/odukbhpxwilvk0yb85k2.jpg",Jenburkt Pharmaceuticals Ltd,18,46,36
Esgipyrin 50mg/325mg Tablet,Diclofenac (50mg) + Paracetamol (325mg), Pain relief,Nausea Vomiting Stomach pain epigastric pain Heartburn Diarrhea Loss of appetite,"https://onemg.gumlet.io/l_watermark_346,w_480,h_480/a_ignore,w_480,h_480,c_fit,q_auto,f_auto/1dc16baf6cda4670a45c2dcfbf5c7769.jpg",Abbott,67,33,0
Enzamide 40mg Capsule,Enzalutamide (40mg), Prostate cancer,Headache Hot flashes Weakness High blood pressure Fatigue,"https://onemg.gumlet.io/l_watermark_346,w_480,h_480/a_ignore,w_480,h_480,c_fit,q_auto,f_auto/56a60ddc4be048c29af1f171fe083be2.jpg",Intas Pharmaceuticals Ltd,27,53,20
Ezimet-F Cream,Mometasone (0.1% w/w) + Fusidic Acid (2% w/w),Treatment of Skin conditions with inflammation & itching,Headache Sore throat Itching Nosebleeds Viral infection Upper respiratory tract infection Vomiting,"https://onemg.gumlet.io/l_watermark_346,w_480,h_480/a_ignore,w_480,h_480,c_fit,q_auto,f_auto/cropped/caakjnlx1yktmhgixz7x.jpg",Canixa Life Sciences Pvt,20,60,20
Evict Oral Solution,Lactulose (10gm),Treatment of ConstipationTreatment of Hepatic encephalopathy,Abdominal pain Nausea Vomiting Diarrhea,"https://onemg.gumlet.io/l_watermark_346,w_480,h_480/a_ignore,w_480,h_480,c_fit,q_auto,f_auto/cropped/k2kxj4xox8ovjfdrad8f.jpg",Albert David Ltd,13,54,33
Efipres Injection,Ephedrine (30mg), Hypotension following spinal anesthesia,Nausea Vomiting Increased heart rate,"https://onemg.gumlet.io/l_watermark_346,w_480,h_480/a_ignore,w_480,h_480,c_fit,q_auto,f_auto/7fae33774ff44650aebab5eac3fa5c9b.jpg",Neon Laboratories Ltd,0,50,50
Etody 60 Tablet,Etoricoxib (60mg), Pain relief,Stomach pain Diarrhea,"https://onemg.gumlet.io/l_watermark_346,w_480,h_480/a_ignore,w_480,h_480,c_fit,q_auto,f_auto/cropped/rjrkpu8idxxsz3ckuiif.jpg",Abbott,0,17,83
Endokine 300mcg Injection,Filgrastim (300mcg),Prevention of Infections after chemotherapy,Bone pain Weakness Headache Rash Nausea Increased lactate dehydrogenase level in blood Vomiting Increased uric acid level in blood Oropharyngeal pain Hair loss Fatigue Diarrhea Constipation Decreased appetite Cough Breathing problems Injection site reactions pain swelling redness,"https://onemg.gumlet.io/l_watermark_346,w_480,h_480/a_ignore,w_480,h_480,c_fit,q_auto,f_auto/u9rmj3gcwdzqozecqoi6.jpg",Intas Pharmaceuticals Ltd,50,17,33
Efil 10mg Tablet,Tadalafil (10mg),Treatment of Erectile dysfunctionTreatment of Pulmonary arterial hypertension (PAH),Flushing sense of warmth in the face ears neck and trunk Headache Blurred vision Muscle pain Upset stomach Back pain Nausea Respiratory tract infection,"https://onemg.gumlet.io/l_watermark_346,w_480,h_480/a_ignore,w_480,h_480,c_fit,q_auto,f_auto/47ba340749f046279eb097b34ab091f4.jpg",J B Chemicals and Pharmaceuticals Ltd,31,33,36
Etos 60 Tablet,Etoricoxib (60mg), Pain relief,Stomach pain Diarrhea,"https://onemg.gumlet.io/l_watermark_346,w_480,h_480/a_ignore,w_480,h_480,c_fit,q_auto,f_auto/cropped/qneg5qzwh45luj9sjcuf.jpg",Systopic Laboratories Pvt Ltd,33,67,0
Endothik Tablet,Estradiol (2mg), Hormone replacement therapy,Headache Nausea Breast pain Abdominal cramp Bloating Vaginal spotting Vomiting,"https://onemg.gumlet.io/l_watermark_346,w_480,h_480/a_ignore,w_480,h_480,c_fit,q_auto,f_auto/7b4d5980f7ef4f4a89dcb222ac249d05.jpg",Akumentis Healthcare Ltd,33,34,33
Eva Q Plus  Oral Emulsion Strawberry Mint Sugar Free,Sodium Picosulfate (3.33mg) + Liquid Paraffin (1.25ml) + Milk Of Magnesia (3.75ml), Constipation,Abdominal pain Abdominal cramp Abdominal discomfort Diarrhea,"https://onemg.gumlet.io/l_watermark_346,w_480,h_480/a_ignore,w_480,h_480,c_fit,q_auto,f_auto/cropped/i6s1tezecc6esczrardi.jpg",Medley Pharmaceuticals,0,0,100
Eptoin 50 Tablet,Phenytoin (50mg),Treatment and prevention of Epilepsy/Seizures,Rash Headache Dizziness Vomiting Nausea Slurred speech Vertigo Confusion Nervousness Constipation Tremors Altered walking,"https://onemg.gumlet.io/l_watermark_346,w_480,h_480/a_ignore,w_480,h_480,c_fit,q_auto,f_auto/cropped/j4e9ton5emd0wxcovjyj.jpg",Abbott,37,36,27
Embeta 25 Tablet,Metoprolol Tartrate (25mg),Treatment of Hypertension (high blood pressure)Treatment of Angina (heart-related chest pain)Treatment of ArrhythmiaPrevention of Heart attackPrevention of Migraine,Orthostatic hypotension sudden lowering of blood pressure on standing Slow heart rate Headache Dizziness Tiredness Stomach pain Nausea Breathlessness,"https://onemg.gumlet.io/l_watermark_346,w_480,h_480/a_ignore,w_480,h_480,c_fit,q_auto,f_auto/cropped/cyhqvl4ohdhwg0xan2tn.jpg",Intas Pharmaceuticals Ltd,28,44,28
Exel M Skin Cream,Clobetasol (0.05% w/w) + Miconazole (2% w/w),Treatment of Skin infections,Burning sensation Itching Skin pain,"https://onemg.gumlet.io/l_watermark_346,w_480,h_480/a_ignore,w_480,h_480,c_fit,q_auto,f_auto/cropped/eymxqtru8j2auwh3ltzu.jpg",Sun Pharmaceutical Industries Ltd,31,48,21
Emeset Injection 4ml,Ondansetron (2mg/ml),Treatment of Nausea Vomiting,Injection site pain Constipation Diarrhea Fatigue Headache,"https://onemg.gumlet.io/l_watermark_346,w_480,h_480/a_ignore,w_480,h_480,c_fit,q_auto,f_auto/f6b073baa1ca4da792847ee304110f7e.jpg",Cipla Ltd,50,17,33
Ezhh Cream,Eberconazole (1% w/w),Treatment of Fungal skin infections,Application site reactions burning irritation itching and redness,"https://onemg.gumlet.io/l_watermark_346,w_480,h_480/a_ignore,w_480,h_480,c_fit,q_auto,f_auto/kxuwmw3afkcpj4phm096.jpg",Hegde and Hegde Pharmaceutical LLP,17,71,12
Eflo Eye Drop,Fluorometholone (0.1% w/v), Redness and swelling in the eye,Eye irritation Burning sensation Watery eyes,"https://onemg.gumlet.io/l_watermark_346,w_480,h_480/a_ignore,w_480,h_480,c_fit,q_auto,f_auto/3251c807128f4d9b96760c046674b828.jpg",Entod Pharmaceuticals Ltd,50,17,33
Emeset 4 ODT Tablet,Ondansetron (4mg),Treatment of NauseaTreatment of Vomiting,Constipation Diarrhea Fatigue Headache,"https://onemg.gumlet.io/l_watermark_346,w_480,h_480/a_ignore,w_480,h_480,c_fit,q_auto,f_auto/0ea6c6f15bb44cce9ed4f04f3f74d067.jpg",Cipla Ltd,22,45,33
Eyemac Eye Drop,Carboxymethylcellulose (0.5% w/v),Treatment of Dry eyes,Eye irritation Burning eyes Eye discomfort Eye itching Eye pain,"https://onemg.gumlet.io/l_watermark_346,w_480,h_480/a_ignore,w_480,h_480,c_fit,q_auto,f_auto/cropped/ajupstvtui3wii84dhvp.jpg",His Eyeness Ophthalmics Pvt Ltd,22,67,11
Enzomac CM Particles,Mupirocin (2% w/w) + Metronidazole (1% w/w) + Collagen Peptide (90% w/w),Treatment of Bacterial skin infections,Limited data available,"https://onemg.gumlet.io/l_watermark_346,w_480,h_480/a_ignore,w_480,h_480,c_fit,q_auto,f_auto/cropped/aakhydwz3isclmcayr3k.jpg",Macleods Pharmaceuticals Pvt Ltd,44,23,33
Eritel-CH 80 Tablet,Telmisartan (80mg) + Chlorthalidone (12.5mg), Hypertension (high blood pressure),Dizziness Back pain Sinus infection Diarrhea Skin ulcer,"https://onemg.gumlet.io/l_watermark_346,w_480,h_480/a_ignore,w_480,h_480,c_fit,q_auto,f_auto/cropped/rhazpziaaggidfwusetn.jpg",Eris Lifesciences Ltd,0,61,39
Exenta 25 Tablet,Eplerenone (25mg),Treatment of Hypertension (high blood pressure)Treatment of EdemaTreatment of Heart failure,Dizziness Diarrhea Nausea Cough Flu like symptoms Fatigue Increased potassium level in blood Increased creatinine level in blood Headache,"https://onemg.gumlet.io/l_watermark_346,w_480,h_480/a_ignore,w_480,h_480,c_fit,q_auto,f_auto/dda3b3d73a22499a872e573b2901c8b3.jpg",Alembic Pharmaceuticals Ltd,0,17,83
Euglim-M 2 Tablet PR,Glimepiride (2mg) + Metformin (500mg),Treatment of Type 2 diabetes mellitus,Hypoglycemia low blood glucose level Headache Nausea Diarrhea Flatulence,"https://onemg.gumlet.io/l_watermark_346,w_480,h_480/a_ignore,w_480,h_480,c_fit,q_auto,f_auto/cropped/dfoc71flw2eabop7okuu.jpg",Bayer Zydus Pharma Pvt Ltd,53,14,33
Ethasyl T 500 mg/250 mg Tablet,Tranexamic Acid (500mg) + Ethamsylate (250mg), Heavy menstrual bleeding,Nausea Stomach pain Diarrhea Headache Nasal congestion stuffy nose Sinus pain Sinus inflammation Rash Tiredness Musculoskeletal bone muscle or joint pain Anemia low number of red blood cells,"https://onemg.gumlet.io/l_watermark_346,w_480,h_480/a_ignore,w_480,h_480,c_fit,q_auto,f_auto/67daf64e2ff9462aaeceae8bfec064b8.jpg",FDC Ltd,42,20,38
Elvix Gel,Gabapentin (6% w/w) + Lidocaine (5% w/w), Neuropathic pain,Application site reactions burning irritation itching and redness,"https://onemg.gumlet.io/l_watermark_346,w_480,h_480/a_ignore,w_480,h_480,c_fit,q_auto,f_auto/042a4788926c4167999ee9c2614a0fc2.jpg",Elbrit Life Sciences,56,22,22
Exena 25 Tablet ER,Mirabegron (25mg),Treatment of Overactive bladder (OAB) symptoms,Constipation Headache High blood pressure Nasal inflammation Urinary tract infection Fast heart rate Joint pain,"https://onemg.gumlet.io/l_watermark_346,w_480,h_480/a_ignore,w_480,h_480,c_fit,q_auto,f_auto/d5b1888f9777498dbe575fd23f1e854f.jpg",Dr Reddy's Laboratories Ltd,0,33,67
Eurepa MF 1 Tablet,Repaglinide (1mg) + Metformin (500mg),Treatment of Type 2 diabetes mellitus,Hypoglycemia low blood glucose level Sweating Dizziness Diarrhea Loss of appetite Nausea Stomach pain Taste change Weight gain,"https://onemg.gumlet.io/l_watermark_346,w_480,h_480/a_ignore,w_480,h_480,c_fit,q_auto,f_auto/cropped/r2glml4f8i5vsm0tea2s.jpg",Torrent Pharmaceuticals Ltd,25,50,25
Embeta-R 2.5 Tablet,Metoprolol Succinate (25mg) + Ramipril (2.5mg), Hypertension (high blood pressure),Nausea Taste change Vomiting Diarrhea Constipation Cough Dizziness Weakness Headache Cold extremities Slow heart rate Numbness of extremity Increased potassium level in blood Decreased blood pressure,"https://onemg.gumlet.io/l_watermark_346,w_480,h_480/a_ignore,w_480,h_480,c_fit,q_auto,f_auto/qsntplpmobem8kc9v6bn.jpg",Intas Pharmaceuticals Ltd,67,33,0
Euglim 1 Tablet,Glimepiride (1mg),Treatment of Type 2 diabetes mellitus,Hypoglycemia low blood glucose level Headache Nausea Dizziness Weakness,"https://onemg.gumlet.io/l_watermark_346,w_480,h_480/a_ignore,w_480,h_480,c_fit,q_auto,f_auto/b5cc246324c74e288106a12baae92864.jpg",Bayer Zydus Pharma Pvt Ltd,50,50,0
Esokem -D Capsule SR,Domperidone (30mg) + Esomeprazole (40mg),Treatment of Gastroesophageal reflux disease (Acid reflux)Treatment of Functional dyspepsia,Diarrhea Flatulence Stomach pain Dryness in mouth Headache,"https://onemg.gumlet.io/l_watermark_346,w_480,h_480/a_ignore,w_480,h_480,c_fit,q_auto,f_auto/6a20908d6cbd4818bd961c9f68333753.jpg",Abbott,33,67,0
Eltroxin 88mcg Tablet,Thyroxine (88mcg),Treatment of Hypothyroidism,Palpitations Vomiting Anxiety Diarrhea Weight loss Nervousness Increased appetite Tremors,"https://onemg.gumlet.io/l_watermark_346,w_480,h_480/a_ignore,w_480,h_480,c_fit,q_auto,f_auto/cca1d1898fb54210ab9f1288bb4181fd.jpg",Glaxo SmithKline Pharmaceuticals Ltd,44,47,9
Eticort 6 Tablet,Deflazacort (6mg),Treatment of Inflammatory conditionsTreatment of Autoimmune conditionsTreatment of Cancer,Increased appetite Weight gain Frequent urge to urinate Cushing syndrome Cough Upper respiratory tract infection Abnormal hair growth Obesity Nasopharyngitis inflammation of the throat and nasal passages,"https://onemg.gumlet.io/l_watermark_346,w_480,h_480/a_ignore,w_480,h_480,c_fit,q_auto,f_auto/cropped/awh5ibxjrtur9fyqe7vy.jpg",Franco-Indian Pharmaceuticals Pvt Ltd,25,33,42
Enzoheal Forte Tablet,Bromelain (180mg) + Trypsin (96mg) + Rutoside (200mg), Pain relief,No common side effects seen,"https://onemg.gumlet.io/l_watermark_346,w_480,h_480/a_ignore,w_480,h_480,c_fit,q_auto,f_auto/ledzvsmrnzp8taog2z9j.jpg",Macleods Pharmaceuticals Pvt Ltd,17,83,0
Esava Cream,Ketoconazole (2% w/w), Fungal skin infections,Skin peeling Application site reactions burning irritation itching and redness Nausea Vomiting Abdominal pain Increased liver enzymes Application site redness Itching Diarrhea Abnormal liver function tests Adrenal insufficiency Application site burning,"https://onemg.gumlet.io/l_watermark_346,w_480,h_480/a_ignore,w_480,h_480,c_fit,q_auto,f_auto/9ecfb140-1a9f-4ed0-b441-4caadfe3aaee.jpeg",Praise Pharma,44,22,34
Etofree 600 ER Tablet,Etodolac (600mg), Pain relief,Visual disturbance Vomiting Stomach pain epigastric pain Nausea Indigestion Dizziness Drowsiness Visual disorder,"https://onemg.gumlet.io/l_watermark_346,w_480,h_480/a_ignore,w_480,h_480,c_fit,q_auto,f_auto/yg05ffrk8qekeplcxksd.jpg",Lupin Ltd,50,33,17
Exel skin Cream,Clobetasol (0.05% w/w),Treatment of Allergic skin conditions,Skin atrophy Telangiectasia Skin irritation Dry skin,"https://onemg.gumlet.io/l_watermark_346,w_480,h_480/a_ignore,w_480,h_480,c_fit,q_auto,f_auto/f99f893aca2b4f7dafa12350a0d59dea.jpg",Sun Pharmaceutical Industries Ltd,0,78,22
Edrive-TD Tablet,Tadalafil (10mg) + Dapoxetine (30mg),Treatment of Premature ejaculation,Nausea Vomiting Indigestion Headache Flushing sense of warmth in the face ears neck and trunk Dizziness Nosebleeds Dryness in mouth,"https://onemg.gumlet.io/l_watermark_346,w_480,h_480/a_ignore,w_480,h_480,c_fit,q_auto,f_auto/877cbb7e3c4e4b5fb3e16807c7d4c47f.jpg",Innovcare Lifesciences Pvt Ltd,25,54,21
Embeta 50 Tablet,Metoprolol Tartrate (50mg),Treatment of Hypertension (high blood pressure)Treatment of Angina (heart-related chest pain)Treatment of ArrhythmiaPrevention of Heart attackPrevention of Migraine,Orthostatic hypotension sudden lowering of blood pressure on standing Slow heart rate Headache Dizziness Tiredness Stomach pain Nausea Breathlessness,"https://onemg.gumlet.io/l_watermark_346,w_480,h_480/a_ignore,w_480,h_480,c_fit,q_auto,f_auto/cropped/agpifk2dcbj8kdqfwnl8.jpg",Intas Pharmaceuticals Ltd,67,33,0
Etoford P 60 mg/325 mg Tablet,Etoricoxib (60mg) + Paracetamol (325mg), Pain relief,Diarrhea Indigestion Stomach pain Flatulence Swelling of hands Feet swelling Flu like symptoms,"https://onemg.gumlet.io/l_watermark_346,w_480,h_480/a_ignore,w_480,h_480,c_fit,q_auto,f_auto/f146d2407185427a82ccfad13737c75b.jpg",Leeford Healthcare Ltd,22,22,56
Enzoflam SV  Tablet,Bromelain (90mg) + Trypsin (48mg) + Rutoside (100mg), Pain relief,No common side effects seen,"https://onemg.gumlet.io/l_watermark_346,w_480,h_480/a_ignore,w_480,h_480,c_fit,q_auto,f_auto/cropped/syqsyihj3oxywjascrqr.jpg",Alkem Laboratories Ltd,0,56,44
Ebspor Cream,Eberconazole (1% w/w),Treatment of Fungal skin infections,Application site reactions burning irritation itching and redness,"https://onemg.gumlet.io/l_watermark_346,w_480,h_480/a_ignore,w_480,h_480,c_fit,q_auto,f_auto/1290d72a9caf4a608ff7038b70627b3e.jpg",Intas Pharmaceuticals Ltd,56,37,7
Exsora Ointment,Benzoic Acid (6% w/w) + Salicylic Acid (3% w/w) + Ichtyolammonium (2% w/w) + Triamcinolone Acetonide (0.01% w/w),Treatment of Psoriasis,Dry skin Application site reactions burning irritation itching and redness,"https://onemg.gumlet.io/l_watermark_346,w_480,h_480/a_ignore,w_480,h_480,c_fit,q_auto,f_auto/cropped/bicuwjv2ybf3xm5hw8d0.jpg",NuLife Pharmaceuticals,0,50,50
Etoford 120 Tablet,Etoricoxib (120mg), Pain relief,Stomach pain Diarrhea,"https://onemg.gumlet.io/l_watermark_346,w_480,h_480/a_ignore,w_480,h_480,c_fit,q_auto,f_auto/bc612f0274e748459aa80c153d862c19.jpg",Leeford Healthcare Ltd,42,16,42
Eritel 20 Tablet,Telmisartan (20mg),Treatment of Hypertension (high blood pressure) Prevention of heart attack and strokeTreatment of Heart failure,Upper respiratory tract infection Sinus infection Back pain Diarrhea,"https://onemg.gumlet.io/l_watermark_346,w_480,h_480/a_ignore,w_480,h_480,c_fit,q_auto,f_auto/cropped/w5ssjyqo50zs0xqkqrwg.jpg",Eris Lifesciences Ltd,43,30,27
Esole Delayed Release Granules,Esomeprazole (10mg),Treatment of Gastroesophageal reflux disease (Acid reflux)Treatment of Peptic ulcer diseaseTreatment of Zollinger-Ellison syndrome,Headache Dryness in mouth Nausea Abdominal pain Constipation Flatulence Diarrhea,"https://onemg.gumlet.io/l_watermark_346,w_480,h_480/a_ignore,w_480,h_480,c_fit,q_auto,f_auto/5dbe070aa0ad44518519a5f589303315.jpg",Delcure Life Sciences,0,33,67
Embeta-R 5 Tablet ER,Metoprolol Succinate (50mg) + Ramipril (5mg), Hypertension (high blood pressure),Nausea Taste change Vomiting Diarrhea Constipation Cough Dizziness Weakness Headache Cold extremities Slow heart rate Numbness of extremity Increased potassium level in blood Decreased blood pressure,"https://onemg.gumlet.io/l_watermark_346,w_480,h_480/a_ignore,w_480,h_480,c_fit,q_auto,f_auto/887f0e6a82544fce82641acc9b841547.jpg",Intas Pharmaceuticals Ltd,17,66,17
Ect Plus Tablet,Etoricoxib (60mg) + Thiocolchicoside (4mg),Treatment of Pain due to muscle spasm,Diarrhea Stomach pain Indigestion Flatulence Swelling of hands Feet swelling Flu like symptoms,"https://onemg.gumlet.io/l_watermark_346,w_480,h_480/a_ignore,w_480,h_480,c_fit,q_auto,f_auto/dc3cb11d0bf64949b84990c68fec8658.jpg",Icon Life Sciences,22,56,22
Eritel-CH 40 Trio Tablet,Telmisartan (40mg) + Amlodipine (5mg) + Chlorthalidone (12.5mg), Hypertension (high blood pressure),Headache Dizziness Sleepiness Edema swelling Increased uric acid level in blood Fatigue Increased blood lipid level Increased liver enzymes Visual disturbance Breathlessness Muscle cramp Gastrointestinal disturbance Electrolyte imbalance Increased glucose level in blood Urticaria Postural hypotension low blood pressure Impotence,"https://onemg.gumlet.io/l_watermark_346,w_480,h_480/a_ignore,w_480,h_480,c_fit,q_auto,f_auto/cropped/d9lgwl3dqmwnl3y8gxhb.jpg",Eris Lifesciences Ltd,22,56,22
Enrifol 2mg Tablet,Estradiol (2mg), Hormone replacement therapy,Headache Nausea Breast pain Abdominal cramp Bloating Vaginal spotting Vomiting,"https://onemg.gumlet.io/l_watermark_346,w_480,h_480/a_ignore,w_480,h_480,c_fit,q_auto,f_auto/842eaeccd9b54e339e48b16c215e697c.jpg",Bharat Serums & Vaccines Ltd,39,44,17
Erypeg 50mcg Injection,Pegylated Recombinant Human Erythropoietin (50mcg),Treatment of Anemia due to chronic kidney diseaseTreatment of Anemia due to cancer chemotherapy,Nausea Vomiting Diarrhea Fever,"https://onemg.gumlet.io/l_watermark_346,w_480,h_480/a_ignore,w_480,h_480,c_fit,q_auto,f_auto/c8f0fe8b5cdf4ea7a17a7d12880ca67e.jpg",Intas Pharmaceuticals Ltd,33,38,29
Eema Hmg 150IU Injection,Menotrophin (150IU), Female infertility Male hypogonadism Male infertility,Headache Injection site pain Injection site allergic reaction Abdominal pain Abdominal cramp Nausea Ovarian hyperstimulation syndrome,"https://onemg.gumlet.io/l_watermark_346,w_480,h_480/a_ignore,w_480,h_480,c_fit,q_auto,f_auto/mm6yhnbmokibpat3brly.jpg",Corona Remedies Pvt Ltd,22,22,56
Extralast Tablet,Dapoxetine (30mg),Treatment of Premature ejaculation,Drowsiness Nausea Tremors Vomiting Dizziness Erectile dysfunction Fatigue Headache Increased sweating Indigestion Restlessness Insomnia difficulty in sleeping Eye pain Agitation,"https://onemg.gumlet.io/l_watermark_346,w_480,h_480/a_ignore,w_480,h_480,c_fit,q_auto,f_auto/16e49a47403f447285b6adc931b288c1.jpg",Lupin Ltd,0,33,67
Effenac 600 Effervescent Tablet Orange,Acetylcysteine (600mg),Treatment of Paracetamol toxicity,Fever Nausea Vomiting Rash Gastrointestinal discomfort,"https://onemg.gumlet.io/l_watermark_346,w_480,h_480/a_ignore,w_480,h_480,c_fit,q_auto,f_auto/cropped/rwcaemrlfbqhr81bn6ur.jpg",Macleods Pharmaceuticals Pvt Ltd,0,33,67
Enzosafe-D Tablet,Trypsin (48mg) + Bromelain (90mg) + Rutoside (100mg) + Diclofenac (50mg), Pain relief,Nausea Vomiting Heartburn Indigestion Diarrhea Loss of appetite Stomach pain,"https://onemg.gumlet.io/l_watermark_346,w_480,h_480/a_ignore,w_480,h_480,c_fit,q_auto,f_auto/09e37f8bf4b94103b9e22829a53d2fa9.jpg",Foregen Healthcare Ltd,0,50,50
Esam 5 Tablet,S-Amlodipine (5mg),Treatment of Hypertension (high blood pressure)Prevention of Angina (heart-related chest pain)Prevention of Heart attackPrevention of Stroke,Ankle swelling Dizziness Fatigue Flushing sense of warmth in the face ears neck and trunk Headache Palpitations Abdominal pain Muscle cramp Nausea Sleepiness Visual disturbance Dyspepsia Breathlessness Change in bowel habits,"https://onemg.gumlet.io/l_watermark_346,w_480,h_480/a_ignore,w_480,h_480,c_fit,q_auto,f_auto/cropped/w9mpukuihv0msvfaaerd.jpg",Torrent Pharmaceuticals Ltd,67,13,20
EJ  30 Tablet,Dapoxetine (30mg),Treatment of Premature ejaculation,Drowsiness Nausea Tremors Vomiting Dizziness Erectile dysfunction Fatigue Headache Increased sweating Indigestion Restlessness Insomnia difficulty in sleeping Eye pain Agitation,"https://onemg.gumlet.io/l_watermark_346,w_480,h_480/a_ignore,w_480,h_480,c_fit,q_auto,f_auto/eqrzrfszreiuxwsfyxvl.jpg",Delvin Formulations Pvt Ltd,25,38,37
Ebast Suspension,Ebastine (5mg), Allergic conditions,Sleepiness Headache Dryness in mouth,"https://onemg.gumlet.io/l_watermark_346,w_480,h_480/a_ignore,w_480,h_480,c_fit,q_auto,f_auto/79b63f4e42d04ff39d5608d761d66593.jpg",Micro Labs Ltd,29,42,29
Escigress 5 Tablet,Escitalopram Oxalate (5mg),Treatment of DepressionTreatment of Anxiety disorderTreatment of Panic disorder,Anorgasmia decreased orgasm in women Decreased libido Delayed ejaculation Fatigue Increased sweating Insomnia difficulty in sleeping Nausea Sleepiness,"https://onemg.gumlet.io/l_watermark_346,w_480,h_480/a_ignore,w_480,h_480,c_fit,q_auto,f_auto/cropped/c7ianw38x2pwudgsw9jk.jpg",La Renon Healthcare Pvt Ltd,20,40,40
Encorate Chrono 400 Tablet CR,Sodium Valproate (266.66mg) + Valproic Acid (116mg), Epilepsy,Nausea Vomiting Weight gain Loss of appetite Gum swelling Headache Sleepiness Tremors Hair loss Liver injury,"https://onemg.gumlet.io/l_watermark_346,w_480,h_480/a_ignore,w_480,h_480,c_fit,q_auto,f_auto/cropped/kjcmdbkiwetptbwvqql1.jpg",Sun Pharmaceutical Industries Ltd,11,78,11
Ecothral 500mg Tablet,Azithromycin (500mg),Treatment of Bacterial infections,Nausea Abdominal pain Diarrhea,"https://onemg.gumlet.io/l_watermark_346,w_480,h_480/a_ignore,w_480,h_480,c_fit,q_auto,f_auto/a09241a6f0114786b7a22def28526f94.jpg",Kepler Health Care,0,42,58
Essita 10 Tablet,Escitalopram Oxalate (10mg),Treatment of DepressionTreatment of Anxiety disorderTreatment of Panic disorder,Anorgasmia decreased orgasm in women Decreased libido Delayed ejaculation Fatigue Increased sweating Insomnia difficulty in sleeping Nausea Sleepiness,"https://onemg.gumlet.io/l_watermark_346,w_480,h_480/a_ignore,w_480,h_480,c_fit,q_auto,f_auto/cropped/gge11lgcnamelty696wq.jpg",Solvate Laboratries Pvt Ltd,78,22,0
Euglim-M 1 Tablet PR,Glimepiride (1mg) + Metformin (500mg),Treatment of Type 2 diabetes mellitus,Hypoglycemia low blood glucose level Headache Nausea Diarrhea Flatulence,"https://onemg.gumlet.io/l_watermark_346,w_480,h_480/a_ignore,w_480,h_480,c_fit,q_auto,f_auto/20c78f3daa964cd4a720b3127950d81f.jpg",Bayer Zydus Pharma Pvt Ltd,67,11,22
Epilite Topical Solution,Hydroquinone (5% w/v), Melasma,Erythema skin redness Dryness and fissuring of paranasal and infraorbital areas Stinging sensation,"https://onemg.gumlet.io/l_watermark_346,w_480,h_480/a_ignore,w_480,h_480,c_fit,q_auto,f_auto/cropped/yhghdjhszgnqmlhcb2sj.jpg",Percos India Pvt  Ltd,26,53,21
Eleftha 440mg Injection,Trastuzumab (440mg), Breast cancer Stomach cancer,Anemia low number of red blood cells Chills Common cold Cough Decreased blood cells red cells white cells and platelets Diarrhea Fatigue Fever Headache Heart failure Infection Insomnia difficulty in sleeping Mucosal inflammation Nausea Rash Stomatitis Inflammation of the mouth Taste change Upper respiratory tract infection Weight loss,"https://onemg.gumlet.io/l_watermark_346,w_480,h_480/a_ignore,w_480,h_480,c_fit,q_auto,f_auto/cropped/qkqccyfwdjczmwyut0u9.jpg",Intas Pharmaceuticals Ltd,67,33,0
Embeta-TM 25 Tablet ER,Telmisartan (40mg) + Metoprolol Succinate (25mg),Treatment of Hypertension (high blood pressure),Headache Weakness Dizziness Cold extremities Slow heart rate Increased potassium level in blood Numbness of extremity Decreased blood pressure,"https://onemg.gumlet.io/l_watermark_346,w_480,h_480/a_ignore,w_480,h_480,c_fit,q_auto,f_auto/cropped/bmi17dfzzt22kcv8trds.jpg",Intas Pharmaceuticals Ltd,33,25,42
Epsolin ER 300 Tablet,Phenytoin (300mg),Treatment and prevention of Epilepsy/Seizures,Rash Headache Dizziness Vomiting Nausea Slurred speech Vertigo Confusion Nervousness Constipation Tremors Altered walking,"https://onemg.gumlet.io/l_watermark_346,w_480,h_480/a_ignore,w_480,h_480,c_fit,q_auto,f_auto/1ca1d32fb856436d90352df51342c350.jpg",Zydus Cadila,0,80,20
Exizol Shampoo,Ketoconazole (2% w/w),Treatment of Fungal infections,Dryness Hair discoloration Abnormal hair texture Nausea Vomiting Abdominal pain Increased liver enzymes Application site redness Itching Diarrhea Abnormal liver function tests Adrenal insufficiency Application site burning,"https://onemg.gumlet.io/l_watermark_346,w_480,h_480/a_ignore,w_480,h_480,c_fit,q_auto,f_auto/cropped/xrsbetxxqhcekl0rlpdi.jpg",Sun Pharmaceutical Industries Ltd,34,44,22
Etova 200 Tablet,Etodolac (200mg), Pain relief,Visual disturbance Vomiting Stomach pain epigastric pain Nausea Indigestion Dizziness Drowsiness Visual disorder,"https://onemg.gumlet.io/l_watermark_346,w_480,h_480/a_ignore,w_480,h_480,c_fit,q_auto,f_auto/euf0tdce9yeaoijxvqox.jpg",Ipca Laboratories Ltd,67,33,0
Eslo-Tel 5mg Tablet,Telmisartan (40mg) + Amlodipine (5mg),Treatment of Hypertension (high blood pressure),Sleepiness Ankle swelling Headache Flushing sense of warmth in the face ears neck and trunk Dizziness Tiredness Palpitations Upset stomach Increased potassium level in blood,"https://onemg.gumlet.io/l_watermark_346,w_480,h_480/a_ignore,w_480,h_480,c_fit,q_auto,f_auto/cropped/rtowfgyaqkhfcbgbqwds.jpg",Zuventus Healthcare Ltd,50,33,17
Ebamont Tablet,Ebastine (10mg) + Montelukast (10mg), Sneezing and runny nose due to allergies,Nausea Diarrhea Dryness in mouth Vomiting Skin rash Headache Drowsiness Flu like symptoms,"https://onemg.gumlet.io/l_watermark_346,w_480,h_480/a_ignore,w_480,h_480,c_fit,q_auto,f_auto/ae5e26833055439aa7f7ac5ea1b0bcea.jpg",Mankind Pharma Ltd,30,63,7
Etorica 120 Tablet,Etoricoxib (120mg), Pain relief,Stomach pain Diarrhea,"https://onemg.gumlet.io/l_watermark_346,w_480,h_480/a_ignore,w_480,h_480,c_fit,q_auto,f_auto/cropped/nxdebsnfuze8eil6lxcj.jpg",Micro Labs Ltd,67,33,0
Elores 3000mg Injection,Ceftriaxone (2000mg) + Disodium edetate (74mg) + Sulbactam (1000mg),Treatment of Bacterial infections,Injection site reactions pain swelling redness Nausea Vomiting Diarrhea,"https://onemg.gumlet.io/l_watermark_346,w_480,h_480/a_ignore,w_480,h_480,c_fit,q_auto,f_auto/9e0e299c05db4ebea4bd7a637d4a6095.jpg",Venus Remedies Ltd,33,67,0
Esurance Tablet,Estradiol (2mg), Hormone replacement therapy,Headache Nausea Breast pain Abdominal cramp Bloating Vaginal spotting Vomiting,"https://onemg.gumlet.io/l_watermark_346,w_480,h_480/a_ignore,w_480,h_480,c_fit,q_auto,f_auto/cropped/li7sndgiln5nhwiojsz0.jpg",Koye Pharmaceuticals Pvt ltd,33,53,14
Erzol-D Capsule SR,Domperidone (30mg) + Rabeprazole (20mg),Treatment of Gastroesophageal reflux disease (Acid reflux)Treatment of Peptic ulcer disease,Diarrhea Stomach pain Dryness in mouth Headache Dizziness Flatulence Weakness Flu like symptoms,"https://onemg.gumlet.io/l_watermark_346,w_480,h_480/a_ignore,w_480,h_480,c_fit,q_auto,f_auto/323e3d4449d449a58c2ea970385221bd.jpg",Ergos Life Sciences,33,34,33
Eritel LN 80 Tablet,Cilnidipine (10mg) + Telmisartan (80mg),Treatment of Hypertension (high blood pressure),Sleepiness Ankle swelling Headache Flushing sense of warmth in the face ears neck and trunk Dizziness Tiredness Palpitations Upset stomach Increased potassium level in blood,"https://onemg.gumlet.io/l_watermark_346,w_480,h_480/a_ignore,w_480,h_480,c_fit,q_auto,f_auto/cropped/isxhrly7yi5cmqmd3zu7.jpg",Eris Lifesciences Ltd,50,50,0
Elicia 4 Tablet,Blonanserin (4mg), Schizophrenia Mania,Sleepiness Akathisia inability to stay still Dystonia involuntary muscle contractions Parkinsonism Anxiety Urinary retention Weight gain,"https://onemg.gumlet.io/l_watermark_346,w_480,h_480/a_ignore,w_480,h_480,c_fit,q_auto,f_auto/0219989b2e9f4175855d5d4f22fbf483.jpg",Zydus Cadila,33,48,19
Exermet GM 502 Tablet PR,Glimepiride (2mg) + Metformin (500mg),Treatment of Type 2 diabetes mellitus,Hypoglycemia low blood glucose level Headache Nausea Diarrhea Flatulence,"https://onemg.gumlet.io/l_watermark_346,w_480,h_480/a_ignore,w_480,h_480,c_fit,q_auto,f_auto/6841103e83de48bba4323551353bcf96.jpg",Cipla Ltd,44,34,22
Ericlear Cream,Eberconazole (1% w/w),Treatment of Fungal skin infections,Application site reactions burning irritation itching and redness,"https://onemg.gumlet.io/l_watermark_346,w_480,h_480/a_ignore,w_480,h_480,c_fit,q_auto,f_auto/a5ddc2418e2d465c80a0fbb2d76721e2.jpg",USV Ltd,0,33,67
Eva Q Syrup Child Pack,Lactitol (3.33gm/5ml), Constipation,Cramps Abdominal distension Flatulence,"https://onemg.gumlet.io/l_watermark_346,w_480,h_480/a_ignore,w_480,h_480,c_fit,q_auto,f_auto/cropped/ioc18fshrm77ousilc3y.jpg",Medley Pharmaceuticals,56,22,22
Encorate Oral Solution,Sodium Valproate (200mg/5ml), Epilepsy/SeizuresPrevention of Migraine Bipolar disorder,Headache Dizziness Blurred vision Nausea Vomiting Sleepiness Hair loss Weight gain Tremors Double vision Impaired coordination Weakness Increased appetite Insomnia difficulty in sleeping Abdominal pain Abnormal thoughts Diarrhea Depression Constipation Nystagmus involuntary eye movement Weight loss Bronchitis inflammation of the airways Breathlessness Low blood platelets Hay fever Nervousness Ecchymosis discoloration of the skin resulting from bleeding underneath Flu like symptoms Fever Memory loss Indigestion Infection Peripheral edema,"https://onemg.gumlet.io/l_watermark_346,w_480,h_480/a_ignore,w_480,h_480,c_fit,q_auto,f_auto/4cf8c84dc1004af7aecd12d17507ae35.jpg",Sun Pharmaceutical Industries Ltd,67,33,0
Esiflo 100 Transcaps,Salmeterol (50mcg) + Fluticasone Propionate (100mcg),Treatment of Chronic obstructive pulmonary disease (COPD),Headache Cough Upper respiratory tract infection Nasopharyngitis inflammation of the throat and nasal passages Sinus inflammation Stomach discomfort Fungal infection of oropharynx Tremors Palpitations Voice change,"https://onemg.gumlet.io/l_watermark_346,w_480,h_480/a_ignore,w_480,h_480,c_fit,q_auto,f_auto/cropped/pyfwo4taoj2i8bfjwcac.jpg",Lupin Ltd,71,17,12
Etoshine NP Tablet PR,Pregabalin (75mg) + Etoricoxib (60mg), Neuropathic pain,Dizziness Sleepiness Dryness in mouth Swelling Blurred vision Weight gain Impaired concentration Stomach pain Headache Fatigue Increased appetite,"https://onemg.gumlet.io/l_watermark_346,w_480,h_480/a_ignore,w_480,h_480,c_fit,q_auto,f_auto/sghd89nmqjedm2xmhpik.jpg",Sun Pharmaceutical Industries Ltd,83,17,0
Eva Q Fiber Granules,Lactitol (10gm) + Ispaghula (3.5gm),Treatment of Constipation,Bloating Stomach cramp Flatulence,"https://onemg.gumlet.io/l_watermark_346,w_480,h_480/a_ignore,w_480,h_480,c_fit,q_auto,f_auto/2cf4c830afa9458ab24447beb2279812.jpg",Medley Pharmaceuticals,17,40,43
Entrak Soothe Eye Ointment,Tacrolimus (0.03% w/w),Treatment of Allergic eye disease,Eye irritation Burning sensation,"https://onemg.gumlet.io/l_watermark_346,w_480,h_480/a_ignore,w_480,h_480,c_fit,q_auto,f_auto/18e625b5c6ee42888b306a8d102ecb00.jpg",Entod Pharmaceuticals Ltd,33,67,0
Entacom Tablet,Entacapone (200mg), Parkinson's disease,Nausea Vomiting Fatigue Confusion Constipation Insomnia difficulty in sleeping Nightmares Hallucination Increased sweating Fall Urine discoloration Dizziness Diarrhea Muscle coordination impaired Ischemic heart disease Heart attack Abdominal pain Dryness in mouth,"https://onemg.gumlet.io/l_watermark_346,w_480,h_480/a_ignore,w_480,h_480,c_fit,q_auto,f_auto/cropped/yua3cd81qcrn777kkifr.jpg",Intas Pharmaceuticals Ltd,0,50,50
Esomac D 20 Capsule SR,Domperidone (30mg) + Esomeprazole (20mg),Treatment of Gastroesophageal reflux disease (Acid reflux)Treatment of Functional dyspepsia,Diarrhea Flatulence Stomach pain Dryness in mouth Headache,"https://onemg.gumlet.io/l_watermark_346,w_480,h_480/a_ignore,w_480,h_480,c_fit,q_auto,f_auto/cropped/myxf7l0abza8rxhe78f7.jpg",Cipla Ltd,100,0,0
Enapril-HT Tablet,Enalapril (10mg) + Hydrochlorothiazide (25mg), Hypertension (high blood pressure),Nausea Taste change Stomach pain Indigestion Diarrhea Cough Dizziness Headache Weakness Decreased blood pressure Increased uric acid level in blood Glucose intolerance Electrolyte imbalance Increased blood lipid level,"https://onemg.gumlet.io/l_watermark_346,w_480,h_480/a_ignore,w_480,h_480,c_fit,q_auto,f_auto/cropped/syuj9bchr4jxxsvbzapn.jpg",Intas Pharmaceuticals Ltd,100,0,0
Ethasyl Injection,Ethamsylate (250mg),Treatment of Bleeding,Skin rash Vomiting Headache Nausea Injection site reactions pain swelling redness,"https://onemg.gumlet.io/l_watermark_346,w_480,h_480/a_ignore,w_480,h_480,c_fit,q_auto,f_auto/cropped/vdzo6j2kmhmxeuwvlyao.jpg",FDC Ltd,44,56,0
Epival Tablet,Sodium Valproate (200mg), Epilepsy/SeizuresPrevention of Migraine Bipolar disorder,Headache Dizziness Blurred vision Nausea Vomiting Sleepiness Hair loss Weight gain Tremors Double vision Impaired coordination Weakness Increased appetite Insomnia difficulty in sleeping Abdominal pain Abnormal thoughts Diarrhea Depression Constipation Nystagmus involuntary eye movement Weight loss Bronchitis inflammation of the airways Breathlessness Low blood platelets Hay fever Nervousness Ecchymosis discoloration of the skin resulting from bleeding underneath Flu like symptoms Fever Memory loss Indigestion Infection Peripheral edema,"https://onemg.gumlet.io/l_watermark_346,w_480,h_480/a_ignore,w_480,h_480,c_fit,q_auto,f_auto/cb1ii9e4pnwbvng8sdh2.jpg",Sun Pharmaceutical Industries Ltd,67,16,17
Ethamcip 250mg Tablet,Ethamsylate (250mg), Bleeding,Skin rash Vomiting Headache Nausea Diarrhea,"https://onemg.gumlet.io/l_watermark_346,w_480,h_480/a_ignore,w_480,h_480,c_fit,q_auto,f_auto/677bb726f2ea4d3487d7cde96616bcaf.jpg",Cipla Ltd,24,52,24
Etospeed 90 Tablet,Etoricoxib (90mg), Pain relief,Oral ulcer Bronchospasm Increased liver enzymes Esophagitis Stomach pain Diarrhea,"https://onemg.gumlet.io/l_watermark_346,w_480,h_480/a_ignore,w_480,h_480,c_fit,q_auto,f_auto/cropped/ck6oueoebmoxo4uiqr1g.jpg",Zuventus Healthcare Ltd,33,0,67
Etogesic T Tablet,Etodolac (400mg) + Tolperisone (150mg), Pain due to muscle spasm,Nausea Vomiting Indigestion Stomach pain epigastric pain Dizziness Sleepiness Weakness,"https://onemg.gumlet.io/l_watermark_346,w_480,h_480/a_ignore,w_480,h_480,c_fit,q_auto,f_auto/6a9d72ceb7484e6fb0e0b05e9ebf0a95.jpg",Zydus Cadila,67,0,33
Endonok Tablet,Dienogest (2mg),Treatment of pelvic pain associated with Endometriosis,Headache Acne Breast pain Abnormal menstrual bleeding Weight gain Sleep disorder Nervousness Loss of libido Migraine Gastrointestinal disturbance Hair loss Back pain Breast engorgement Ovarian cysts Hot flushes Vaginal bleeding Asthenic conditions Irritability,"https://onemg.gumlet.io/l_watermark_346,w_480,h_480/a_ignore,w_480,h_480,c_fit,q_auto,f_auto/cropped/t5gkr1vcoyrxkgn4xbhm.jpg",Serum Institute Of India Ltd,100,0,0
Equisulin-M 30 100IU/ml,Insulin Isophane/NPH   (70%) +   Human Insulin/Soluble Insulin (30%), Diabetes,Hypoglycemia low blood glucose level Injection site reactions pain swelling redness Weight gain,"https://onemg.gumlet.io/l_watermark_346,w_480,h_480/a_ignore,w_480,h_480,c_fit,q_auto,f_auto/pj8niwgzjjurxlorqzhv.jpg",Koye Pharmaceuticals Pvt ltd,44,23,33
Etofex 120mg Tablet,Fexofenadine (120mg),Treatment of Sneezing and runny nose due to allergiesTreatment of Allergic conditions,Headache Drowsiness Dizziness Nausea,"https://onemg.gumlet.io/l_watermark_346,w_480,h_480/a_ignore,w_480,h_480,c_fit,q_auto,f_auto/d6625a1a7c1e4c8c922bb030aead6e37.jpg",Leeford Healthcare Ltd,33,67,0
Ebernet Lot,Eberconazole (1% w/w),Treatment of Fungal skin infections,Application site reactions burning irritation itching and redness,"https://onemg.gumlet.io/l_watermark_346,w_480,h_480/a_ignore,w_480,h_480,c_fit,q_auto,f_auto/cropped/zz6jkdb3eqzje4rkyd0a.png",Dr Reddy's Laboratories Ltd,67,33,0
Ebal 10 Tablet,Ebastine (10mg), Allergic conditions,Sleepiness Headache Dryness in mouth,"https://onemg.gumlet.io/l_watermark_346,w_480,h_480/a_ignore,w_480,h_480,c_fit,q_auto,f_auto/ae64d283339649cc825bfa2b470d58c4.jpg",Bal Pharma Ltd,0,50,50
Ezact 120 Tablet,Etoricoxib (120mg), Pain relief,Stomach pain Diarrhea,"https://onemg.gumlet.io/l_watermark_346,w_480,h_480/a_ignore,w_480,h_480,c_fit,q_auto,f_auto/cropped/ukxzlqzwnhsybtlmtqf8.jpg",Sun Pharmaceutical Industries Ltd,53,34,13
Enapril 2.5 Tablet,Enalapril (2.5mg),Treatment of Hypertension (high blood pressure)Treatment of Prevention of heart attack and strokeTreatment of Heart failure,Decreased blood pressure Cough Increased potassium level in blood Fatigue Weakness Dizziness,"https://onemg.gumlet.io/l_watermark_346,w_480,h_480/a_ignore,w_480,h_480,c_fit,q_auto,f_auto/993a0f9e796540588e3e5c00f615dff6.jpg",Intas Pharmaceuticals Ltd,33,45,22
Epsolin 300 Tablet,Phenytoin (300mg),Treatment and prevention of Epilepsy/Seizures,Rash Headache Dizziness Vomiting Nausea Slurred speech Vertigo Confusion Nervousness Constipation Tremors Altered walking,"https://onemg.gumlet.io/l_watermark_346,w_480,h_480/a_ignore,w_480,h_480,c_fit,q_auto,f_auto/5c81c0a03ab14a61921ae647502acad8.jpg",Zydus Cadila,42,37,21
Emluz Cream,Luliconazole (1% w/w),Treatment of Fungal skin infections,Application site reactions burning irritation itching and redness Dry skin Skin peeling Blisters on skin,"https://onemg.gumlet.io/l_watermark_346,w_480,h_480/a_ignore,w_480,h_480,c_fit,q_auto,f_auto/46b6ff632a344f6c89c69337232bfc8a.jpg",Emcure Pharmaceuticals Ltd,34,38,28
Emefilm Orally Disintegrating Strip,Ondansetron (4mg),Treatment of NauseaTreatment of Vomiting,Constipation Diarrhea Fatigue Headache,"https://onemg.gumlet.io/l_watermark_346,w_480,h_480/a_ignore,w_480,h_480,c_fit,q_auto,f_auto/4e26616609bc4865874e4c420b25eff5.jpg",Delvin Formulations Pvt Ltd,0,0,100
Eyebrex 0.3% Liquifilm,Tobramycin (0.3% w/v),Treatment of Bacterial eye infections,Eye irritation Burning sensation Eye redness Eye itching,"https://onemg.gumlet.io/l_watermark_346,w_480,h_480/a_ignore,w_480,h_480,c_fit,q_auto,f_auto/79a1e92221924737b53d8af7ec293f65.jpg",Allergan India Pvt Ltd,67,33,0
Epival Oral Solution,Sodium Valproate (200mg/5ml), Epilepsy/SeizuresPrevention of Migraine Bipolar disorder,Headache Dizziness Blurred vision Nausea Vomiting Sleepiness Hair loss Weight gain Tremors Double vision Impaired coordination Weakness Increased appetite Insomnia difficulty in sleeping Abdominal pain Abnormal thoughts Diarrhea Depression Constipation Nystagmus involuntary eye movement Weight loss Bronchitis inflammation of the airways Breathlessness Low blood platelets Hay fever Nervousness Ecchymosis discoloration of the skin resulting from bleeding underneath Flu like symptoms Fever Memory loss Indigestion Infection Peripheral edema,"https://onemg.gumlet.io/l_watermark_346,w_480,h_480/a_ignore,w_480,h_480,c_fit,q_auto,f_auto/cropped/d4bbxf6ershq0casjuq1.jpg",Sun Pharmaceutical Industries Ltd,0,33,67
ESGIPYRIN DS INJECTION,Diclofenac (25mg/ml), Pain relief,Limb pain Injection site reactions pain swelling redness Edema swelling Nausea Headache Dizziness Vomiting Itching Flatulence Indigestion Pain in extremities,"https://onemg.gumlet.io/l_watermark_346,w_480,h_480/a_ignore,w_480,h_480,c_fit,q_auto,f_auto/83817bd81a7244468e78869449625803.jpg",Abbott,0,67,33
Epineuron SR Tablet,Epalrestat (150mg) + Methylcobalamin (1500mcg), Diabetic nerve pain,Nausea Vomiting Increased liver enzymes,"https://onemg.gumlet.io/l_watermark_346,w_480,h_480/a_ignore,w_480,h_480,c_fit,q_auto,f_auto/cropped/ncnumedessjar3hfxbsn.jpg",Aristo Pharmaceuticals Pvt Ltd,53,27,20
Eberfun Cream,Eberconazole (1% w/w),Treatment of Fungal skin infections,Application site reactions burning irritation itching and redness,"https://onemg.gumlet.io/l_watermark_346,w_480,h_480/a_ignore,w_480,h_480,c_fit,q_auto,f_auto/f8394f2dc8674917b357a4017d059624.jpg",Ipca Laboratories Ltd,67,33,0
Esta 10 Tablet,Escitalopram Oxalate (10mg),Treatment of DepressionTreatment of Anxiety disorderTreatment of Panic disorder,Anorgasmia decreased orgasm in women Decreased libido Delayed ejaculation Fatigue Increased sweating Insomnia difficulty in sleeping Nausea Sleepiness,"https://onemg.gumlet.io/l_watermark_346,w_480,h_480/a_ignore,w_480,h_480,c_fit,q_auto,f_auto/kygwarkdu0m5agwifh8d.jpg",D D Pharmaceuticals,33,34,33
Eberwin Cream,Eberconazole (1% w/w),Treatment of Fungal skin infections,Application site reactions burning irritation itching and redness,"https://onemg.gumlet.io/l_watermark_346,w_480,h_480/a_ignore,w_480,h_480,c_fit,q_auto,f_auto/d6ppbip2erf7ls9cgyjy.jpg",Sun Pharmaceutical Industries Ltd,33,34,33
Entavir 1mg Tablet,Entecavir (1mg), Chronic hepatitis B virus (HBV) infection,Headache Nausea Vomiting Fatigue Stomach pain Diarrhea,"https://onemg.gumlet.io/l_watermark_346,w_480,h_480/a_ignore,w_480,h_480,c_fit,q_auto,f_auto/cropped/dgzwatp2ilefi3zkssmo.jpg",Cipla Ltd,43,28,29
Etoxib 60 Tablet,Etoricoxib (60mg), Pain relief,Stomach pain Diarrhea,"https://onemg.gumlet.io/l_watermark_346,w_480,h_480/a_ignore,w_480,h_480,c_fit,q_auto,f_auto/36cc89b9b26348d89b29edc78a506a06.jpg",Torrent Pharmaceuticals Ltd,0,50,50
Esys Tablet,Esomeprazole (40mg),Treatment of Gastroesophageal reflux disease (Acid reflux)Treatment of Peptic ulcer diseaseTreatment of Zollinger-Ellison syndrome,Headache Dryness in mouth Nausea Abdominal pain Constipation Flatulence Diarrhea,"https://onemg.gumlet.io/l_watermark_346,w_480,h_480/a_ignore,w_480,h_480,c_fit,q_auto,f_auto/cropped/mjyzork7gd8d5j0htqgh.jpg",Systopic Laboratories Pvt Ltd,100,0,0
Epilex Oral Solution,Sodium Valproate (200mg/5ml), Epilepsy/SeizuresPrevention of Migraine Bipolar disorder,Headache Dizziness Blurred vision Nausea Vomiting Sleepiness Hair loss Weight gain Tremors Double vision Impaired coordination Weakness Increased appetite Insomnia difficulty in sleeping Abdominal pain Abnormal thoughts Diarrhea Depression Constipation Nystagmus involuntary eye movement Weight loss Bronchitis inflammation of the airways Breathlessness Low blood platelets Hay fever Nervousness Ecchymosis discoloration of the skin resulting from bleeding underneath Flu like symptoms Fever Memory loss Indigestion Infection Peripheral edema,"https://onemg.gumlet.io/l_watermark_346,w_480,h_480/a_ignore,w_480,h_480,c_fit,q_auto,f_auto/912b52844b764a009340f8d04fef788f.jpg",Abbott,67,33,0
Epilive 750 Tablet,Levetiracetam (750mg),Treatment of Epilepsy/Seizures,Sleepiness Dizziness Fatigue Headache Decreased appetite Behavioral changes Aggressive behavior Irritation Agitation Nasal congestion stuffy nose Infection Convulsion Nasopharyngitis inflammation of the throat and nasal passages Nausea Tremors Vertigo Lethargy,"https://onemg.gumlet.io/l_watermark_346,w_480,h_480/a_ignore,w_480,h_480,c_fit,q_auto,f_auto/cropped/uu4lizgnly5jtxux795l.jpg",Lupin Ltd,59,22,19
Etody 120 Tablet,Etoricoxib (120mg), Pain relief,Stomach pain Diarrhea,"https://onemg.gumlet.io/l_watermark_346,w_480,h_480/a_ignore,w_480,h_480,c_fit,q_auto,f_auto/cropped/obxu13eqbfnrieismmx9.jpg",Abbott,83,17,0
Exermet GM 501 Tablet PR,Glimepiride (1mg) + Metformin (500mg),Treatment of Type 2 diabetes mellitus,Hypoglycemia low blood glucose level Headache Nausea Diarrhea Flatulence,"https://onemg.gumlet.io/l_watermark_346,w_480,h_480/a_ignore,w_480,h_480,c_fit,q_auto,f_auto/d62e336f1b614d2eb195dfc96d003940.jpg",Cipla Ltd,52,34,14
Escipra 10 Tablet,Escitalopram Oxalate (10mg),Treatment of DepressionTreatment of Anxiety disorderTreatment of Panic disorder,Anorgasmia decreased orgasm in women Decreased libido Delayed ejaculation Fatigue Increased sweating Insomnia difficulty in sleeping Nausea Sleepiness,"https://onemg.gumlet.io/l_watermark_346,w_480,h_480/a_ignore,w_480,h_480,c_fit,q_auto,f_auto/4e94c152d91c4193a13c12767e1287d1.jpg",Icon Life Sciences,40,27,33
Eberclin Cream,Eberconazole (1% w/w),Treatment of Fungal skin infections,Application site reactions burning irritation itching and redness,"https://onemg.gumlet.io/l_watermark_346,w_480,h_480/a_ignore,w_480,h_480,c_fit,q_auto,f_auto/cropped/dy6qoqvf563lqkvmyxc9.jpg",Canixa Life Sciences Pvt,13,67,20
Etrobax 120 Tablet,Etoricoxib (120mg), Pain relief,Stomach pain Diarrhea,"https://onemg.gumlet.io/l_watermark_346,w_480,h_480/a_ignore,w_480,h_480,c_fit,q_auto,f_auto/cropped/cmfkokkg1e2cl7edf2a2.jpg",Sun Pharmaceutical Industries Ltd,78,22,0
Ethinorm P 5mg Tablet,Norethisterone (5mg),Treatment of Heavy menstrual bleedingTreatment of Pain during menstruationTreatment of EndometriosisTreatment of Premenstrual syndrome (PMS),Headache Dizziness Breast tenderness Nausea Vaginal spotting Vomiting Abdominal cramp,"https://onemg.gumlet.io/l_watermark_346,w_480,h_480/a_ignore,w_480,h_480,c_fit,q_auto,f_auto/f9061fea15c04f11943e222e4f7bdc24.jpg",Bennet Pharmaceuticals Limited,33,17,50
Emestat OD Tablet,Doxylamine (20mg) + Vitamin B6 (Pyridoxine) (20mg),Treatment of Nausea and vomiting in pregnancy,Dryness in mouth Constipation Lightheadedness Drowsiness,"https://onemg.gumlet.io/l_watermark_346,w_480,h_480/a_ignore,w_480,h_480,c_fit,q_auto,f_auto/611c64405e5146cb96d48705fa4201da.jpg",Obsurge Biotech Ltd,75,25,0
EN-Clofert 50 Tablet,Enclomiphene (50mg), Female infertility,Nausea Vomiting Bloating Hot flashes Enlarged ovary Metrorrhagia menstrual bleeding at irregular intervals Breast discomfort Headache,"https://onemg.gumlet.io/l_watermark_346,w_480,h_480/a_ignore,w_480,h_480,c_fit,q_auto,f_auto/cropped/uhiqxh0zbudguwwrn63q.jpg",Maneesh Pharmaceuticals Ltd,21,27,52
Etaze-ID Cream,Mometasone (0.1% w/w) + Fusidic Acid (2% w/w),Treatment of Skin conditions with inflammation & itching,Headache Sore throat Itching Nosebleeds Viral infection Upper respiratory tract infection Vomiting,"https://onemg.gumlet.io/l_watermark_346,w_480,h_480/a_ignore,w_480,h_480,c_fit,q_auto,f_auto/atompytshutlxjped21l.jpg",Mohrish Pharmaceuticals,33,50,17
Efonta 40mg Tablet,Efonidipine (40mg),Treatment of Hypertension (high blood pressure),Headache Palpitations Hot flushes Flushing of face,"https://onemg.gumlet.io/l_watermark_346,w_480,h_480/a_ignore,w_480,h_480,c_fit,q_auto,f_auto/tbuokzhu8rtbcqtkx1cu.jpg",Ajanta Pharma Ltd,67,33,0
Endobreak 2mg Tablet,Dienogest (2mg),Treatment of pelvic pain associated with Endometriosis,Headache Acne Breast pain Abnormal menstrual bleeding Weight gain Sleep disorder Nervousness Loss of libido Migraine Gastrointestinal disturbance Hair loss Back pain Breast engorgement Ovarian cysts Hot flushes Vaginal bleeding Asthenic conditions Irritability,"https://onemg.gumlet.io/l_watermark_346,w_480,h_480/a_ignore,w_480,h_480,c_fit,q_auto,f_auto/bihobbexureko6vp4p7j.jpg",Torrent Pharmaceuticals Ltd,19,62,19
Ebal-M Tablet,Ebastine (10mg) + Montelukast (10mg), Sneezing and runny nose due to allergies,Nausea Diarrhea Dryness in mouth Vomiting Skin rash Headache Drowsiness Flu like symptoms,"https://onemg.gumlet.io/l_watermark_346,w_480,h_480/a_ignore,w_480,h_480,c_fit,q_auto,f_auto/b64c0a9e8c264735bbaf304f18ce95ea.jpg",Bal Pharma Ltd,53,34,13
Ebuxo 40 Tablet,Febuxostat (40mg),Treatment of Gout,Diarrhea Headache Increased liver enzymes Nausea Skin rash,"https://onemg.gumlet.io/l_watermark_346,w_480,h_480/a_ignore,w_480,h_480,c_fit,q_auto,f_auto/xzro4sgmqlphzv58w0qh.jpg",Ipca Laboratories Ltd,60,20,20
Enzox-Forte Tablet,Pancreatin (220mg),Treatment of Pancreatic enzyme deficiency,Stomach pain Bloating Diarrhea,"https://onemg.gumlet.io/l_watermark_346,w_480,h_480/a_ignore,w_480,h_480,c_fit,q_auto,f_auto/av8o53ad5kvbjs0payjq.jpg",Tidal Laboratories Pvt Ltd,42,41,17
Etorite MR 400mg/4mg Tablet,Etodolac (400mg) + Thiocolchicoside (4mg), Pain due to muscle spasm,Nausea Vomiting Heartburn Stomach pain epigastric pain Loss of appetite Indigestion Sleepiness,"https://onemg.gumlet.io/l_watermark_346,w_480,h_480/a_ignore,w_480,h_480,c_fit,q_auto,f_auto/29b27da30ce946b6ba0461bc1a053ab7.jpg",Akumentis Healthcare Ltd,33,45,22
Euclide M 30 OD Tablet ER,Gliclazide (30mg) + Metformin (500mg),Treatment of Type 2 diabetes mellitus,Hypoglycemia low blood glucose level Headache Nausea Dizziness Diarrhea Flatulence,"https://onemg.gumlet.io/l_watermark_346,w_480,h_480/a_ignore,w_480,h_480,c_fit,q_auto,f_auto/f54ab4993d624766b60b12117eea52e3.jpg",Alkem Laboratories Ltd,67,33,0
Enliva 20mg/75mg Capsule SR,Levosulpiride (75mg) + Rabeprazole (20mg),Treatment of Gastroesophageal reflux disease (Acid reflux)Treatment of Intestinal ulcersTreatment of Irritable bowel syndrome,Nausea Stomach pain Diarrhea Flatulence Constipation Headache Dizziness Weakness Sleepiness Flu like symptoms,"https://onemg.gumlet.io/l_watermark_346,w_480,h_480/a_ignore,w_480,h_480,c_fit,q_auto,f_auto/cropped/n0gip7zcbrldwkecyqyd.jpg",Abbott,56,30,14
Efzu Tablet PR,Alfuzosin (10mg),Treatment of Benign prostatic hyperplasia,Upper respiratory tract infection Dizziness Headache Nausea Abdominal pain Impotence,"https://onemg.gumlet.io/l_watermark_346,w_480,h_480/a_ignore,w_480,h_480,c_fit,q_auto,f_auto/c0ab27943be74b97b57846a03c14ca33.jpg",Overseas Healthcare Pvt Ltd,0,0,100
Epilive 250 Tablet,Levetiracetam (250mg),Treatment of Epilepsy/Seizures,Sleepiness Dizziness Fatigue Headache Decreased appetite Behavioral changes Aggressive behavior Irritation Agitation Nasal congestion stuffy nose Infection Convulsion Nasopharyngitis inflammation of the throat and nasal passages Nausea Tremors Vertigo Lethargy,"https://onemg.gumlet.io/l_watermark_346,w_480,h_480/a_ignore,w_480,h_480,c_fit,q_auto,f_auto/xw8oootoumcei1f6ag8a.jpg",Lupin Ltd,75,25,0
Emlevo 500 Tablet,Levetiracetam (500mg),Treatment of Epilepsy/Seizures,Sleepiness Dizziness Fatigue Headache Decreased appetite Behavioral changes Aggressive behavior Irritation Agitation Nasal congestion stuffy nose Infection Convulsion Nasopharyngitis inflammation of the throat and nasal passages Nausea Tremors Vertigo Lethargy,"https://onemg.gumlet.io/l_watermark_346,w_480,h_480/a_ignore,w_480,h_480,c_fit,q_auto,f_auto/juxjw1s84zvde9m60p2g.jpg",Emcure Pharmaceuticals Ltd,67,33,0
Euthyrox 75 Tablet,Thyroxine (75mcg),Treatment of Hypothyroidism,Palpitations Vomiting Anxiety Diarrhea Weight loss Nervousness Increased appetite Tremors,"https://onemg.gumlet.io/l_watermark_346,w_480,h_480/a_ignore,w_480,h_480,c_fit,q_auto,f_auto/01f28fbecf124923b2e2fd02651be9f1.jpg",Merck Ltd,33,67,0
Eberjen Cream,Eberconazole (1% w/w),Treatment of Fungal skin infections,Application site reactions burning irritation itching and redness,"https://onemg.gumlet.io/l_watermark_346,w_480,h_480/a_ignore,w_480,h_480,c_fit,q_auto,f_auto/cropped/jfxmynspwfauy7sqvvg0.jpg",Jenburkt Pharmaceuticals Ltd,24,48,28
Edinase-D  Tablet,Trypsin (48mg) + Bromelain (90mg) + Rutoside (100mg) + Diclofenac (50mg), Pain relief,Nausea Vomiting Heartburn Indigestion Diarrhea Loss of appetite Stomach pain,"https://onemg.gumlet.io/l_watermark_346,w_480,h_480/a_ignore,w_480,h_480,c_fit,q_auto,f_auto/cropped/rgawh1bmtw45utm7evil.jpg",Ronyd Healthcare Pvt Ltd,33,34,33
Etornext-TH Tablet,Etodolac (400mg) + Thiocolchicoside (4mg), Pain due to muscle spasm,Nausea Vomiting Heartburn Stomach pain epigastric pain Loss of appetite Indigestion Sleepiness,"https://onemg.gumlet.io/l_watermark_346,w_480,h_480/a_ignore,w_480,h_480,c_fit,q_auto,f_auto/96f4348a11df4c1485b0ac63d964dab2.jpg",Alembic Pharmaceuticals Ltd,42,41,17
Esiflo 500 Transcaps,Salmeterol (50mcg) + Fluticasone Propionate (500mcg),Treatment of Chronic obstructive pulmonary disease (COPD),Headache Cough Upper respiratory tract infection Nasopharyngitis inflammation of the throat and nasal passages Sinus inflammation Stomach discomfort Fungal infection of oropharynx Tremors Palpitations Voice change,"https://onemg.gumlet.io/l_watermark_346,w_480,h_480/a_ignore,w_480,h_480,c_fit,q_auto,f_auto/cropped/y1qmfhxlebcmbvgfghg1.jpg",Lupin Ltd,79,21,0
Eternex-T Tablet,Teneligliptin (20mg),Treatment of Type 2 diabetes mellitus,Dizziness Headache Diarrhea Hypoglycemia low blood glucose level Nausea Vomiting,"https://onemg.gumlet.io/l_watermark_346,w_480,h_480/a_ignore,w_480,h_480,c_fit,q_auto,f_auto/cropped/m4rlokxfu3f6vunejl1s.jpg",Alembic Pharmaceuticals Ltd,44,45,11
Euglim 2 Tablet,Glimepiride (2mg),Treatment of Type 2 diabetes mellitus,Hypoglycemia low blood glucose level Headache Nausea Dizziness Weakness,"https://onemg.gumlet.io/l_watermark_346,w_480,h_480/a_ignore,w_480,h_480,c_fit,q_auto,f_auto/cropped/ewfdlabc6ui6v2ajbsxj.jpg",Bayer Zydus Pharma Pvt Ltd,40,60,0
Etaze-AF Lotion,Mometasone (0.1% w/v) + Terbinafine (1% w/v),Treatment of Fungal skin infections,Application site reactions burning irritation itching and redness Burning sensation Skin atrophy Skin exfoliation,"https://onemg.gumlet.io/l_watermark_346,w_480,h_480/a_ignore,w_480,h_480,c_fit,q_auto,f_auto/cropped/mohmqugbzbqcabtrkytu.jpg",Mohrish Pharmaceuticals,19,48,33
Evict XF Solution,Lactulose (2.5gm/5ml),Treatment of ConstipationTreatment of Hepatic encephalopathy,Abdominal pain Nausea Vomiting Diarrhea,"https://onemg.gumlet.io/l_watermark_346,w_480,h_480/a_ignore,w_480,h_480,c_fit,q_auto,f_auto/ykgssmtxdqgun8vf6hvi.jpg",Albert David Ltd,50,17,33
Erox CV Dry Syrup,Amoxycillin  (200mg) +  Clavulanic Acid (28.5mg),Treatment of Resistance Tuberculosis (TB)Treatment of Bacterial infections,Abdominal pain Allergy Vomiting Nausea Diarrhea Mucocutaneous candidiasis,"https://onemg.gumlet.io/l_watermark_346,w_480,h_480/a_ignore,w_480,h_480,c_fit,q_auto,f_auto/b7n4ovusfxeh4o5w5kpr.jpg",Micro Labs Ltd,100,0,0
Eurolide 3.75mg Depot Injection,Leuprolide (3.75mg),Treatment of Prostate cancerTreatment of EndometriosisTreatment of Uterine fibroidsTreatment of Precocious puberty (premature puberty),Decreased libido Testicular atrophy Increased sweating Fatigue Muscle weakness Erectile dysfunction Bone pain Injection site reaction Hot flashes,"https://onemg.gumlet.io/l_watermark_346,w_480,h_480/a_ignore,w_480,h_480,c_fit,q_auto,f_auto/589b4702111d4e718cef273a17ce0fa2.jpg",Samarth Life Sciences Pvt Ltd,0,0,100
Ezicas Nasal Spray,Fluticasone Propionate (0.05% w/v),Treatment of Sneezing and runny nose due to allergies,Nasal irritation Headache Nosebleeds,"https://onemg.gumlet.io/l_watermark_346,w_480,h_480/a_ignore,w_480,h_480,c_fit,q_auto,f_auto/cropped/bdbvmtmdwnikqvk4pi7h.jpg",Intas Pharmaceuticals Ltd,44,30,26
Esobiz-L Capsule SR,Levosulpiride (75mg) + Esomeprazole (40mg),Treatment of Gastroesophageal reflux disease (Acid reflux)Treatment of Peptic ulcer disease,Nausea Vomiting Diarrhea Constipation Upset stomach Stomach pain Headache Flatulence Sleepiness,"https://onemg.gumlet.io/l_watermark_346,w_480,h_480/a_ignore,w_480,h_480,c_fit,q_auto,f_auto/5f0d8b1382104293b5f2709f59ad856c.jpg",Alniche Life Sciences Pvt Ltd,50,17,33
Embeta XR 100 Tablet,Metoprolol Succinate (95mg),Treatment of Hypertension (high blood pressure)Treatment of Angina (heart-related chest pain)Treatment of ArrhythmiaPrevention of Heart attackPrevention of Migraine,Fatigue Headache Slow heart rate Dizziness Nausea Breathlessness Rash Diarrhea Depression,"https://onemg.gumlet.io/l_watermark_346,w_480,h_480/a_ignore,w_480,h_480,c_fit,q_auto,f_auto/cropped/al1xty3c42a9xayemn6b.jpg",Intas Pharmaceuticals Ltd,33,45,22
Ezeepam 5 Tablet,Escitalopram Oxalate (5mg),Treatment of DepressionTreatment of Anxiety disorderTreatment of Panic disorder,Anorgasmia decreased orgasm in women Decreased libido Delayed ejaculation Fatigue Increased sweating Insomnia difficulty in sleeping Nausea Sleepiness,"https://onemg.gumlet.io/l_watermark_346,w_480,h_480/a_ignore,w_480,h_480,c_fit,q_auto,f_auto/cropped/tftng9dvaaiqi4x0ykqc.jpg",Eris Lifesciences Ltd,50,25,25
Embeta AM 25 Tablet PR,Amlodipine (5mg) + Metoprolol Succinate (25mg),Treatment of Hypertension (high blood pressure),Nausea Slow heart rate Abdominal pain Dizziness Fatigue Sleepiness Ankle swelling Constipation Edema swelling Flushing sense of warmth in the face ears neck and trunk Palpitations Headache Vomiting Visual disturbance Orthostatic hypotension sudden lowering of blood pressure on standing Breathlessness Muscle cramp,"https://onemg.gumlet.io/l_watermark_346,w_480,h_480/a_ignore,w_480,h_480,c_fit,q_auto,f_auto/oarujahw3fplbuirli6c.jpg",Intas Pharmaceuticals Ltd,0,67,33
Epofit 5000IU Injection,Recombinant Human Erythropoietin Alfa (5000IU),Treatment of Anemia due to chronic kidney diseaseTreatment of Anemia due to cancer chemotherapy,High blood pressure Nausea Vomiting Fever Rash Joint pain Headache Insomnia difficulty in sleeping Chills Cough Bone pain Muscle spasm Dizziness Vascular occlusion Injection site irritation Stomatitis Inflammation of the mouth Weight loss Decreased white blood cell count lymphocytes Increased glucose level in blood Blood clot in the blood vessels,"https://onemg.gumlet.io/l_watermark_346,w_480,h_480/a_ignore,w_480,h_480,c_fit,q_auto,f_auto/cropped/tezupgdisehe3hbkxv4a.png",Intas Pharmaceuticals Ltd,42,41,17
Epocept 4000IU Injection,Recombinant Human Erythropoietin Alfa (4000IU),Treatment of Anemia due to chronic kidney diseaseTreatment of Anemia due to cancer chemotherapy,High blood pressure Nausea Vomiting Fever Rash Joint pain Headache Insomnia difficulty in sleeping Chills Cough Bone pain Muscle spasm Dizziness Vascular occlusion Injection site irritation Stomatitis Inflammation of the mouth Weight loss Decreased white blood cell count lymphocytes Increased glucose level in blood Blood clot in the blood vessels,"https://onemg.gumlet.io/l_watermark_346,w_480,h_480/a_ignore,w_480,h_480,c_fit,q_auto,f_auto/db50202761a34d74a99dc1d77eabb086.jpg",Lupin Ltd,0,8,92
Enpred Eye Drop,Difluprednate (0.05% w/v), Post-operative eye pain and inflammation,Eye irritation Burning sensation Watery eyes,"https://onemg.gumlet.io/l_watermark_346,w_480,h_480/a_ignore,w_480,h_480,c_fit,q_auto,f_auto/f89236f1a6d14909b44efcdb74779f03.jpg",Entod Pharmaceuticals Ltd,67,33,0
Ensarin-MF Cream,Fluocinolone acetonide (0.01% w/w) + Miconazole (2% w/w) + Neomycin (0.5% w/w),Treatment of Skin infections,Application site reactions burning irritation itching and redness,"https://onemg.gumlet.io/l_watermark_346,w_480,h_480/a_ignore,w_480,h_480,c_fit,q_auto,f_auto/08f0c09f9322469b86af4236a0e4ffcb.jpg",Leeford Healthcare Ltd,22,22,56
Euclide M 60 OD Tablet ER,Gliclazide (60mg) + Metformin (500mg),Treatment of Type 2 diabetes mellitus,Hypoglycemia low blood glucose level Headache Nausea Dizziness Diarrhea Flatulence,"https://onemg.gumlet.io/l_watermark_346,w_480,h_480/a_ignore,w_480,h_480,c_fit,q_auto,f_auto/cropped/jbt1vf136fwqkkpqpwk1.jpg",Alkem Laboratories Ltd,80,20,0
Esokem-L Capsule SR,Levosulpiride (75mg) + Esomeprazole (40mg),Treatment of Gastroesophageal reflux disease (Acid reflux)Treatment of Peptic ulcer disease,Nausea Vomiting Diarrhea Constipation Upset stomach Stomach pain Headache Flatulence Sleepiness,"https://onemg.gumlet.io/l_watermark_346,w_480,h_480/a_ignore,w_480,h_480,c_fit,q_auto,f_auto/cropped/dpb9laeje2nfgtuqq7m4.jpg",Alkem Laboratories Ltd,48,33,19
Eritel B 40mg/50mg Tablet PR,Telmisartan (40mg) + Metoprolol Succinate (50mg),Treatment of Hypertension (high blood pressure),Headache Weakness Dizziness Cold extremities Slow heart rate Increased potassium level in blood Numbness of extremity Decreased blood pressure,"https://onemg.gumlet.io/l_watermark_346,w_480,h_480/a_ignore,w_480,h_480,c_fit,q_auto,f_auto/cropped/f9kbtpgd8cbmw9rlbqrw.jpg",Eris Lifesciences Ltd,0,33,67
Espin TM  Tablet,S-Amlodipine (2.5mg) + Telmisartan (40mg), Hypertension (high blood pressure),Nausea Taste change Diarrhea Upset stomach Ankle swelling Headache Dizziness Weakness Numbness of extremity Flushing sense of warmth in the face ears neck and trunk Increased potassium level in blood Decreased blood pressure Tiredness Sleepiness Palpitations,"https://onemg.gumlet.io/l_watermark_346,w_480,h_480/a_ignore,w_480,h_480,c_fit,q_auto,f_auto/6bd6125eab5e4e8b847f467b90f06098.jpg",Intas Pharmaceuticals Ltd,33,34,33
Entacom Plus 100 Tablet,Levodopa (100mg) + Carbidopa (25mg) + Entacapone (200mg), Parkinson's disease,Urine discoloration Headache Dryness in mouth Insomnia difficulty in sleeping Anxiety Dizziness Abnormal dreams Involuntary muscle movement Gastrointestinal disturbance,"https://onemg.gumlet.io/l_watermark_346,w_480,h_480/a_ignore,w_480,h_480,c_fit,q_auto,f_auto/cropped/cqya1cwyqqj4kzinddmg.jpg",Intas Pharmaceuticals Ltd,67,33,0
Eglucent Rapid 100IU/ml Kwikpen,Insulin Lispro (100IU/ml),Treatment of Diabetes,Hypoglycemia low blood glucose level,"https://onemg.gumlet.io/l_watermark_346,w_480,h_480/a_ignore,w_480,h_480,c_fit,q_auto,f_auto/odayacybmn8ltvpfm5dp.jpg",Lupin Ltd,0,33,67
Etowin 60mg Tablet,Etoricoxib (60mg), Pain relief,Stomach pain Diarrhea,"https://onemg.gumlet.io/l_watermark_346,w_480,h_480/a_ignore,w_480,h_480,c_fit,q_auto,f_auto/32e6558a1e6d4a9dafa9bf44a576d4a7.jpg",Corona Remedies Pvt Ltd,0,33,67
Etonow-MR Tablet,Etoricoxib (60mg) + Thiocolchicoside (4mg),Treatment of Pain due to muscle spasm,Diarrhea Stomach pain Indigestion Flatulence Swelling of hands Feet swelling Flu like symptoms,"https://onemg.gumlet.io/l_watermark_346,w_480,h_480/a_ignore,w_480,h_480,c_fit,q_auto,f_auto/cropped/wvddra3xiyqyjjsypezv.jpg",Grandcure Healthcare Pvt Ltd,44,34,22
Edinase  -DS Tablet,Bromelain (180mg) + Trypsin (96mg) + Rutoside (200mg), Pain relief,No common side effects seen,"https://onemg.gumlet.io/l_watermark_346,w_480,h_480/a_ignore,w_480,h_480,c_fit,q_auto,f_auto/19d9b6d3e614410bb70b2a633112c14a.jpg",Ronyd Healthcare Pvt Ltd,33,34,33
Erypro 4000IU Injection,Recombinant Human Erythropoietin Alfa (4000IU),Treatment of Anemia due to chronic kidney diseaseTreatment of Anemia due to cancer chemotherapy,High blood pressure Nausea Vomiting Fever Rash Joint pain Headache Insomnia difficulty in sleeping Chills Cough Bone pain Muscle spasm Dizziness Vascular occlusion Injection site irritation Stomatitis Inflammation of the mouth Weight loss Decreased white blood cell count lymphocytes Increased glucose level in blood Blood clot in the blood vessels,"https://onemg.gumlet.io/l_watermark_346,w_480,h_480/a_ignore,w_480,h_480,c_fit,q_auto,f_auto/t8bzrt5yrdwd01dezjwg.jpg",Biocon,58,42,0
Etorica 60 Tablet,Etoricoxib (60mg), Pain relief,Stomach pain Diarrhea,"https://onemg.gumlet.io/l_watermark_346,w_480,h_480/a_ignore,w_480,h_480,c_fit,q_auto,f_auto/cropped/zgqbvzccl8k4g2u2tuhz.jpg",Micro Labs Ltd,33,34,33
Eurepa-V 1/0.2 Tablet,Repaglinide (1mg) + Voglibose (0.2mg),Treatment of Type 2 diabetes mellitus,Hypoglycemia low blood glucose level Abdominal pain Diarrhea Flatulence Upper respiratory tract infection Headache,"https://onemg.gumlet.io/l_watermark_346,w_480,h_480/a_ignore,w_480,h_480,c_fit,q_auto,f_auto/52008202a8bc4bca951d158ef5e62228.jpg",Torrent Pharmaceuticals Ltd,0,33,67
Easyfive-TT Vaccine,Diphtheria Toxoid (30IU) + Tetanus Toxoid (60IU) + Pertussis Toxoid (4IU) + Hepatitis B Vaccine (rDNA) (10mcg) + Haemophilus Type B Conjugate Vaccine (10mcg),Prevention of DiphtheriaPrevention of TetanusPrevention of Pertussis Prevention of Hepatitis B infectionPrevention of Haemophilus influenzae Type b disease,Fever Irritation Loss of appetite Injection site reactions pain swelling redness Skin rash,"https://onemg.gumlet.io/l_watermark_346,w_480,h_480/a_ignore,w_480,h_480,c_fit,q_auto,f_auto/jozzvlcrjfjpkd1enotj.jpg",Panacea Biotec Ltd,56,11,33
Eslo Tan Tablet,Losartan (50mg) + Amlodipine (2.5mg), Hypertension (high blood pressure),Sleepiness Ankle swelling Headache Flushing sense of warmth in the face ears neck and trunk Dizziness Palpitations Increased potassium level in blood Fatigue Nausea Edema swelling Abdominal pain Visual disturbance Breathlessness Change in bowel habits Nasal congestion stuffy nose Upper respiratory tract infection,"https://onemg.gumlet.io/l_watermark_346,w_480,h_480/a_ignore,w_480,h_480,c_fit,q_auto,f_auto/e10a8f3694404c268aa24324aa679844.jpg",Zuventus Healthcare Ltd,50,39,11
Endogest 400 SR Tablet,Progesterone (Natural Micronized) (400mg), Hormone replacement therapyTreatment of Female infertility,Abdominal pain Nausea Abnormal vaginal bleeding Edema swelling Hair loss Abdominal bloating Headache Breast pain Vomiting Vaginal yeast infection,"https://onemg.gumlet.io/l_watermark_346,w_480,h_480/a_ignore,w_480,h_480,c_fit,q_auto,f_auto/cropped/oxpm0sd8j8dczvfycijp.jpg",Cipla Ltd,17,66,17
Elcephase 500mg Tablet,Metformin (500mg),Treatment of Type 2 diabetes mellitus,Diarrhea Nausea Vomiting Flatulence,"https://onemg.gumlet.io/l_watermark_346,w_480,h_480/a_ignore,w_480,h_480,c_fit,q_auto,f_auto/b1159d0b0b8d42bf83dc37cbed810979.jpg",Elder Pharmaceuticals Ltd,28,50,22
Epinext 500 Tablet,Levetiracetam (500mg),Treatment of Epilepsy/Seizures,Sleepiness Dizziness Fatigue Headache Decreased appetite Behavioral changes Aggressive behavior Irritation Agitation Nasal congestion stuffy nose Infection Convulsion Nasopharyngitis inflammation of the throat and nasal passages Nausea Tremors Vertigo Lethargy,"https://onemg.gumlet.io/l_watermark_346,w_480,h_480/a_ignore,w_480,h_480,c_fit,q_auto,f_auto/5af98c7d2b6a441b8213a93d47224ee0.jpg",Pulse Pharmaceuticals,50,50,0
Esiflo Hfa 125 Transhaler,Salmeterol (25mcg) + Fluticasone Propionate (125mcg),Treatment of Chronic obstructive pulmonary disease (COPD),Headache Cough Upper respiratory tract infection Nasopharyngitis inflammation of the throat and nasal passages Sinus inflammation Stomach discomfort Fungal infection of oropharynx Tremors Palpitations Voice change,"https://onemg.gumlet.io/l_watermark_346,w_480,h_480/a_ignore,w_480,h_480,c_fit,q_auto,f_auto/cropped/geheyy3abpbhrgfv4qdk.jpg",Lupin Ltd,48,38,14
E-Ova L 2.5 Tablet,Letrozole (2.5mg),Treatment of Breast cancerTreatment of Infertility due to anovulation,Fatigue Hypercholesterolemia high cholesterol Increased sweating Hot flashes Bone pain Dizziness Joint pain Edema swelling Flushing sense of warmth in the face ears neck and trunk,"https://onemg.gumlet.io/l_watermark_346,w_480,h_480/a_ignore,w_480,h_480,c_fit,q_auto,f_auto/cropped/hyqwr9tfuxhamu0gaqwp.jpg",Koye Pharmaceuticals Pvt ltd,24,28,48
Espidase 10mg Tablet,Serratiopeptidase (10mg), Pain relief Swelling,No common side effects seen,"https://onemg.gumlet.io/l_watermark_346,w_480,h_480/a_ignore,w_480,h_480,c_fit,q_auto,f_auto/115a060769c24b54815609350f0cf1ac.jpg",Megha Healthcare Pvt Ltd,0,33,67
Etoxib 120 Tablet,Etoricoxib (120mg), Pain relief,Stomach pain Diarrhea,"https://onemg.gumlet.io/l_watermark_346,w_480,h_480/a_ignore,w_480,h_480,c_fit,q_auto,f_auto/e8e3de307f4a4fac86203e89475119af.jpg",Torrent Pharmaceuticals Ltd,67,33,0
Eslot 5mg Tablet,Desloratadine (5mg),Treatment of Allergic conditions,Sleepiness Dizziness,"https://onemg.gumlet.io/l_watermark_346,w_480,h_480/a_ignore,w_480,h_480,c_fit,q_auto,f_auto/c617b03d8c8349bc91792ae20c5a60cd.jpg",Kivi Labs Ltd,0,33,67
Estina Eye Drop,Epinastine (0.05% w/v), Allergic eye disease,Ocular hyperemia Itching Burning sensation in eye,"https://onemg.gumlet.io/l_watermark_346,w_480,h_480/a_ignore,w_480,h_480,c_fit,q_auto,f_auto/142bb7a0c87c44c795a36e3349fe40b7.jpg",Entod Pharmaceuticals Ltd,33,67,0
Eritel B 40mg/25mg Tablet PR,Telmisartan (40mg) + Metoprolol Succinate (25mg),Treatment of Hypertension (high blood pressure),Headache Weakness Dizziness Cold extremities Slow heart rate Increased potassium level in blood Numbness of extremity Decreased blood pressure,"https://onemg.gumlet.io/l_watermark_346,w_480,h_480/a_ignore,w_480,h_480,c_fit,q_auto,f_auto/cropped/ezkp8wzg0zn0nn5xirvq.jpg",Eris Lifesciences Ltd,0,67,33
Efficort Cream,Hydrocortisone (0.127% w/w),Treatment of Eczema Severe allergic reactionsTreatment of Allergic conditionsTreatment of CancerTreatment of Skin disordersTreatment of Eye disorders,Application site reactions burning irritation itching and redness,"https://onemg.gumlet.io/l_watermark_346,w_480,h_480/a_ignore,w_480,h_480,c_fit,q_auto,f_auto/lypggyzusmyefudxm27g.jpg",Galderma India Pvt Ltd,48,42,10
Ebernet Cream,Eberconazole (1% w/w),Treatment of Fungal skin infections,Application site reactions burning irritation itching and redness,"https://onemg.gumlet.io/l_watermark_346,w_480,h_480/a_ignore,w_480,h_480,c_fit,q_auto,f_auto/1ce1738062c44d5db59f817f48fd79d6.jpg",Dr Reddy's Laboratories Ltd,24,51,25
Eslo-Met 2.5 Tablet,Amlodipine (2.5mg) + Metoprolol Succinate (25mg),Treatment of Hypertension (high blood pressure),Nausea Slow heart rate Abdominal pain Dizziness Fatigue Sleepiness Ankle swelling Constipation Edema swelling Flushing sense of warmth in the face ears neck and trunk Palpitations Headache Vomiting Visual disturbance Orthostatic hypotension sudden lowering of blood pressure on standing Breathlessness Muscle cramp,"https://onemg.gumlet.io/l_watermark_346,w_480,h_480/a_ignore,w_480,h_480,c_fit,q_auto,f_auto/cropped/ikpxkfkegojfazbk1zdk.jpg",Zuventus Healthcare Ltd,40,27,33
Etosaid 60 Tablet,Etoricoxib (60mg), Pain relief,Stomach pain Diarrhea,"https://onemg.gumlet.io/l_watermark_346,w_480,h_480/a_ignore,w_480,h_480,c_fit,q_auto,f_auto/cropped/ffddlgxbnql7ezvqfuyn.jpg",Macleods Pharmaceuticals Pvt Ltd,0,78,22
Eglucent Mix 25 Kwikpen 100IU/ml,Insulin Lispro (25%) + Insulin Lispro Protamine (75%), Diabetes,Hypoglycemia low blood glucose level Weight gain Infusion site reaction Auto antibody formation,"https://onemg.gumlet.io/l_watermark_346,w_480,h_480/a_ignore,w_480,h_480,c_fit,q_auto,f_auto/cropped/jvyzeyxpwvsftfysucex.jpg",Lupin Ltd,53,7,40
Eslo-5 AT Tablet,Amlodipine (5mg) + Atenolol (50mg),Treatment of Hypertension (high blood pressure),Sleepiness Headache Ankle swelling Flushing sense of warmth in the face ears neck and trunk Slow heart rate Palpitations Nausea Edema swelling Constipation Tiredness Cold extremities,"https://onemg.gumlet.io/l_watermark_346,w_480,h_480/a_ignore,w_480,h_480,c_fit,q_auto,f_auto/cropped/tfgcxelo58okeotxvxcn.jpg",Zuventus Healthcare Ltd,44,56,0
Escnx 10mg Tablet,Escitalopram Oxalate (10mg),Treatment of DepressionTreatment of Anxiety disorderTreatment of Panic disorder,Anorgasmia decreased orgasm in women Decreased libido Delayed ejaculation Fatigue Increased sweating Insomnia difficulty in sleeping Nausea Sleepiness,"https://onemg.gumlet.io/l_watermark_346,w_480,h_480/a_ignore,w_480,h_480,c_fit,q_auto,f_auto/2bc7bda0626b436286168d764ce92a9a.jpg",CNX Healthcare Pvt Ltd,17,83,0
Enfiera 500mg Injection,Rituximab (500mg), Non-Hodgkin lymphoma (NHL) Rheumatoid arthritis Blood cancer (Chronic lymphocytic leukemia) Granulomatosis with polyangiitis Microscopic polyangiitis,Headache Weakness Infection Chills Decreased white blood cell count neutrophils Fever Infusion site reaction Lymphopenia Abdominal pain Back pain,"https://onemg.gumlet.io/l_watermark_346,w_480,h_480/a_ignore,w_480,h_480,c_fit,q_auto,f_auto/baf3f6c6190b4cc2aa276f77efbb355b.jpg",Biochem Pharmaceutical Industries,0,50,50
Enoxarin 60 Injection,Enoxaparin (60mg),Treatment and prevention of Blood clots,Bleeding Headache Low blood platelets Increased liver enzymes Anemia low number of red blood cells Fever Injection site pain Breathing problems Edema swelling Diarrhea,"https://onemg.gumlet.io/l_watermark_346,w_480,h_480/a_ignore,w_480,h_480,c_fit,q_auto,f_auto/36ee179d1f4d4095a8e78f648207a9e8.jpg",Zuventus Healthcare Ltd,0,0,100
Etoriflex-MR4 Tablet,Etoricoxib (60mg) + Thiocolchicoside (4mg),Treatment of Pain due to muscle spasm,Diarrhea Stomach pain Indigestion Flatulence Swelling of hands Feet swelling Flu like symptoms,"https://onemg.gumlet.io/l_watermark_346,w_480,h_480/a_ignore,w_480,h_480,c_fit,q_auto,f_auto/cropped/aodrpvcyaerbjdy7rmif.jpg",Linux Laboratories,67,33,0
Ebasil 20 Tablet,Ebastine (20mg), Allergic conditions,Sleepiness Headache Dryness in mouth,"https://onemg.gumlet.io/l_watermark_346,w_480,h_480/a_ignore,w_480,h_480,c_fit,q_auto,f_auto/dtqlvexqumzzvc25jvrw.jpg",Abbott,25,58,17
Enzase 10000 Tablet,Pancreatin (150mg),Treatment of Pancreatic enzyme deficiency,Stomach pain Bloating Diarrhea,"https://onemg.gumlet.io/l_watermark_346,w_480,h_480/a_ignore,w_480,h_480,c_fit,q_auto,f_auto/fa5six2vctfs6dxopb4y.jpg",MSN Laboratories,58,17,25
Ebmont FX3 Tablet,Montelukast (10mg) + Fexofenadine (120mg) + Acebrophylline (200mg), Asthma,Nausea Vomiting Diarrhea Rash Increased white blood cell count Increased transaminase level in blood Upper respiratory tract infection Constipation Abdominal discomfort Abdominal distension Heartburn Loss of appetite Esophageal bleeding Nasal inflammation,"https://onemg.gumlet.io/l_watermark_346,w_480,h_480/a_ignore,w_480,h_480,c_fit,q_auto,f_auto/6d3adf8b9823482faca7d877865e4673.jpg",MMC Healthcare Ltd,0,56,44
Etotol 150 Tablet,Tolperisone (150mg) + Etoricoxib (60mg),Treatment of Muscle pain,Sleepiness Weakness Flu like symptoms Diarrhea Indigestion Flatulence Stomach pain Peripheral edema Swelling of hands Feet swelling Dizziness,"https://onemg.gumlet.io/l_watermark_346,w_480,h_480/a_ignore,w_480,h_480,c_fit,q_auto,f_auto/05b19ab03dd141c48c29641a2cc0a2e9.jpg",Adonis Laboratories Pvt Ltd,0,33,67
Evict Fibre Granules,Lactulose (10gm) + Ispaghula (3.5gm), Constipation,Flatulence Stomach pain,"https://onemg.gumlet.io/l_watermark_346,w_480,h_480/a_ignore,w_480,h_480,c_fit,q_auto,f_auto/cropped/a3zffcsv9trfbvqfvyei.jpg",Albert David Ltd,50,50,0
Eritel 80 Tablet,Telmisartan (80mg),Treatment of Hypertension (high blood pressure) Prevention of heart attack and strokeTreatment of Heart failure,Upper respiratory tract infection Sinus infection Back pain Diarrhea,"https://onemg.gumlet.io/l_watermark_346,w_480,h_480/a_ignore,w_480,h_480,c_fit,q_auto,f_auto/cropped/x5ex7p7htkby7sbaer6b.jpg",Eris Lifesciences Ltd,67,20,13
Epilive Syrup,Levetiracetam (100mg/ml),Treatment of Epilepsy/Seizures,Sleepiness Dizziness Fatigue Headache Decreased appetite Behavioral changes Aggressive behavior Irritation Agitation Nasal congestion stuffy nose Infection Convulsion Nasopharyngitis inflammation of the throat and nasal passages Nausea Tremors Vertigo Lethargy,"https://onemg.gumlet.io/l_watermark_346,w_480,h_480/a_ignore,w_480,h_480,c_fit,q_auto,f_auto/feab90e68a814ac697106eb2e7433dfe.jpg",Lupin Ltd,42,58,0
Eco Tears XL Eye Drop,Carboxymethylcellulose (0.5% w/v),Treatment of Dry eyes,Eye irritation Burning eyes Eye discomfort Eye itching Eye pain,"https://onemg.gumlet.io/l_watermark_346,w_480,h_480/a_ignore,w_480,h_480,c_fit,q_auto,f_auto/cropped/ecs76xogc9vns4mzmbca.jpg",Intas Pharmaceuticals Ltd,24,43,33
Etorvel 90 Tablet,Etoricoxib (90mg), Pain relief,Oral ulcer Bronchospasm Increased liver enzymes Esophagitis Stomach pain Diarrhea,"https://onemg.gumlet.io/l_watermark_346,w_480,h_480/a_ignore,w_480,h_480,c_fit,q_auto,f_auto/cropped/ccsehef9wpfnzqw9ofsc.jpg",Kinedex Healthcare Pvt Ltd,21,29,50
Endogest 100 Capsule,Progesterone (Natural Micronized) (100mg), Hormone replacement therapyTreatment of Female infertility,Abdominal pain Nausea Abnormal vaginal bleeding Edema swelling Hair loss Abdominal bloating Headache Breast pain Vomiting Vaginal yeast infection,"https://onemg.gumlet.io/l_watermark_346,w_480,h_480/a_ignore,w_480,h_480,c_fit,q_auto,f_auto/cropped/n614e9bj7x6o5kfv0tsq.jpg",Cipla Ltd,0,58,42
Eclospan Cream,Beclometasone (0.025% w/w) + Neomycin (0.5% w/w) + Miconazole (2% w/w), Skin infections,Application site reactions burning irritation itching and redness Thinning of skin Skin peeling,"https://onemg.gumlet.io/l_watermark_346,w_480,h_480/a_ignore,w_480,h_480,c_fit,q_auto,f_auto/cropped/c4p2evv2i5po4scy1usk.jpg",Dr Reddy's Laboratories Ltd,0,67,33
Erypeg 75mcg Injection,Pegylated Recombinant Human Erythropoietin (75mcg),Treatment of Anemia due to chronic kidney diseaseTreatment of Anemia due to cancer chemotherapy,Nausea Vomiting Diarrhea Fever,"https://onemg.gumlet.io/l_watermark_346,w_480,h_480/a_ignore,w_480,h_480,c_fit,q_auto,f_auto/36093e68550e467d8a9fae1ef7c8f255.jpg",Intas Pharmaceuticals Ltd,0,67,33
Evopin 400 Capsule,Vitamin E (400mg),Treatment of Vitamin E deficiency,Headache Dizziness Blurred vision Nausea Diarrhea Flatulence Abdominal pain Rash Fatigue Weakness,"https://onemg.gumlet.io/l_watermark_346,w_480,h_480/a_ignore,w_480,h_480,c_fit,q_auto,f_auto/gidbrzxqvnfqt3yrkgn2.jpg",Aarti Life Science,0,0,100
Emgrast 300mcg Injection,Filgrastim (300mcg),Prevention of Infections after chemotherapy,Bone pain Weakness Headache Rash Nausea Increased lactate dehydrogenase level in blood Vomiting Increased uric acid level in blood Oropharyngeal pain Hair loss Fatigue Diarrhea Constipation Decreased appetite Cough Breathing problems Injection site reactions pain swelling redness,"https://onemg.gumlet.io/l_watermark_346,w_480,h_480/a_ignore,w_480,h_480,c_fit,q_auto,f_auto/37ad32f90e44469798aef219b0b27605.jpg",Emcure Pharmaceuticals Ltd,89,11,0
Eberclin-M Cream,Eberconazole (1% w/w) + Mometasone (0.1% w/w),Treatment of Fungal skin infections,Application site reactions burning irritation itching and redness,"https://onemg.gumlet.io/l_watermark_346,w_480,h_480/a_ignore,w_480,h_480,c_fit,q_auto,f_auto/914f0649e92a440a979bad730e28644a.jpg",Canixa Life Sciences Pvt,0,80,20
Eubri Eye Drop,Sodium Hyaluronate (0.1% w/v),Treatment of Dry eyes,Limited data available,"https://onemg.gumlet.io/l_watermark_346,w_480,h_480/a_ignore,w_480,h_480,c_fit,q_auto,f_auto/zcsygm0thm4vghwj2exr.jpg",Pfizer Ltd,58,34,8
Ecoglip-T Tablet,Teneligliptin (20mg),Treatment of Type 2 diabetes mellitus,Dizziness Headache Diarrhea Hypoglycemia low blood glucose level Nausea Vomiting,"https://onemg.gumlet.io/l_watermark_346,w_480,h_480/a_ignore,w_480,h_480,c_fit,q_auto,f_auto/cropped/bujj81sqslx0gplppjej.jpg",Ozone Pharmaceuticals Ltd,44,45,11
Eternex-M 500 Tablet SR,Metformin (500mg) + Teneligliptin (20mg),Treatment of Type 2 diabetes mellitus,Hypoglycemia low blood glucose level Nausea Vomiting Diarrhea Headache Bloating Flatulence,"https://onemg.gumlet.io/l_watermark_346,w_480,h_480/a_ignore,w_480,h_480,c_fit,q_auto,f_auto/feaee32b887645cb8a11f013cafb859c.jpg",Alembic Pharmaceuticals Ltd,75,25,0
Ebermed 1% Cream,Eberconazole (1% w/w),Treatment of Fungal skin infections,Application site reactions burning irritation itching and redness,"https://onemg.gumlet.io/l_watermark_346,w_480,h_480/a_ignore,w_480,h_480,c_fit,q_auto,f_auto/cropped/zk5brwu8algcl6wzr3sf.png",Med Manor Organics Pvt Ltd,50,0,50
Eritel-CH 80 Trio Tablet,Telmisartan (80mg) + Amlodipine (5mg) + Chlorthalidone (12.5mg), Hypertension (high blood pressure),Headache Dizziness Sleepiness Edema swelling Increased uric acid level in blood Fatigue Increased blood lipid level Increased liver enzymes Visual disturbance Breathlessness Muscle cramp Gastrointestinal disturbance Electrolyte imbalance Increased glucose level in blood Urticaria Postural hypotension low blood pressure Impotence,"https://onemg.gumlet.io/l_watermark_346,w_480,h_480/a_ignore,w_480,h_480,c_fit,q_auto,f_auto/cropped/v5tp8yhocx0fgelphnd1.jpg",Eris Lifesciences Ltd,67,33,0
Ezuric 25mg Tablet,Eplerenone (25mg),Treatment of Hypertension (high blood pressure)Treatment of EdemaTreatment of Heart failure,Dizziness Diarrhea Nausea Cough Flu like symptoms Fatigue Increased potassium level in blood Increased creatinine level in blood Headache,"https://onemg.gumlet.io/l_watermark_346,w_480,h_480/a_ignore,w_480,h_480,c_fit,q_auto,f_auto/18e3f7afcc8d4689a1bf3b1356db6271.jpg",Alkem Laboratories Ltd,0,0,100
Eslizen 600mg Tablet,Eslicarbazepine (600mg), Epilepsy/Seizures,Sleepiness Blurred vision Nausea Headache Vomiting Double vision Fatigue Balance disorder loss of balance Diarrhea Impaired coordination Vertigo Decreased appetite Decreased sodium level in blood Dizziness,"https://onemg.gumlet.io/l_watermark_346,w_480,h_480/a_ignore,w_480,h_480,c_fit,q_auto,f_auto/09e60ce0c7914610b60b70d58ce0bc9a.jpg",Intas Pharmaceuticals Ltd,58,42,0
Envas H Tablet,Enalapril (5mg) + Hydrochlorothiazide (12.5mg), Hypertension (high blood pressure),Nausea Taste change Stomach pain Indigestion Diarrhea Cough Dizziness Headache Weakness Decreased blood pressure Increased uric acid level in blood Glucose intolerance Electrolyte imbalance Increased blood lipid level,"https://onemg.gumlet.io/l_watermark_346,w_480,h_480/a_ignore,w_480,h_480,c_fit,q_auto,f_auto/60e3595379af45898e02d85373e373bc.jpg",Cadila Pharmaceuticals Ltd,58,42,0
Exermet 1000 Tablet SR,Metformin (1000mg),Treatment of Type 2 diabetes mellitus,Diarrhea Nausea Vomiting Flatulence,"https://onemg.gumlet.io/l_watermark_346,w_480,h_480/a_ignore,w_480,h_480,c_fit,q_auto,f_auto/ujacrthzdjdfqvoem0ul.jpg",Cipla Ltd,0,0,100
Enace D 10 Tablet,Enalapril (10mg) + Hydrochlorothiazide (25mg), Hypertension (high blood pressure),Nausea Taste change Stomach pain Indigestion Diarrhea Cough Dizziness Headache Weakness Decreased blood pressure Increased uric acid level in blood Glucose intolerance Electrolyte imbalance Increased blood lipid level,"https://onemg.gumlet.io/l_watermark_346,w_480,h_480/a_ignore,w_480,h_480,c_fit,q_auto,f_auto/cropped/otdbkogbmqqs3qieyimq.jpg",Abbott,62,25,13
Endobloc 10 Tablet,Ambrisentan (10mg), Pulmonary arterial hypertension (PAH),Peripheral edema Nasal congestion stuffy nose Sinus inflammation Flushing sense of warmth in the face ears neck and trunk,"https://onemg.gumlet.io/l_watermark_346,w_480,h_480/a_ignore,w_480,h_480,c_fit,q_auto,f_auto/cropped/t0osuxwsrqq4f5cpkk58.jpg",Cipla Ltd,48,38,14
Encorate Chrono 600 Tablet CR,Sodium Valproate (400mg) + Valproic Acid (174mg), Epilepsy,Nausea Vomiting Weight gain Loss of appetite Gum swelling Headache Sleepiness Tremors Hair loss Liver injury,"https://onemg.gumlet.io/l_watermark_346,w_480,h_480/a_ignore,w_480,h_480,c_fit,q_auto,f_auto/8427ea1103af466fad85a37c51319ffc.jpg",Sun Pharmaceutical Industries Ltd,33,59,8
Eslo 1.25 Tablet,S-Amlodipine (1.25mg),Treatment of Hypertension (high blood pressure)Prevention of Angina (heart-related chest pain)Prevention of Heart attackPrevention of Stroke,Ankle swelling Dizziness Fatigue Flushing sense of warmth in the face ears neck and trunk Headache Palpitations Abdominal pain Muscle cramp Nausea Sleepiness Visual disturbance Dyspepsia Breathlessness Change in bowel habits,"https://onemg.gumlet.io/l_watermark_346,w_480,h_480/a_ignore,w_480,h_480,c_fit,q_auto,f_auto/cropped/hpdmqjd5pzv2eilgbnjx.jpg",Zuventus Healthcare Ltd,56,44,0
Etofine MR 60mg/4mg Capsule,Etoricoxib (60mg) + Thiocolchicoside (4mg),Treatment of Pain due to muscle spasm,Diarrhea Stomach pain Indigestion Flatulence Swelling of hands Feet swelling Flu like symptoms,"https://onemg.gumlet.io/l_watermark_346,w_480,h_480/a_ignore,w_480,h_480,c_fit,q_auto,f_auto/3e82c40ab59c4b8da9d87632cba16b50.jpg",Pharmanova India Drugs Pvt Ltd,56,22,22
Esam-AT Tablet,Amlodipine (2.5mg) + Atenolol (50mg),Treatment of Hypertension (high blood pressure),Sleepiness Headache Ankle swelling Flushing sense of warmth in the face ears neck and trunk Slow heart rate Palpitations Nausea Edema swelling Constipation Tiredness Cold extremities,"https://onemg.gumlet.io/l_watermark_346,w_480,h_480/a_ignore,w_480,h_480,c_fit,q_auto,f_auto/cropped/lhuy1dbr5cjupll9fuly.jpg",Torrent Pharmaceuticals Ltd,48,52,0
Elmovel TF Gel,Mometasone (0.1% w/w) + Terbinafine (1% w/w),Treatment of Fungal skin infections,Application site reactions burning irritation itching and redness Burning sensation Skin atrophy Skin exfoliation,"https://onemg.gumlet.io/l_watermark_346,w_480,h_480/a_ignore,w_480,h_480,c_fit,q_auto,f_auto/0265ec2d506e48e382924cfca29d9372.jpg",Leeford Healthcare Ltd,46,33,21
Ebasil Tablet,Ebastine (10mg), Allergic conditions,Sleepiness Headache Dryness in mouth,"https://onemg.gumlet.io/l_watermark_346,w_480,h_480/a_ignore,w_480,h_480,c_fit,q_auto,f_auto/cropped/huxgsjnq46s08omo0sev.jpg",Abbott,33,50,17
Enam 10 Tablet,Enalapril (10mg),Treatment of Hypertension (high blood pressure)Treatment of Prevention of heart attack and strokeTreatment of Heart failure,Decreased blood pressure Cough Increased potassium level in blood Fatigue Weakness Dizziness,"https://onemg.gumlet.io/l_watermark_346,w_480,h_480/a_ignore,w_480,h_480,c_fit,q_auto,f_auto/952456828e7b440fbae2f6373dd0b97f.jpg",Dr Reddy's Laboratories Ltd,67,33,0
Eplerite 25 Tablet,Eplerenone (25mg),Treatment of Hypertension (high blood pressure)Treatment of EdemaTreatment of Heart failure,Dizziness Diarrhea Nausea Cough Flu like symptoms Fatigue Increased potassium level in blood Increased creatinine level in blood Headache,"https://onemg.gumlet.io/l_watermark_346,w_480,h_480/a_ignore,w_480,h_480,c_fit,q_auto,f_auto/cropped/rs0e6jkjjzz5infclesj.jpg",Cipla Ltd,33,17,50
Eurepa-V 0.5/0.3 Tablet,Repaglinide (0.5mg) + Voglibose (0.3mg),Treatment of Type 2 diabetes mellitus,Hypoglycemia low blood glucose level Abdominal pain Diarrhea Flatulence Upper respiratory tract infection Headache,"https://onemg.gumlet.io/l_watermark_346,w_480,h_480/a_ignore,w_480,h_480,c_fit,q_auto,f_auto/cropped/h0c1ywkiwacijbjkzb62.jpg",Torrent Pharmaceuticals Ltd,0,33,67
Eudyna Cream,Tretinoin (0.05% w/w),Treatment of Acne Acute promyelocytic leukaemia,Erythema skin redness Skin irritation Dry skin Dry lips Pale red skin Increased sensitivity to light,"https://onemg.gumlet.io/l_watermark_346,w_480,h_480/a_ignore,w_480,h_480,c_fit,q_auto,f_auto/cropped/dayfmnen2hf7ysbjw21g.jpg",Zydus Cadila,38,24,38
Etaze HT Cream,Hydroquinone (2% w/w) + Mometasone (0.1% w/w) + Tretinoin (0.025% w/w),Treatment of Melasma,Application site reactions burning irritation itching and redness,"https://onemg.gumlet.io/l_watermark_346,w_480,h_480/a_ignore,w_480,h_480,c_fit,q_auto,f_auto/cropped/miafx9chodepq1ir2s1k.png",Mohrish Pharmaceuticals,33,67,0
Ect 60 Tablet,Etoricoxib (60mg), Pain relief,Stomach pain Diarrhea,"https://onemg.gumlet.io/l_watermark_346,w_480,h_480/a_ignore,w_480,h_480,c_fit,q_auto,f_auto/cropped/olhjzjlyoohgpzvvdnad.jpg",Icon Life Sciences,100,0,0
Exermet GM Forte 2 Tablet PR,Glimepiride (2mg) + Metformin (1000mg),Treatment of Type 2 diabetes mellitus,Hypoglycemia low blood glucose level Headache Nausea Diarrhea Flatulence,"https://onemg.gumlet.io/l_watermark_346,w_480,h_480/a_ignore,w_480,h_480,c_fit,q_auto,f_auto/1126dc9679a348d688fd9ebc87f13bde.jpg",Cipla Ltd,0,73,27
Elicia 8 Tablet,Blonanserin (8mg), Schizophrenia Mania,Sleepiness Akathisia inability to stay still Dystonia involuntary muscle contractions Parkinsonism Anxiety Urinary retention Weight gain,"https://onemg.gumlet.io/l_watermark_346,w_480,h_480/a_ignore,w_480,h_480,c_fit,q_auto,f_auto/qjl7yqzsqrfcz8dwl9ox.jpg",Zydus Cadila,47,33,20
Eprytor-A Tablet SR,Eperisone (150mg) + Aceclofenac (200mg), Pain due to muscle spasm,Nausea Vomiting Heartburn Stomach pain epigastric pain Loss of appetite Diarrhea Dizziness Weakness Sleepiness,"https://onemg.gumlet.io/l_watermark_346,w_480,h_480/a_ignore,w_480,h_480,c_fit,q_auto,f_auto/cropped/e00owlp79nz80qcw29yw.jpg",Cnscure India Pvt Ltd,0,0,100
Entacom Plus 150 Tablet,Levodopa (150mg) + Carbidopa (37.5mg) + Entacapone (200mg), Parkinson's disease,Urine discoloration Headache Dryness in mouth Insomnia difficulty in sleeping Anxiety Dizziness Abnormal dreams Involuntary muscle movement Gastrointestinal disturbance,"https://onemg.gumlet.io/l_watermark_346,w_480,h_480/a_ignore,w_480,h_480,c_fit,q_auto,f_auto/kueccvyaaxe3exrpll7k.jpg",Intas Pharmaceuticals Ltd,67,33,0
Etosaid 120 Tablet,Etoricoxib (120mg), Pain relief,Stomach pain Diarrhea,"https://onemg.gumlet.io/l_watermark_346,w_480,h_480/a_ignore,w_480,h_480,c_fit,q_auto,f_auto/cropped/ji9fdqlcic7qgydyl6ev.jpg",Macleods Pharmaceuticals Pvt Ltd,67,33,0
Etaze-AF Cream,Mometasone (0.1% w/w) + Terbinafine (1% w/w),Treatment of Fungal skin infections,Application site reactions burning irritation itching and redness Burning sensation Skin atrophy Skin exfoliation,"https://onemg.gumlet.io/l_watermark_346,w_480,h_480/a_ignore,w_480,h_480,c_fit,q_auto,f_auto/cropped/tj3vbk0h8rlcgbanh1hx.jpg",Mohrish Pharmaceuticals,53,47,0
Euclide 80 Tablet,Gliclazide (80mg),Treatment of Type 2 diabetes mellitus,Hypoglycemia low blood glucose level Weight gain Flatulence Diarrhea Headache Nausea Dizziness,"https://onemg.gumlet.io/l_watermark_346,w_480,h_480/a_ignore,w_480,h_480,c_fit,q_auto,f_auto/cropped/r9uzuaa5d3rod0yqdlz9.jpg",Alkem Laboratories Ltd,100,0,0
Ethimom Cream,Mometasone (0.1%),Treatment of Skin conditions with inflammation & itching,Stinging sensation Itching Hair follicle inflammation,"https://onemg.gumlet.io/l_watermark_346,w_480,h_480/a_ignore,w_480,h_480,c_fit,q_auto,f_auto/n8tz9jpioeggkxpyvmjr.jpg",Ethinext Pharma,0,33,67
Ecorab D Capsule SR,Domperidone (30mg) + Rabeprazole (20mg),Treatment of Gastroesophageal reflux disease (Acid reflux)Treatment of Peptic ulcer disease,Diarrhea Stomach pain Dryness in mouth Headache Dizziness Flatulence Weakness Flu like symptoms,"https://onemg.gumlet.io/l_watermark_346,w_480,h_480/a_ignore,w_480,h_480,c_fit,q_auto,f_auto/cropped/ftfxuiqo3nfbiaybduzw.jpg",Indiabulls pharmaceutical ltd,39,40,21
Ezeepam 10 Tablet,Escitalopram Oxalate (10mg),Treatment of DepressionTreatment of Anxiety disorderTreatment of Panic disorder,Anorgasmia decreased orgasm in women Decreased libido Delayed ejaculation Fatigue Increased sweating Insomnia difficulty in sleeping Nausea Sleepiness,"https://onemg.gumlet.io/l_watermark_346,w_480,h_480/a_ignore,w_480,h_480,c_fit,q_auto,f_auto/cropped/etl7jtyda7u56vn67ma0.jpg",Eris Lifesciences Ltd,25,8,67
Eukarit 100 Capsule,Itraconazole (100mg),Treatment of Fungal infections,Nausea Abdominal pain Constipation Dizziness Headache Indigestion Vomiting,"https://onemg.gumlet.io/l_watermark_346,w_480,h_480/a_ignore,w_480,h_480,c_fit,q_auto,f_auto/eakmzrfyjuczy3pty7eh.jpg",Adroit Biomed Ltd,38,33,29
Epotrend 4000 Injection,Recombinant Human Erythropoietin Alfa (4000IU),Treatment of Anemia due to chronic kidney diseaseTreatment of Anemia due to cancer chemotherapy,High blood pressure Nausea Vomiting Fever Rash Joint pain Headache Insomnia difficulty in sleeping Chills Cough Bone pain Muscle spasm Dizziness Vascular occlusion Injection site irritation Stomatitis Inflammation of the mouth Weight loss Decreased white blood cell count lymphocytes Increased glucose level in blood Blood clot in the blood vessels,"https://onemg.gumlet.io/l_watermark_346,w_480,h_480/a_ignore,w_480,h_480,c_fit,q_auto,f_auto/pyvr2e2vuccmj3zkrlpo.jpg",Anthem Biopharma,33,23,44
Escnx 5mg Tablet,Escitalopram Oxalate (5mg),Treatment of DepressionTreatment of Anxiety disorderTreatment of Panic disorder,Anorgasmia decreased orgasm in women Decreased libido Delayed ejaculation Fatigue Increased sweating Insomnia difficulty in sleeping Nausea Sleepiness,"https://onemg.gumlet.io/l_watermark_346,w_480,h_480/a_ignore,w_480,h_480,c_fit,q_auto,f_auto/04bc5f583e8f456fb4d5019613cbf150.jpg",CNX Healthcare Pvt Ltd,67,33,0
Endocryl 0.5ml Injection,n-Butyl-2-cyanoacrylate (0.5ml), Bleeding,No common side effects seen,"https://onemg.gumlet.io/l_watermark_346,w_480,h_480/a_ignore,w_480,h_480,c_fit,q_auto,f_auto/393b3763e2dc4a3f88d06bb32eb11cad.jpg",Samarth Life Sciences Pvt Ltd,75,0,25
Ebercos Cream,Eberconazole (1% w/w),Treatment of Fungal skin infections,Application site reactions burning irritation itching and redness,"https://onemg.gumlet.io/l_watermark_346,w_480,h_480/a_ignore,w_480,h_480,c_fit,q_auto,f_auto/cropped/x3p3vvhd9gwzdbodvzrs.jpg",Percos India Pvt  Ltd,0,0,100
Enzase 25000 Tablet,Pancreatin (300mg),Treatment of Pancreatic enzyme deficiency,Stomach pain Bloating Diarrhea,"https://onemg.gumlet.io/l_watermark_346,w_480,h_480/a_ignore,w_480,h_480,c_fit,q_auto,f_auto/0ae94c73707c442dac763b23cacb0c21.jpg",MSN Laboratories,17,41,42
Epalrica-M Tablet SR,Epalrestat (150mg) + Methylcobalamin (1500mcg), Diabetic nerve pain,Nausea Vomiting Increased liver enzymes,"https://onemg.gumlet.io/l_watermark_346,w_480,h_480/a_ignore,w_480,h_480,c_fit,q_auto,f_auto/78f69205032543b294a8124dbbec3afe.jpg",Ordain Health Care Global Pvt Ltd,67,33,0
Epilive ER 1000 Tablet,Levetiracetam (1000mg),Treatment of Epilepsy/Seizures,Sleepiness Dizziness Fatigue Headache Decreased appetite Behavioral changes Aggressive behavior Irritation Agitation Nasal congestion stuffy nose Infection Convulsion Nasopharyngitis inflammation of the throat and nasal passages Nausea Tremors Vertigo Lethargy,"https://onemg.gumlet.io/l_watermark_346,w_480,h_480/a_ignore,w_480,h_480,c_fit,q_auto,f_auto/cropped/zikgp0zvoy26ufaas1ry.jpg",Lupin Ltd,25,58,17
Ethislone 16mg Tablet,Methylprednisolone (16mg),Treatment of Rheumatic disorderTreatment of Systemic lupus erythematosus (SLE)Treatment of Allergic conditionsTreatment of Eye disordersTreatment of Skin disorders,Thinning of skin Increased risk of infection Reduction in bone density Weight gain Mood changes Upset stomach Behavioral changes,"https://onemg.gumlet.io/l_watermark_346,w_480,h_480/a_ignore,w_480,h_480,c_fit,q_auto,f_auto/6d9e937865294b75944d985403d9d222.jpg",Rockmed Pharma Pvt. Ltd.,67,33,0
Etofine 90mg Capsule,Etoricoxib (90mg), Pain relief,Oral ulcer Bronchospasm Increased liver enzymes Esophagitis Stomach pain Diarrhea,"https://onemg.gumlet.io/l_watermark_346,w_480,h_480/a_ignore,w_480,h_480,c_fit,q_auto,f_auto/83fe2338a3474d068053aa85828de467.jpg",Pharmanova India Drugs Pvt Ltd,0,44,56
Escitalent 5 Tablet,Escitalopram Oxalate (5mg),Treatment of DepressionTreatment of Anxiety disorderTreatment of Panic disorder,Anorgasmia decreased orgasm in women Decreased libido Delayed ejaculation Fatigue Increased sweating Insomnia difficulty in sleeping Nausea Sleepiness,"https://onemg.gumlet.io/l_watermark_346,w_480,h_480/a_ignore,w_480,h_480,c_fit,q_auto,f_auto/bd17d73648944bc1bedd8ed80710a4a3.jpg",Talent India ,0,50,50
Evoxil-HP Kit,Amoxycillin (750mg) + Pantoprazole (40mg) + Clarithromycin (500mg),Treatment of Peptic ulcer disease,Nausea Diarrhea Vomiting Stomach pain Flatulence Taste change Headache Rash,"https://onemg.gumlet.io/l_watermark_346,w_480,h_480/a_ignore,w_480,h_480,c_fit,q_auto,f_auto/fac58d5e221f48af9eb29bf49f393982.jpg",Leeford Healthcare Ltd,0,67,33
Epsolin ER 200 Tablet,Phenytoin (200mg),Treatment and prevention of Epilepsy/Seizures,Rash Headache Dizziness Vomiting Nausea Slurred speech Vertigo Confusion Nervousness Constipation Tremors Altered walking,"https://onemg.gumlet.io/l_watermark_346,w_480,h_480/a_ignore,w_480,h_480,c_fit,q_auto,f_auto/4484cdb57ddb4b428b7d7cf758b59201.jpg",Zydus Cadila,83,17,0
Eveglow Cream,Hydroquinone (2% w/w) + Mometasone (0.1% w/w) + Tretinoin (0.025% w/w),Treatment of Melasma,Application site reactions burning irritation itching and redness,"https://onemg.gumlet.io/l_watermark_346,w_480,h_480/a_ignore,w_480,h_480,c_fit,q_auto,f_auto/cropped/dttz9vxtb7avg9d7osgn.jpg",Torrent Pharmaceuticals Ltd,52,34,14
Edinase  Tablet,Bromelain (90mg) + Trypsin (48mg) + Rutoside (100mg), Pain relief,No common side effects seen,"https://onemg.gumlet.io/l_watermark_346,w_480,h_480/a_ignore,w_480,h_480,c_fit,q_auto,f_auto/b7ec1160d52744a1b8899f6d1a62e9bb.jpg",Ronyd Healthcare Pvt Ltd,33,34,33
Ebermac Cream,Eberconazole (1% w/w),Treatment of Fungal skin infections,Application site reactions burning irritation itching and redness,"https://onemg.gumlet.io/l_watermark_346,w_480,h_480/a_ignore,w_480,h_480,c_fit,q_auto,f_auto/xwq9mejeapopgjvie3li.jpg",Macleods Pharmaceuticals Pvt Ltd,22,78,0
Escipra 15mg Tablet,Escitalopram Oxalate (15mg),Treatment of DepressionTreatment of Anxiety disorderTreatment of Panic disorder,Anorgasmia decreased orgasm in women Decreased libido Delayed ejaculation Fatigue Increased sweating Insomnia difficulty in sleeping Nausea Sleepiness,"https://onemg.gumlet.io/l_watermark_346,w_480,h_480/a_ignore,w_480,h_480,c_fit,q_auto,f_auto/760374abcf2e4f4da26aad9cbc18c0f2.jpg",Icon Life Sciences,0,50,50
Ethored TX 250mg/250mg Tablet,Tranexamic Acid (250mg) + Ethamsylate (250mg), Heavy menstrual bleeding,Nausea Stomach pain Diarrhea Headache Nasal congestion stuffy nose Sinus pain Sinus inflammation Rash Tiredness Musculoskeletal bone muscle or joint pain Anemia low number of red blood cells,"https://onemg.gumlet.io/l_watermark_346,w_480,h_480/a_ignore,w_480,h_480,c_fit,q_auto,f_auto/449559cb93b9437e9a5fd32c97b4a9fd.jpg",Leeford Healthcare Ltd,56,11,33
Endor Eye Drop,Dorzolamide (2% w/v),Treatment of Glaucoma,Bitter taste Blurred vision Stinging in the eyes Burning eyes Eyelid inflammation,"https://onemg.gumlet.io/l_watermark_346,w_480,h_480/a_ignore,w_480,h_480,c_fit,q_auto,f_auto/6f97f9881e524972bc1a2db3fcd04da1.jpg",Entod Pharmaceuticals Ltd,50,50,0
Ebov MR  4 Tablet,Etoricoxib (60mg) + Thiocolchicoside (4mg),Treatment of Pain due to muscle spasm,Diarrhea Stomach pain Indigestion Flatulence Swelling of hands Feet swelling Flu like symptoms,"https://onemg.gumlet.io/l_watermark_346,w_480,h_480/a_ignore,w_480,h_480,c_fit,q_auto,f_auto/l3ocgmgxmjnhka89n95r.jpg",Integrace Pvt Ltd,0,0,100
Eberfine Cream,Eberconazole (1% w/w),Treatment of Fungal skin infections,Application site reactions burning irritation itching and redness,"https://onemg.gumlet.io/l_watermark_346,w_480,h_480/a_ignore,w_480,h_480,c_fit,q_auto,f_auto/cropped/btewiq1apczpdou2m2lw.jpg",KLM Laboratories Pvt Ltd,83,17,0
Etorite Tablet PR,Etodolac (600mg), Pain relief,Visual disturbance Vomiting Stomach pain epigastric pain Nausea Indigestion Dizziness Drowsiness Visual disorder,"https://onemg.gumlet.io/l_watermark_346,w_480,h_480/a_ignore,w_480,h_480,c_fit,q_auto,f_auto/aothszknn4bz6s35w1bg.jpg",Akumentis Healthcare Ltd,42,33,25
Ebov 90 Tablet,Etoricoxib (90mg), Pain relief,Oral ulcer Bronchospasm Increased liver enzymes Esophagitis Stomach pain Diarrhea,"https://onemg.gumlet.io/l_watermark_346,w_480,h_480/a_ignore,w_480,h_480,c_fit,q_auto,f_auto/c8ufbip8gdyi95uwnsig.jpg",Integrace Pvt Ltd,67,33,0
Epineuron Tablet,Epalrestat (50mg) + Methylcobalamin (500mcg), Diabetic nerve pain,Nausea Vomiting Increased liver enzymes,"https://onemg.gumlet.io/l_watermark_346,w_480,h_480/a_ignore,w_480,h_480,c_fit,q_auto,f_auto/cropped/afmndgrzm52fbmdxpmro.jpg",Aristo Pharmaceuticals Pvt Ltd,0,33,67
Evict Oral Solution,Lactulose (10gm),Treatment of ConstipationTreatment of Hepatic encephalopathy,Abdominal pain Nausea Vomiting Diarrhea,"https://onemg.gumlet.io/l_watermark_346,w_480,h_480/a_ignore,w_480,h_480,c_fit,q_auto,f_auto/l6zmquplkxwqbtqato41.jpg",Albert David Ltd,100,0,0
Espin MT Tablet ER,Amlodipine (2.5mg) + Metoprolol Succinate (50mg),Treatment of Hypertension (high blood pressure),Nausea Slow heart rate Abdominal pain Dizziness Fatigue Sleepiness Ankle swelling Constipation Edema swelling Flushing sense of warmth in the face ears neck and trunk Palpitations Headache Vomiting Visual disturbance Orthostatic hypotension sudden lowering of blood pressure on standing Breathlessness Muscle cramp,"https://onemg.gumlet.io/l_watermark_346,w_480,h_480/a_ignore,w_480,h_480,c_fit,q_auto,f_auto/3c97390cd2cf4cc3aec86c24f84a48e6.jpg",Intas Pharmaceuticals Ltd,83,17,0
Ephedrex Plus Expectorant,Ambroxol (15mg/5ml) + Guaifenesin (50mg/5ml) + Terbutaline (1.5mg/5ml),Treatment of Cough with mucus,Excessive salivation Fatigue Paresthesia tingling or pricking sensation Arrhythmia irregular heartbeats Nausea Vomiting Diarrhea Dizziness Headache Rash Tremors Increased heart rate Indigestion Bloating Upper abdominal pain Urticaria Itching Sweating Changes in serum aminotransferase levels,"https://onemg.gumlet.io/l_watermark_346,w_480,h_480/a_ignore,w_480,h_480,c_fit,q_auto,f_auto/7aebdc60c7094ca195fcf4bf85b80aaf.jpg",Alembic Pharmaceuticals Ltd,33,67,0
Esolyst-D Capsule SR,Domperidone (30mg) + Esomeprazole (40mg),Treatment of Gastroesophageal reflux disease (Acid reflux)Treatment of Functional dyspepsia,Diarrhea Flatulence Stomach pain Dryness in mouth Headache,"https://onemg.gumlet.io/l_watermark_346,w_480,h_480/a_ignore,w_480,h_480,c_fit,q_auto,f_auto/baf4a18c999245c6bea539396689d6bf.jpg",Septalyst Lifesciences Pvt.Ltd.,67,33,0
Exocast Tablet,Montelukast (10mg) + Fexofenadine (120mg),Treatment of Sneezing and runny nose due to allergies,Nausea Diarrhea Vomiting Skin rash Flu like symptoms Headache Drowsiness Dizziness,"https://onemg.gumlet.io/l_watermark_346,w_480,h_480/a_ignore,w_480,h_480,c_fit,q_auto,f_auto/cropped/ivel1vwjr8bkriixn8bz.jpg",Ultra Biotech Formulations,100,0,0
Espidase D Tablet,Diclofenac (50mg) + Serratiopeptidase (10mg), Pain relief,Nausea Vomiting Heartburn Stomach pain Indigestion Diarrhea Loss of appetite,"https://onemg.gumlet.io/l_watermark_346,w_480,h_480/a_ignore,w_480,h_480,c_fit,q_auto,f_auto/29dafd4e4ff84b37839100d581744852.jpg",Megha Healthcare Pvt Ltd,0,33,67
Ethione CR 15 Tablet,Norethisterone (15mg),Treatment of Heavy menstrual bleedingTreatment of Pain during menstruationTreatment of EndometriosisTreatment of Premenstrual syndrome (PMS),Headache Dizziness Breast tenderness Nausea Vaginal spotting Vomiting Abdominal cramp,"https://onemg.gumlet.io/l_watermark_346,w_480,h_480/a_ignore,w_480,h_480,c_fit,q_auto,f_auto/bfzxzfrmzyyxw4qg4eyq.jpg",Blisson Medica Private Limited,0,33,67
Excex Gel,Adapalene (0.1% w/w) + Clindamycin (1% w/w),Treatment of Acne,Skin peeling Erythema skin redness Itching Dry skin Burning sensation at the site of application,"https://onemg.gumlet.io/l_watermark_346,w_480,h_480/a_ignore,w_480,h_480,c_fit,q_auto,f_auto/cropped/h2igcrfwe1bgwcyxdoqa.jpg",Zee Laboratories,51,41,8
Excex Gel,Adapalene (0.1% w/w) + Clindamycin (1% w/w),Treatment of Acne,Skin peeling Erythema skin redness Itching Dry skin Burning sensation at the site of application,"https://onemg.gumlet.io/l_watermark_346,w_480,h_480/a_ignore,w_480,h_480,c_fit,q_auto,f_auto/cropped/h2igcrfwe1bgwcyxdoqa.jpg",Zee Laboratories,51,41,8
Etonow 90 Tablet,Etoricoxib (90mg), Pain relief,Oral ulcer Bronchospasm Increased liver enzymes Esophagitis Stomach pain Diarrhea,"https://onemg.gumlet.io/l_watermark_346,w_480,h_480/a_ignore,w_480,h_480,c_fit,q_auto,f_auto/cropped/hk6i1d9flzgjwwmufyf2.jpg",Grandcure Healthcare Pvt Ltd,33,67,0
Eberderm Cream,Eberconazole (1% w/w),Treatment of Fungal skin infections,Application site reactions burning irritation itching and redness,"https://onemg.gumlet.io/l_watermark_346,w_480,h_480/a_ignore,w_480,h_480,c_fit,q_auto,f_auto/cropped/dyd6lu2jnbyznog0fsun.jpg",Palsons Derma,46,8,46
Eclo Cream,Clobetasol (0.05% w/w),Treatment of Allergic skin conditions,Skin atrophy Telangiectasia Skin irritation Dry skin,"https://onemg.gumlet.io/l_watermark_346,w_480,h_480/a_ignore,w_480,h_480,c_fit,q_auto,f_auto/hctugp5o4vlwdomuswb8.jpg",Eskon Pharma,33,23,44
Ezimet-S Ointment,Mometasone (0.1% w/w) + Salicylic Acid (3% w/w), Eczema Psoriasis,Itching Burning sensation Erythema skin redness Scaling,"https://onemg.gumlet.io/l_watermark_346,w_480,h_480/a_ignore,w_480,h_480,c_fit,q_auto,f_auto/cropped/bjuxpkgps8betvhjhbtf.jpg",Canixa Life Sciences Pvt,0,67,33
Esmozole DSR Capsule,Domperidone (30mg) + Esomeprazole (40mg),Treatment of Gastroesophageal reflux disease (Acid reflux)Treatment of Functional dyspepsia,Diarrhea Flatulence Stomach pain Dryness in mouth Headache,"https://onemg.gumlet.io/l_watermark_346,w_480,h_480/a_ignore,w_480,h_480,c_fit,q_auto,f_auto/gbwkxz4xxz0qxkvchfoa.jpg",Ultimate Healthcare,0,0,100
Ezanic 10% Gel,Azelaic Acid (10% w/w),Treatment of Acne,Application site reactions burning irritation itching and redness,"https://onemg.gumlet.io/l_watermark_346,w_480,h_480/a_ignore,w_480,h_480,c_fit,q_auto,f_auto/cropped/wfprpa560pevtryfrwd1.jpg",Intas Pharmaceuticals Ltd,29,33,38
Eritel 80-H Tablet,Telmisartan (80mg) + Hydrochlorothiazide (12.5mg),Treatment of Hypertension (high blood pressure),Fatigue Dizziness Nausea Diarrhea Sinus inflammation Flu like symptoms Upper respiratory tract infection,"https://onemg.gumlet.io/l_watermark_346,w_480,h_480/a_ignore,w_480,h_480,c_fit,q_auto,f_auto/hvfncjzouc3fd2vp8fbd.jpg",Eris Lifesciences Ltd,50,50,0
Ebmont FX 10mg/120mg Tablet,Montelukast (10mg) + Fexofenadine (120mg),Treatment of Sneezing and runny nose due to allergies,Nausea Diarrhea Vomiting Skin rash Flu like symptoms Headache Drowsiness Dizziness,"https://onemg.gumlet.io/l_watermark_346,w_480,h_480/a_ignore,w_480,h_480,c_fit,q_auto,f_auto/7e3b3d12c77d480fafa5dcce5f99bfa1.jpg",MMC Healthcare Ltd,83,17,0
Espin H 2.5 mg/12.5 mg Tablet,Amlodipine (2.5mg) + Hydrochlorothiazide (12.5mg), Hypertension (high blood pressure),Glucose intolerance Sleepiness Ankle swelling Headache Flushing sense of warmth in the face ears neck and trunk Tiredness Palpitations Nausea Increased blood uric acid Decreased potassium level in blood Altered blood lipid level,"https://onemg.gumlet.io/l_watermark_346,w_480,h_480/a_ignore,w_480,h_480,c_fit,q_auto,f_auto/db5f379cd2534f7987b572aadd58d0ea.jpg",Intas Pharmaceuticals Ltd,67,33,0
Endofit Tablet,Dienogest (2mg),Treatment of pelvic pain associated with Endometriosis,Headache Acne Breast pain Abnormal menstrual bleeding Weight gain Sleep disorder Nervousness Loss of libido Migraine Gastrointestinal disturbance Hair loss Back pain Breast engorgement Ovarian cysts Hot flushes Vaginal bleeding Asthenic conditions Irritability,"https://onemg.gumlet.io/l_watermark_346,w_480,h_480/a_ignore,w_480,h_480,c_fit,q_auto,f_auto/cropped/gdqckvntkq7ayydjfy7b.jpg",Akumentis Healthcare Ltd,60,7,33
Eslizen 800mg Tablet,Eslicarbazepine (800mg), Epilepsy/Seizures,Sleepiness Blurred vision Nausea Headache Vomiting Double vision Fatigue Balance disorder loss of balance Diarrhea Impaired coordination Vertigo Decreased appetite Decreased sodium level in blood Dizziness,"https://onemg.gumlet.io/l_watermark_346,w_480,h_480/a_ignore,w_480,h_480,c_fit,q_auto,f_auto/gdtyf3khscfcpkdxuvg5.jpg",Intas Pharmaceuticals Ltd,50,29,21
Epirate Chrono 500 Tablet,Sodium Valproate (333mg) + Valproic Acid (145mg), Epilepsy,Nausea Vomiting Weight gain Loss of appetite Gum swelling Headache Sleepiness Tremors Hair loss Liver injury,"https://onemg.gumlet.io/l_watermark_346,w_480,h_480/a_ignore,w_480,h_480,c_fit,q_auto,f_auto/tj5hoi2jkewlplk7vg3o.jpg",ZDL(Zodiacal) Pharmaceutics Pvt.Ltd,75,25,0
Erbimesh Cream,Terbinafine (1% w/w), Fungal skin infections,Application site reactions burning irritation itching and redness Skin peeling Headache Diarrhea Rash Indigestion Abnormal liver enzyme Itching Taste change Nausea Abdominal pain Flatulence,"https://onemg.gumlet.io/l_watermark_346,w_480,h_480/a_ignore,w_480,h_480,c_fit,q_auto,f_auto/cropped/enrgp5hofi5wafjvhssi.jpg",Apex Laboratories Pvt Ltd,39,44,17
Escipra 5 Tablet,Escitalopram Oxalate (5mg),Treatment of DepressionTreatment of Anxiety disorderTreatment of Panic disorder,Anorgasmia decreased orgasm in women Decreased libido Delayed ejaculation Fatigue Increased sweating Insomnia difficulty in sleeping Nausea Sleepiness,"https://onemg.gumlet.io/l_watermark_346,w_480,h_480/a_ignore,w_480,h_480,c_fit,q_auto,f_auto/mal7lkojykvyrgfpv6gl.jpg",Icon Life Sciences,33,67,0
Emprogest -SR 300 Tablet,Progesterone (300mg), Hormone replacement therapy Female infertility,Abdominal bloating Hot flushes Vaginal discharge Urinary incontinence Headache Fatigue Joint pain Cough Abnormal menstrual bleeding Musculoskeletal bone muscle or joint pain Slurred speech Pain behind eyes Vertigo,"https://onemg.gumlet.io/l_watermark_346,w_480,h_480/a_ignore,w_480,h_480,c_fit,q_auto,f_auto/cropped/ey2asxakgxfy27m3kmbx.jpg",Emcure Pharmaceuticals Ltd,33,11,56
Episert Cream,Sertaconazole (2% w/w),Treatment of Fungal skin infectionsTreatment of Fungal infections,Application site reactions burning irritation itching and redness Skin irritation,"https://onemg.gumlet.io/l_watermark_346,w_480,h_480/a_ignore,w_480,h_480,c_fit,q_auto,f_auto/cropped/ubog0xoqwplvdlyytkcp.jpg",KLM Laboratories Pvt Ltd,19,34,47
Epitrate Injection 1 ml,Adrenaline (1mg) + Sodium Metabisulphite (0.1% w/v), Pupil dilation,Nausea Vomiting High blood pressure Increased heart rate,"https://onemg.gumlet.io/l_watermark_346,w_480,h_480/a_ignore,w_480,h_480,c_fit,q_auto,f_auto/52d008491ba540cd83ce77df2f92d8d0.jpg",Sunways India Pvt Ltd,56,22,22
Eltroxin 75mcg Tablet,Thyroxine (75mcg),Treatment of Hypothyroidism,Palpitations Vomiting Anxiety Diarrhea Weight loss Nervousness Increased appetite Tremors,"https://onemg.gumlet.io/l_watermark_346,w_480,h_480/a_ignore,w_480,h_480,c_fit,q_auto,f_auto/cropped/yb3mcyp4icqhk5ibuhyi.jpg",Glaxo SmithKline Pharmaceuticals Ltd,45,39,16
Exinia 25 Tablet,Eplerenone (25mg),Treatment of Hypertension (high blood pressure)Treatment of EdemaTreatment of Heart failure,Dizziness Diarrhea Nausea Cough Flu like symptoms Fatigue Increased potassium level in blood Increased creatinine level in blood Headache,"https://onemg.gumlet.io/l_watermark_346,w_480,h_480/a_ignore,w_480,h_480,c_fit,q_auto,f_auto/cropped/kqrbhzixqplcqebow0ju.jpg",RPG Life Sciences Ltd,33,67,0
Eternex-M 1000 Tablet SR,Metformin (1000mg) + Teneligliptin (20mg),Treatment of Type 2 diabetes mellitus,Hypoglycemia low blood glucose level Nausea Vomiting Diarrhea Headache Bloating Flatulence,"https://onemg.gumlet.io/l_watermark_346,w_480,h_480/a_ignore,w_480,h_480,c_fit,q_auto,f_auto/ti57kg126xvki2jecj8g.jpg",Alembic Pharmaceuticals Ltd,44,34,22
Escipra 20 Tablet,Escitalopram Oxalate (20mg),Treatment of DepressionTreatment of Anxiety disorderTreatment of Panic disorder,Anorgasmia decreased orgasm in women Decreased libido Delayed ejaculation Fatigue Increased sweating Insomnia difficulty in sleeping Nausea Sleepiness,"https://onemg.gumlet.io/l_watermark_346,w_480,h_480/a_ignore,w_480,h_480,c_fit,q_auto,f_auto/tjeln3lzazo9blod8711.jpg",Icon Life Sciences,100,0,0
Escitalent 20 Tablet,Escitalopram Oxalate (20mg),Treatment of DepressionTreatment of Anxiety disorderTreatment of Panic disorder,Anorgasmia decreased orgasm in women Decreased libido Delayed ejaculation Fatigue Increased sweating Insomnia difficulty in sleeping Nausea Sleepiness,"https://onemg.gumlet.io/l_watermark_346,w_480,h_480/a_ignore,w_480,h_480,c_fit,q_auto,f_auto/kddz555p5jtws3redao0.jpg",Talent India ,100,0,0
Eglucent Mix 50 Kwikpen 100IU/ml,Insulin Lispro (50%) + Insulin Lispro Protamine (50%), Diabetes,Hypoglycemia low blood glucose level Weight gain Infusion site reaction Auto antibody formation,"https://onemg.gumlet.io/l_watermark_346,w_480,h_480/a_ignore,w_480,h_480,c_fit,q_auto,f_auto/cropped/qeb8oj3gpywd4hrvma5x.jpg",Lupin Ltd,0,67,33
Emrolfin Cream,Amorolfine (0.25% w/w) + Phenoxyethanol (1% w/w),Treatment of Fungal infections,Limited data available,"https://onemg.gumlet.io/l_watermark_346,w_480,h_480/a_ignore,w_480,h_480,c_fit,q_auto,f_auto/gvvp2on6lo3bgcuijouy.jpg",La Pristine Bioceuticals Pvt Ltd,100,0,0
Enoxatroy 40mg Injection,Enoxaparin (40mg),Treatment and prevention of Blood clots,Bleeding Headache Low blood platelets Increased liver enzymes Anemia low number of red blood cells Fever Injection site pain Breathing problems Edema swelling Diarrhea,"https://onemg.gumlet.io/l_watermark_346,w_480,h_480/a_ignore,w_480,h_480,c_fit,q_auto,f_auto/bmbwwlz97hiclefh0fuj.jpg",Troikaa Pharmaceuticals Ltd,22,22,56
Ecofab-HA Eye Drop,Sodium Hyaluronate (0.1% w/v),Treatment of Dry eyes,Limited data available,"https://onemg.gumlet.io/l_watermark_346,w_480,h_480/a_ignore,w_480,h_480,c_fit,q_auto,f_auto/cropped/dgmhl5amc8emkcicpbvh.jpg",Intas Pharmaceuticals Ltd,58,17,25
Ebonte-M Tablet,Ebastine (10mg) + Montelukast (10mg), Sneezing and runny nose due to allergies,Nausea Diarrhea Dryness in mouth Vomiting Skin rash Headache Drowsiness Flu like symptoms,"https://onemg.gumlet.io/l_watermark_346,w_480,h_480/a_ignore,w_480,h_480,c_fit,q_auto,f_auto/cropped/htnl2pkicrrs3tw7psdk.png",Lupin Ltd,67,33,0
Eliwel 75mg Tablet,Amitriptyline (75mg),Treatment of Depression Neuropathic painTreatment of Migraine,Constipation Dryness in mouth Orthostatic hypotension sudden lowering of blood pressure on standing Weight gain Aggressive behavior Nasal congestion stuffy nose Sleepiness Dizziness Headache Decreased libido Nausea Fatigue Confusion Tremors Speech disorder Palpitations Taste change Paresthesia tingling or pricking sensation Abnormality of voluntary movements Loss of accommodation Atrioventricular block Micturition disorders Erectile dysfunction Abnormal E C G Decreased sodium level in blood,"https://onemg.gumlet.io/l_watermark_346,w_480,h_480/a_ignore,w_480,h_480,c_fit,q_auto,f_auto/xinijnu0ymjupaqnhexa.jpg",Sun Pharmaceutical Industries Ltd,22,78,0
Evimeto 50 Tablet PR,Metoprolol Succinate (47.5mg),Treatment of Hypertension (high blood pressure)Treatment of Angina (heart-related chest pain)Treatment of ArrhythmiaPrevention of Heart attackPrevention of Migraine,Fatigue Headache Slow heart rate Dizziness Nausea Breathlessness Rash Diarrhea Depression,"https://onemg.gumlet.io/l_watermark_346,w_480,h_480/a_ignore,w_480,h_480,c_fit,q_auto,f_auto/z5jo8ciszmj8veafogd4.jpg",Jubilant Life Sciences,100,0,0
Evict XF Solution,Lactulose (2.5gm/5ml),Treatment of ConstipationTreatment of Hepatic encephalopathy,Abdominal pain Nausea Vomiting Diarrhea,"https://onemg.gumlet.io/l_watermark_346,w_480,h_480/a_ignore,w_480,h_480,c_fit,q_auto,f_auto/pkx2rcxhjpxv4fsr0kuc.jpg",Albert David Ltd,0,33,67
Ecopan DSR 30 mg/20 mg Tablet,Domperidone (30mg) + Rabeprazole (20mg),Treatment of Gastroesophageal reflux disease (Acid reflux)Treatment of Peptic ulcer disease,Diarrhea Stomach pain Dryness in mouth Headache Dizziness Flatulence Weakness Flu like symptoms,"https://onemg.gumlet.io/l_watermark_346,w_480,h_480/a_ignore,w_480,h_480,c_fit,q_auto,f_auto/61671789c25e491ca3a7e71b77b105f3.jpg",Druto Laboratories,0,0,100
Euthyroid 50 Tablet,Thyroxine (350mcg),Treatment of Hypothyroidism,Palpitations Vomiting Anxiety Diarrhea Weight loss Nervousness Increased appetite Tremors,"https://onemg.gumlet.io/l_watermark_346,w_480,h_480/a_ignore,w_480,h_480,c_fit,q_auto,f_auto/cropped/o2sjlrtagi2rwx8zkn4o.jpg",Akumentis Healthcare Ltd,78,22,0
Exenta 50 Tablet,Eplerenone (50mg),Treatment of Hypertension (high blood pressure)Treatment of EdemaTreatment of Heart failure,Dizziness Diarrhea Nausea Cough Flu like symptoms Fatigue Increased potassium level in blood Increased creatinine level in blood Headache,"https://onemg.gumlet.io/l_watermark_346,w_480,h_480/a_ignore,w_480,h_480,c_fit,q_auto,f_auto/2fab27b41ccd4a50be962542c6452621.jpg",Alembic Pharmaceuticals Ltd,50,0,50
Eflo 0.1% Eye Ointment,Fluorometholone (0.1% w/w), Redness and swelling in the eye,Eye irritation Burning sensation Watery eyes,"https://onemg.gumlet.io/l_watermark_346,w_480,h_480/a_ignore,w_480,h_480,c_fit,q_auto,f_auto/kzx9kq5yc2oppdnbuilq.jpg",Entod Pharmaceuticals Ltd,0,50,50
Eleftha 150mg Injection,Trastuzumab (150mg), Breast cancer Stomach cancer,Anemia low number of red blood cells Chills Common cold Cough Decreased blood cells red cells white cells and platelets Diarrhea Fatigue Fever Headache Heart failure Infection Insomnia difficulty in sleeping Mucosal inflammation Nausea Rash Stomatitis Inflammation of the mouth Taste change Upper respiratory tract infection Weight loss,"https://onemg.gumlet.io/l_watermark_346,w_480,h_480/a_ignore,w_480,h_480,c_fit,q_auto,f_auto/cropped/wcbrizvklar01qli96uk.jpg",Intas Pharmaceuticals Ltd,100,0,0
Evimeto 25 Tablet PR,Metoprolol Succinate (25mg),Treatment of Hypertension (high blood pressure)Treatment of Angina (heart-related chest pain)Treatment of ArrhythmiaPrevention of Heart attackPrevention of Migraine,Fatigue Headache Slow heart rate Dizziness Nausea Breathlessness Rash Diarrhea Depression,"https://onemg.gumlet.io/l_watermark_346,w_480,h_480/a_ignore,w_480,h_480,c_fit,q_auto,f_auto/94036b982b204abfad2c0f4da352c94b.jpg",Jubilant Life Sciences,0,0,100
Efavir 600 Tablet,Efavirenz (600mg),Treatment of HIV infection,Headache Nausea Dizziness Vomiting Increased liver enzymes Insomnia difficulty in sleeping Sleepiness Abnormal dreams Anxiety Itching Difficulty in paying attention Rash Abdominal pain Diarrhea Depression Fatigue Pain Decreased appetite,"https://onemg.gumlet.io/l_watermark_346,w_480,h_480/a_ignore,w_480,h_480,c_fit,q_auto,f_auto/6f6d0f2f63f64cd18972263238848918.jpg",Cipla Ltd,0,67,33
Eliptin M 500mg/20mg Tablet SR,Metformin (500mg) + Teneligliptin (20mg),Treatment of Type 2 diabetes mellitus,Hypoglycemia low blood glucose level Nausea Vomiting Diarrhea Headache Bloating Flatulence,"https://onemg.gumlet.io/l_watermark_346,w_480,h_480/a_ignore,w_480,h_480,c_fit,q_auto,f_auto/04c49ad529b045b49848db28b4d06404.jpg",HBC Lifesciences Pvt Ltd,0,78,22
Endometryl 200mg Capsule,Danazol (200mg),Treatment of Benign fibrocystic breast diseaseTreatment of EndometriosisTreatment of Premenstrual syndrome (PMS)Treatment of Menstrual pain,Hoarseness of voice Hair loss Weight gain Acne Abnormal hair growth on a women face and body Voice change Itchy scalp Swelling Sore throat,"https://onemg.gumlet.io/l_watermark_346,w_480,h_480/a_ignore,w_480,h_480,c_fit,q_auto,f_auto/4437665c8c614fc78190addbd74f28a5.jpg",Ar-Ex Laboratories Pvt Ltd,33,45,22
Egeptin 16mg Tablet,Betahistine (16mg),Treatment of Meniere's disease,Headache Indigestion Nausea Stomach pain Bloating,"https://onemg.gumlet.io/l_watermark_346,w_480,h_480/a_ignore,w_480,h_480,c_fit,q_auto,f_auto/jpudblojtvn5pe7veh1l.jpg",Dycine Pharmaceuticals Ltd,0,0,100
Etonow 120 Tablet,Etoricoxib (120mg), Pain relief,Stomach pain Diarrhea,"https://onemg.gumlet.io/l_watermark_346,w_480,h_480/a_ignore,w_480,h_480,c_fit,q_auto,f_auto/cropped/yppy9ovm3wyzkz7knpty.jpg",Grandcure Healthcare Pvt Ltd,67,33,0
Encelax Syrup,Lactitol (66.67% w/v), Constipation,Cramps Abdominal distension Flatulence,"https://onemg.gumlet.io/l_watermark_346,w_480,h_480/a_ignore,w_480,h_480,c_fit,q_auto,f_auto/cropped/hljtdvm0fvzyhczpfopp.jpg",Zydus Cadila,0,75,25
Eclo 6 Ointment,Clobetasol (0.05% w/w) + Salicylic Acid (6% w/w),Treatment of EczemaTreatment of Psoriasis,Skin peeling Thinning of skin Application site reactions burning irritation itching and redness,"https://onemg.gumlet.io/l_watermark_346,w_480,h_480/a_ignore,w_480,h_480,c_fit,q_auto,f_auto/d536f6c139fa4342a13befc3e35fae19.jpg",Eskon Pharma,39,43,18
Euthyroid 25 Tablet,Thyroxine (175mcg),Treatment of Hypothyroidism,Palpitations Vomiting Anxiety Diarrhea Weight loss Nervousness Increased appetite Tremors,"https://onemg.gumlet.io/l_watermark_346,w_480,h_480/a_ignore,w_480,h_480,c_fit,q_auto,f_auto/sb2nvyhzjs1ql1lx3j9v.jpg",Akumentis Healthcare Ltd,50,50,0
Eczmate-F Cream,Mometasone (0.1% w/w) + Fusidic Acid (2% w/w),Treatment of Skin conditions with inflammation & itching,Headache Sore throat Itching Nosebleeds Viral infection Upper respiratory tract infection Vomiting,"https://onemg.gumlet.io/l_watermark_346,w_480,h_480/a_ignore,w_480,h_480,c_fit,q_auto,f_auto/cropped/jmvdqncrip7e545zohdn.jpg",Salve Pharmaceuticals Pvt Ltd,33,34,33
Easyaid 1 Tablet PR,Glimepiride (1mg) + Metformin (1000mg),Treatment of Type 2 diabetes mellitus,Hypoglycemia low blood glucose level Headache Nausea Diarrhea Flatulence,"https://onemg.gumlet.io/l_watermark_346,w_480,h_480/a_ignore,w_480,h_480,c_fit,q_auto,f_auto/3b62bae8a244445dbbb5e6823c56bc4c.jpg",AN Pharmaceuticals Pvt Ltd,100,0,0
Elesert 100 Tablet,Sertraline (100mg),Treatment of DepressionTreatment of Post traumatic stress disorderTreatment of Obsessive-compulsive disorderTreatment of Panic disorderTreatment of Premenstrual dysphoric disorderTreatment of AnxietyTreatment of Premenstrual syndrome (PMS),Delayed ejaculation Erectile dysfunction Indigestion Insomnia difficulty in sleeping Low sexual desire Nausea Tremors Diarrhea Increased sweating Loss of appetite Sleepiness Taste change,"https://onemg.gumlet.io/l_watermark_346,w_480,h_480/a_ignore,w_480,h_480,c_fit,q_auto,f_auto/a6896de39e5842d3bebf830cfa2ace5e.jpg",Icon Life Sciences,42,58,0
Enzrid-DS Tablet,Bromelain (180mg) + Trypsin (96mg) + Rutoside (200mg), Pain relief,No common side effects seen,"https://onemg.gumlet.io/l_watermark_346,w_480,h_480/a_ignore,w_480,h_480,c_fit,q_auto,f_auto/6e85379ebdee457b9de34b8debfa3ac9.jpg",Zunison Healthcare,100,0,0
Enzoloy H Tablet,Trypsin (48mg) + Rutoside (100mg) + Bromelain (90mg) + Harpagoside (50mg), Pain relief,Diarrhea,"https://onemg.gumlet.io/l_watermark_346,w_480,h_480/a_ignore,w_480,h_480,c_fit,q_auto,f_auto/61bc18d2a112490dadc338fe766e1c9c.jpg",Lloyd Healthcare Pvt Ltd,78,22,0
Enzrid 90mg/48mg/100mg Tablet,Bromelain (90mg) + Trypsin (48mg) + Rutoside (100mg), Pain relief,No common side effects seen,"https://onemg.gumlet.io/l_watermark_346,w_480,h_480/a_ignore,w_480,h_480,c_fit,q_auto,f_auto/p7xjpeuvwzquq968c9fk.jpg",Zunison Healthcare,100,0,0
Ebspor Cream,Eberconazole (1% w/w),Treatment of Fungal skin infections,Application site reactions burning irritation itching and redness,"https://onemg.gumlet.io/l_watermark_346,w_480,h_480/a_ignore,w_480,h_480,c_fit,q_auto,f_auto/jeoemufx095zc2xr5qpo.jpg",Intas Pharmaceuticals Ltd,17,50,33
Espin 1.25mg Tablet,Amlodipine (1.25mg),Treatment of Hypertension (high blood pressure)Prevention of Angina (heart-related chest pain),Headache Fatigue Nausea Abdominal pain Sleepiness,"https://onemg.gumlet.io/l_watermark_346,w_480,h_480/a_ignore,w_480,h_480,c_fit,q_auto,f_auto/lhyapvvyqgybubbqvjhq.jpg",Intas Pharmaceuticals Ltd,0,33,67
Endyze 170 mg/80 mg Tablet,Pancreatin (170mg) + Dimethicone (80mg), Indigestion Bloating,Nausea Diarrhea Stomach pain Bloating Constipation,"https://onemg.gumlet.io/l_watermark_346,w_480,h_480/a_ignore,w_480,h_480,c_fit,q_auto,f_auto/9ec95a5737104b1199bd7d2b3e3642eb.jpg",Hindustan Pharmaceuticals,58,42,0
Etrovis 90 Tablet,Etoricoxib (90mg), Pain relief,Oral ulcer Bronchospasm Increased liver enzymes Esophagitis Stomach pain Diarrhea,"https://onemg.gumlet.io/l_watermark_346,w_480,h_480/a_ignore,w_480,h_480,c_fit,q_auto,f_auto/cropped/bendtqlg8pzttdadtjrv.jpg",Dolvis Bio Pharma Pvt Ltd,0,0,100
Euthyroid 100 Tablet,Thyroxine (700mcg),Treatment of Hypothyroidism,Palpitations Vomiting Anxiety Diarrhea Weight loss Nervousness Increased appetite Tremors,"https://onemg.gumlet.io/l_watermark_346,w_480,h_480/a_ignore,w_480,h_480,c_fit,q_auto,f_auto/208b6e6d5dbe4538b693ac26758839f7.jpg",Akumentis Healthcare Ltd,27,33,40
Etorvel 120mg Tablet,Etoricoxib (120mg), Pain relief,Stomach pain Diarrhea,"https://onemg.gumlet.io/l_watermark_346,w_480,h_480/a_ignore,w_480,h_480,c_fit,q_auto,f_auto/2809398d39924bfc989434cb04e72df9.jpg",Kinedex Healthcare Pvt Ltd,44,23,33
Eglucent Kwikpen,Insulin Lispro (100IU),Treatment of Diabetes,Hypoglycemia low blood glucose level,"https://onemg.gumlet.io/l_watermark_346,w_480,h_480/a_ignore,w_480,h_480,c_fit,q_auto,f_auto/cropped/rbmporssz6t8scurxpmb.jpg",Lupin Ltd,54,21,25
Era-H Tablet,Hydroxychloroquine (200mg),Treatment of Rheumatoid arthritisTreatment of Systemic lupus erythematosus (SLE)Treatment of Type 2 diabetes mellitus,Blurred vision Headache Diarrhea Abdominal pain Vomiting Nausea Decreased appetite Skin rash Itching Affect lability,"https://onemg.gumlet.io/l_watermark_346,w_480,h_480/a_ignore,w_480,h_480,c_fit,q_auto,f_auto/94a020c583824ce9a4624f9919eedfdb.jpg",TBG pharma ltd,67,33,0
Enzowin-D  Tablet,Trypsin (48mg) + Bromelain (90mg) + Rutoside (100mg) + Diclofenac (50mg), Pain relief,Nausea Vomiting Heartburn Indigestion Diarrhea Loss of appetite Stomach pain,"https://onemg.gumlet.io/l_watermark_346,w_480,h_480/a_ignore,w_480,h_480,c_fit,q_auto,f_auto/cropped/pnzsz3m7jslgwy7ja2kg.png",Winmark Pharmaceuticals Pvt Ltd,100,0,0
Eberwin Cream,Eberconazole (1% w/w),Treatment of Fungal skin infections,Application site reactions burning irritation itching and redness,"https://onemg.gumlet.io/l_watermark_346,w_480,h_480/a_ignore,w_480,h_480,c_fit,q_auto,f_auto/cropped/bqm3f6ewzmwnyugonjjo.jpg",Sun Pharmaceutical Industries Ltd,44,56,0
Emesafe Oral Spray,Ondansetron (2mg),Treatment of NauseaTreatment of Vomiting,Headache Constipation Diarrhea Fatigue,"https://onemg.gumlet.io/l_watermark_346,w_480,h_480/a_ignore,w_480,h_480,c_fit,q_auto,f_auto/cropped/ixgwnmciz6pes13byorm.jpg",Wallace Pharmaceuticals Pvt Ltd,100,0,0
Efiglin-M 500mg/20mg Tablet ER,Metformin (500mg) + Teneligliptin (20mg),Treatment of Type 2 diabetes mellitus,Hypoglycemia low blood glucose level Nausea Vomiting Diarrhea Headache Bloating Flatulence,"https://onemg.gumlet.io/l_watermark_346,w_480,h_480/a_ignore,w_480,h_480,c_fit,q_auto,f_auto/cropped/jqyyvubrx3ziy6ccbzix.jpg",Medopharm,100,0,0
Erbinox Tablet,Terbinafine (250mg), Fungal infections,Headache Diarrhea Rash Indigestion Abnormal liver enzyme Itching Taste change Nausea Abdominal pain Flatulence,"https://onemg.gumlet.io/l_watermark_346,w_480,h_480/a_ignore,w_480,h_480,c_fit,q_auto,f_auto/ortaflinpy6n3dpnetal.jpg",Apex Laboratories Pvt Ltd,33,0,67
Erbinox Tablet,Terbinafine (250mg), Fungal infections,Headache Diarrhea Rash Indigestion Abnormal liver enzyme Itching Taste change Nausea Abdominal pain Flatulence,"https://onemg.gumlet.io/l_watermark_346,w_480,h_480/a_ignore,w_480,h_480,c_fit,q_auto,f_auto/ortaflinpy6n3dpnetal.jpg",Apex Laboratories Pvt Ltd,33,0,67
Elocon Ointment,Mometasone (0.1% w/w),Treatment of Skin conditions with inflammation & itching,Stinging sensation Itching Hair follicle inflammation,"https://onemg.gumlet.io/l_watermark_346,w_480,h_480/a_ignore,w_480,h_480,c_fit,q_auto,f_auto/eclwckcdlekcotw1kj5s.jpg",Fulford India Ltd,42,41,17
Enzigest 25000 Capsule,Pancreatin (300mg),Treatment of Pancreatic enzyme deficiency,Stomach pain Bloating Diarrhea,"https://onemg.gumlet.io/l_watermark_346,w_480,h_480/a_ignore,w_480,h_480,c_fit,q_auto,f_auto/cropped/zbw6evxjsprmx0zfsweq.jpg",Wallace Pharmaceuticals Pvt Ltd,100,0,0
Etogrand 90 Tablet,Etoricoxib (90mg), Pain relief,Oral ulcer Bronchospasm Increased liver enzymes Esophagitis Stomach pain Diarrhea,"https://onemg.gumlet.io/l_watermark_346,w_480,h_480/a_ignore,w_480,h_480,c_fit,q_auto,f_auto/da4dc94359fd49a89fe6570dcb8c8e9b.jpg",Ronyd Healthcare Pvt Ltd,67,33,0
E-Vir Tablet,Entecavir (0.5mg), Chronic hepatitis B virus (HBV) infection,Headache Nausea Vomiting Fatigue Stomach pain Diarrhea,"https://onemg.gumlet.io/l_watermark_346,w_480,h_480/a_ignore,w_480,h_480,c_fit,q_auto,f_auto/5215005212bb494abd183873f0c8f5f8.jpg",Waterley Pharmaceuticals Pvt Ltd,42,41,17
Erophylline 100mg Capsule,Acebrophylline (100mg),Treatment of AsthmaTreatment of BronchitisTreatment of Chronic obstructive pulmonary disease (COPD),Vomiting Abdominal pain Drowsiness Heartburn Increased white blood cell count Loss of appetite Rash Itching Constipation Diarrhea Abdominal discomfort Abdominal distension Esophageal bleeding Red spots or bumps Breathing problems High white blood cell count Nasal inflammation,"https://onemg.gumlet.io/l_watermark_346,w_480,h_480/a_ignore,w_480,h_480,c_fit,q_auto,f_auto/3b9188a0a3234c7f9a56e7426039aed0.jpg",Micro Labs Ltd,33,67,0
Enristas 2MF Tablet PR,Glimepiride (2mg) + Metformin (1000mg),Treatment of Type 2 diabetes mellitus,Hypoglycemia low blood glucose level Headache Nausea Diarrhea Flatulence,"https://onemg.gumlet.io/l_watermark_346,w_480,h_480/a_ignore,w_480,h_480,c_fit,q_auto,f_auto/vijb0prriweb89aaacwt.jpg",Anthem Biopharma,0,0,100
Endoformin VG  2mg/500mg/0.2mg Tablet ER,Glimepiride (2mg) + Metformin (500mg) + Voglibose (0.2mg),Treatment of Type 2 diabetes mellitus,Nausea Diarrhea Abdominal pain Hypoglycemia low blood glucose level,"https://onemg.gumlet.io/l_watermark_346,w_480,h_480/a_ignore,w_480,h_480,c_fit,q_auto,f_auto/aab8cd9ca1204020b175be21a6af4a4e.jpg",Precia Pharma,100,0,0
Evoxil CV 500mg/125mg Tablet,Amoxycillin  (500mg) +  Clavulanic Acid (125mg),Treatment of Bacterial infections,Vomiting Nausea Diarrhea Mucocutaneous candidiasis,"https://onemg.gumlet.io/l_watermark_346,w_480,h_480/a_ignore,w_480,h_480,c_fit,q_auto,f_auto/aa55bf8ba8ab42868039f4cc2edcb816.jpg",Leeford Healthcare Ltd,100,0,0
Evoxil CV 500mg/125mg Tablet,Amoxycillin  (500mg) +  Clavulanic Acid (125mg),Treatment of Bacterial infections,Vomiting Nausea Diarrhea Mucocutaneous candidiasis,"https://onemg.gumlet.io/l_watermark_346,w_480,h_480/a_ignore,w_480,h_480,c_fit,q_auto,f_auto/aa55bf8ba8ab42868039f4cc2edcb816.jpg",Leeford Healthcare Ltd,100,0,0
Endoformin PG 2mg/500mg/15mg Tablet ER,Glimepiride (2mg) + Metformin (500mg) + Pioglitazone (15mg),Treatment of Type 2 diabetes mellitus,Hypoglycemia low blood glucose level Dizziness Headache Nausea Vomiting Diarrhea Flatulence Bronchitis inflammation of the airways Anemia low number of red blood cells Edema swelling,"https://onemg.gumlet.io/l_watermark_346,w_480,h_480/a_ignore,w_480,h_480,c_fit,q_auto,f_auto/570268b54e564bc58f87ddeee2f34c2a.jpg",Precia Pharma,0,50,50
E Tel 40mg Tablet,Telmisartan (40mg),Treatment of Hypertension (high blood pressure) Prevention of heart attack and strokeTreatment of Heart failure,Upper respiratory tract infection Sinus infection Back pain Diarrhea,"https://onemg.gumlet.io/l_watermark_346,w_480,h_480/a_ignore,w_480,h_480,c_fit,q_auto,f_auto/eouuvmieulftvdggnhlt.jpg",Emcure Pharmaceuticals Ltd,50,25,25
Ezimet Cream,Mometasone (0.1% w/w),Treatment of Skin conditions with inflammation & itching,Stinging sensation Itching Hair follicle inflammation,"https://onemg.gumlet.io/l_watermark_346,w_480,h_480/a_ignore,w_480,h_480,c_fit,q_auto,f_auto/cropped/wau1ogjy4wmdnzmphptd.jpg",Canixa Life Sciences Pvt,33,17,50
Exermet GM 0.5 Tablet SR,Glimepiride (0.5mg) + Metformin (500mg),Treatment of Type 2 diabetes mellitus,Hypoglycemia low blood glucose level Headache Nausea Diarrhea Flatulence,"https://onemg.gumlet.io/l_watermark_346,w_480,h_480/a_ignore,w_480,h_480,c_fit,q_auto,f_auto/rflwe68c7ijbvuvutpr5.jpg",Cipla Ltd,56,44,0
Esitamat 20 Tablet,Escitalopram Oxalate (20mg),Treatment of DepressionTreatment of Anxiety disorderTreatment of Panic disorder,Anorgasmia decreased orgasm in women Decreased libido Delayed ejaculation Fatigue Increased sweating Insomnia difficulty in sleeping Nausea Sleepiness,"https://onemg.gumlet.io/l_watermark_346,w_480,h_480/a_ignore,w_480,h_480,c_fit,q_auto,f_auto/3a51f17cec164fcea7b1cf3f20afd48f.jpg",Matias Healthcare Pvt Ltd,100,0,0
Endofil Tablet,Tadalafil (5mg),Treatment of Erectile dysfunction,Headache Muscle pain Upset stomach Back pain Nasopharyngitis inflammation of the throat and nasal passages,"https://onemg.gumlet.io/l_watermark_346,w_480,h_480/a_ignore,w_480,h_480,c_fit,q_auto,f_auto/cropped/xmbe6zbzigg5jjfyjxld.png",Andro Lifecare Pharma,67,33,0
Epinext 250 Tablet,Levetiracetam (250mg),Treatment of Epilepsy/Seizures,Sleepiness Dizziness Fatigue Headache Decreased appetite Behavioral changes Aggressive behavior Irritation Agitation Nasal congestion stuffy nose Infection Convulsion Nasopharyngitis inflammation of the throat and nasal passages Nausea Tremors Vertigo Lethargy,"https://onemg.gumlet.io/l_watermark_346,w_480,h_480/a_ignore,w_480,h_480,c_fit,q_auto,f_auto/6df4415dc1944a31b6b73a61ba98b955.jpg",Pulse Pharmaceuticals,100,0,0
Etomav 90 Tablet,Etoricoxib (90mg), Pain relief,Oral ulcer Bronchospasm Increased liver enzymes Esophagitis Stomach pain Diarrhea,"https://onemg.gumlet.io/l_watermark_346,w_480,h_480/a_ignore,w_480,h_480,c_fit,q_auto,f_auto/cropped/u60mvjijcjpkakd3djit.jpg",Maverick Pharma Pvt Ltd,0,0,100
Exeption 500 Tablet,Cefuroxime (500mg),Treatment of Bacterial infections,Rash Vomiting Allergic reaction Increased liver enzymes Nausea Diarrhea,"https://onemg.gumlet.io/l_watermark_346,w_480,h_480/a_ignore,w_480,h_480,c_fit,q_auto,f_auto/cropped/sdu5p43g1d9amzfui0au.jpg",Oaknet Healthcare Pvt Ltd,50,0,50
Eribilin Injection,Eribulin Mesylate (1mg), Metastatic breast cancer,Anemia low number of red blood cells Weakness Hair loss Nausea Constipation Decreased white blood cell count Fatigue Peripheral neuropathy tingling and numbness of feet and hand,"https://onemg.gumlet.io/l_watermark_346,w_480,h_480/a_ignore,w_480,h_480,c_fit,q_auto,f_auto/cropped/lsajhf2897nc4qklozww.jpg",Emcure Pharmaceuticals Ltd,0,0,100
Exapace Gel,Gabapentin (6% w/w) + Lidocaine (5% w/w), Neuropathic pain,Application site reactions burning irritation itching and redness,"https://onemg.gumlet.io/l_watermark_346,w_480,h_480/a_ignore,w_480,h_480,c_fit,q_auto,f_auto/cropped/y0hbwt3wlbbaedclpla3.jpg",Aceon Pharma,67,33,0
Etorip-MR Tablet,Etodolac (200mg) + Thiocolchicoside (4mg), Pain due to muscle spasm,Nausea Vomiting Heartburn Stomach pain epigastric pain Loss of appetite Indigestion Sleepiness,"https://onemg.gumlet.io/l_watermark_346,w_480,h_480/a_ignore,w_480,h_480,c_fit,q_auto,f_auto/cropped/dfma6yyxhy5hdjvkromr.jpg",KRP Pharma,67,33,0
Eticort 30 Tablet,Deflazacort (30mg),Treatment of Inflammatory conditionsTreatment of Autoimmune conditionsTreatment of Cancer,Increased appetite Weight gain Frequent urge to urinate Cushing syndrome Cough Upper respiratory tract infection Abnormal hair growth Obesity Nasopharyngitis inflammation of the throat and nasal passages,"https://onemg.gumlet.io/l_watermark_346,w_480,h_480/a_ignore,w_480,h_480,c_fit,q_auto,f_auto/cropped/sccows4qvfmgeaozg4fp.jpg",Franco-Indian Pharmaceuticals Pvt Ltd,0,50,50
Emimont 5mg/10mg Tablet,Levocetirizine (5mg) + Montelukast (10mg),Treatment of Sneezing and runny nose due to allergiesTreatment of Hay feverTreatment of Allergic skin conditions,Nausea Diarrhea Dryness in mouth Fatigue Headache Skin rash Sleepiness Vomiting,"https://onemg.gumlet.io/l_watermark_346,w_480,h_480/a_ignore,w_480,h_480,c_fit,q_auto,f_auto/e5fc329092f34fad93e81258a3c1fad5.jpg",Dr Cure Pharmaceuticals India Pvt Ltd,100,0,0
Enzowin-D  Softgel Capsule,Trypsin (96mg) + Bromelain (180mg) + Rutoside (200mg) + Diclofenac (50mg) + Papain (120mg), Pain relief Swelling,Diarrhea Nausea Indigestion Loss of appetite Stomach pain Heartburn,"https://onemg.gumlet.io/l_watermark_346,w_480,h_480/a_ignore,w_480,h_480,c_fit,q_auto,f_auto/cropped/qb26hai4cj6tvkydfmpv.jpg",Winmark Pharmaceuticals Pvt Ltd,22,22,56
Eczrid Forte Lotion,Tacrolimus (0.1% w/v),Treatment of Atopic dermatitis,Application site reactions burning irritation itching and redness Headache Hair follicle inflammation,"https://onemg.gumlet.io/l_watermark_346,w_480,h_480/a_ignore,w_480,h_480,c_fit,q_auto,f_auto/cropped/zx1blrpuhsga8pujn1ci.jpg",Salve Pharmaceuticals Pvt Ltd,67,33,0
Erafate-O Oral Suspension,Sucralfate (1000mg) + Oxetacaine (20mg),Treatment of AcidityTreatment of HeartburnTreatment of Stomach ulcers,Constipation Nausea Vomiting Dizziness Insomnia difficulty in sleeping Allergic reaction,"https://onemg.gumlet.io/l_watermark_346,w_480,h_480/a_ignore,w_480,h_480,c_fit,q_auto,f_auto/cropped/bfqe4wrk08hhmuoraf0s.png",Eraas International,0,33,67
Etoroxi 120 Tablet,Etoricoxib (120mg), Pain relief,Stomach pain Diarrhea,"https://onemg.gumlet.io/l_watermark_346,w_480,h_480/a_ignore,w_480,h_480,c_fit,q_auto,f_auto/cropped/yohq9sxcbprhyfilrnmj.jpg",Deon Healthcare,67,33,0
Etoroxi 120 Tablet,Etoricoxib (120mg), Pain relief,Stomach pain Diarrhea,"https://onemg.gumlet.io/l_watermark_346,w_480,h_480/a_ignore,w_480,h_480,c_fit,q_auto,f_auto/cropped/yohq9sxcbprhyfilrnmj.jpg",Deon Healthcare,67,33,0
Etomav 120 Tablet,Etoricoxib (120mg), Pain relief,Stomach pain Diarrhea,"https://onemg.gumlet.io/l_watermark_346,w_480,h_480/a_ignore,w_480,h_480,c_fit,q_auto,f_auto/cropped/b4gtoxpim1bhh92rqztc.jpg",Maverick Pharma Pvt Ltd,50,17,33
Flucos Gel,Fluconazole (0.5% w/w), Fungal skin infectionsTreatment of Fungal infections,Application site reactions burning irritation itching and redness Headache Nausea Stomach pain,"https://onemg.gumlet.io/l_watermark_346,w_480,h_480/a_ignore,w_480,h_480,c_fit,q_auto,f_auto/cropped/owxqaqhndxthcfn8ju4s.jpg",Oaknet Healthcare Pvt Ltd,45,36,19
Febrex 500mg Tablet,Paracetamol (500mg), Pain reliefTreatment of Fever,Stomach pain Nausea Vomiting,"https://onemg.gumlet.io/l_watermark_346,w_480,h_480/a_ignore,w_480,h_480,c_fit,q_auto,f_auto/hkzjwsbm0qpjlnohgdcb.jpg",Indoco Remedies Ltd,0,50,50
Foracort Forte Inhaler,Formoterol (12mcg) + Budesonide (400mcg),Treatment of Chronic obstructive pulmonary disease (COPD),Headache Nausea Vomiting Stomach discomfort Dizziness Cough Nasopharyngitis inflammation of the throat and nasal passages Upper respiratory tract infection Sinus inflammation Fungal infection of oropharynx Tremors Palpitations Voice change,"https://onemg.gumlet.io/l_watermark_346,w_480,h_480/a_ignore,w_480,h_480,c_fit,q_auto,f_auto/cropped/gk1ixbroz7oskhj9nkla.jpg",Cipla Ltd,42,44,14
Flunil Suspension,Fluoxetine (20mg/5ml),Treatment of DepressionTreatment of Panic disorderTreatment of Obsessive-compulsive disorder,Erectile dysfunction Indigestion Influenza like syndrome Loss of appetite Depression Low sexual desire Nausea Sore throat Sweating Tremors Weakness Yawning Abnormal dreams Delayed ejaculation Dryness in mouth Insomnia difficulty in sleeping Nervousness Sleepiness Sinus infection,"https://onemg.gumlet.io/l_watermark_346,w_480,h_480/a_ignore,w_480,h_480,c_fit,q_auto,f_auto/cropped/mztxjvaqy94ztlp4uamg.jpg",Intas Pharmaceuticals Ltd,11,59,30
Fertyl Super 100mg Tablet,Clomiphene (100mg),Treatment of Female infertility,Nausea Vomiting Bloating Headache Enlarged ovary Hot flashes Metrorrhagia menstrual bleeding at irregular intervals Breast discomfort,"https://onemg.gumlet.io/l_watermark_346,w_480,h_480/a_ignore,w_480,h_480,c_fit,q_auto,f_auto/f9075e3c2cf94bf4b1305684077624d8.jpg",Ar-Ex Laboratories Pvt Ltd,6,27,67
Febuday 40 Tablet,Febuxostat (40mg),Treatment of Gout,Diarrhea Headache Increased liver enzymes Nausea Skin rash,"https://onemg.gumlet.io/l_watermark_346,w_480,h_480/a_ignore,w_480,h_480,c_fit,q_auto,f_auto/cropped/ts0rhjaqmyxcwiamny0n.jpg",MSN Laboratories,0,17,83
Fibrovas Tablet,Atorvastatin (10mg) + Fenofibrate (160mg),Treatment of High cholesterolPrevention of Heart attack,Nausea Stomach pain Constipation Flatulence Headache Muscle pain Increased liver enzymes Increased glucose level in blood,"https://onemg.gumlet.io/l_watermark_346,w_480,h_480/a_ignore,w_480,h_480,c_fit,q_auto,f_auto/cropped/nbxez3zawyrqpmxvjxpw.jpg",Micro Labs Ltd,48,42,10
Flunil 60 Capsule,Fluoxetine (60mg),Treatment of DepressionTreatment of Panic disorderTreatment of Obsessive-compulsive disorder,Erectile dysfunction Indigestion Influenza like syndrome Loss of appetite Depression Low sexual desire Nausea Sore throat Sweating Tremors Weakness Yawning Abnormal dreams Delayed ejaculation Dryness in mouth Insomnia difficulty in sleeping Nervousness Sleepiness Sinus infection,"https://onemg.gumlet.io/l_watermark_346,w_480,h_480/a_ignore,w_480,h_480,c_fit,q_auto,f_auto/cropped/tgydhbex82molbz3xxwn.jpg",Intas Pharmaceuticals Ltd,41,39,20
Flotral D Tablet,Alfuzosin (10mg) + Dutasteride (0.5mg),Treatment of Benign prostatic hyperplasia,Impotence Decreased libido Ejaculation disorder Headache Nausea Abdominal pain Upper respiratory tract infection Breast enlargement in male Breast tenderness in male,"https://onemg.gumlet.io/l_watermark_346,w_480,h_480/a_ignore,w_480,h_480,c_fit,q_auto,f_auto/cropped/cb1n4oh4s5byu5c9xmyj.jpg",Sun Pharmaceutical Industries Ltd,25,42,33
Fosfoe Powder Delicious Mango,Fosfomycin (3gm), Bacterial infections of urinary tract,Headache Dizziness Vaginal inflammation Indigestion,"https://onemg.gumlet.io/l_watermark_346,w_480,h_480/a_ignore,w_480,h_480,c_fit,q_auto,f_auto/cropped/npb3l2czn0ihdelsck1m.jpg",Koye Pharmaceuticals Pvt ltd,23,57,20
Flusid Cream,Fusidic Acid (2% w/w),Treatment of Bacterial skin infections Bacterial eye infections,Application site reactions burning irritation itching and redness,"https://onemg.gumlet.io/l_watermark_346,w_480,h_480/a_ignore,w_480,h_480,c_fit,q_auto,f_auto/cropped/zhyqy4ovxfcshx76hn1k.jpg",Biochem Pharmaceutical Industries,19,37,44
Fusirose Lotion,Fusidic Acid (2% w/w),Treatment of Bacterial skin infections Bacterial eye infections,Application site reactions burning irritation itching and redness,"https://onemg.gumlet.io/l_watermark_346,w_480,h_480/a_ignore,w_480,h_480,c_fit,q_auto,f_auto/cropped/gqymyohsrpctvt0p9lws.jpg",Alaxia Healthcare,44,49,7
Fungicip 200 Tablet,Fluconazole (200mg),Treatment of Fungal infections,Headache Nausea Stomach pain,"https://onemg.gumlet.io/l_watermark_346,w_480,h_480/a_ignore,w_480,h_480,c_fit,q_auto,f_auto/c25fa2c48dd6415d8e14b02eee8a71b2.jpg",Cipla Ltd,33,11,56
Fabulas 40 Tablet,Febuxostat (40mg),Treatment of Gout,Diarrhea Headache Increased liver enzymes Nausea Skin rash,"https://onemg.gumlet.io/l_watermark_346,w_480,h_480/a_ignore,w_480,h_480,c_fit,q_auto,f_auto/5b7145bc00eb4722916a0c6147078e4d.jpg",Intas Pharmaceuticals Ltd,14,67,19
Fibator 20 Tablet,Atorvastatin (20mg) + Fenofibrate (145mg),Treatment of High cholesterolPrevention of Heart attack,Nausea Stomach pain Constipation Flatulence Headache Muscle pain Increased liver enzymes Increased glucose level in blood,"https://onemg.gumlet.io/l_watermark_346,w_480,h_480/a_ignore,w_480,h_480,c_fit,q_auto,f_auto/cropped/jxevsjkcyj9iamoyinbk.jpg",Sun Pharmaceutical Industries Ltd,33,67,0
Febuget 80 Tablet,Febuxostat (80mg),Treatment of Gout,Diarrhea Headache Increased liver enzymes Nausea Skin rash,"https://onemg.gumlet.io/l_watermark_346,w_480,h_480/a_ignore,w_480,h_480,c_fit,q_auto,f_auto/cropped/ggeo8vkxjub6kokwedva.jpg",Sun Pharmaceutical Industries Ltd,13,14,73
Formonide 400 Respicaps,Formoterol (6mcg) + Budesonide (400mcg),Treatment of Chronic obstructive pulmonary disease (COPD),Headache Nausea Vomiting Stomach discomfort Dizziness Cough Nasopharyngitis inflammation of the throat and nasal passages Upper respiratory tract infection Sinus inflammation Fungal infection of oropharynx Tremors Palpitations Voice change,"https://onemg.gumlet.io/l_watermark_346,w_480,h_480/a_ignore,w_480,h_480,c_fit,q_auto,f_auto/cropped/ktsqsyzqc0bjzstiv5ze.jpg",Zydus Cadila,52,48,0
Fexy Oral Suspension,Fexofenadine (30mg/5ml),Treatment of Sneezing and runny nose due to allergiesTreatment of Allergic conditions,Headache Drowsiness Dizziness Nausea,"https://onemg.gumlet.io/l_watermark_346,w_480,h_480/a_ignore,w_480,h_480,c_fit,q_auto,f_auto/cropped/rwpnbndpxspr4g4yh5tg.jpg",Lupin Ltd,33,27,40
Flacort 6mg Tablet,Deflazacort (6mg),Treatment of Inflammatory conditionsTreatment of Autoimmune conditionsTreatment of Cancer,Increased appetite Weight gain Frequent urge to urinate Cushing syndrome Cough Upper respiratory tract infection Abnormal hair growth Obesity Nasopharyngitis inflammation of the throat and nasal passages,"https://onemg.gumlet.io/l_watermark_346,w_480,h_480/a_ignore,w_480,h_480,c_fit,q_auto,f_auto/388160a385db4d51a8d831b3143716df.jpg",Solvate Laboratries Pvt Ltd,0,0,100
Fluner 5 Tablet,Flunarizine (5mg),Prevention of Migraine,Sleepiness Weight gain Muscle pain Fatigue Constipation Nausea Insomnia difficulty in sleeping Runny nose Increased appetite Depression Stomach discomfort Breast pain,"https://onemg.gumlet.io/l_watermark_346,w_480,h_480/a_ignore,w_480,h_480,c_fit,q_auto,f_auto/874ea844279743ae9cae424b1bdde36f.jpg",Geno Pharmaceuticals Ltd,29,46,25
Febrex Plus AF Syrup,Chlorpheniramine Maleate (2mg/5ml) + Phenylephrine (5mg/5ml),Treatment of Common cold,Vomiting Headache Restlessness Anxiety Dizziness Tremors Pale skin High blood pressure Seizure Cerebral hemorrhage Palpitations Paresthesia tingling or pricking sensation Abdominal pain Allergic reaction Decreased appetite Blurred vision Dry nose Dry throat Excitement Rash,"https://onemg.gumlet.io/l_watermark_346,w_480,h_480/a_ignore,w_480,h_480,c_fit,q_auto,f_auto/bd04654eeda44147b3acf348c815c160.jpg",Indoco Remedies Ltd,33,17,50
Floatin 20mg Tablet,Fluoxetine (20mg),Treatment of DepressionTreatment of Panic disorderTreatment of Obsessive-compulsive disorder,Erectile dysfunction Indigestion Influenza like syndrome Loss of appetite Depression Low sexual desire Nausea Sore throat Sweating Tremors Weakness Yawning Abnormal dreams Delayed ejaculation Dryness in mouth Insomnia difficulty in sleeping Nervousness Sleepiness Sinus infection,"https://onemg.gumlet.io/l_watermark_346,w_480,h_480/a_ignore,w_480,h_480,c_fit,q_auto,f_auto/nlywp6v47rxhz24m0fcz.jpg",Icon Life Sciences,60,20,20
Forcef 250mg Tablet,Cefuroxime (250mg),Treatment of Bacterial infections,Rash Vomiting Allergic reaction Increased liver enzymes Nausea Diarrhea,"https://onemg.gumlet.io/l_watermark_346,w_480,h_480/a_ignore,w_480,h_480,c_fit,q_auto,f_auto/cropped/xtpqy9hddvdqpaoz0dol.jpg",Aristo Pharmaceuticals Pvt Ltd,0,33,67
Flexabenz ER Capsule,Cyclobenzaprine (15mg), Muscle relaxation,Sleepiness Dryness in mouth Tiredness Headache,"https://onemg.gumlet.io/l_watermark_346,w_480,h_480/a_ignore,w_480,h_480,c_fit,q_auto,f_auto/cropped/zoq4bcyai3r147w2fjfo.jpg",Macleods Pharmaceuticals Pvt Ltd,29,28,43
Fungikem 200 Capsule,Itraconazole (200mg),Treatment of Fungal infections,Nausea Abdominal pain Constipation Dizziness Headache Indigestion Vomiting,"https://onemg.gumlet.io/l_watermark_346,w_480,h_480/a_ignore,w_480,h_480,c_fit,q_auto,f_auto/cropped/y3zgyf88okls3fhrbfgy.jpg",Alkem Laboratories Ltd,15,54,31
Forcef-CV 250 Tablet,Cefuroxime (250mg) + Clavulanic Acid (62.5mg),Treatment of Bacterial infections,Nausea Vomiting Diarrhea Increased liver enzymes Allergic reaction,"https://onemg.gumlet.io/l_watermark_346,w_480,h_480/a_ignore,w_480,h_480,c_fit,q_auto,f_auto/f4b0fe4a53964afdba9bc5a698e607d9.jpg",Aristo Pharmaceuticals Pvt Ltd,17,58,25
Floxip 250 Tablet,Ciprofloxacin (250mg),Treatment of Bacterial infections,Headache Dizziness Gastrointestinal disorder Joint pain Urticaria,"https://onemg.gumlet.io/l_watermark_346,w_480,h_480/a_ignore,w_480,h_480,c_fit,q_auto,f_auto/4c151d06b29b4334b183aed49921bbdf.jpg",Abbott,13,67,20
Frusenex 100 Tablet,Furosemide (100mg),Treatment of Hypertension (high blood pressure)Treatment of Edema,Dehydration Decreased potassium level in blood Decreased magnesium level in blood Decreased blood pressure Electrolyte imbalance Decreased sodium level in blood,"https://onemg.gumlet.io/l_watermark_346,w_480,h_480/a_ignore,w_480,h_480,c_fit,q_auto,f_auto/cropped/dpfjklkocebscir2pguu.jpg",Geno Pharmaceuticals Ltd,63,37,0
Faceclin AT Gel,Adapalene (0.1% w/w) + Clindamycin (1% w/w),Treatment of Acne,Skin peeling Erythema skin redness Itching Dry skin Burning sensation at the site of application,"https://onemg.gumlet.io/l_watermark_346,w_480,h_480/a_ignore,w_480,h_480,c_fit,q_auto,f_auto/cropped/qne9oaxrvndwg87f9acy.jpg",Abbott,32,37,31
Flohale 0.5mg Respules 2ml,Fluticasone Propionate (0.5mg),Treatment and prevention of Asthma,Upper respiratory tract infection Sinus infection Throat irritation Bronchitis inflammation of the airways Voice change,"https://onemg.gumlet.io/l_watermark_346,w_480,h_480/a_ignore,w_480,h_480,c_fit,q_auto,f_auto/y6vaihhfeeevosaluzdo.jpg",Cipla Ltd,42,8,50
Funzi-NM Cream,Clobetasol (0.05% w/w) + Miconazole (2% w/w) + Neomycin (0.5% w/w),Treatment of Skin infections,Application site reactions burning irritation itching and redness Thinning of skin,"https://onemg.gumlet.io/l_watermark_346,w_480,h_480/a_ignore,w_480,h_480,c_fit,q_auto,f_auto/hhjn6fuduflusjie6jwr.jpg",Corona Remedies Pvt Ltd,100,0,0
Forcan 200mg Infusion,Fluconazole (200mg),Treatment of Fungal infections,Headache Nausea Stomach pain,"https://onemg.gumlet.io/l_watermark_346,w_480,h_480/a_ignore,w_480,h_480,c_fit,q_auto,f_auto/b1770c210cf1489c91d6faff4a650ae4.jpg",Cipla Ltd,53,14,33
Flucos 400mg Tablet,Fluconazole (400mg),Treatment of Fungal infections,Headache Nausea Stomach pain,"https://onemg.gumlet.io/l_watermark_346,w_480,h_480/a_ignore,w_480,h_480,c_fit,q_auto,f_auto/cropped/kflkphv01rodtuir3h5g.png",Oaknet Healthcare Pvt Ltd,50,25,25
Fungikem 100 Capsule,Itraconazole (100mg),Treatment of Fungal infections,Nausea Abdominal pain Constipation Dizziness Headache Indigestion Vomiting,"https://onemg.gumlet.io/l_watermark_346,w_480,h_480/a_ignore,w_480,h_480,c_fit,q_auto,f_auto/cropped/yz5gfiahwftzmjsayy3a.jpg",Alkem Laboratories Ltd,30,15,55
Fintop-AF Cream,Amorolfine (0.25% w/w), Fungal nail infections,Blisters on skin Nail disorder Skin irritation Skin rash Erythema skin redness,"https://onemg.gumlet.io/l_watermark_346,w_480,h_480/a_ignore,w_480,h_480,c_fit,q_auto,f_auto/cropped/ec2w4muxufc7xnocnj1t.jpg",Glenmark Pharmaceuticals Ltd,32,45,23
Flexaid D Tablet,Glucosamine (750mg) + Diacerein (50mg) + Methyl Sulfonyl Methane (250mg), Osteoarthritis,Nausea Diarrhea Constipation Indigestion Heartburn Urine discoloration,"https://onemg.gumlet.io/l_watermark_346,w_480,h_480/a_ignore,w_480,h_480,c_fit,q_auto,f_auto/5d6485dc0b2c4ca19f818859fd057968.jpg",Softdeal Pharmaceutical Private Limited,22,56,22
Finacet 1mg Tablet,Finasteride (1mg),Treatment of Hair loss,Decreased libido Erectile dysfunction Ejaculation disorder,"https://onemg.gumlet.io/l_watermark_346,w_480,h_480/a_ignore,w_480,h_480,c_fit,q_auto,f_auto/7792fbf4ad224e8794969b07de6a6eb0.jpg",Kivi Labs Ltd,28,46,26
Flumet 150mg Tablet,Fluconazole (150mg),Treatment of Fungal infections,Headache Nausea Stomach pain,"https://onemg.gumlet.io/l_watermark_346,w_480,h_480/a_ignore,w_480,h_480,c_fit,q_auto,f_auto/a2402fe3d1f244bdad73773219aee360.jpg",Leeford Healthcare Ltd,21,29,50
Futop Cream,Fusidic Acid (2% w/w),Treatment of Bacterial skin infections Bacterial eye infections,Application site reactions burning irritation itching and redness,"https://onemg.gumlet.io/l_watermark_346,w_480,h_480/a_ignore,w_480,h_480,c_fit,q_auto,f_auto/cropped/bvmyyxagyp34kdfzw9gn.jpg",Oaknet Healthcare Pvt Ltd,7,23,70
Folitrax 50 Injection,Methotrexate (50mg),Treatment of Cancer,Abdominal pain Indigestion Loss of appetite Nausea Vomiting Tiredness Mouth sore Decreased white blood cell count,"https://onemg.gumlet.io/l_watermark_346,w_480,h_480/a_ignore,w_480,h_480,c_fit,q_auto,f_auto/cropped/ko9ivvrgyvu8ssnodrit.jpg",Ipca Laboratories Ltd,25,44,31
Fexy 120 Tablet,Fexofenadine (120mg),Treatment of Sneezing and runny nose due to allergiesTreatment of Allergic conditions,Headache Drowsiness Dizziness Nausea,"https://onemg.gumlet.io/l_watermark_346,w_480,h_480/a_ignore,w_480,h_480,c_fit,q_auto,f_auto/cropped/oeqq0tk3n2ojmkzeaw1e.jpg",Lupin Ltd,42,50,8
Flurish Tablet,Ibandronic Acid (150mg),Treatment and prevention of postmenopausal Osteoporosis,Headache Musculoskeletal bone muscle or joint pain Heartburn Diarrhea Indigestion Dizziness Hypercholesterolemia high cholesterol Upper respiratory tract infection Urinary tract infection,"https://onemg.gumlet.io/l_watermark_346,w_480,h_480/a_ignore,w_480,h_480,c_fit,q_auto,f_auto/cropped/dyvtut6tb8gvp3m4wfbb.jpg",Dr Reddy's Laboratories Ltd,11,50,39
Fudic BNF Cream,Beclometasone (0.025% w/w) + Fusidic Acid (2% w/w), Skin infections,Application site reactions burning irritation itching and redness,"https://onemg.gumlet.io/l_watermark_346,w_480,h_480/a_ignore,w_480,h_480,c_fit,q_auto,f_auto/cropped/eatl2adzjc0jn21opcnx.jpg",Hegde and Hegde Pharmaceutical LLP,33,47,20
Fullform 200 Rotacap,Beclometasone (200mcg) + Formoterol (6mcg), Chronic obstructive pulmonary disease (COPD),Headache Pneumonia Pharyngitis Voice change Tremors,"https://onemg.gumlet.io/l_watermark_346,w_480,h_480/a_ignore,w_480,h_480,c_fit,q_auto,f_auto/cropped/pbqfrksajrnwvfx53iff.jpg",Cipla Ltd,30,26,44
Flublock-AZ Nasal Spray,Fluticasone Propionate (50mcg) + Azelastine (140mcg),Treatment of Sneezing and runny nose due to allergies,Taste change Nosebleeds Headache Cough Upper respiratory tract infection Dryness in mouth Nasopharyngitis inflammation of the throat and nasal passages Sinus inflammation Stomach discomfort Fungal infection of oropharynx Tremors Palpitations Voice change,"https://onemg.gumlet.io/l_watermark_346,w_480,h_480/a_ignore,w_480,h_480,c_fit,q_auto,f_auto/cropped/iqb6lxgkgzcnxnf46q2j.jpg",Glenmark Pharmaceuticals Ltd,48,41,11
Flucold Oral Drops,Chlorpheniramine Maleate (1mg/5ml) + Paracetamol (125mg/5ml) + Phenylephrine (2.5mg/5ml),Treatment of Common cold,Diarrhea Rash Nausea Headache Insomnia difficulty in sleeping Dizziness Tachycardia Palpitations Fear Anxiety Restlessness Tremors Weakness Discomfort when urinating Hallucination Convulsion,"https://onemg.gumlet.io/l_watermark_346,w_480,h_480/a_ignore,w_480,h_480,c_fit,q_auto,f_auto/7ef4552d81ac464fadf98041ee0d94f9.jpg",Wallace Pharmaceuticals Pvt Ltd,67,33,0
Femovan Tablet,Ethinyl Estradiol (0.03mg) + Gestodene (0.075mg), Contraception,Nausea Stomach pain Headache Weight gain Breast pain Irregular uterine bleeding,"https://onemg.gumlet.io/l_watermark_346,w_480,h_480/a_ignore,w_480,h_480,c_fit,q_auto,f_auto/cropped/e4x5ohsds8irgsqhqzfn.jpg",Bayer Zydus Pharma Pvt Ltd,56,29,15
Fibator 5 Tablet,Atorvastatin (5mg) + Fenofibrate (145mg),Treatment of High cholesterolPrevention of Heart attack,Nausea Stomach pain Constipation Flatulence Headache Muscle pain Increased liver enzymes Increased glucose level in blood,"https://onemg.gumlet.io/l_watermark_346,w_480,h_480/a_ignore,w_480,h_480,c_fit,q_auto,f_auto/cropped/stwyjbocep2fidhyypzf.jpg",Sun Pharmaceutical Industries Ltd,67,19,14
Fine Nerve Soft Gelatin Capsule,Alpha Lipoic Acid (300mg) + Folic Acid (0.5mg) + Methylcobalamin (750mcg) + Pregabalin (75mg) + Vitamin B6 (Pyridoxine) (10mg), Neuropathic pain,Dizziness Sleepiness Tiredness Uncoordinated body movements,"https://onemg.gumlet.io/l_watermark_346,w_480,h_480/a_ignore,w_480,h_480,c_fit,q_auto,f_auto/cropped/o0p6x3kigeca5racq2md.jpg",Akumentis Healthcare Ltd,52,24,24
Fluvoxin CR 50 Tablet,Fluvoxamine (50mg), Depression Obsessive-compulsive disorder,Delayed ejaculation Drowsiness Erectile dysfunction Low sexual desire Nausea Vomiting Dryness in mouth Fatigue Increased sweating Indigestion Insomnia difficulty in sleeping Loss of appetite Nervousness Tremors,"https://onemg.gumlet.io/l_watermark_346,w_480,h_480/a_ignore,w_480,h_480,c_fit,q_auto,f_auto/cropped/pyoptqg0zscmqempmrbx.jpg",Sun Pharmaceutical Industries Ltd,17,55,28
Fomtide 200 Inhaler,Formoterol (6mcg) + Budesonide (200mcg),Treatment of Chronic obstructive pulmonary disease (COPD),Headache Nausea Vomiting Stomach discomfort Dizziness Cough Nasopharyngitis inflammation of the throat and nasal passages Upper respiratory tract infection Sinus inflammation Fungal infection of oropharynx Tremors Palpitations Voice change,"https://onemg.gumlet.io/l_watermark_346,w_480,h_480/a_ignore,w_480,h_480,c_fit,q_auto,f_auto/xq8dharhxjnprf3pwj8b.jpg",Sun Pharmaceutical Industries Ltd,30,55,15
Fusigen Spray,Sodium Fusidate (2%), Bacterial skin infections,Application site reactions burning irritation itching and redness,"https://onemg.gumlet.io/l_watermark_346,w_480,h_480/a_ignore,w_480,h_480,c_fit,q_auto,f_auto/ac90af04a2d94bc193ca5043a1e7f751.jpg",Geno Pharmaceuticals Ltd,33,34,33
FCN 200mg Tablet,Fluconazole (200mg),Treatment of Fungal infections,Headache Nausea Stomach pain,"https://onemg.gumlet.io/l_watermark_346,w_480,h_480/a_ignore,w_480,h_480,c_fit,q_auto,f_auto/9855ffd47dcd4795a410fc63139ac28b.jpg",Intas Pharmaceuticals Ltd,28,33,39
Flutrol 250 Capsule,Salmeterol (50mcg) + Fluticasone Propionate (250mcg),Treatment of Chronic obstructive pulmonary disease (COPD),Headache Cough Upper respiratory tract infection Nasopharyngitis inflammation of the throat and nasal passages Sinus inflammation Stomach discomfort Fungal infection of oropharynx Tremors Palpitations Voice change,"https://onemg.gumlet.io/l_watermark_346,w_480,h_480/a_ignore,w_480,h_480,c_fit,q_auto,f_auto/4f6fef32e4e1498a978229108933b064.jpg",Macleods Pharmaceuticals Pvt Ltd,29,61,10
Ferinject 50mg/ml Solution for Injection,Ferric Carboxymaltose (50mg/ml),Treatment of Iron deficiency anemia,Vomiting Nausea Dark colored stool Headache Dizziness High blood pressure Injection site reactions pain swelling redness,"https://onemg.gumlet.io/l_watermark_346,w_480,h_480/a_ignore,w_480,h_480,c_fit,q_auto,f_auto/cropped/dlkjxcootk6p4ag6qaet.jpg",Lupin Ltd,40,7,53
Fubox 40 Tablet,Febuxostat (40mg),Treatment of Gout,Diarrhea Headache Increased liver enzymes Nausea Skin rash,"https://onemg.gumlet.io/l_watermark_346,w_480,h_480/a_ignore,w_480,h_480,c_fit,q_auto,f_auto/da3cf25c7d9e4e879b285df0fa4ea460.jpg",C M R Life Sciences,33,67,0
Freego Granules,Lactitol (10gm) + Ispaghula (3.5gm),Treatment of Constipation,Bloating Stomach cramp Flatulence,"https://onemg.gumlet.io/l_watermark_346,w_480,h_480/a_ignore,w_480,h_480,c_fit,q_auto,f_auto/a29tix2cxqbszqqibrj0.jpg",Alembic Pharmaceuticals Ltd,33,30,37
Fucidin Ointment,Sodium Fusidate (2% w/w), Bacterial skin infections,Application site reactions burning irritation itching and redness,"https://onemg.gumlet.io/l_watermark_346,w_480,h_480/a_ignore,w_480,h_480,c_fit,q_auto,f_auto/cropped/vutqtj1zcavqhpbvvnkp.jpg",Sun Pharmaceutical Industries Ltd,42,35,23
Funzi-IT 200 Capsule,Itraconazole (200mg),Treatment of Fungal infections,Nausea Abdominal pain Constipation Dizziness Headache Indigestion Vomiting,"https://onemg.gumlet.io/l_watermark_346,w_480,h_480/a_ignore,w_480,h_480,c_fit,q_auto,f_auto/da23869a12cd4eb59093348ee2e97248.jpg",Corona Remedies Pvt Ltd,67,33,0
Femoston Tablet,Estradiol (1mg) + Estradiol (1mg) + Dydrogesterone (10mg), Hormone replacement therapy,Nausea Headache Breast pain Irregular uterine bleeding,"https://onemg.gumlet.io/l_watermark_346,w_480,h_480/a_ignore,w_480,h_480,c_fit,q_auto,f_auto/d9c36c1682e747b097e5739ef8b4f3db.jpg",Abbott,0,0,100
Finabald 1mg Tablet,Finasteride (1mg),Treatment of Hair loss,Decreased libido Erectile dysfunction Ejaculation disorder,"https://onemg.gumlet.io/l_watermark_346,w_480,h_480/a_ignore,w_480,h_480,c_fit,q_auto,f_auto/76726d17b6ac449ca6464d39a4843016.jpg",East West Pharma,31,37,32
Fertolet Tablet,Letrozole (2.5mg),Treatment of Breast cancerTreatment of Infertility due to anovulation,Fatigue Hypercholesterolemia high cholesterol Increased sweating Hot flashes Bone pain Dizziness Joint pain Edema swelling Flushing sense of warmth in the face ears neck and trunk,"https://onemg.gumlet.io/l_watermark_346,w_480,h_480/a_ignore,w_480,h_480,c_fit,q_auto,f_auto/c954f32541d7441baa2ffbb9815bc22d.jpg",Cipla Ltd,30,18,52
Feldex Tablet,Piroxicam (20mg), Pain relief,Vomiting Stomach pain Nausea Headache Dizziness,"https://onemg.gumlet.io/l_watermark_346,w_480,h_480/a_ignore,w_480,h_480,c_fit,q_auto,f_auto/cropped/tp410e2jwekgess50hq2.jpg",Sun Pharmaceutical Industries Ltd,22,67,11
Febuxor 40 Tablet,Febuxostat (40mg),Treatment of Gout,Diarrhea Headache Increased liver enzymes Nausea Skin rash,"https://onemg.gumlet.io/l_watermark_346,w_480,h_480/a_ignore,w_480,h_480,c_fit,q_auto,f_auto/cropped/w2etb0xjmptfkhsdmtkv.jpg",Intas Pharmaceuticals Ltd,27,53,20
Fabiflu 400 Tablet,Favipiravir (400mg),Treatment of Coronavirus disease (COVID-19),Increased uric acid level in blood Diarrhea Decreased white blood cell count neutrophils Increased liver enzymes,"https://onemg.gumlet.io/l_watermark_346,w_480,h_480/a_ignore,w_480,h_480,c_fit,q_auto,f_auto/gc4ec0bcf0sswd7exes2.jpg",Glenmark Pharmaceuticals Ltd,100,0,0
Femipristal Tablet,Ulipristal acetate (5mg), Uterine fibroids,Absence of menstrual periods Headache Endometrial hyperplasia,"https://onemg.gumlet.io/l_watermark_346,w_480,h_480/a_ignore,w_480,h_480,c_fit,q_auto,f_auto/wqu3wake9unabq3e8nxe.jpg",Meyer Organics Pvt Ltd,10,66,24
Fegus Vaginal Capsule,Fenticonazole (600mg), Fungal infections of vagina,Erythema skin redness,"https://onemg.gumlet.io/l_watermark_346,w_480,h_480/a_ignore,w_480,h_480,c_fit,q_auto,f_auto/b13d8b3ff56047139b0bf287b74b64b6.jpg",Koye Pharmaceuticals Pvt ltd,50,8,42
FML NEO Liquifilm,Neomycin (0.35% w/v) + Fluorometholone (0.1% w/v),Treatment of Bacterial eye infections,Application site reactions burning irritation itching and redness Blurred vision,"https://onemg.gumlet.io/l_watermark_346,w_480,h_480/a_ignore,w_480,h_480,c_fit,q_auto,f_auto/cropped/eoowwndwyvomw8oiykf4.jpg",Allergan India Pvt Ltd,67,11,22
Folitrax 25 Tablet,Methotrexate (25mg),Treatment of CancerTreatment of Rheumatoid arthritisTreatment of PsoriasisTreatment of Crohn’s disease,Ulcerative stomatitis Nausea Abdominal pain Increased liver enzymes Hair loss Decreased blood cells red cells white cells and platelets,"https://onemg.gumlet.io/l_watermark_346,w_480,h_480/a_ignore,w_480,h_480,c_fit,q_auto,f_auto/fcb29bde2aa341df8739699b83fe2fbf.jpg",Ipca Laboratories Ltd,73,14,13
Foracort 100 Rotacap,Formoterol (6mcg) + Budesonide (100mcg),Treatment of Chronic obstructive pulmonary disease (COPD),Headache Nausea Vomiting Stomach discomfort Dizziness Cough Nasopharyngitis inflammation of the throat and nasal passages Upper respiratory tract infection Sinus inflammation Fungal infection of oropharynx Tremors Palpitations Voice change,"https://onemg.gumlet.io/l_watermark_346,w_480,h_480/a_ignore,w_480,h_480,c_fit,q_auto,f_auto/cropped/vtrrfjazxh9jf6cejnys.jpg",Cipla Ltd,49,51,0
Flutrol 250 Inhaler,Salmeterol (25mcg) + Fluticasone Propionate (250mcg),Treatment of Chronic obstructive pulmonary disease (COPD),Headache Cough Upper respiratory tract infection Nasopharyngitis inflammation of the throat and nasal passages Sinus inflammation Stomach discomfort Fungal infection of oropharynx Tremors Palpitations Voice change,"https://onemg.gumlet.io/l_watermark_346,w_480,h_480/a_ignore,w_480,h_480,c_fit,q_auto,f_auto/1584a43c96d14942aed0c304c05f119b.jpg",Macleods Pharmaceuticals Pvt Ltd,25,50,25
Fibator LS Tablet,Atorvastatin (10mg) + Fenofibrate (72.5mg),Treatment of High cholesterolPrevention of Heart attack,Nausea Stomach pain Constipation Flatulence Headache Muscle pain Increased liver enzymes Increased glucose level in blood,"https://onemg.gumlet.io/l_watermark_346,w_480,h_480/a_ignore,w_480,h_480,c_fit,q_auto,f_auto/cropped/quf2htmw66mlffq5dvmj.jpg",Sun Pharmaceutical Industries Ltd,47,33,20
Fosfona Powder,Fosfomycin (3gm), Bacterial infections of urinary tract,Headache Dizziness Vaginal inflammation Indigestion,"https://onemg.gumlet.io/l_watermark_346,w_480,h_480/a_ignore,w_480,h_480,c_fit,q_auto,f_auto/76e4f25b0a3745a4bb50235405483b71.jpg",Alniche Life Sciences Pvt Ltd,44,45,11
Flucos 200 Tablet,Fluconazole (200mg),Treatment of Fungal infections,Headache Nausea Stomach pain,"https://onemg.gumlet.io/l_watermark_346,w_480,h_480/a_ignore,w_480,h_480,c_fit,q_auto,f_auto/cropped/hcm1y964wor4addop2se.png",Oaknet Healthcare Pvt Ltd,22,41,37
Flucold AF Oral Drops,Chlorpheniramine Maleate (2mg/ml) + Phenylephrine (5mg/ml),Treatment of Common cold,Vomiting Headache Restlessness Anxiety Dizziness Tremors Pale skin High blood pressure Seizure Cerebral hemorrhage Palpitations Paresthesia tingling or pricking sensation Abdominal pain Allergic reaction Decreased appetite Blurred vision Dry nose Dry throat Excitement Rash,"https://onemg.gumlet.io/l_watermark_346,w_480,h_480/a_ignore,w_480,h_480,c_fit,q_auto,f_auto/cropped/biwilo379xgahtxa6pce.jpg",Wallace Pharmaceuticals Pvt Ltd,17,60,23
Flavedon 20 Tablet,Trimetazidine (20mg),Treatment of Angina (heart-related chest pain),Dizziness Headache Nausea Vomiting Weakness Rash Abdominal pain Indigestion Itching Diarrhea Hives,"https://onemg.gumlet.io/l_watermark_346,w_480,h_480/a_ignore,w_480,h_480,c_fit,q_auto,f_auto/cropped/unfab09kzbfcelbzj69t.jpg",Serdia Pharmaceuticals India Pvt Ltd,33,17,50
Finecef 200mg Tablet DT,Cefpodoxime Proxetil (200mg),Treatment of Bacterial infections,Rash Nausea Diarrhea,"https://onemg.gumlet.io/l_watermark_346,w_480,h_480/a_ignore,w_480,h_480,c_fit,q_auto,f_auto/51683e2969694047b632314166d01261.jpg",Abbott,0,33,67
Fragmin 2500IU Injection,Dalteparin (2500IU),Treatment and prevention of Blood clots,Bruise Increased liver enzymes Injection site hematoma Hemorrhagic complications Injection site bruising Nosebleeds,"https://onemg.gumlet.io/l_watermark_346,w_480,h_480/a_ignore,w_480,h_480,c_fit,q_auto,f_auto/ecdddc55a48c4804a1eb4d288efa15c7.jpg",Pfizer Ltd,57,43,0
Formonide 1mg Respules 2ml,Formoterol (20mcg) + Budesonide (1mg),Treatment of Chronic obstructive pulmonary disease (COPD),Headache Nausea Vomiting Stomach discomfort Dizziness Cough Nasopharyngitis inflammation of the throat and nasal passages Upper respiratory tract infection Sinus inflammation Fungal infection of oropharynx Tremors Palpitations Voice change,"https://onemg.gumlet.io/l_watermark_346,w_480,h_480/a_ignore,w_480,h_480,c_fit,q_auto,f_auto/cropped/ucw6sbqm47btkwvsw7of.jpg",Zydus Cadila,28,44,28
Fibrodone Tablet,Pirfenidone (200mg),Treatment of Idiopathic pulmonary fibrosis,Insomnia difficulty in sleeping Headache Dizziness Tiredness Sinus inflammation Loss of appetite Upper respiratory tract infection Weight loss Nausea Indigestion Diarrhea Photosensitivity,"https://onemg.gumlet.io/l_watermark_346,w_480,h_480/a_ignore,w_480,h_480,c_fit,q_auto,f_auto/cropped/eo5xq2keo49r6rtxgwgx.jpg",Lupin Ltd,19,66,15
Flumet 200mg Tablet,Fluconazole (200mg),Treatment of Fungal infections,Headache Nausea Stomach pain,"https://onemg.gumlet.io/l_watermark_346,w_480,h_480/a_ignore,w_480,h_480,c_fit,q_auto,f_auto/fca365b406994f6689250168c5f8bff3.jpg",Leeford Healthcare Ltd,0,67,33
Febrinil M Syrup,Mefenamic Acid (NA) + Paracetamol (NA), Pain reliefTreatment of Fever,Nausea Vomiting Diarrhea Indigestion Loss of appetite Heartburn,"https://onemg.gumlet.io/l_watermark_346,w_480,h_480/a_ignore,w_480,h_480,c_fit,q_auto,f_auto/dhp4ovs2b7aq9huif7sz.jpg",Maneesh Pharmaceuticals Ltd,0,0,100
Febuset 40 Tablet,Febuxostat (40mg),Treatment of Gout,Diarrhea Headache Increased liver enzymes Nausea Skin rash,"https://onemg.gumlet.io/l_watermark_346,w_480,h_480/a_ignore,w_480,h_480,c_fit,q_auto,f_auto/cropped/dyflgvq0ohd338wnnxvf.jpg",Meyer Organics Pvt Ltd,37,15,48
Flomon Eye Drop,Fluorometholone (0.1% w/v), Redness and swelling in the eye,Eye irritation Burning sensation Watery eyes,"https://onemg.gumlet.io/l_watermark_346,w_480,h_480/a_ignore,w_480,h_480,c_fit,q_auto,f_auto/b502007e5dd647198a24f7b9a012f19d.jpg",FDC Ltd,33,17,50
Fondaflo 2.5 Injection,Fondaparinux (2.5mg), Deep vein thrombosis Pulmonary embolism,Bleeding Anemia low number of red blood cells,"https://onemg.gumlet.io/l_watermark_346,w_480,h_480/a_ignore,w_480,h_480,c_fit,q_auto,f_auto/cropped/nihwcgiumyzjcqowfgsw.jpg",Lupin Ltd,22,22,56
Flonida 1% Cream,Fluorouracil (1% w/w), Actinic keratosis,Nausea Vomiting Hair loss Diarrhea Bronchospasm Infection Myelosuppression Agranulocytosis deficiency of granulocytes in the blood General discomfort Itching Skin exfoliation Anemia low number of red blood cells Febrile neutropenia Angina heart related chest pain E C G changes Decreased immunity,"https://onemg.gumlet.io/l_watermark_346,w_480,h_480/a_ignore,w_480,h_480,c_fit,q_auto,f_auto/assji7slpyxigjloxjw5.jpg",A. Menarini India Pvt Ltd,7,53,40
Febutax 80 Tablet,Febuxostat (80mg),Treatment of Gout,Diarrhea Headache Increased liver enzymes Nausea Skin rash,"https://onemg.gumlet.io/l_watermark_346,w_480,h_480/a_ignore,w_480,h_480,c_fit,q_auto,f_auto/c90svybkpjzczp74on5e.jpg",Leeford Healthcare Ltd,100,0,0
Febugood 40 Tablet,Febuxostat (40mg),Treatment of Gout,Diarrhea Headache Increased liver enzymes Nausea Skin rash,"https://onemg.gumlet.io/l_watermark_346,w_480,h_480/a_ignore,w_480,h_480,c_fit,q_auto,f_auto/cropped/mayvxwivapzyu2ncgenr.jpg",Torrent Pharmaceuticals Ltd,53,27,20
Fusys DT Tablet,Fluconazole (50mg),Treatment of Fungal infections,Headache Nausea Stomach pain,"https://onemg.gumlet.io/l_watermark_346,w_480,h_480/a_ignore,w_480,h_480,c_fit,q_auto,f_auto/7814d9f0fdf44b3ba26e90ec6c1a7f9c.jpg",Zydus Healthcare Limited,28,55,17
Formin PG 2 Tablet SR,Glimepiride (2mg) + Metformin (500mg) + Pioglitazone (15mg),Treatment of Type 2 diabetes mellitus,Hypoglycemia low blood glucose level Dizziness Headache Nausea Vomiting Diarrhea Flatulence Bronchitis inflammation of the airways Anemia low number of red blood cells Edema swelling,"https://onemg.gumlet.io/l_watermark_346,w_480,h_480/a_ignore,w_480,h_480,c_fit,q_auto,f_auto/3bcbc950d2f0476abb90364c6b374542.jpg",Alkem Laboratories Ltd,61,39,0
Fungicros Cream,Amorolfine (0.25% w/w) + Phenoxyethanol (1% w/w),Treatment of Fungal infections,Limited data available,"https://onemg.gumlet.io/l_watermark_346,w_480,h_480/a_ignore,w_480,h_480,c_fit,q_auto,f_auto/cropped/kfmsf5eyy8ndwosdloyk.jpg",Sun Pharmaceutical Industries Ltd,44,27,29
Floace-T Opthalmic Suspension,Tobramycin (0.3% w/v) + Fluorometholone (0.1% w/v),Treatment of Bacterial eye infections,Application site reactions burning irritation itching and redness Blurred vision,"https://onemg.gumlet.io/l_watermark_346,w_480,h_480/a_ignore,w_480,h_480,c_fit,q_auto,f_auto/7772a680fcd64ebb98511fd9475dd935.jpg",Sentiss Pharma,0,33,67
Flurbin Eye Drop,Flurbiprofen (0.03% w/v),Treatment of Post-operative eye pain and inflammation,Eye discomfort Burning sensation,"https://onemg.gumlet.io/l_watermark_346,w_480,h_480/a_ignore,w_480,h_480,c_fit,q_auto,f_auto/wt7eab3wrkwswxwf1daj.jpg",Optho Pharma Pvt Ltd,0,0,100
Febrex Plus AF Oral Drops,Chlorpheniramine Maleate (2mg/ml) + Phenylephrine (5mg/ml),Treatment of Common cold,Vomiting Headache Restlessness Anxiety Dizziness Tremors Pale skin High blood pressure Seizure Cerebral hemorrhage Palpitations Paresthesia tingling or pricking sensation Abdominal pain Allergic reaction Decreased appetite Blurred vision Dry nose Dry throat Excitement Rash,"https://onemg.gumlet.io/l_watermark_346,w_480,h_480/a_ignore,w_480,h_480,c_fit,q_auto,f_auto/f7a25672268f48649cad4439466bcc41.jpg",Indoco Remedies Ltd,0,0,100
Fusigen-DP Cream,Beclometasone (0.025% w/w) + Fusidic Acid (2% w/w), Skin infections,Application site reactions burning irritation itching and redness,"https://onemg.gumlet.io/l_watermark_346,w_480,h_480/a_ignore,w_480,h_480,c_fit,q_auto,f_auto/4af2e23e26bf44cca0b01a8eb2523a87.jpg",Geno Pharmaceuticals Ltd,46,21,33
FXR 10 Tablet,Obeticholic acid (10mg),Treatment of Primary biliary cirrhosis,Itching Fatigue Abdominal pain Rash Throat pain Dizziness Constipation Joint pain Eczema Thyroid disorders,"https://onemg.gumlet.io/l_watermark_346,w_480,h_480/a_ignore,w_480,h_480,c_fit,q_auto,f_auto/4ae1a5dff2424d8f9f24970c142601e3.jpg",Dr Reddy's Laboratories Ltd,33,67,0
Flucort Forte Lotion,Fluocinolone acetonide (0.025% w/v), Skin conditions with inflammation & itching,Application site reactions burning irritation itching and redness,"https://onemg.gumlet.io/l_watermark_346,w_480,h_480/a_ignore,w_480,h_480,c_fit,q_auto,f_auto/cropped/jyzk5qi5vnlsdeian3dr.jpg",Glenmark Pharmaceuticals Ltd,39,61,0
Formoflo Forte Transcaps,Formoterol (12mcg) + Fluticasone Propionate (500mcg),Treatment of Chronic obstructive pulmonary disease (COPD),Headache Cough Upper respiratory tract infection Nasopharyngitis inflammation of the throat and nasal passages Sinus inflammation Stomach discomfort Fungal infection of oropharynx Tremors Palpitations Voice change,"https://onemg.gumlet.io/l_watermark_346,w_480,h_480/a_ignore,w_480,h_480,c_fit,q_auto,f_auto/cropped/dghcgad9d5sjcskcoyu6.jpg",Lupin Ltd,39,52,9
Femcinol-ADP Gel,Adapalene (0.1% w/w) + Clindamycin (1% w/w),Treatment of Acne,Skin peeling Erythema skin redness Itching Dry skin Burning sensation at the site of application,"https://onemg.gumlet.io/l_watermark_346,w_480,h_480/a_ignore,w_480,h_480,c_fit,q_auto,f_auto/esu7bfsfp0mfjd73jmfa.jpg",Dabur India Ltd,30,38,32
Fludac 60 Capsule,Fluoxetine (60mg),Treatment of DepressionTreatment of Panic disorderTreatment of Obsessive-compulsive disorder,Erectile dysfunction Indigestion Influenza like syndrome Loss of appetite Depression Low sexual desire Nausea Sore throat Sweating Tremors Weakness Yawning Abnormal dreams Delayed ejaculation Dryness in mouth Insomnia difficulty in sleeping Nervousness Sleepiness Sinus infection,"https://onemg.gumlet.io/l_watermark_346,w_480,h_480/a_ignore,w_480,h_480,c_fit,q_auto,f_auto/pseyafwubj10ulriuqvb.jpg",Cadila Pharmaceuticals Ltd,19,59,22
Flexbumin 20% Infusion,Albumin (20%), Short term fluid replacement after trauma,Vomiting Flushing sense of warmth in the face ears neck and trunk Fever Nausea Chills Hives Slow heart rate,"https://onemg.gumlet.io/l_watermark_346,w_480,h_480/a_ignore,w_480,h_480,c_fit,q_auto,f_auto/thpewrhuvqkroeefxolv.jpg",Baxalta Biosciences India Private Limited,83,17,0
Flavospas O 200 mg/200 mg Tablet,Ofloxacin (200mg) + Flavoxate (200mg),Treatment of Urinary tract infections (UTIs),Nausea Vomiting Stomach pain Dizziness Headache,"https://onemg.gumlet.io/l_watermark_346,w_480,h_480/a_ignore,w_480,h_480,c_fit,q_auto,f_auto/15592ed9e9a8401ca58031915678ea74.jpg",Torrent Pharmaceuticals Ltd,19,43,38
Fevago DS Suspension,Paracetamol (250mg/5ml), Pain reliefTreatment of Fever,Indigestion Stomach pain Nausea Vomiting,"https://onemg.gumlet.io/l_watermark_346,w_480,h_480/a_ignore,w_480,h_480,c_fit,q_auto,f_auto/cropped/ddjpylibefqi8se5cnzw.jpg",Cipla Ltd,40,60,0
Forcan 50 Tablet,Fluconazole (50mg),Treatment of Fungal infections,Headache Nausea Stomach pain,"https://onemg.gumlet.io/l_watermark_346,w_480,h_480/a_ignore,w_480,h_480,c_fit,q_auto,f_auto/bwzpewhmjfdjzr21iuzx.jpg",Cipla Ltd,0,0,100
Febrinil 650mg Tablet,Paracetamol (650mg), Pain reliefTreatment of Fever,Stomach pain Nausea Vomiting,"https://onemg.gumlet.io/l_watermark_346,w_480,h_480/a_ignore,w_480,h_480,c_fit,q_auto,f_auto/e8brpfoi25r7lxycwhu2.jpg",Maneesh Pharmaceuticals Ltd,17,83,0
Folisurge 150 Injection,Recombinant follicle stimulating hormone (150IU), Female infertility Male hypogonadism,Injection site allergic reaction Headache Acne Swelling of breast in male Abdominal pain Gastrointestinal discomfort Ovarian cysts Rash,"https://onemg.gumlet.io/l_watermark_346,w_480,h_480/a_ignore,w_480,h_480,c_fit,q_auto,f_auto/djwryiovtd3ig0esnrkc.jpg",Intas Pharmaceuticals Ltd,56,22,22
Fiasp 100IU/ml Solution for Injection,Insulin Aspart (100IU/ml),Treatment of Diabetes,Hypoglycemia low blood glucose level Headache Nasopharyngitis inflammation of the throat and nasal passages Upper respiratory tract infection,"https://onemg.gumlet.io/l_watermark_346,w_480,h_480/a_ignore,w_480,h_480,c_fit,q_auto,f_auto/hiiahyd92wuoedtvmxn7.jpg",Novo Nordisk India Pvt Ltd,67,33,0
Finobrate 145mg Tablet,Fenofibrate (145mg), High cholesterol,Increased liver enzymes Nausea Vomiting Flatulence Abdominal pain Diarrhea Headache Back pain Increased creatine phosphokinase C P K level in blood Inflammation of the nose,"https://onemg.gumlet.io/l_watermark_346,w_480,h_480/a_ignore,w_480,h_480,c_fit,q_auto,f_auto/005d2dc60ba44f699eec4a98ea8045c7.jpg",Knoll Pharmaceuticals Ltd,100,0,0
Fludot 0.5mg Injection,Flumazenil (0.5mg), Benzodiazepine overdose,Anxiety Insomnia difficulty in sleeping Allergic reaction Sleepiness,"https://onemg.gumlet.io/l_watermark_346,w_480,h_480/a_ignore,w_480,h_480,c_fit,q_auto,f_auto/b32b4e8f88014d1a9611e9e069757ce9.jpg",Neon Laboratories Ltd,50,50,0
Fungeeheal 200 Capsule,Itraconazole (200mg),Treatment of Fungal infections,Nausea Abdominal pain Constipation Dizziness Headache Indigestion Vomiting,"https://onemg.gumlet.io/l_watermark_346,w_480,h_480/a_ignore,w_480,h_480,c_fit,q_auto,f_auto/8f60349e37e844caaee3c18bd008045f.jpg",Lupin Ltd,0,33,67
Fenceta Plus 100mg/162.5mg Suspension,Ibuprofen (100mg) + Paracetamol (162.5mg), Pain reliefTreatment of Fever,Nausea Vomiting Abdominal pain Heartburn Diarrhea,"https://onemg.gumlet.io/l_watermark_346,w_480,h_480/a_ignore,w_480,h_480,c_fit,q_auto,f_auto/5eb67b1c0b3e4fe8abf70b0c9da03620.jpg",Alkem Laboratories Ltd,27,73,0
Fusinol Cream,Beclometasone (0.025% w/w) + Fusidic Acid (2% w/w), Skin infections,Application site reactions burning irritation itching and redness,"https://onemg.gumlet.io/l_watermark_346,w_480,h_480/a_ignore,w_480,h_480,c_fit,q_auto,f_auto/05c5c8a0a6654c47b890dcfb99c77179.jpg",Leeford Healthcare Ltd,0,33,67
Fexova 120 Tablet,Fexofenadine (120mg),Treatment of Sneezing and runny nose due to allergiesTreatment of Allergic conditions,Headache Drowsiness Dizziness Nausea,"https://onemg.gumlet.io/l_watermark_346,w_480,h_480/a_ignore,w_480,h_480,c_fit,q_auto,f_auto/cropped/ncqur90ojrohjbgbvu7j.jpg",Ipca Laboratories Ltd,0,0,100
Flucos Lotion,Fluconazole (2% w/w) + Zinc pyrithione (1% w/w),Treatment of Dandruff,Application site reactions burning irritation itching and redness,"https://onemg.gumlet.io/l_watermark_346,w_480,h_480/a_ignore,w_480,h_480,c_fit,q_auto,f_auto/cropped/lappczugwgqkedzndbfv.jpg",Oaknet Healthcare Pvt Ltd,35,38,27
Febumac 80 Tablet,Febuxostat (80mg),Treatment of Gout,Diarrhea Headache Increased liver enzymes Nausea Skin rash,"https://onemg.gumlet.io/l_watermark_346,w_480,h_480/a_ignore,w_480,h_480,c_fit,q_auto,f_auto/cropped/nrmy3foqn8o6p9xvbadg.jpg",Macleods Pharmaceuticals Pvt Ltd,11,33,56
Frext 50 Tablet,Fluvoxamine (50mg), Depression Obsessive-compulsive disorder,Delayed ejaculation Drowsiness Erectile dysfunction Low sexual desire Nausea Vomiting Dryness in mouth Fatigue Increased sweating Indigestion Insomnia difficulty in sleeping Loss of appetite Nervousness Tremors,"https://onemg.gumlet.io/l_watermark_346,w_480,h_480/a_ignore,w_480,h_480,c_fit,q_auto,f_auto/cropped/smpbezsz5x7fg3bqtzd9.jpg",Intas Pharmaceuticals Ltd,29,44,27
Fungiset 150mg Tablet,Fluconazole (150mg),Treatment of Fungal infections,Headache Nausea Stomach pain,"https://onemg.gumlet.io/l_watermark_346,w_480,h_480/a_ignore,w_480,h_480,c_fit,q_auto,f_auto/245d3e3fdba94f709c026ce1d9b7c721.jpg",Leeford Healthcare Ltd,17,8,75
Folitrax 25 Injection,Methotrexate (25mg),Treatment of Rheumatoid arthritisTreatment of PsoriasisTreatment of CancerTreatment of Crohn’s disease,Abdominal pain Indigestion Loss of appetite Nausea Vomiting Tiredness Mouth sore Low blood platelets Hair loss,"https://onemg.gumlet.io/l_watermark_346,w_480,h_480/a_ignore,w_480,h_480,c_fit,q_auto,f_auto/cropped/er81v8uua874eiyqthsg.jpg",Ipca Laboratories Ltd,28,50,22
ForAir 250 CFC Free Inhaler,Salmeterol (25mcg) + Fluticasone Propionate (250mcg),Treatment of Chronic obstructive pulmonary disease (COPD),Headache Cough Upper respiratory tract infection Nasopharyngitis inflammation of the throat and nasal passages Sinus inflammation Stomach discomfort Fungal infection of oropharynx Tremors Palpitations Voice change,"https://onemg.gumlet.io/l_watermark_346,w_480,h_480/a_ignore,w_480,h_480,c_fit,q_auto,f_auto/cropped/euu6loffbtfhvgpq173t.jpg",Zydus Cadila,47,39,14
Fosavance  70 mg/5600 IU Tablet,Alendronic Acid (70mg) + Vitamin D3 (5600IU), Osteoporosis,Headache Musculoskeletal bone muscle or joint pain Back pain Indigestion Diarrhea Heartburn,"https://onemg.gumlet.io/l_watermark_346,w_480,h_480/a_ignore,w_480,h_480,c_fit,q_auto,f_auto/cropped/uqvmnh5hwuyqewlkeb80.jpg",MSD Pharmaceuticals Pvt Ltd,40,44,16
Fortibile 150 Tablet,Ursodeoxycholic Acid (150mg),Treatment of Primary biliary cirrhosisTreatment of Gallbladder stones,Abdominal pain Diarrhea Hair loss Itching Nausea Rash,"https://onemg.gumlet.io/l_watermark_346,w_480,h_480/a_ignore,w_480,h_480,c_fit,q_auto,f_auto/cropped/p4j8vsiqa1l0yplmbtqt.jpg",Deys Medical,53,47,0
Facer Sera Tablet,Aceclofenac (100mg) + Paracetamol (325mg) + Serratiopeptidase (15mg), Pain relief,Nausea Vomiting Stomach pain Indigestion Heartburn Loss of appetite Diarrhea,"https://onemg.gumlet.io/l_watermark_346,w_480,h_480/a_ignore,w_480,h_480,c_fit,q_auto,f_auto/6f13b7f9785a43daa40e126e863c020d.jpg",Emcure Pharmaceuticals Ltd,67,33,0
Formosone 250 Respicap,Formoterol (6mcg) + Fluticasone Propionate (250mcg),Treatment of Chronic obstructive pulmonary disease (COPD),Headache Cough Upper respiratory tract infection Nasopharyngitis inflammation of the throat and nasal passages Sinus inflammation Stomach discomfort Fungal infection of oropharynx Tremors Palpitations Voice change,"https://onemg.gumlet.io/l_watermark_346,w_480,h_480/a_ignore,w_480,h_480,c_fit,q_auto,f_auto/sdr5u6d7dkxqlcmt59cw.jpg",Zydus Cadila,33,45,22
Flecarite 100 Tablet,Flecainide (100mg), Arrhythmia,Heart failure Ventricular arrhythmia,"https://onemg.gumlet.io/l_watermark_346,w_480,h_480/a_ignore,w_480,h_480,c_fit,q_auto,f_auto/cropped/mlytq27n7dksbmsdtzcx.jpg",Torrent Pharmaceuticals Ltd,52,42,6
Fenazol 150 Tablet,Fluconazole (150mg),Treatment of Fungal infections,Headache Nausea Stomach pain,"https://onemg.gumlet.io/l_watermark_346,w_480,h_480/a_ignore,w_480,h_480,c_fit,q_auto,f_auto/cropped/giciu2stf4v4oprfmrzl.jpg",P R G Pharma Pvt Ltd,0,0,100
Finehart Tablet,Atorvastatin (10mg) + Fenofibrate (200mg),Treatment of High cholesterolPrevention of Heart attack,Nausea Stomach pain Constipation Flatulence Headache Muscle pain Increased liver enzymes Increased glucose level in blood,"https://onemg.gumlet.io/l_watermark_346,w_480,h_480/a_ignore,w_480,h_480,c_fit,q_auto,f_auto/cropped/a2d6jbkzhakc3w1zucur.jpg",Franco-Indian Pharmaceuticals Pvt Ltd,67,33,0
Femoston Conti 1mg/5mg Tablet,Estradiol (1mg) + Dydrogesterone (5mg), Hormone replacement therapy,Nausea Headache Breast pain Irregular uterine bleeding,"https://onemg.gumlet.io/l_watermark_346,w_480,h_480/a_ignore,w_480,h_480,c_fit,q_auto,f_auto/df067ab905154cd2b1cf848b8c3eba8e.jpg",Abbott,100,0,0
Flutivate 0.005% Ointment,Fluticasone Propionate (0.005% w/w),Treatment of Skin conditions with inflammation & itching,Application site reactions burning irritation itching and redness,"https://onemg.gumlet.io/l_watermark_346,w_480,h_480/a_ignore,w_480,h_480,c_fit,q_auto,f_auto/7f9b704787bf43868c51d2b6b6f550ac.jpg",Glaxo SmithKline Pharmaceuticals Ltd,67,33,0
Fexolife M 10 mg/120 mg Tablet,Montelukast (10mg) + Fexofenadine (120mg),Treatment of Sneezing and runny nose due to allergies,Nausea Diarrhea Vomiting Skin rash Flu like symptoms Headache Drowsiness Dizziness,"https://onemg.gumlet.io/l_watermark_346,w_480,h_480/a_ignore,w_480,h_480,c_fit,q_auto,f_auto/37abd98d15e34d21a14aff1edf19eaad.jpg",Dr. Johns Laboratories Pvt Ltd,100,0,0
Febuvel 40mg Tablet,Febuxostat (40mg),Treatment of Gout,Diarrhea Headache Increased liver enzymes Nausea Skin rash,"https://onemg.gumlet.io/l_watermark_346,w_480,h_480/a_ignore,w_480,h_480,c_fit,q_auto,f_auto/c0c7640de0b7475a86c00203787ea155.jpg",Leeford Healthcare Ltd,33,34,33
Fomtide 400 Octacaps,Formoterol (6mcg) + Budesonide (400mcg),Treatment of Chronic obstructive pulmonary disease (COPD),Headache Nausea Vomiting Stomach discomfort Dizziness Cough Nasopharyngitis inflammation of the throat and nasal passages Upper respiratory tract infection Sinus inflammation Fungal infection of oropharynx Tremors Palpitations Voice change,"https://onemg.gumlet.io/l_watermark_346,w_480,h_480/a_ignore,w_480,h_480,c_fit,q_auto,f_auto/a8fff63aa09746508f7fcd1c63e9dade.jpg",Sun Pharmaceutical Industries Ltd,47,33,20
Feliz-S 20 Tablet,Escitalopram Oxalate (20mg),Treatment of DepressionTreatment of Anxiety disorderTreatment of Panic disorder,Anorgasmia decreased orgasm in women Decreased libido Delayed ejaculation Fatigue Increased sweating Insomnia difficulty in sleeping Nausea Sleepiness,"https://onemg.gumlet.io/l_watermark_346,w_480,h_480/a_ignore,w_480,h_480,c_fit,q_auto,f_auto/cropped/thtzszh1zomzt8wkjstu.jpg",Torrent Pharmaceuticals Ltd,41,44,15
FZHH Tablet,Fluconazole (150mg),Treatment of Fungal infections,Headache Nausea Stomach pain,"https://onemg.gumlet.io/l_watermark_346,w_480,h_480/a_ignore,w_480,h_480,c_fit,q_auto,f_auto/cropped/tenh34n7fuarjlkb5ard.jpg",Hegde and Hegde Pharmaceutical LLP,43,19,38
Fbt 40 Tablet,Febuxostat (40mg),Treatment of Gout,Diarrhea Headache Increased liver enzymes Nausea Skin rash,"https://onemg.gumlet.io/l_watermark_346,w_480,h_480/a_ignore,w_480,h_480,c_fit,q_auto,f_auto/ad2a36a52d9c4289b0e38b8ac93204ab.jpg",Corona Remedies Pvt Ltd,0,33,67
Fiberlact Granules,Lactitol (10gm) + Ispaghula (3.5gm),Treatment of Constipation,Bloating Stomach cramp Flatulence,"https://onemg.gumlet.io/l_watermark_346,w_480,h_480/a_ignore,w_480,h_480,c_fit,q_auto,f_auto/arydspvuzs95bxeyj2bj.jpg",Sun Pharmaceutical Industries Ltd,28,28,44
Fungdid B Cream,Beclometasone (0.025% w/w) + Clotrimazole (1% w/w),Treatment of Fungal skin infections,Paresthesia tingling or pricking sensation Burning sensation Dry skin,"https://onemg.gumlet.io/l_watermark_346,w_480,h_480/a_ignore,w_480,h_480,c_fit,q_auto,f_auto/918c788a4bb64c6f9401b410826ceaf4.jpg",Universal Pharma,67,0,33
FT-Mac Cream,Fusidic Acid (2% w/w),Treatment of Bacterial skin infections Bacterial eye infections,Application site reactions burning irritation itching and redness,"https://onemg.gumlet.io/l_watermark_346,w_480,h_480/a_ignore,w_480,h_480,c_fit,q_auto,f_auto/ipqx73e9xglbcsi2x9bo.jpg",Macleods Pharmaceuticals Pvt Ltd,0,67,33
Fluvator 50 Tablet,Fluvoxamine (50mg), Depression Obsessive-compulsive disorder,Delayed ejaculation Drowsiness Erectile dysfunction Low sexual desire Nausea Vomiting Dryness in mouth Fatigue Increased sweating Indigestion Insomnia difficulty in sleeping Loss of appetite Nervousness Tremors,"https://onemg.gumlet.io/l_watermark_346,w_480,h_480/a_ignore,w_480,h_480,c_fit,q_auto,f_auto/cropped/ckz4u3ej4wi1vbvhsxb6.jpg",Torrent Pharmaceuticals Ltd,12,27,61
Funzi-IT 100mg Capsule,Itraconazole (100mg),Treatment of Fungal infections,Nausea Abdominal pain Constipation Dizziness Headache Indigestion Vomiting,"https://onemg.gumlet.io/l_watermark_346,w_480,h_480/a_ignore,w_480,h_480,c_fit,q_auto,f_auto/bab3f78fbc504faa91f4c738daadb301.jpg",Corona Remedies Pvt Ltd,17,50,33
Fenixa 180 Tablet,Fexofenadine (180mg),Treatment of Sneezing and runny nose due to allergiesTreatment of Allergic conditions,Headache Drowsiness Dizziness Nausea,"https://onemg.gumlet.io/l_watermark_346,w_480,h_480/a_ignore,w_480,h_480,c_fit,q_auto,f_auto/td46z89dk1uhoy226kzs.jpg",Canixa Life Sciences Pvt,17,55,28
Fasigyn DS 1000mg Tablet,Tinidazole (1000mg), Bacterial infections Parasitic infections,Headache Dryness in mouth Nausea Metallic taste,"https://onemg.gumlet.io/l_watermark_346,w_480,h_480/a_ignore,w_480,h_480,c_fit,q_auto,f_auto/futioeltofyshilsrt0i.jpg",Pfizer Ltd,67,33,0
Fexy 180 Tablet,Fexofenadine (180mg),Treatment of Sneezing and runny nose due to allergiesTreatment of Allergic conditions,Headache Drowsiness Dizziness Nausea,"https://onemg.gumlet.io/l_watermark_346,w_480,h_480/a_ignore,w_480,h_480,c_fit,q_auto,f_auto/cropped/p2vkd4nprgx8wmvtqcfc.jpg",Lupin Ltd,33,29,38
Fenocor 67mg Capsule,Fenofibrate (67mg), High cholesterol,Increased liver enzymes Nausea Vomiting Flatulence Abdominal pain Diarrhea Headache Back pain Increased creatine phosphokinase C P K level in blood Inflammation of the nose,"https://onemg.gumlet.io/l_watermark_346,w_480,h_480/a_ignore,w_480,h_480,c_fit,q_auto,f_auto/9ac3c91d6ac842219fac3694a096688a.jpg",Ordain Health Care Global Pvt Ltd,33,34,33
Fourderm Cream,Chlorhexidine Gluconate (0.20% w/w) + Clobetasol (0.05% w/w) + Miconazole (2% w/w) + Neomycin (0.5% w/w),Treatment of Skin infections,Itching Thinning of skin Burning sensation at the site of application Irritation,"https://onemg.gumlet.io/l_watermark_346,w_480,h_480/a_ignore,w_480,h_480,c_fit,q_auto,f_auto/cropped/twx0mglkwyt0iodq0utq.jpg",Cipla Ltd,36,30,34
For-IC Capsule,Pentosan polysulfate sodium (100mg),Treatment of Interstitial cystitis,Hair loss Rash Headache Dizziness Nausea Abdominal pain Diarrhea Dyspepsia Liver dysfunction,"https://onemg.gumlet.io/l_watermark_346,w_480,h_480/a_ignore,w_480,h_480,c_fit,q_auto,f_auto/db2c920a9dcf40e3a9b80cd11a961fa7.jpg",Cipla Ltd,22,22,56
Floace Ophthalmic Suspension,Fluorometholone (0.1% w/v), Redness and swelling in the eye,Eye irritation Burning sensation Watery eyes,"https://onemg.gumlet.io/l_watermark_346,w_480,h_480/a_ignore,w_480,h_480,c_fit,q_auto,f_auto/vhsrtuiwmgodkxncwr6b.jpg",Sentiss Pharma,50,50,0
Fluticort F 250 Capsule,Formoterol (6mcg) + Fluticasone Propionate (250mcg),Treatment of Chronic obstructive pulmonary disease (COPD),Headache Cough Upper respiratory tract infection Nasopharyngitis inflammation of the throat and nasal passages Sinus inflammation Stomach discomfort Fungal infection of oropharynx Tremors Palpitations Voice change,"https://onemg.gumlet.io/l_watermark_346,w_480,h_480/a_ignore,w_480,h_480,c_fit,q_auto,f_auto/e2f7a2f14ba04d9ea1a6c885b8d39d3c.jpg",Macleods Pharmaceuticals Pvt Ltd,22,56,22
Flutee 40mg Capsule,Fluoxetine (40mg),Treatment of DepressionTreatment of Panic disorderTreatment of Obsessive-compulsive disorder,Erectile dysfunction Indigestion Influenza like syndrome Loss of appetite Depression Low sexual desire Nausea Sore throat Sweating Tremors Weakness Yawning Abnormal dreams Delayed ejaculation Dryness in mouth Insomnia difficulty in sleeping Nervousness Sleepiness Sinus infection,"https://onemg.gumlet.io/l_watermark_346,w_480,h_480/a_ignore,w_480,h_480,c_fit,q_auto,f_auto/62b28a69367a4efb980aeca3b615c3ce.jpg",Talent India ,57,33,10
Formonide Forte Respicap,Formoterol (12mcg) + Budesonide (400mcg),Treatment of Chronic obstructive pulmonary disease (COPD),Headache Nausea Vomiting Stomach discomfort Dizziness Cough Nasopharyngitis inflammation of the throat and nasal passages Upper respiratory tract infection Sinus inflammation Fungal infection of oropharynx Tremors Palpitations Voice change,"https://onemg.gumlet.io/l_watermark_346,w_480,h_480/a_ignore,w_480,h_480,c_fit,q_auto,f_auto/u6vuwdtpeblm2x1aj31t.jpg",Zydus Cadila,42,41,17
Fullform 400 Rotacap,Beclometasone (400mcg) + Formoterol (6mcg), Chronic obstructive pulmonary disease (COPD),Headache Pneumonia Pharyngitis Voice change Tremors,"https://onemg.gumlet.io/l_watermark_346,w_480,h_480/a_ignore,w_480,h_480,c_fit,q_auto,f_auto/cropped/audy70dtw0eoxuqc6b03.jpg",Cipla Ltd,72,17,11
Formoflo 125 Transhaler,Formoterol (6mcg) + Fluticasone Propionate (125mcg),Treatment of Chronic obstructive pulmonary disease (COPD),Headache Cough Upper respiratory tract infection Nasopharyngitis inflammation of the throat and nasal passages Sinus inflammation Stomach discomfort Fungal infection of oropharynx Tremors Palpitations Voice change,"https://onemg.gumlet.io/l_watermark_346,w_480,h_480/a_ignore,w_480,h_480,c_fit,q_auto,f_auto/u01uwyix5phgcgks64wf.jpg",Lupin Ltd,33,34,33
Flutas 400mg Tablet,Fluconazole (400mg),Treatment of Fungal infections,Headache Nausea Stomach pain,"https://onemg.gumlet.io/l_watermark_346,w_480,h_480/a_ignore,w_480,h_480,c_fit,q_auto,f_auto/038d1c4c84774d1c8e42b5730879e480.jpg",Intas Pharmaceuticals Ltd,22,56,22
Floatin 10mg Tablet,Fluoxetine (10mg),Treatment of DepressionTreatment of Panic disorderTreatment of Obsessive-compulsive disorder,Erectile dysfunction Indigestion Influenza like syndrome Loss of appetite Depression Low sexual desire Nausea Sore throat Sweating Tremors Weakness Yawning Abnormal dreams Delayed ejaculation Dryness in mouth Insomnia difficulty in sleeping Nervousness Sleepiness Sinus infection,"https://onemg.gumlet.io/l_watermark_346,w_480,h_480/a_ignore,w_480,h_480,c_fit,q_auto,f_auto/3db23d92591b4eea9006b5f74034fdeb.jpg",Icon Life Sciences,67,33,0
Flucos DT 50 Tablet,Fluconazole (50mg),Treatment of Fungal infections,Headache Nausea Stomach pain,"https://onemg.gumlet.io/l_watermark_346,w_480,h_480/a_ignore,w_480,h_480,c_fit,q_auto,f_auto/cropped/yh5dyb1rxq1eo3ttixuw.png",Oaknet Healthcare Pvt Ltd,22,67,11
Feboxa 80 Tablet,Febuxostat (80mg),Treatment of Gout,Diarrhea Headache Increased liver enzymes Nausea Skin rash,"https://onemg.gumlet.io/l_watermark_346,w_480,h_480/a_ignore,w_480,h_480,c_fit,q_auto,f_auto/4e45413180da412f8f3b28f9a4cf9b46.jpg",Sun Pharmaceutical Industries Ltd,100,0,0
Fusee Ointment,Fusidic Acid (2% w/w),Treatment of Bacterial skin infections Bacterial eye infections,Application site reactions burning irritation itching and redness,"https://onemg.gumlet.io/l_watermark_346,w_480,h_480/a_ignore,w_480,h_480,c_fit,q_auto,f_auto/rkpzrsv68frt4feu3dxq.jpg",Talent India ,33,17,50
Frext CR 100 Tablet,Fluvoxamine (100mg), Depression Obsessive-compulsive disorder,Delayed ejaculation Drowsiness Erectile dysfunction Low sexual desire Nausea Vomiting Dryness in mouth Fatigue Increased sweating Indigestion Insomnia difficulty in sleeping Loss of appetite Nervousness Tremors,"https://onemg.gumlet.io/l_watermark_346,w_480,h_480/a_ignore,w_480,h_480,c_fit,q_auto,f_auto/cropped/biwqqccpfwfn51z5n0jw.jpg",Intas Pharmaceuticals Ltd,17,58,25
Fexofen 120 Tablet,Fexofenadine (120mg),Treatment of Sneezing and runny nose due to allergiesTreatment of Allergic conditions,Headache Drowsiness Dizziness Nausea,"https://onemg.gumlet.io/l_watermark_346,w_480,h_480/a_ignore,w_480,h_480,c_fit,q_auto,f_auto/cropped/izapz6cvtw4iam09uooe.jpg",Aristo Pharmaceuticals Pvt Ltd,50,50,0
Floatin 40mg Tablet,Fluoxetine (40mg),Treatment of DepressionTreatment of Panic disorderTreatment of Obsessive-compulsive disorder,Erectile dysfunction Indigestion Influenza like syndrome Loss of appetite Depression Low sexual desire Nausea Sore throat Sweating Tremors Weakness Yawning Abnormal dreams Delayed ejaculation Dryness in mouth Insomnia difficulty in sleeping Nervousness Sleepiness Sinus infection,"https://onemg.gumlet.io/l_watermark_346,w_480,h_480/a_ignore,w_480,h_480,c_fit,q_auto,f_auto/7df5703517a344128c668c5636a5a7ef.jpg",Icon Life Sciences,25,42,33
Foligraf 150IU Injection,Urofollitropin (150IU), Female infertility,Abdominal pain Headache Bloating Pelvic pain Abdominal cramp Nausea Respiratory disorder Hot flushes,"https://onemg.gumlet.io/l_watermark_346,w_480,h_480/a_ignore,w_480,h_480,c_fit,q_auto,f_auto/a847444cff844f478e8c09ed7e404ec8.jpg",Bharat Serums & Vaccines Ltd,0,17,83
Faxicad 400 Tablet,Rifaximin (400mg),Treatment of Hepatic encephalopathyTreatment of Infectious diarrhea,Dizziness Nausea Peripheral edema Ascites accumulation of fluid in the abdominal cavity Fatigue Depression Nasopharyngitis inflammation of the throat and nasal passages Joint pain Rash Muscle pain,"https://onemg.gumlet.io/l_watermark_346,w_480,h_480/a_ignore,w_480,h_480,c_fit,q_auto,f_auto/c9ea4bb93a174a51b30a6175ac755370.jpg",Cadila Pharmaceuticals Ltd,100,0,0
Fungizole Cream,Ketoconazole (2% w/w), Fungal skin infections,Skin peeling Application site reactions burning irritation itching and redness Nausea Vomiting Abdominal pain Increased liver enzymes Application site redness Itching Diarrhea Abnormal liver function tests Adrenal insufficiency Application site burning,"https://onemg.gumlet.io/l_watermark_346,w_480,h_480/a_ignore,w_480,h_480,c_fit,q_auto,f_auto/nvljvj8bmods5nygfsds.jpg",Psycormedies,0,67,33
FM Derma Ointment,Fluticasone Propionate (0.005% w/w) + Mupirocin (2% w/w), Severe allergic reactionsTreatment of Skin conditions with inflammation & itching,Headache Cough Nosebleeds Taste change Nasopharyngitis inflammation of the throat and nasal passages Upper respiratory tract infection Sinus inflammation Stomach discomfort Fungal infection of oropharynx Tremors Palpitations Voice change Itching Burning sensation,"https://onemg.gumlet.io/l_watermark_346,w_480,h_480/a_ignore,w_480,h_480,c_fit,q_auto,f_auto/cropped/xjmcf5gy1gyayzc7ekkb.jpg",NuLife Pharmaceuticals,47,33,20
Fondum 2.5mg Injection,Fondaparinux (2.5mg), Deep vein thrombosis Pulmonary embolism,Bleeding Anemia low number of red blood cells,"https://onemg.gumlet.io/l_watermark_346,w_480,h_480/a_ignore,w_480,h_480,c_fit,q_auto,f_auto/l3wemjxgeuov7xapumqx.jpg",Aristo Pharmaceuticals Pvt Ltd,67,33,0
Formonide 100 Inhaler,Formoterol (6mcg) + Budesonide (100mcg),Treatment of Chronic obstructive pulmonary disease (COPD),Headache Nausea Vomiting Stomach discomfort Dizziness Cough Nasopharyngitis inflammation of the throat and nasal passages Upper respiratory tract infection Sinus inflammation Fungal infection of oropharynx Tremors Palpitations Voice change,"https://onemg.gumlet.io/l_watermark_346,w_480,h_480/a_ignore,w_480,h_480,c_fit,q_auto,f_auto/496e697d2df94cb08e41f9118c477029.jpg",Zydus Cadila,22,78,0
Fungikem 200 Capsule,Itraconazole (200mg),Treatment of Fungal infections,Nausea Abdominal pain Constipation Dizziness Headache Indigestion Vomiting,"https://onemg.gumlet.io/l_watermark_346,w_480,h_480/a_ignore,w_480,h_480,c_fit,q_auto,f_auto/6361624c90354ce2ae73df4452dc72a9.jpg",Alkem Laboratories Ltd,22,11,67
Fondared 7.5 Injection,Fondaparinux (7.5mg), Deep vein thrombosis Pulmonary embolism,Bleeding Anemia low number of red blood cells,"https://onemg.gumlet.io/l_watermark_346,w_480,h_480/a_ignore,w_480,h_480,c_fit,q_auto,f_auto/a1797b30c4ed4c159332caa22613470f.jpg",Dr Reddy's Laboratories Ltd,25,50,25
Formost 200 Respicap,Formoterol (6mcg) + Mometasone (200mcg), Chronic obstructive pulmonary disease (COPD),Nausea Vomiting Respiratory tract infection Fungal infection of mouth Sore throat Headache Hoarseness of voice Dryness in mouth Cough Musculoskeletal bone muscle or joint pain Increased heart rate,"https://onemg.gumlet.io/l_watermark_346,w_480,h_480/a_ignore,w_480,h_480,c_fit,q_auto,f_auto/cropped/elxouoxqckgvi5f5zxyu.jpg",Zydus Cadila,47,20,33
Fomtide 200 Octacap,Formoterol (6mcg) + Budesonide (200mcg),Treatment of Chronic obstructive pulmonary disease (COPD),Headache Nausea Vomiting Stomach discomfort Dizziness Cough Nasopharyngitis inflammation of the throat and nasal passages Upper respiratory tract infection Sinus inflammation Fungal infection of oropharynx Tremors Palpitations Voice change,"https://onemg.gumlet.io/l_watermark_346,w_480,h_480/a_ignore,w_480,h_480,c_fit,q_auto,f_auto/92025ebf647e42128917e49f348f80a9.jpg",Sun Pharmaceutical Industries Ltd,53,47,0
Fusiwal Cream,Fusidic Acid (2% w/w),Treatment of Bacterial skin infections Bacterial eye infections,Application site reactions burning irritation itching and redness,"https://onemg.gumlet.io/l_watermark_346,w_480,h_480/a_ignore,w_480,h_480,c_fit,q_auto,f_auto/cropped/tqnmmw34kewpmrcaj7ns.jpg",Wallace Pharmaceuticals Pvt Ltd,19,31,50
Fungeeheal 100 Capsule,Itraconazole (100mg),Treatment of Fungal infections,Nausea Abdominal pain Constipation Dizziness Headache Indigestion Vomiting,"https://onemg.gumlet.io/l_watermark_346,w_480,h_480/a_ignore,w_480,h_480,c_fit,q_auto,f_auto/1697a5d609f845bd8b3dae3511e67894.jpg",Lupin Ltd,67,33,0
Fourderm Cream,Chlorhexidine Gluconate (0.20% w/w) + Clobetasol (0.05% w/w) + Miconazole (2% w/w) + Neomycin (0.5% w/w),Treatment of Skin infections,Itching Thinning of skin Burning sensation at the site of application Irritation,"https://onemg.gumlet.io/l_watermark_346,w_480,h_480/a_ignore,w_480,h_480,c_fit,q_auto,f_auto/1a123e2103224c678334049d09072ea6.jpg",Cipla Ltd,24,24,52
Freelac Granules Orange Lemon,Lactitol (10gm) + Ispaghula (3.5gm),Treatment of Constipation,Bloating Stomach cramp Flatulence,"https://onemg.gumlet.io/l_watermark_346,w_480,h_480/a_ignore,w_480,h_480,c_fit,q_auto,f_auto/660a5b058aa74be5ad857d43f19ddeb8.jpg",Leeford Healthcare Ltd,67,33,0
Flutas 150 Tablet,Fluconazole (150mg),Treatment of Fungal infections,Headache Nausea Stomach pain,"https://onemg.gumlet.io/l_watermark_346,w_480,h_480/a_ignore,w_480,h_480,c_fit,q_auto,f_auto/f18db966724a4547ac380fb05f4dbd06.jpg",Intas Pharmaceuticals Ltd,33,67,0
Formin Plus  500 Tablet SR,Metformin (500mg) + Methylcobalamin (750mcg),Treatment of Type 2 diabetes mellitus,Nausea Taste change Loss of appetite Diarrhea Stomach pain,"https://onemg.gumlet.io/l_watermark_346,w_480,h_480/a_ignore,w_480,h_480,c_fit,q_auto,f_auto/cropped/ssdcfojbvo5gacdx5elv.jpg",Alkem Laboratories Ltd,22,34,44
Folitrax 20 Injection,Methotrexate (20mg),Treatment of Rheumatoid arthritisTreatment of PsoriasisTreatment of CancerTreatment of Crohn’s disease,Abdominal pain Indigestion Loss of appetite Nausea Vomiting Tiredness Mouth sore Low blood platelets Hair loss,"https://onemg.gumlet.io/l_watermark_346,w_480,h_480/a_ignore,w_480,h_480,c_fit,q_auto,f_auto/cropped/niu1k37nfgtno37o7ocg.jpg",Ipca Laboratories Ltd,15,52,33
Fritolev 500 Tablet,Levetiracetam (500mg),Treatment of Epilepsy/Seizures,Sleepiness Dizziness Fatigue Headache Decreased appetite Behavioral changes Aggressive behavior Irritation Agitation Nasal congestion stuffy nose Infection Convulsion Nasopharyngitis inflammation of the throat and nasal passages Nausea Tremors Vertigo Lethargy,"https://onemg.gumlet.io/l_watermark_346,w_480,h_480/a_ignore,w_480,h_480,c_fit,q_auto,f_auto/cropped/rmlokcbgee3xyrb488mr.jpg",Arinna Lifescience Pvt Ltd,56,44,0
Frext 100 Tablet,Fluvoxamine (100mg), Depression Obsessive-compulsive disorder,Delayed ejaculation Drowsiness Erectile dysfunction Low sexual desire Nausea Vomiting Dryness in mouth Fatigue Increased sweating Indigestion Insomnia difficulty in sleeping Loss of appetite Nervousness Tremors,"https://onemg.gumlet.io/l_watermark_346,w_480,h_480/a_ignore,w_480,h_480,c_fit,q_auto,f_auto/cropped/fkkoafyqmkjv27vmdf7c.jpg",Intas Pharmaceuticals Ltd,39,50,11
Fenza-L Cream,Luliconazole (1% w/w),Treatment of Fungal skin infections,Application site reactions burning irritation itching and redness Dry skin Skin peeling Blisters on skin,"https://onemg.gumlet.io/l_watermark_346,w_480,h_480/a_ignore,w_480,h_480,c_fit,q_auto,f_auto/cropped/rv0be7d5ud0kddif2rhd.jpg",Integrace Pvt Ltd,33,27,40
ForAir 250 Respicap,Salmeterol (50mcg) + Fluticasone Propionate (250mcg),Treatment of Chronic obstructive pulmonary disease (COPD),Headache Cough Upper respiratory tract infection Nasopharyngitis inflammation of the throat and nasal passages Sinus inflammation Stomach discomfort Fungal infection of oropharynx Tremors Palpitations Voice change,"https://onemg.gumlet.io/l_watermark_346,w_480,h_480/a_ignore,w_480,h_480,c_fit,q_auto,f_auto/cropped/qftpsnf67fi2dwzjxjxy.jpg",Zydus Cadila,44,17,39
Fabiflu Tablet,Favipiravir (200mg),Treatment of Coronavirus disease (COVID-19),Increased uric acid level in blood Diarrhea Decreased white blood cell count neutrophils Increased liver enzymes,"https://onemg.gumlet.io/l_watermark_346,w_480,h_480/a_ignore,w_480,h_480,c_fit,q_auto,f_auto/cropped/yldwrqybv6pcaevomuqv.png",Glenmark Pharmaceuticals Ltd,44,39,17
Flame 20mg Tablet,Fluoxetine (20mg),Treatment of DepressionTreatment of Panic disorderTreatment of Obsessive-compulsive disorder,Erectile dysfunction Indigestion Influenza like syndrome Loss of appetite Depression Low sexual desire Nausea Sore throat Sweating Tremors Weakness Yawning Abnormal dreams Delayed ejaculation Dryness in mouth Insomnia difficulty in sleeping Nervousness Sleepiness Sinus infection,"https://onemg.gumlet.io/l_watermark_346,w_480,h_480/a_ignore,w_480,h_480,c_fit,q_auto,f_auto/jcgyonvsw0tzlddhmed5.jpg",Solvate Laboratries Pvt Ltd,0,50,50
Fibrogesic N Tablet,Pregabalin (75mg) + Nortriptyline (10mg) + Methylcobalamin (1500mcg),Treatment of Neuropathic pain,Constipation Weight gain Orthostatic hypotension sudden lowering of blood pressure on standing Increased heart rate Dizziness Sleepiness Tiredness Blurred vision Dryness in mouth Difficulty in urination Uncoordinated body movements,"https://onemg.gumlet.io/l_watermark_346,w_480,h_480/a_ignore,w_480,h_480,c_fit,q_auto,f_auto/ffdc7d6cd43e4436a0105183f10163af.jpg",Goddres Pharmaceuticals Pvt Ltd,100,0,0
Febs Tablet,Febuxostat (40mg),Treatment of Gout,Diarrhea Headache Increased liver enzymes Nausea Skin rash,"https://onemg.gumlet.io/l_watermark_346,w_480,h_480/a_ignore,w_480,h_480,c_fit,q_auto,f_auto/jbovtfa19nofttabrdjp.jpg",Mediart Lifesciences Pvt Ltd,0,44,56
Foxstat 80 Tablet,Febuxostat (80mg),Treatment of Gout,Diarrhea Headache Increased liver enzymes Nausea Skin rash,"https://onemg.gumlet.io/l_watermark_346,w_480,h_480/a_ignore,w_480,h_480,c_fit,q_auto,f_auto/cropped/v8keifnyenyi2aaakimg.jpg",Franco-Indian Pharmaceuticals Pvt Ltd,0,33,67
Firmagon 80mg Injection,Degarelix (80mg), Prostate cancer,Injection site reactions pain swelling redness Weight gain Hot flashes Increased liver enzymes Low sexual desire Erectile dysfunction,"https://onemg.gumlet.io/l_watermark_346,w_480,h_480/a_ignore,w_480,h_480,c_fit,q_auto,f_auto/rbhfp6qwqzb3r0tms2qh.jpg",Ferring Pharmaceuticals,62,38,0
Fexocet 180mg Tablet,Fexofenadine (180mg),Treatment of Sneezing and runny nose due to allergiesTreatment of Allergic conditions,Headache Drowsiness Dizziness Nausea,"https://onemg.gumlet.io/l_watermark_346,w_480,h_480/a_ignore,w_480,h_480,c_fit,q_auto,f_auto/1764971baf9f4d2fbacb571ddba62acc.jpg",Kivi Labs Ltd,56,22,22
Femcinol-A Gel,Clindamycin (1% w/w) + Nicotinamide (4% w/w),Treatment of Acne,Skin peeling Dry skin Erythema skin redness Burning sensation at the site of application,"https://onemg.gumlet.io/l_watermark_346,w_480,h_480/a_ignore,w_480,h_480,c_fit,q_auto,f_auto/eivkuozynevxg93ohn1i.jpg",Dabur India Ltd,21,53,26
Fintrix Tablet,Terbinafine (250mg), Fungal infections,Headache Diarrhea Rash Indigestion Abnormal liver enzyme Itching Taste change Nausea Abdominal pain Flatulence,"https://onemg.gumlet.io/l_watermark_346,w_480,h_480/a_ignore,w_480,h_480,c_fit,q_auto,f_auto/cropped/rjcbonbzn9pixjf9bfzi.jpg",Micro Labs Ltd,33,37,30
Fbx 80 Tablet,Febuxostat (80mg),Treatment of Gout,Diarrhea Headache Increased liver enzymes Nausea Skin rash,"https://onemg.gumlet.io/l_watermark_346,w_480,h_480/a_ignore,w_480,h_480,c_fit,q_auto,f_auto/cropped/zmjhfdethncfixfuvre4.jpg",Albert David Ltd,56,44,0
Famcimac 250 Tablet,Famciclovir (250mg), Herpes labialis Herpes Simplex Virus Infections Shingles Genital herpes infection,Headache Dizziness Nausea Rash Abdominal pain Itching Abnormal liver function tests Increased lipase in the blood Elevated levels of serum amylase,"https://onemg.gumlet.io/l_watermark_346,w_480,h_480/a_ignore,w_480,h_480,c_fit,q_auto,f_auto/mhedscn8ie2y8xgnnjaw.jpg",Macleods Pharmaceuticals Pvt Ltd,22,56,22
Flublock Nasal Spray,Fluticasone Furoate (27.5mcg),Treatment of Sneezing and runny nose due to allergies,Nasal inflammation Headache Nosebleeds Nasal ulceration Breathlessness,"https://onemg.gumlet.io/l_watermark_346,w_480,h_480/a_ignore,w_480,h_480,c_fit,q_auto,f_auto/cropped/bfcfwimwvhu3e1wfdbhx.jpg",Glenmark Pharmaceuticals Ltd,31,50,19
Flugesic SR Tablet,Flupirtine (400mg), Pain relief,Fatigue Dizziness Nausea Dryness in mouth Tremors Heartburn Vomiting Abdominal pain Constipation Loss of appetite Depression Headache Abdominal discomfort Sleep disturbance Increased sweating Restlessness Nervousness Flatulence Diarrhea,"https://onemg.gumlet.io/l_watermark_346,w_480,h_480/a_ignore,w_480,h_480,c_fit,q_auto,f_auto/c0be5d251b364d81b89a8e7a07320a27.jpg",Lupin Ltd,83,17,0
Femitraz Tablet,Anastrozole (1mg), Breast cancer,Hot flashes Nausea Osteoporosis Skin rash Weakness,"https://onemg.gumlet.io/l_watermark_346,w_480,h_480/a_ignore,w_480,h_480,c_fit,q_auto,f_auto/tob9rvspnxglfxwzvn0w.jpg",Lupin Ltd,83,17,0
Flexilor 8 Tablet,Lornoxicam (8mg), Pain relief,Dizziness Headache Stomach pain Upset stomach Diarrhea Nausea Vomiting Indigestion,"https://onemg.gumlet.io/l_watermark_346,w_480,h_480/a_ignore,w_480,h_480,c_fit,q_auto,f_auto/g9gxfsdvb7cxrphc4t1a.jpg",Integrace Pvt Ltd,27,40,33
Fluoren Nasal Spray,Fluticasone Furoate (27.5mcg),Treatment of Sneezing and runny nose due to allergies,Nasal inflammation Headache Nosebleeds Nasal ulceration Breathlessness,"https://onemg.gumlet.io/l_watermark_346,w_480,h_480/a_ignore,w_480,h_480,c_fit,q_auto,f_auto/7326921b32d243afb0bb3530d1f0ef65.jpg",Indoco Remedies Ltd,47,40,13
Facer-MR Tablet,Aceclofenac (100mg) + Paracetamol (500mg) + Chlorzoxazone (250mg),Treatment of Muscular pain,Nausea Vomiting Heartburn Stomach pain Diarrhea Loss of appetite Tiredness Sleepiness,"https://onemg.gumlet.io/l_watermark_346,w_480,h_480/a_ignore,w_480,h_480,c_fit,q_auto,f_auto/cropped/ynpcymvddz8vj8wlcq0l.jpg",Emcure Pharmaceuticals Ltd,22,78,0
Funzi-L Lotion Alcohol Free,Luliconazole (1% w/v),Treatment of Fungal skin infections,Application site reactions burning irritation itching and redness Dry skin Skin peeling Blisters on skin,"https://onemg.gumlet.io/l_watermark_346,w_480,h_480/a_ignore,w_480,h_480,c_fit,q_auto,f_auto/f64c5346e8c649db9602f25d06cf00fe.jpg",Corona Remedies Pvt Ltd,27,40,33
Floxsafe 400 Tablet,Moxifloxacin (400mg),Treatment of Bacterial eye infections,Eye discomfort Dry eye Burning sensation in eye,"https://onemg.gumlet.io/l_watermark_346,w_480,h_480/a_ignore,w_480,h_480,c_fit,q_auto,f_auto/cropped/wminotn54o9c5182xzap.jpg",MSN Laboratories,25,33,42
Flupanol 10mg Tablet,Flunarizine (10mg),Prevention of Migraine,Sleepiness Weight gain Muscle pain Fatigue Constipation Nausea Insomnia difficulty in sleeping Runny nose Increased appetite Depression Stomach discomfort Breast pain,"https://onemg.gumlet.io/l_watermark_346,w_480,h_480/a_ignore,w_480,h_480,c_fit,q_auto,f_auto/401c400ec73b4f14af6e8a167e76c52b.jpg",Icon Life Sciences,100,0,0
Fintop-AF Cream,Amorolfine (0.25% w/w), Fungal nail infections,Blisters on skin Nail disorder Skin irritation Skin rash Erythema skin redness,"https://onemg.gumlet.io/l_watermark_346,w_480,h_480/a_ignore,w_480,h_480,c_fit,q_auto,f_auto/gf1rctwofdz22mdk2d26.jpg",Glenmark Pharmaceuticals Ltd,67,11,22
Fenti Vaginal Capsule,Fenticonazole (600mg), Fungal infections of vagina,Erythema skin redness,"https://onemg.gumlet.io/l_watermark_346,w_480,h_480/a_ignore,w_480,h_480,c_fit,q_auto,f_auto/c3ea856bb26e4aca9e5e07382eb89c6f.jpg",Lincoln Pharmaceuticals Ltd,0,33,67
Fever-X Tablet,Paracetamol (500mg), Pain reliefTreatment of Fever,Stomach pain Nausea Vomiting,"https://onemg.gumlet.io/l_watermark_346,w_480,h_480/a_ignore,w_480,h_480,c_fit,q_auto,f_auto/cropped/hbqagwjd3wdvq8a4cwts.jpg",Morepen Laboratories Ltd,56,11,33
Fluticort F 250 Inhaler,Formoterol (6mcg) + Fluticasone Propionate (250mcg),Treatment of Chronic obstructive pulmonary disease (COPD),Headache Cough Upper respiratory tract infection Nasopharyngitis inflammation of the throat and nasal passages Sinus inflammation Stomach discomfort Fungal infection of oropharynx Tremors Palpitations Voice change,"https://onemg.gumlet.io/l_watermark_346,w_480,h_480/a_ignore,w_480,h_480,c_fit,q_auto,f_auto/bkfoaibka67i9q8x7tvg.jpg",Macleods Pharmaceuticals Pvt Ltd,22,22,56
Formosone 250 CFC Free Inhaler,Formoterol (6mcg) + Fluticasone Propionate (250mcg),Treatment of Chronic obstructive pulmonary disease (COPD),Headache Cough Upper respiratory tract infection Nasopharyngitis inflammation of the throat and nasal passages Sinus inflammation Stomach discomfort Fungal infection of oropharynx Tremors Palpitations Voice change,"https://onemg.gumlet.io/l_watermark_346,w_480,h_480/a_ignore,w_480,h_480,c_fit,q_auto,f_auto/09f73c64ee784c51b1e592129e1c98e3.jpg",Zydus Cadila,33,67,0
Florina G 0.05mg/0.25mg Tablet,Ethinyl Estradiol (0.05mg) + Levonorgestrel (0.25mg), Contraception,Nausea Headache Breast pain Abdominal pain Weight gain Depression,"https://onemg.gumlet.io/l_watermark_346,w_480,h_480/a_ignore,w_480,h_480,c_fit,q_auto,f_auto/f707a278d6844035bd4cd92be2f5d48c.jpg",Unicure India Pvt Ltd,33,34,33
Finacet 5mg Tablet,Finasteride (5mg),Treatment of Benign prostatic hyperplasia,Decreased libido Erectile dysfunction Ejaculation disorder,"https://onemg.gumlet.io/l_watermark_346,w_480,h_480/a_ignore,w_480,h_480,c_fit,q_auto,f_auto/714bfba405c1460098c0301831003b3b.jpg",Kivi Labs Ltd,0,0,100
Fungid Best 150mg Tablet,Fluconazole (150mg),Treatment of Fungal infections,Headache Nausea Stomach pain,"https://onemg.gumlet.io/l_watermark_346,w_480,h_480/a_ignore,w_480,h_480,c_fit,q_auto,f_auto/44da18e0c73d4a3e89bee3b32c6ace2c.jpg",BestoChem Formulations  India  Ltd,56,11,33
Fluvator 100 Tablet,Fluvoxamine (100mg), Depression Obsessive-compulsive disorder,Delayed ejaculation Drowsiness Erectile dysfunction Low sexual desire Nausea Vomiting Dryness in mouth Fatigue Increased sweating Indigestion Insomnia difficulty in sleeping Loss of appetite Nervousness Tremors,"https://onemg.gumlet.io/l_watermark_346,w_480,h_480/a_ignore,w_480,h_480,c_fit,q_auto,f_auto/cropped/ystxg1oytbc6ld70pq1j.jpg",Torrent Pharmaceuticals Ltd,28,31,41
Fostera 20 mg/10 mg Tablet,Fluoxetine (20mg) + Olanzapine (10mg), Bipolar depression,Nausea Vomiting Diarrhea Constipation Dryness in mouth Weight gain Sleepiness Orthostatic hypotension sudden lowering of blood pressure on standing Dizziness Muscle stiffness Restlessness Tremors Delayed ejaculation Anorgasmia decreased orgasm Low sexual desire,"https://onemg.gumlet.io/l_watermark_346,w_480,h_480/a_ignore,w_480,h_480,c_fit,q_auto,f_auto/39b8469727af43d6ab2fd5f0a5f00bbc.jpg",Intas Pharmaceuticals Ltd,83,17,0
Fungikem 100 Capsule,Itraconazole (100mg),Treatment of Fungal infections,Nausea Abdominal pain Constipation Dizziness Headache Indigestion Vomiting,"https://onemg.gumlet.io/l_watermark_346,w_480,h_480/a_ignore,w_480,h_480,c_fit,q_auto,f_auto/ec2b5e5dfac44a96851b4260cb9cc1b8.jpg",Alkem Laboratories Ltd,0,0,100
Flohale 2mg Respules 2ml,Fluticasone Propionate (2mg),Treatment and prevention of Asthma,Upper respiratory tract infection Sinus infection Throat irritation Bronchitis inflammation of the airways Voice change,"https://onemg.gumlet.io/l_watermark_346,w_480,h_480/a_ignore,w_480,h_480,c_fit,q_auto,f_auto/5d559b398b144de2ab4ab7a9e00fc5d6.jpg",Cipla Ltd,67,33,0
F Next Dusting Powder,Allantoin (0.2% w/w) + Clotrimazole (1% w/w),Treatment of Fungal skin infections,Application site reactions burning irritation itching and redness,"https://onemg.gumlet.io/l_watermark_346,w_480,h_480/a_ignore,w_480,h_480,c_fit,q_auto,f_auto/cropped/rdudltvyg8oyszi60dgc.jpg",Ethinext Pharma,63,27,10
Flarex  Ophthalmic Suspension,Fluorometholone (0.1% w/v), Redness and swelling in the eye,Eye irritation Burning sensation Watery eyes,"https://onemg.gumlet.io/l_watermark_346,w_480,h_480/a_ignore,w_480,h_480,c_fit,q_auto,f_auto/cropped/utaeog6y9mghzfuqj4wb.jpg",Alcon Laboratories,40,23,37
Funzi-L Cream,Luliconazole (1% w/w),Treatment of Fungal skin infections,Application site reactions burning irritation itching and redness Dry skin Skin peeling Blisters on skin,"https://onemg.gumlet.io/l_watermark_346,w_480,h_480/a_ignore,w_480,h_480,c_fit,q_auto,f_auto/wsmgj3slcci9csum0rnb.jpg",Corona Remedies Pvt Ltd,33,0,67
Forlast 2.5mg Tablet,Tadalafil (2.5mg),Treatment of Erectile dysfunction,Flushing sense of warmth in the face ears neck and trunk Headache Blurred vision Muscle pain Upset stomach Nasal congestion stuffy nose,"https://onemg.gumlet.io/l_watermark_346,w_480,h_480/a_ignore,w_480,h_480,c_fit,q_auto,f_auto/fdc22bfab3ef46af8df131fc561aff6f.jpg",Alteus Biogenics Pvt Ltd,100,0,0
Finap Tablet,Finasteride (1mg),Treatment of Hair loss,Decreased libido Erectile dysfunction Ejaculation disorder,"https://onemg.gumlet.io/l_watermark_346,w_480,h_480/a_ignore,w_480,h_480,c_fit,q_auto,f_auto/cropped/cirenq56tnkwjnmr87g4.jpg",Salve Pharmaceuticals Pvt Ltd,17,66,17
Fusibest Cream,Fusidic Acid (2% w/w),Treatment of Bacterial skin infections Bacterial eye infections,Application site reactions burning irritation itching and redness,"https://onemg.gumlet.io/l_watermark_346,w_480,h_480/a_ignore,w_480,h_480,c_fit,q_auto,f_auto/cropped/gxdaapqsnbkokgyfclte.jpg",Systopic Laboratories Pvt Ltd,56,44,0
Fexofen 180mg Tablet,Fexofenadine (180mg),Treatment of Sneezing and runny nose due to allergiesTreatment of Allergic conditions,Headache Drowsiness Dizziness Nausea,"https://onemg.gumlet.io/l_watermark_346,w_480,h_480/a_ignore,w_480,h_480,c_fit,q_auto,f_auto/2e640a272e5f4d0dac6e6313e07816e4.jpg",Aristo Pharmaceuticals Pvt Ltd,44,56,0
Fibricor Injection,Ibutilide (NA), Arrhythmia,Nausea Vomiting Taste change Slow heart rate Constipation Diarrhea Increased liver enzymes Sleep disorder Photosensitivity Eczema Heart failure Rash Fatigue,"https://onemg.gumlet.io/l_watermark_346,w_480,h_480/a_ignore,w_480,h_480,c_fit,q_auto,f_auto/jzn0gj80y9jqcmae8gyg.jpg",Zuventus Healthcare Ltd,50,50,0
Fintrix 500 Tablet,Terbinafine (500mg), Fungal infections,Headache Diarrhea Rash Indigestion Abnormal liver enzyme Itching Taste change Nausea Abdominal pain Flatulence,"https://onemg.gumlet.io/l_watermark_346,w_480,h_480/a_ignore,w_480,h_480,c_fit,q_auto,f_auto/cropped/th7zz4wwfwdlnkalfecb.jpg",Micro Labs Ltd,67,19,14
Fentiderm Cream,Fenticonazole (2% w/w), Fungal infections of vagina,Erythema skin redness,"https://onemg.gumlet.io/l_watermark_346,w_480,h_480/a_ignore,w_480,h_480,c_fit,q_auto,f_auto/bd14725e524f404d8b86286e84be9122.jpg",Canixa Life Sciences Pvt,0,67,33
Fusiron Cream,Mometasone (0.1% w/w) + Fusidic Acid (2% w/w),Treatment of Skin conditions with inflammation & itching,Headache Sore throat Itching Nosebleeds Viral infection Upper respiratory tract infection Vomiting,"https://onemg.gumlet.io/l_watermark_346,w_480,h_480/a_ignore,w_480,h_480,c_fit,q_auto,f_auto/e578927ed993418e9844a3f554a111f2.jpg",Dermajoint India,67,33,0
Fexolife 180 Tablet,Fexofenadine (180mg),Treatment of Sneezing and runny nose due to allergiesTreatment of Allergic conditions,Headache Drowsiness Dizziness Nausea,"https://onemg.gumlet.io/l_watermark_346,w_480,h_480/a_ignore,w_480,h_480,c_fit,q_auto,f_auto/cropped/vcst9jwfbc0bsb7vt14i.jpg",Dr. Johns Laboratories Pvt Ltd,0,0,100
Furotop FA Cream,Mometasone (0.1% w/w) + Fusidic Acid (2% w/w),Treatment of Skin conditions with inflammation & itching,Headache Sore throat Itching Nosebleeds Viral infection Upper respiratory tract infection Vomiting,"https://onemg.gumlet.io/l_watermark_346,w_480,h_480/a_ignore,w_480,h_480,c_fit,q_auto,f_auto/2544594c187642ae8eebadbf708799c8.jpg",Amwill Healthcare,33,67,0
Fonafirst 1% Cream,Bifonazole (1% w/w), Fungal skin infections,Application site reactions burning irritation itching and redness,"https://onemg.gumlet.io/l_watermark_346,w_480,h_480/a_ignore,w_480,h_480,c_fit,q_auto,f_auto/hsjeyy6rcxqycq3mdjrl.jpg",Skin First Cosmeceutical,67,33,0
Formonide Forte 12mcg/400mcg Inhaler,Formoterol (12mcg) + Budesonide (400mcg),Treatment of Chronic obstructive pulmonary disease (COPD),Headache Nausea Vomiting Stomach discomfort Dizziness Cough Nasopharyngitis inflammation of the throat and nasal passages Upper respiratory tract infection Sinus inflammation Fungal infection of oropharynx Tremors Palpitations Voice change,"https://onemg.gumlet.io/l_watermark_346,w_480,h_480/a_ignore,w_480,h_480,c_fit,q_auto,f_auto/u380hmedib5mdckfbnon.jpg",Zydus Cadila,50,39,11
Febucip 80 Tablet,Febuxostat (80mg),Treatment of Gout,Diarrhea Headache Increased liver enzymes Nausea Skin rash,"https://onemg.gumlet.io/l_watermark_346,w_480,h_480/a_ignore,w_480,h_480,c_fit,q_auto,f_auto/cropped/ryw91az20hbkw9ksj7md.jpg",Cipla Ltd,50,50,0
Formost 400 Respicap,Formoterol (6mcg) + Mometasone (400mcg), Chronic obstructive pulmonary disease (COPD),Nausea Vomiting Respiratory tract infection Fungal infection of mouth Sore throat Headache Hoarseness of voice Dryness in mouth Cough Musculoskeletal bone muscle or joint pain Increased heart rate,"https://onemg.gumlet.io/l_watermark_346,w_480,h_480/a_ignore,w_480,h_480,c_fit,q_auto,f_auto/cropped/rqsm0jbdp0oi8fovooex.jpg",Zydus Cadila,83,0,17
Fusiwal B Cream,Beclometasone (0.025% w/w) + Fusidic Acid (2% w/w), Skin infections,Application site reactions burning irritation itching and redness,"https://onemg.gumlet.io/l_watermark_346,w_480,h_480/a_ignore,w_480,h_480,c_fit,q_auto,f_auto/cropped/uvu1a2hi6tosxr3pd5z6.jpg",Wallace Pharmaceuticals Pvt Ltd,33,45,22
Fusiderm Ointment,Fusidic Acid (2% w/w),Treatment of Bacterial skin infections Bacterial eye infections,Application site reactions burning irritation itching and redness,"https://onemg.gumlet.io/l_watermark_346,w_480,h_480/a_ignore,w_480,h_480,c_fit,q_auto,f_auto/cropped/zfve1dp7frujepdvhep7.jpg",Indi Pharma,27,13,60
Finetret Soft Gelatin Capsule,Isotretinoin (20mg),Treatment of Acne,Dry skin Increased liver enzymes Rash,"https://onemg.gumlet.io/l_watermark_346,w_480,h_480/a_ignore,w_480,h_480,c_fit,q_auto,f_auto/56e63eb6b1144ad9a44868a08131dd81.jpg",Rockmed Pharma Pvt. Ltd.,33,29,38
Funzi Tablet,Terbinafine (250mg), Fungal infections,Headache Diarrhea Rash Indigestion Abnormal liver enzyme Itching Taste change Nausea Abdominal pain Flatulence,"https://onemg.gumlet.io/l_watermark_346,w_480,h_480/a_ignore,w_480,h_480,c_fit,q_auto,f_auto/cropped/lvkgsmsani9lalpj8nqr.jpg",Corona Remedies Pvt Ltd,28,50,22
Finabald 2.5mg Tablet,Finasteride (2.5mg),Treatment of Hair lossTreatment of Benign prostatic hyperplasia,Decreased libido Erectile dysfunction Ejaculation disorder,"https://onemg.gumlet.io/l_watermark_346,w_480,h_480/a_ignore,w_480,h_480,c_fit,q_auto,f_auto/4afe73e6d1f344748817f021b3715f6c.jpg",East West Pharma,20,53,27
Formosone Forte Respicap,Formoterol (12mcg) + Fluticasone Propionate (500mcg),Treatment of Chronic obstructive pulmonary disease (COPD),Headache Cough Upper respiratory tract infection Nasopharyngitis inflammation of the throat and nasal passages Sinus inflammation Stomach discomfort Fungal infection of oropharynx Tremors Palpitations Voice change,"https://onemg.gumlet.io/l_watermark_346,w_480,h_480/a_ignore,w_480,h_480,c_fit,q_auto,f_auto/77212f5329b549469ea60ee8758e3d64.jpg",Zydus Cadila,13,67,20
Flosoft Eye Drop,Fluorometholone (0.1% w/v), Redness and swelling in the eye,Eye irritation Burning sensation Watery eyes,"https://onemg.gumlet.io/l_watermark_346,w_480,h_480/a_ignore,w_480,h_480,c_fit,q_auto,f_auto/cropped/pjyfyattcxvvgeishc6p.jpg",Cipla Ltd,56,22,22
Formost 200 Inhaler,Formoterol (6mcg) + Mometasone (200mcg), Chronic obstructive pulmonary disease (COPD),Nausea Vomiting Respiratory tract infection Fungal infection of mouth Sore throat Headache Hoarseness of voice Dryness in mouth Cough Musculoskeletal bone muscle or joint pain Increased heart rate,"https://onemg.gumlet.io/l_watermark_346,w_480,h_480/a_ignore,w_480,h_480,c_fit,q_auto,f_auto/019c7bd08ead437fa3c4974b1c17d853.jpg",Zydus Cadila,80,20,0
Fuzinix Cream,Fusidic Acid (2% w/w),Treatment of Bacterial skin infections Bacterial eye infections,Application site reactions burning irritation itching and redness,"https://onemg.gumlet.io/l_watermark_346,w_480,h_480/a_ignore,w_480,h_480,c_fit,q_auto,f_auto/cropped/gskypncc5g8uxbqxdloy.jpg",Canixa Life Sciences Pvt,22,22,56
Fusiscalp Lotion,Fusidic Acid (2% w/v),Treatment of Bacterial skin infections Bacterial eye infections,Application site reactions burning irritation itching and redness,"https://onemg.gumlet.io/l_watermark_346,w_480,h_480/a_ignore,w_480,h_480,c_fit,q_auto,f_auto/ga3p71yzynyhkkbxs3mi.jpg",Dolphin Laboratories Ltd,33,45,22
Fibroprist Tablet,Ulipristal acetate (5mg), Uterine fibroids,Absence of menstrual periods Headache Endometrial hyperplasia,"https://onemg.gumlet.io/l_watermark_346,w_480,h_480/a_ignore,w_480,h_480,c_fit,q_auto,f_auto/cropped/k3po3hgdksd0lzc5se56.png",Akumentis Healthcare Ltd,28,32,40
Fomtide 400 CFC Free Inhaler,Formoterol (6mcg) + Budesonide (400mcg),Treatment of Chronic obstructive pulmonary disease (COPD),Headache Nausea Vomiting Stomach discomfort Dizziness Cough Nasopharyngitis inflammation of the throat and nasal passages Upper respiratory tract infection Sinus inflammation Fungal infection of oropharynx Tremors Palpitations Voice change,"https://onemg.gumlet.io/l_watermark_346,w_480,h_480/a_ignore,w_480,h_480,c_fit,q_auto,f_auto/520cd575f5c0476d92ba2f65bd2f593f.jpg",Sun Pharmaceutical Industries Ltd,33,0,67
Fondazest 7.5 Injection,Fondaparinux (7.5mg), Deep vein thrombosis Pulmonary embolism,Bleeding Anemia low number of red blood cells,"https://onemg.gumlet.io/l_watermark_346,w_480,h_480/a_ignore,w_480,h_480,c_fit,q_auto,f_auto/e89a97d84c364329acb558a896cf95f6.jpg",Abbott,33,17,50
Flutee 60mg Capsule,Fluoxetine (60mg),Treatment of DepressionTreatment of Panic disorderTreatment of Obsessive-compulsive disorder,Erectile dysfunction Indigestion Influenza like syndrome Loss of appetite Depression Low sexual desire Nausea Sore throat Sweating Tremors Weakness Yawning Abnormal dreams Delayed ejaculation Dryness in mouth Insomnia difficulty in sleeping Nervousness Sleepiness Sinus infection,"https://onemg.gumlet.io/l_watermark_346,w_480,h_480/a_ignore,w_480,h_480,c_fit,q_auto,f_auto/33fbc86a0c9e464d8453a8c74bb1e565.jpg",Talent India ,25,25,50
Flurisone Eye Ointment,Fluorometholone (0.1% w/w), Redness and swelling in the eye,Eye irritation Burning sensation Watery eyes,"https://onemg.gumlet.io/l_watermark_346,w_480,h_480/a_ignore,w_480,h_480,c_fit,q_auto,f_auto/cropped/nltnin5l4urroyzqkd0f.jpg",Micro Labs Ltd,62,24,14
Fenixa 120 Tablet,Fexofenadine (120mg),Treatment of Sneezing and runny nose due to allergiesTreatment of Allergic conditions,Headache Drowsiness Dizziness Nausea,"https://onemg.gumlet.io/l_watermark_346,w_480,h_480/a_ignore,w_480,h_480,c_fit,q_auto,f_auto/cropped/esl3psay1fja0swda8k2.jpg",Canixa Life Sciences Pvt,33,17,50
Femcort 0.1% Cream,Mometasone (0.1%),Treatment of Skin conditions with inflammation & itching,Stinging sensation Itching Hair follicle inflammation,"https://onemg.gumlet.io/l_watermark_346,w_480,h_480/a_ignore,w_480,h_480,c_fit,q_auto,f_auto/3accf14929514a6ab9b32106840055b0.jpg",Dabur India Ltd,100,0,0
Fenza Cream,Fenticonazole (2% w/w), Fungal infections of vagina,Erythema skin redness,"https://onemg.gumlet.io/l_watermark_346,w_480,h_480/a_ignore,w_480,h_480,c_fit,q_auto,f_auto/cropped/pjypfepxwfxseo2ach25.jpg",Integrace Pvt Ltd,0,72,28
Febuday 80 Tablet,Febuxostat (80mg),Treatment of Gout,Diarrhea Headache Increased liver enzymes Nausea Skin rash,"https://onemg.gumlet.io/l_watermark_346,w_480,h_480/a_ignore,w_480,h_480,c_fit,q_auto,f_auto/cropped/gonpiugcsp6sivcbswrk.jpg",MSN Laboratories,0,56,44
Fusicare Cream,Fusidic Acid (2% w/w),Treatment of Bacterial skin infections Bacterial eye infections,Application site reactions burning irritation itching and redness,"https://onemg.gumlet.io/l_watermark_346,w_480,h_480/a_ignore,w_480,h_480,c_fit,q_auto,f_auto/cropped/rtfrrktyjuey5mji2m5o.jpg",Dermo Care Laboratories,50,17,33
Fevago 120mg Oral Suspension Strawberry,Paracetamol (120mg/5ml), Pain reliefTreatment of Fever,Indigestion Stomach pain Nausea Vomiting,"https://onemg.gumlet.io/l_watermark_346,w_480,h_480/a_ignore,w_480,h_480,c_fit,q_auto,f_auto/cropped/hgrwk8jppr54uagiqyit.jpg",Cipla Ltd,0,33,67
Forzid 2gm Injection,Ceftazidime (2gm), Bacterial infections,Rash Allergic reaction Injection site reaction Diarrhea,"https://onemg.gumlet.io/l_watermark_346,w_480,h_480/a_ignore,w_480,h_480,c_fit,q_auto,f_auto/1bddc2971d3f425c9bc85946dc599bc2.jpg",United Biotech Pvt Ltd,100,0,0
Febugood 80 Tablet,Febuxostat (80mg),Treatment of Gout,Diarrhea Headache Increased liver enzymes Nausea Skin rash,"https://onemg.gumlet.io/l_watermark_346,w_480,h_480/a_ignore,w_480,h_480,c_fit,q_auto,f_auto/rziznuy77xzxog73snhf.jpg",Torrent Pharmaceuticals Ltd,27,60,13
ForAir 500 Respicap,Salmeterol (50mcg) + Fluticasone Propionate (500mcg),Treatment of Chronic obstructive pulmonary disease (COPD),Headache Cough Upper respiratory tract infection Nasopharyngitis inflammation of the throat and nasal passages Sinus inflammation Stomach discomfort Fungal infection of oropharynx Tremors Palpitations Voice change,"https://onemg.gumlet.io/l_watermark_346,w_480,h_480/a_ignore,w_480,h_480,c_fit,q_auto,f_auto/fom9g06cgu6i5p6ezpb5.jpg",Zydus Cadila,67,33,0
Firsito 10 Tablet,Escitalopram Oxalate (10mg),Treatment of DepressionTreatment of Anxiety disorderTreatment of Panic disorder,Anorgasmia decreased orgasm in women Decreased libido Delayed ejaculation Fatigue Increased sweating Insomnia difficulty in sleeping Nausea Sleepiness,"https://onemg.gumlet.io/l_watermark_346,w_480,h_480/a_ignore,w_480,h_480,c_fit,q_auto,f_auto/bf439c659e6241acb2dab8e6e87b2735.jpg",Zydus Cadila,22,56,22
Fensupp 12.5 Suppository,Diclofenac (12.5mg), Pain relief,Anal irritation Anal itching Black colored stool Edema swelling Nausea Headache Dizziness Vomiting Itching Flatulence Indigestion Pain in extremities,"https://onemg.gumlet.io/l_watermark_346,w_480,h_480/a_ignore,w_480,h_480,c_fit,q_auto,f_auto/cropped/dh9v1mamcdmkm5dtjvzd.jpg",Meridian Enterprises Pvt Ltd,100,0,0
Formoflo 6mcg/100mcg Transcaps,Formoterol (6mcg) + Fluticasone Propionate (100mcg),Treatment of Chronic obstructive pulmonary disease (COPD),Headache Cough Upper respiratory tract infection Nasopharyngitis inflammation of the throat and nasal passages Sinus inflammation Stomach discomfort Fungal infection of oropharynx Tremors Palpitations Voice change,"https://onemg.gumlet.io/l_watermark_346,w_480,h_480/a_ignore,w_480,h_480,c_fit,q_auto,f_auto/hri7juanrchs1l1wrskm.jpg",Lupin Ltd,0,50,50
Fertigyn HP 2000 Injection,Human chorionic gonadotropin (hCG) (2000IU),Treatment of Female infertilityTreatment of Male hypogonadism,Injection site pain Headache Fatigue Depression Irritation Restlessness,"https://onemg.gumlet.io/l_watermark_346,w_480,h_480/a_ignore,w_480,h_480,c_fit,q_auto,f_auto/f9396ff714f049b59358a1da4429dbf9.jpg",Sun Pharmaceutical Industries Ltd,33,45,22
Fungicip 150mg Tablet,Fluconazole (150mg),Treatment of Fungal infections,Headache Nausea Stomach pain,"https://onemg.gumlet.io/l_watermark_346,w_480,h_480/a_ignore,w_480,h_480,c_fit,q_auto,f_auto/fe4d1f320d9a4522983c3fb3710295b5.jpg",Cipla Ltd,47,13,40
FM 1 Eye Drop,Fluorometholone (NA), Redness and swelling in the eye,Eye irritation Burning sensation Watery eyes,"https://onemg.gumlet.io/l_watermark_346,w_480,h_480/a_ignore,w_480,h_480,c_fit,q_auto,f_auto/eb6fed23ecaa414298306400b64daf34.jpg",Nri Vision Care India Limited,0,0,100
Fudic Cream,Fusidic Acid (2% w/w),Treatment of Bacterial skin infections Bacterial eye infections,Application site reactions burning irritation itching and redness,"https://onemg.gumlet.io/l_watermark_346,w_480,h_480/a_ignore,w_480,h_480,c_fit,q_auto,f_auto/qxfwapyfa91sq4ozzdcq.jpg",Hegde and Hegde Pharmaceutical LLP,22,56,22
Foracort 200 Autohaler,Formoterol (6mcg) + Budesonide (200mcg),Treatment of Chronic obstructive pulmonary disease (COPD),Headache Nausea Vomiting Stomach discomfort Dizziness Cough Nasopharyngitis inflammation of the throat and nasal passages Upper respiratory tract infection Sinus inflammation Fungal infection of oropharynx Tremors Palpitations Voice change,"https://onemg.gumlet.io/l_watermark_346,w_480,h_480/a_ignore,w_480,h_480,c_fit,q_auto,f_auto/amztjxxtdljqitywmkle.jpg",Cipla Ltd,44,26,30
Flucos ITZ 200 Capsule,Itraconazole (200mg),Treatment of Fungal infections,Nausea Abdominal pain Constipation Dizziness Headache Indigestion Vomiting,"https://onemg.gumlet.io/l_watermark_346,w_480,h_480/a_ignore,w_480,h_480,c_fit,q_auto,f_auto/58d8854d972344ccab2f3e020b676523.jpg",Oaknet Healthcare Pvt Ltd,33,67,0
Fosabest Tablet,Alendronic Acid (70mg) + Vitamin D3 (5600IU), Osteoporosis,Headache Musculoskeletal bone muscle or joint pain Back pain Indigestion Diarrhea Heartburn,"https://onemg.gumlet.io/l_watermark_346,w_480,h_480/a_ignore,w_480,h_480,c_fit,q_auto,f_auto/2a0b7a0988ac479d9b26edaa55eeb198.jpg",TBG pharma ltd,33,67,0
Fingomod Capsule,Fingolimod (0.5mg), Multiple sclerosis (MS),Flu Diarrhea Back pain Increased transaminase level in blood Cough,"https://onemg.gumlet.io/l_watermark_346,w_480,h_480/a_ignore,w_480,h_480,c_fit,q_auto,f_auto/cropped/cjzdsqktltqtwoydrkq3.jpg",Sun Pharmaceutical Industries Ltd,67,33,0
Forfora-Z Shampoo,Ketoconazole (2% w/v) + Zinc pyrithione (1% w/v),Treatment of Dandruff,Application site reactions burning irritation itching and redness,"https://onemg.gumlet.io/l_watermark_346,w_480,h_480/a_ignore,w_480,h_480,c_fit,q_auto,f_auto/dafd653120a543818587f59b39d570fe.jpg",Encore Pharmaceuticals Inc.,44,56,0
Fungotek Cream,Terbinafine (1% w/w), Fungal skin infections,Application site reactions burning irritation itching and redness Skin peeling Headache Diarrhea Rash Indigestion Abnormal liver enzyme Itching Taste change Nausea Abdominal pain Flatulence,"https://onemg.gumlet.io/l_watermark_346,w_480,h_480/a_ignore,w_480,h_480,c_fit,q_auto,f_auto/cropped/tgvusfwt55xbt01rzm0h.jpg",FDC Ltd,56,44,0
Fexokast 10 mg/120 mg Tablet,Montelukast (10mg) + Fexofenadine (120mg),Treatment of Sneezing and runny nose due to allergies,Nausea Diarrhea Vomiting Skin rash Flu like symptoms Headache Drowsiness Dizziness,"https://onemg.gumlet.io/l_watermark_346,w_480,h_480/a_ignore,w_480,h_480,c_fit,q_auto,f_auto/679c7e0e03c64630ae0705f4102f3a52.jpg",Encore Pharmaceuticals Inc.,33,34,33
Finabald 5mg Tablet,Finasteride (5mg),Treatment of Benign prostatic hyperplasia,Decreased libido Erectile dysfunction Ejaculation disorder,"https://onemg.gumlet.io/l_watermark_346,w_480,h_480/a_ignore,w_480,h_480,c_fit,q_auto,f_auto/0b7ef8d45610409f80e990eed5ed06cc.jpg",East West Pharma,33,67,0
Fulite Cream,Fusidic Acid (2% w/w),Treatment of Bacterial skin infections Bacterial eye infections,Application site reactions burning irritation itching and redness,"https://onemg.gumlet.io/l_watermark_346,w_480,h_480/a_ignore,w_480,h_480,c_fit,q_auto,f_auto/cropped/pta24hksybwpprf8asyd.jpg",La-med Healthcare Pvt Ltd,22,56,22
Fluzol 150mg Tablet,Fluconazole (150mg),Treatment of Fungal infections,Headache Nausea Stomach pain,"https://onemg.gumlet.io/l_watermark_346,w_480,h_480/a_ignore,w_480,h_480,c_fit,q_auto,f_auto/4fbcbc80946f46b5bc2c85d3aa9b590b.jpg",Biochem Pharmaceutical Industries,56,22,22
Formost 400 Inhaler,Formoterol (6mcg) + Mometasone (400mcg), Chronic obstructive pulmonary disease (COPD),Nausea Vomiting Respiratory tract infection Fungal infection of mouth Sore throat Headache Hoarseness of voice Dryness in mouth Cough Musculoskeletal bone muscle or joint pain Increased heart rate,"https://onemg.gumlet.io/l_watermark_346,w_480,h_480/a_ignore,w_480,h_480,c_fit,q_auto,f_auto/hc7o0aiw5oo4pvltmall.jpg",Zydus Cadila,89,11,0
Floxiwave 20 Capsule,Fluoxetine (20mg),Treatment of DepressionTreatment of Panic disorderTreatment of Obsessive-compulsive disorder,Erectile dysfunction Indigestion Influenza like syndrome Loss of appetite Depression Low sexual desire Nausea Sore throat Sweating Tremors Weakness Yawning Abnormal dreams Delayed ejaculation Dryness in mouth Insomnia difficulty in sleeping Nervousness Sleepiness Sinus infection,"https://onemg.gumlet.io/l_watermark_346,w_480,h_480/a_ignore,w_480,h_480,c_fit,q_auto,f_auto/osqakgqkbkrmzyvvs0ug.jpg",Brainwave Healthcare Pvt Ltd,33,67,0
Funspor Dusting Powder,Clotrimazole (1% w/w),Treatment of Fungal skin infections,Blisters Skin peeling Swelling Application site irritation,"https://onemg.gumlet.io/l_watermark_346,w_480,h_480/a_ignore,w_480,h_480,c_fit,q_auto,f_auto/cropped/sqozre5wkqldwvmrwcpz.png",DWD Pharmaceuticals Ltd,0,33,67
Flucos ITZ 100 Capsule,Itraconazole (100mg),Treatment of Fungal infections,Nausea Abdominal pain Constipation Dizziness Headache Indigestion Vomiting,"https://onemg.gumlet.io/l_watermark_346,w_480,h_480/a_ignore,w_480,h_480,c_fit,q_auto,f_auto/9b48fe61a1bf4906ac8d2fb8b95c5ffc.jpg",Oaknet Healthcare Pvt Ltd,33,34,33
Fosidal Powder,Fosfomycin (3gm), Bacterial infections of urinary tract,Headache Dizziness Vaginal inflammation Indigestion,"https://onemg.gumlet.io/l_watermark_346,w_480,h_480/a_ignore,w_480,h_480,c_fit,q_auto,f_auto/cropped/pk0qrqoegmogc1shl5oe.jpg",Dr Reddy's Laboratories Ltd,67,33,0
Fusoceff CV 200mg/125mg Tablet,Cefpodoxime Proxetil (200mg) + Clavulanic Acid (125mg),Treatment of Respiratory tract infection,Nausea Diarrhea Headache Rash Abdominal pain Vaginal infection Fungal infection of vagina,"https://onemg.gumlet.io/l_watermark_346,w_480,h_480/a_ignore,w_480,h_480,c_fit,q_auto,f_auto/f769ff246e034a928ceafada7df15189.jpg",V R Med Healthcare,67,33,0
Fubox 80 Tablet,Febuxostat (80mg),Treatment of Gout,Diarrhea Headache Increased liver enzymes Nausea Skin rash,"https://onemg.gumlet.io/l_watermark_346,w_480,h_480/a_ignore,w_480,h_480,c_fit,q_auto,f_auto/cropped/ibotmmktlf4py545jkgy.jpg",C M R Life Sciences,0,33,67
Fensupp 100 Suppository,Diclofenac (100mg), Pain relief,Anal irritation Anal itching Black colored stool Edema swelling Nausea Headache Dizziness Vomiting Itching Flatulence Indigestion Pain in extremities,"https://onemg.gumlet.io/l_watermark_346,w_480,h_480/a_ignore,w_480,h_480,c_fit,q_auto,f_auto/pe8zh9nnsde0ecougb9n.jpg",Meridian Enterprises Pvt Ltd,67,33,0
Fusirose 2% Cream,Fusidic Acid (2% w/w),Treatment of Bacterial skin infections Bacterial eye infections,Application site reactions burning irritation itching and redness,"https://onemg.gumlet.io/l_watermark_346,w_480,h_480/a_ignore,w_480,h_480,c_fit,q_auto,f_auto/j9jk90pxfxvikdwglyyw.jpg",Alaxia Healthcare,0,67,33
Fulviglen 250mg Injection,Fulvestrant (250mg), Breast cancer,Headache Vomiting Weakness Allergic reaction Nausea Injection site reaction Urinary tract infection Diarrhea,"https://onemg.gumlet.io/l_watermark_346,w_480,h_480/a_ignore,w_480,h_480,c_fit,q_auto,f_auto/84fa37a370f4416987111bb4473e181d.jpg",Glenmark Pharmaceuticals Ltd,50,33,17
Fevago 100mg/ml Drop,Paracetamol (100mg/ml), Pain reliefTreatment of Fever,Indigestion Stomach pain Nausea Vomiting,"https://onemg.gumlet.io/l_watermark_346,w_480,h_480/a_ignore,w_480,h_480,c_fit,q_auto,f_auto/ipazazcqmp53ueiveg6n.jpg",Cipla Ltd,17,41,42
Fusiwal Ointment,Fusidic Acid (2% w/w),Treatment of Bacterial skin infections Bacterial eye infections,Application site reactions burning irritation itching and redness,"https://onemg.gumlet.io/l_watermark_346,w_480,h_480/a_ignore,w_480,h_480,c_fit,q_auto,f_auto/v1aqj2br4wgbtjymirex.jpg",Wallace Pharmaceuticals Pvt Ltd,92,8,0
Folitrax 7.5mg Injection,Methotrexate (7.5mg),Treatment of Rheumatoid arthritisTreatment of PsoriasisTreatment of CancerTreatment of Crohn’s disease,Abdominal pain Indigestion Loss of appetite Nausea Vomiting Tiredness Mouth sore Low blood platelets Hair loss,"https://onemg.gumlet.io/l_watermark_346,w_480,h_480/a_ignore,w_480,h_480,c_fit,q_auto,f_auto/504c8fae7de846d98855d3652a68fea4.jpg",Ipca Laboratories Ltd,22,56,22
Faxicad 200mg Tablet,Rifaximin (200mg),Treatment of Infectious diarrhea,Headache Nausea Fever Abdominal pain Vomiting Flatulence Constipation Tenesmus increased urge to pass stools,"https://onemg.gumlet.io/l_watermark_346,w_480,h_480/a_ignore,w_480,h_480,c_fit,q_auto,f_auto/bdc367a007b746ea8549345c3750046f.jpg",Cadila Pharmaceuticals Ltd,0,0,100
Fungerase-L Cream,Luliconazole (1% w/w),Treatment of Fungal skin infections,Application site reactions burning irritation itching and redness Dry skin Skin peeling Blisters on skin,"https://onemg.gumlet.io/l_watermark_346,w_480,h_480/a_ignore,w_480,h_480,c_fit,q_auto,f_auto/cropped/vmbdawxjt9fqww8ayhwp.jpg",Blaze Remedies,100,0,0
Flumet 1% Soap,Fluconazole (1% w/w), Fungal skin infectionsTreatment of Fungal infections,Application site reactions burning irritation itching and redness Headache Nausea Stomach pain,"https://onemg.gumlet.io/l_watermark_346,w_480,h_480/a_ignore,w_480,h_480,c_fit,q_auto,f_auto/f39412536e684dbb865f3b7a942a7c89.jpg",Leeford Healthcare Ltd,83,17,0
Finetears Eye Drop,Rebamipide (2% w/v),Treatment of Dry eyes,Limited data available,"https://onemg.gumlet.io/l_watermark_346,w_480,h_480/a_ignore,w_480,h_480,c_fit,q_auto,f_auto/ouitbmk7cq4xea5kdyff.jpg",Akumentis Healthcare Ltd,19,71,10
Febuxor 80 Tablet,Febuxostat (80mg),Treatment of Gout,Diarrhea Headache Increased liver enzymes Nausea Skin rash,"https://onemg.gumlet.io/l_watermark_346,w_480,h_480/a_ignore,w_480,h_480,c_fit,q_auto,f_auto/algmyzrls1ddrecxrz4p.jpg",Intas Pharmaceuticals Ltd,33,67,0
Fentimax Cream,Fenticonazole (2% w/w), Fungal infections of vagina,Erythema skin redness,"https://onemg.gumlet.io/l_watermark_346,w_480,h_480/a_ignore,w_480,h_480,c_fit,q_auto,f_auto/cropped/sj5eerhusuvniswyx4e3.jpg",Macleods Pharmaceuticals Pvt Ltd,33,34,33
Fxla 180 Tablet,Fexofenadine (180mg),Treatment of Sneezing and runny nose due to allergiesTreatment of Allergic conditions,Headache Drowsiness Dizziness Nausea,"https://onemg.gumlet.io/l_watermark_346,w_480,h_480/a_ignore,w_480,h_480,c_fit,q_auto,f_auto/cropped/hf7qclbnbisdf2d1xs5c.png",Rockmed Pharma Pvt. Ltd.,0,50,50
Flupanol 5mg Tablet,Flunarizine (5mg),Prevention of Migraine,Sleepiness Weight gain Muscle pain Fatigue Constipation Nausea Insomnia difficulty in sleeping Runny nose Increased appetite Depression Stomach discomfort Breast pain,"https://onemg.gumlet.io/l_watermark_346,w_480,h_480/a_ignore,w_480,h_480,c_fit,q_auto,f_auto/c5a139fa2a4a4ccf82fe2b802cc1a792.jpg",Icon Life Sciences,0,0,100
Fintrix Cream,Terbinafine (1% w/w), Fungal skin infections,Application site reactions burning irritation itching and redness Skin peeling Headache Diarrhea Rash Indigestion Abnormal liver enzyme Itching Taste change Nausea Abdominal pain Flatulence,"https://onemg.gumlet.io/l_watermark_346,w_480,h_480/a_ignore,w_480,h_480,c_fit,q_auto,f_auto/piullwcfe712qkj2880n.jpg",Micro Labs Ltd,33,67,0
Febuset 80 Tablet,Febuxostat (80mg),Treatment of Gout,Diarrhea Headache Increased liver enzymes Nausea Skin rash,"https://onemg.gumlet.io/l_watermark_346,w_480,h_480/a_ignore,w_480,h_480,c_fit,q_auto,f_auto/d91eafcff08a4ef7a1b8379a8228e7f8.jpg",Meyer Organics Pvt Ltd,0,0,100
Fungidust Dusting Powder,Clotrimazole (1% w/w),Treatment of Fungal skin infections,Blisters Skin peeling Swelling Application site irritation,"https://onemg.gumlet.io/l_watermark_346,w_480,h_480/a_ignore,w_480,h_480,c_fit,q_auto,f_auto/cropped/albejuhddqstdvw2ji1j.jpg",Sanstuti Pharmaceuticals Pvt Ltd,17,41,42
Formin Plus  1000 Tablet SR,Metformin (1000mg) + Methylcobalamin (750mcg),Treatment of Type 2 diabetes mellitus,Nausea Taste change Loss of appetite Diarrhea Stomach pain,"https://onemg.gumlet.io/l_watermark_346,w_480,h_480/a_ignore,w_480,h_480,c_fit,q_auto,f_auto/cropped/d3sy6yyhlywjw0q2lalx.jpg",Alkem Laboratories Ltd,0,44,56
Fimagen 60 Tablet,Fimasartan (60mg), Heart failure Hypertension (high blood pressure) Prevention of heart attack and stroke,Dizziness Headache,"https://onemg.gumlet.io/l_watermark_346,w_480,h_480/a_ignore,w_480,h_480,c_fit,q_auto,f_auto/nzldrgr6tfw8eo48dnci.jpg",Ajanta Pharma Ltd,0,50,50
ForAir 125 CFC free Inhaler,Salmeterol (25mcg) + Fluticasone Propionate (125mcg),Treatment of Chronic obstructive pulmonary disease (COPD),Headache Cough Upper respiratory tract infection Nasopharyngitis inflammation of the throat and nasal passages Sinus inflammation Stomach discomfort Fungal infection of oropharynx Tremors Palpitations Voice change,"https://onemg.gumlet.io/l_watermark_346,w_480,h_480/a_ignore,w_480,h_480,c_fit,q_auto,f_auto/df2740faa0ef4360afd1e319af29391f.jpg",Zydus Cadila,67,22,11
Fludafos 3gm Powder Vanilla,Fosfomycin (3gm), Bacterial infections of urinary tract,Headache Dizziness Vaginal inflammation Indigestion,"https://onemg.gumlet.io/l_watermark_346,w_480,h_480/a_ignore,w_480,h_480,c_fit,q_auto,f_auto/bv87nq15ssz5ml74e5s3.jpg",Bharat Serums & Vaccines Ltd,33,34,33
Fritolev 750 Tablet,Levetiracetam (750mg),Treatment of Epilepsy/Seizures,Sleepiness Dizziness Fatigue Headache Decreased appetite Behavioral changes Aggressive behavior Irritation Agitation Nasal congestion stuffy nose Infection Convulsion Nasopharyngitis inflammation of the throat and nasal passages Nausea Tremors Vertigo Lethargy,"https://onemg.gumlet.io/l_watermark_346,w_480,h_480/a_ignore,w_480,h_480,c_fit,q_auto,f_auto/231ad2f66a424b4f8dbb8a6c7258d4aa.jpg",Arinna Lifescience Pvt Ltd,44,56,0
Fusee-B Cream,Beclometasone (0.025% w/w) + Fusidic Acid (2% w/w), Skin infections,Application site reactions burning irritation itching and redness,"https://onemg.gumlet.io/l_watermark_346,w_480,h_480/a_ignore,w_480,h_480,c_fit,q_auto,f_auto/hqssyiypmhajjptbpu2q.jpg",Talent India ,52,48,0
Fibrocet 50 Tablet,Milnacipran (50mg), Fibromyalgia Depression,Nausea Vomiting Dizziness Insomnia difficulty in sleeping Constipation Anxiety Decreased appetite Increased sweating Sexual dysfunction,"https://onemg.gumlet.io/l_watermark_346,w_480,h_480/a_ignore,w_480,h_480,c_fit,q_auto,f_auto/9ecbd6064d86444894bb1cd7e53a14dd.jpg",ADN Life Sciences,100,0,0
Fuket Soap,Ketoconazole (2% w/w), Fungal skin infections,Skin peeling Application site reactions burning irritation itching and redness Nausea Vomiting Abdominal pain Increased liver enzymes Application site redness Itching Diarrhea Abnormal liver function tests Adrenal insufficiency Application site burning,"https://onemg.gumlet.io/l_watermark_346,w_480,h_480/a_ignore,w_480,h_480,c_fit,q_auto,f_auto/cropped/iik4gjqjnhl7tp2upwzc.jpg",Connote Healthcare,0,0,100
Fiboresp Tablet,Pirfenidone (200mg),Treatment of Idiopathic pulmonary fibrosis,Insomnia difficulty in sleeping Headache Dizziness Tiredness Sinus inflammation Loss of appetite Upper respiratory tract infection Weight loss Nausea Indigestion Diarrhea Photosensitivity,"https://onemg.gumlet.io/l_watermark_346,w_480,h_480/a_ignore,w_480,h_480,c_fit,q_auto,f_auto/213933ae86154968a163e7acea66c415.jpg",Glenmark Pharmaceuticals Ltd,30,60,10
Fabulas 80 Tablet,Febuxostat (80mg),Treatment of Gout,Diarrhea Headache Increased liver enzymes Nausea Skin rash,"https://onemg.gumlet.io/l_watermark_346,w_480,h_480/a_ignore,w_480,h_480,c_fit,q_auto,f_auto/xfhpsszyw0eye5u0hp5e.jpg",Intas Pharmaceuticals Ltd,0,50,50
Fmine 100 Tablet,Fluvoxamine (100mg), Depression Obsessive-compulsive disorder,Delayed ejaculation Drowsiness Erectile dysfunction Low sexual desire Nausea Vomiting Dryness in mouth Fatigue Increased sweating Indigestion Insomnia difficulty in sleeping Loss of appetite Nervousness Tremors,"https://onemg.gumlet.io/l_watermark_346,w_480,h_480/a_ignore,w_480,h_480,c_fit,q_auto,f_auto/17347d9606054c6db7cdb07070aba2ba.jpg",Aspen Pharma,33,67,0
Folimet 5mg Tablet,Folic Acid (5mg),Treatment of Anemia due to folic acid deficiency,Abdominal distension Flatulence Nausea Weight loss,"https://onemg.gumlet.io/l_watermark_346,w_480,h_480/a_ignore,w_480,h_480,c_fit,q_auto,f_auto/cropped/gqcgdtjtkhnze1rv5yqy.jpg",Merit Organics Ltd,67,33,0
Flucos Dusting Powder,Fluconazole (0.5% w/w), Fungal skin infectionsTreatment of Fungal infections,Application site reactions burning irritation itching and redness Headache Nausea Stomach pain,"https://onemg.gumlet.io/l_watermark_346,w_480,h_480/a_ignore,w_480,h_480,c_fit,q_auto,f_auto/cropped/go4ovrhukkfgf3nwloc6.jpg",Oaknet Healthcare Pvt Ltd,24,33,43
Fluanxol 3mg Tablet,Flupenthixol (3mg), Schizophrenia Depression Bipolar disorder,Sleepiness Orthostatic hypotension sudden lowering of blood pressure on standing Dryness in mouth Abnormality of voluntary movements Weight gain Increased prolactin level in blood Urinary retention Constipation Muscle stiffness Tremors,"https://onemg.gumlet.io/l_watermark_346,w_480,h_480/a_ignore,w_480,h_480,c_fit,q_auto,f_auto/cropped/vxxf9vsfmxexyq6i9jsy.jpg",Lundbeck India Pvt Ltd,67,33,0
Flunam 20mg Capsule,Fluoxetine (20mg),Treatment of DepressionTreatment of Panic disorderTreatment of Obsessive-compulsive disorder,Erectile dysfunction Indigestion Influenza like syndrome Loss of appetite Depression Low sexual desire Nausea Sore throat Sweating Tremors Weakness Yawning Abnormal dreams Delayed ejaculation Dryness in mouth Insomnia difficulty in sleeping Nervousness Sleepiness Sinus infection,"https://onemg.gumlet.io/l_watermark_346,w_480,h_480/a_ignore,w_480,h_480,c_fit,q_auto,f_auto/pp1ralngqfwgetaysr9r.jpg",Mayflower India,33,67,0
Fbt 80 Tablet,Febuxostat (80mg),Treatment of Gout,Diarrhea Headache Increased liver enzymes Nausea Skin rash,"https://onemg.gumlet.io/l_watermark_346,w_480,h_480/a_ignore,w_480,h_480,c_fit,q_auto,f_auto/cropped/yspvdhvvblfolinv1pru.jpg",Corona Remedies Pvt Ltd,67,33,0
Fucross-B Solution,Beclometasone (0.025% w/v) + Clotrimazole (2% w/v),Treatment of Fungal skin infections,Paresthesia tingling or pricking sensation Burning sensation Dry skin,"https://onemg.gumlet.io/l_watermark_346,w_480,h_480/a_ignore,w_480,h_480,c_fit,q_auto,f_auto/cropped/i6b0o7o826epp7ipsjni.jpg",Dermakare Pharmaceuticals Pvt Ltd,0,44,56
Foseal 800 Tablet,Sevelamer (800mg), High phosphate levels in blood,Nausea Vomiting Upper abdominal pain Flatulence Constipation Diarrhea,"https://onemg.gumlet.io/l_watermark_346,w_480,h_480/a_ignore,w_480,h_480,c_fit,q_auto,f_auto/cropped/pjpjzfz61hjxg6mauqg2.jpg",Emcure Pharmaceuticals Ltd,0,50,50
Fovepta 200IU Solution for Injection,Human Hepatitis B Immunoglobulin (200IU), Prevention of Hepatitis B infection,Flushing sense of warmth in the face ears neck and trunk Gastrointestinal disturbance Headache Dizziness Injection site reactions pain swelling redness,"https://onemg.gumlet.io/l_watermark_346,w_480,h_480/a_ignore,w_480,h_480,c_fit,q_auto,f_auto/cropped/scd3xqdf8p48j6kbeg7g.jpg",Paviour Pharmaceuticals Pvt Ltd,100,0,0
Flan Eye Ointment,Ofloxacin (0.3% w/w), Bacterial eye infectionsTreatment of Bacterial infections,Eye discomfort Nausea Headache Dizziness Itching Insomnia difficulty in sleeping Rash Genital itching Vaginal inflammation Phlebitis Injection site reactions pain swelling redness,"https://onemg.gumlet.io/l_watermark_346,w_480,h_480/a_ignore,w_480,h_480,c_fit,q_auto,f_auto/cropped/ogtxi9bil2z9xknftaw4.jpg",Pharmtak Ophtalmics India Pvt Ltd,0,33,67
Fuderm Cream,Fusidic Acid (2% w/w),Treatment of Bacterial skin infections Bacterial eye infections,Application site reactions burning irritation itching and redness,"https://onemg.gumlet.io/l_watermark_346,w_480,h_480/a_ignore,w_480,h_480,c_fit,q_auto,f_auto/cropped/ydnbsbnbjjcrfykc4hme.jpg",Intel Pharmaceuticals,67,33,0
Febubest 80 Tablet,Febuxostat (80mg),Treatment of Gout,Diarrhea Headache Increased liver enzymes Nausea Skin rash,"https://onemg.gumlet.io/l_watermark_346,w_480,h_480/a_ignore,w_480,h_480,c_fit,q_auto,f_auto/bq6hlnpickrwnkdbfkvs.jpg",Indoco Remedies Ltd,0,33,67
Fluguard 400 Tablet,Favipiravir (400mg),Treatment of Coronavirus disease (COVID-19),Increased uric acid level in blood Diarrhea Decreased white blood cell count neutrophils Increased liver enzymes,"https://onemg.gumlet.io/l_watermark_346,w_480,h_480/a_ignore,w_480,h_480,c_fit,q_auto,f_auto/xjb7yikaywkesjddhm3m.jpg",Sun Pharmaceutical Industries Ltd,0,33,67
Fintrix Cream,Terbinafine (1% w/w), Fungal skin infections,Application site reactions burning irritation itching and redness Skin peeling Headache Diarrhea Rash Indigestion Abnormal liver enzyme Itching Taste change Nausea Abdominal pain Flatulence,"https://onemg.gumlet.io/l_watermark_346,w_480,h_480/a_ignore,w_480,h_480,c_fit,q_auto,f_auto/cropped/bo9h20keikyuc7ljwx4t.jpg",Micro Labs Ltd,33,34,33
Fenograf S 360mg Tablet,Mycophenolate sodium (360mg), Prevention of organ rejection in transplant patients,Nausea Vomiting Diarrhea Abdominal pain Headache High blood pressure Decreased white blood cell count neutrophils Bacterial infection Fungal infection Pneumonia Increased uric acid level in blood Electrolyte imbalance Anxiety Breathlessness Increased creatinine level in blood Anemia low number of red blood cells Acne Muscle pain,"https://onemg.gumlet.io/l_watermark_346,w_480,h_480/a_ignore,w_480,h_480,c_fit,q_auto,f_auto/3293b50fdbea4039a52099391f006474.jpg",Torrent Pharmaceuticals Ltd,0,33,67
Flucalup 50mg Tablet,Fluconazole (50mg),Treatment of Fungal infections,Headache Nausea Stomach pain,"https://onemg.gumlet.io/l_watermark_346,w_480,h_480/a_ignore,w_480,h_480,c_fit,q_auto,f_auto/0049bd1986c24ea7b93f022e107b04a4.jpg",Lupin Ltd,0,33,67
Flucos ITZ Dusting Powder,Itraconazole (1% w/w),Treatment of Fungal skin infections,Application site reactions burning irritation itching and redness,"https://onemg.gumlet.io/l_watermark_346,w_480,h_480/a_ignore,w_480,h_480,c_fit,q_auto,f_auto/cropped/f8d226wi8l2didaatfeh.jpg",Oaknet Healthcare Pvt Ltd,0,50,50
Fatrova FT 160mg/10mg Tablet,Fenofibrate (160mg) + Rosuvastatin (10mg),Treatment of High cholesterolPrevention of Heart attack,Headache Muscle pain Constipation Abnormal liver function tests Joint pain Elevated creatine kinase Diabetes,"https://onemg.gumlet.io/l_watermark_346,w_480,h_480/a_ignore,w_480,h_480,c_fit,q_auto,f_auto/7f5a96dd917d47a9b8b5c87c89255972.jpg",Syswin Pharmaceuticals Pvt Ltd,67,33,0
Fexopen 180mg Tablet,Fexofenadine (180mg),Treatment of Sneezing and runny nose due to allergiesTreatment of Allergic conditions,Headache Drowsiness Dizziness Nausea,"https://onemg.gumlet.io/l_watermark_346,w_480,h_480/a_ignore,w_480,h_480,c_fit,q_auto,f_auto/r5ttoyqlg5btdkfk8bv1.jpg",Morepen Laboratories Ltd,20,27,53
Floxiwave 60 Capsule,Fluoxetine (60mg),Treatment of DepressionTreatment of Panic disorderTreatment of Obsessive-compulsive disorder,Erectile dysfunction Indigestion Influenza like syndrome Loss of appetite Depression Low sexual desire Nausea Sore throat Sweating Tremors Weakness Yawning Abnormal dreams Delayed ejaculation Dryness in mouth Insomnia difficulty in sleeping Nervousness Sleepiness Sinus infection,"https://onemg.gumlet.io/l_watermark_346,w_480,h_480/a_ignore,w_480,h_480,c_fit,q_auto,f_auto/cropped/g6hrpk0k9gz2moty9387.jpg",Brainwave Healthcare Pvt Ltd,0,33,67
Fibrimin-OD Tablet,Mesalazine (1200mg), Ulcerative colitis Crohn’s disease,Stomach pain epigastric pain Flatulence Headache Vomiting Diarrhea Nausea Abdominal pain Rash,"https://onemg.gumlet.io/l_watermark_346,w_480,h_480/a_ignore,w_480,h_480,c_fit,q_auto,f_auto/53b25d8a02874ca58576f83bb2ce4c06.jpg",Fibrica Healthcare Pvt Ltd,44,56,0
Funzi-IT Dusting Powder,Itraconazole (1% w/w),Treatment of Fungal skin infections,Application site reactions burning irritation itching and redness,"https://onemg.gumlet.io/l_watermark_346,w_480,h_480/a_ignore,w_480,h_480,c_fit,q_auto,f_auto/cropped/n2qvru6soquwwoiwa4me.jpg",Corona Remedies Pvt Ltd,28,39,33
Finlite Cream,Terbinafine (1% w/w), Fungal skin infections,Application site reactions burning irritation itching and redness Skin peeling Headache Diarrhea Rash Indigestion Abnormal liver enzyme Itching Taste change Nausea Abdominal pain Flatulence,"https://onemg.gumlet.io/l_watermark_346,w_480,h_480/a_ignore,w_480,h_480,c_fit,q_auto,f_auto/vfpdwytwul2dmniwm7pr.jpg",La Med India,67,33,0
Fimanta 120 Tablet,Fimasartan (120mg), Heart failure Hypertension (high blood pressure) Prevention of heart attack and stroke,Dizziness Headache,"https://onemg.gumlet.io/l_watermark_346,w_480,h_480/a_ignore,w_480,h_480,c_fit,q_auto,f_auto/w9lzkcuclcsaf6onhmih.jpg",Ajanta Pharma Ltd,0,0,100
Fenadol-DV Tablet,Drotaverine (80mg) + Aceclofenac (100mg),Treatment of Abdominal pain,Diarrhea Nausea Vomiting Dryness in mouth Dizziness Vertigo Insomnia difficulty in sleeping Hypotension low blood pressure Fast heart rate Sweating Constipation Indigestion Abdominal pain Increased liver enzymes,"https://onemg.gumlet.io/l_watermark_346,w_480,h_480/a_ignore,w_480,h_480,c_fit,q_auto,f_auto/cropped/cnx1mijuzpbwdnwezr53.png",Dolvis Bio Pharma Pvt Ltd,67,33,0
Forcutril Plus Cream,Ofloxacin (0.75% w/w) + Ornidazole (2% w/w) + Itraconazole (1% w/w) + Clobetasol (0.05% w/w), Skin infections,Limited data available,"https://onemg.gumlet.io/l_watermark_346,w_480,h_480/a_ignore,w_480,h_480,c_fit,q_auto,f_auto/wbyt1iykfh7bn33kdfdl.jpg",Elcliff Formulations Pvt Ltd,67,33,0
Flucowin Tablet,Fluconazole (150mg),Treatment of Fungal infections,Headache Nausea Stomach pain,"https://onemg.gumlet.io/l_watermark_346,w_480,h_480/a_ignore,w_480,h_480,c_fit,q_auto,f_auto/cropped/dcqmwatswzefhzcf1g5t.png",Makers Laboratories Ltd,33,34,33
Fapvir Tablet,Favipiravir (200mg),Treatment of Coronavirus disease (COVID-19),Increased uric acid level in blood Diarrhea Decreased white blood cell count neutrophils Increased liver enzymes,"https://onemg.gumlet.io/l_watermark_346,w_480,h_480/a_ignore,w_480,h_480,c_fit,q_auto,f_auto/k3v7rr5kvevuwzst5udk.jpg",Abbott,33,50,17
Folimost Gel,Choline Salicylate (8.7% w/w),Treatment of Mouth ulcers,Burning sensation Application site reactions burning irritation itching and redness,"https://onemg.gumlet.io/l_watermark_346,w_480,h_480/a_ignore,w_480,h_480,c_fit,q_auto,f_auto/cropped/kfc1nh869lhnyj0nqjs3.png",West-Coast Pharmaceutical Works Ltd,0,33,67
Fungiquick Capsule,Itraconazole (100mg),Treatment of Fungal infections,Nausea Abdominal pain Constipation Dizziness Headache Indigestion Vomiting,"https://onemg.gumlet.io/l_watermark_346,w_480,h_480/a_ignore,w_480,h_480,c_fit,q_auto,f_auto/cropped/oqbfvmq2ijyv1iwfrrf1.png",Vaishali Pharma Ltd,100,0,0
Formin-SR 500 Tablet,Metformin (500mg),Treatment of Type 2 diabetes mellitus,Diarrhea Nausea Vomiting Flatulence,"https://onemg.gumlet.io/l_watermark_346,w_480,h_480/a_ignore,w_480,h_480,c_fit,q_auto,f_auto/cropped/wfhfiza5lb01oicbs7jn.jpg",Alkem Laboratories Ltd,0,0,100
Formin-SR 500 Tablet,Metformin (500mg),Treatment of Type 2 diabetes mellitus,Diarrhea Nausea Vomiting Flatulence,"https://onemg.gumlet.io/l_watermark_346,w_480,h_480/a_ignore,w_480,h_480,c_fit,q_auto,f_auto/cropped/wfhfiza5lb01oicbs7jn.jpg",Alkem Laboratories Ltd,0,0,100
FMH-Coalsal Ointment,Clobetasol (0.05% w/w) + Salicylic Acid (6% w/w),Treatment of EczemaTreatment of Psoriasis,Skin peeling Thinning of skin Application site reactions burning irritation itching and redness,"https://onemg.gumlet.io/l_watermark_346,w_480,h_480/a_ignore,w_480,h_480,c_fit,q_auto,f_auto/cropped/iinbpkrd8cd5p2ui3zlv.jpg",Fhm Pharma Pvt Ltd,100,0,0
Gabapin NT Tablet,Gabapentin (400mg) + Nortriptyline (10mg),Treatment of Neuropathic pain,Constipation Difficulty in urination Weight gain Sleepiness Dizziness Tiredness Blurred vision Dryness in mouth Orthostatic hypotension sudden lowering of blood pressure on standing Increased heart rate Uncoordinated body movements,"https://onemg.gumlet.io/l_watermark_346,w_480,h_480/a_ignore,w_480,h_480,c_fit,q_auto,f_auto/cropped/f7kl01iiohelvbrftc11.jpg",Intas Pharmaceuticals Ltd,32,50,18
Glycomet 500 SR Tablet,Metformin (500mg),Treatment of Type 2 diabetes mellitus,Diarrhea Nausea Vomiting Flatulence,"https://onemg.gumlet.io/l_watermark_346,w_480,h_480/a_ignore,w_480,h_480,c_fit,q_auto,f_auto/utyaqcplcvlw6shx3lmm.jpg",USV Ltd,33,44,23
Gudcef 200 Tablet,Cefpodoxime Proxetil (200mg),Treatment of Bacterial infections,Rash Nausea Diarrhea,"https://onemg.gumlet.io/l_watermark_346,w_480,h_480/a_ignore,w_480,h_480,c_fit,q_auto,f_auto/cropped/pk13yuqrhkwn15idcgac.jpg",Mankind Pharma Ltd,33,44,23
Glycomet-GP 1 Tablet PR,Glimepiride (1mg) + Metformin (500mg),Treatment of Type 2 diabetes mellitus,Hypoglycemia low blood glucose level Headache Nausea Diarrhea Flatulence,"https://onemg.gumlet.io/l_watermark_346,w_480,h_480/a_ignore,w_480,h_480,c_fit,q_auto,f_auto/v9mscy7flmdd2vcxsuzc.jpg",USV Ltd,36,47,17
Gudcef-CV 200 Tablet,Cefpodoxime Proxetil (200mg) + Clavulanic Acid (125mg),Treatment of Respiratory tract infection,Nausea Diarrhea Headache Rash Abdominal pain Vaginal infection Fungal infection of vagina,"https://onemg.gumlet.io/l_watermark_346,w_480,h_480/a_ignore,w_480,h_480,c_fit,q_auto,f_auto/cropped/skt7efvv3ldbl5s1rusc.jpg",Mankind Pharma Ltd,37,44,19
Gabapin NT 100 Tablet,Gabapentin (100mg) + Nortriptyline (10mg),Treatment of Neuropathic pain,Constipation Difficulty in urination Weight gain Sleepiness Dizziness Tiredness Blurred vision Dryness in mouth Orthostatic hypotension sudden lowering of blood pressure on standing Increased heart rate Uncoordinated body movements,"https://onemg.gumlet.io/l_watermark_346,w_480,h_480/a_ignore,w_480,h_480,c_fit,q_auto,f_auto/cropped/krpmtanzzd90igxknddd.png",Intas Pharmaceuticals Ltd,15,57,28
Glycomet-GP 2 Tablet PR,Glimepiride (2mg) + Metformin (500mg),Treatment of Type 2 diabetes mellitus,Hypoglycemia low blood glucose level Headache Nausea Diarrhea Flatulence,"https://onemg.gumlet.io/l_watermark_346,w_480,h_480/a_ignore,w_480,h_480,c_fit,q_auto,f_auto/raiknno8yegabnob3rve.jpg",USV Ltd,33,48,19
Grilinctus-BM Syrup,Terbutaline (2.5mg/5ml) + Bromhexine (8mg/5ml),Treatment of Cough,Nausea Indigestion Bloating Diarrhea Dizziness Headache Tremors Sweating Skin rash Increased heart rate Palpitations,"https://onemg.gumlet.io/l_watermark_346,w_480,h_480/a_ignore,w_480,h_480,c_fit,q_auto,f_auto/72bc254105c64b68919797b5c4d41f45.jpg",Franco-Indian Pharmaceuticals Pvt Ltd,25,44,31
Gabapin 100 Tablet,Gabapentin (100mg),Treatment of Neuropathic painTreatment of Epilepsy/Seizures,Viral infection Sleepiness Dizziness Impaired coordination Fatigue Fever,"https://onemg.gumlet.io/l_watermark_346,w_480,h_480/a_ignore,w_480,h_480,c_fit,q_auto,f_auto/ncv25wqijuof2b5dcul5.jpg",Intas Pharmaceuticals Ltd,31,42,27
Glyciphage SR 500mg Tablet,Metformin (500mg),Treatment of Type 2 diabetes mellitus,Diarrhea Nausea Vomiting Flatulence,"https://onemg.gumlet.io/l_watermark_346,w_480,h_480/a_ignore,w_480,h_480,c_fit,q_auto,f_auto/cropped/em6mrhuqaiof22rrhogy.jpg",Franco-Indian Pharmaceuticals Pvt Ltd,26,42,32
Grenil Tablet,Domperidone (20mg) + Paracetamol (500mg),Treatment of Migraine,Dryness in mouth,"https://onemg.gumlet.io/l_watermark_346,w_480,h_480/a_ignore,w_480,h_480,c_fit,q_auto,f_auto/z5rp0grf5du9e22fsfmi.jpg",Karnataka Antibiotics & Pharmaceuticals Ltd,33,40,27
Ganaton Total Capsule SR,Pantoprazole (40mg) + Itopride (150mg), Gastroesophageal reflux disease (Acid reflux) Peptic ulcer disease,Diarrhea Stomach pain Headache Flatulence Dizziness Increased saliva production,"https://onemg.gumlet.io/l_watermark_346,w_480,h_480/a_ignore,w_480,h_480,c_fit,q_auto,f_auto/k2ctt444omeyu6nvxjkv.jpg",Abbott,28,41,31
Galvus Met 50mg/500mg Tablet,Metformin  (500mg) +  Vildagliptin (50mg),Treatment of Type 2 diabetes mellitus,Hypoglycemia low blood glucose level Trembling Headache Dizziness Nausea Weight gain,"https://onemg.gumlet.io/l_watermark_346,w_480,h_480/a_ignore,w_480,h_480,c_fit,q_auto,f_auto/35c7af4b8b114461ae7759ab4ca8fd2c.jpg",Novartis India Ltd,49,46,5
Ganaton Tablet,Itopride (50mg),Treatment of HeartburnTreatment of Nausea,Diarrhea,"https://onemg.gumlet.io/l_watermark_346,w_480,h_480/a_ignore,w_480,h_480,c_fit,q_auto,f_auto/47ef459dcc45424fa617061a4b668685.jpg",Abbott,25,45,30
Glynase-MF Tablet,Glipizide (5mg) + Metformin (500mg),Treatment of Type 2 diabetes mellitus,Hypoglycemia low blood glucose level Diarrhea Headache Upper respiratory tract infection,"https://onemg.gumlet.io/l_watermark_346,w_480,h_480/a_ignore,w_480,h_480,c_fit,q_auto,f_auto/add3d085777741db9de03349136a9188.jpg",USV Ltd,29,40,31
Glycomet Trio 2 Tablet SR,Glimepiride (2mg) + Metformin (500mg) + Voglibose (0.2mg),Treatment of Type 2 diabetes mellitus,Nausea Diarrhea Abdominal pain Hypoglycemia low blood glucose level,"https://onemg.gumlet.io/l_watermark_346,w_480,h_480/a_ignore,w_480,h_480,c_fit,q_auto,f_auto/cropped/rs3wmkmhftovuxbnxxo8.jpg",USV Ltd,46,46,8
Glimestar-M 1 Tablet PR,Glimepiride (1mg) + Metformin (500mg),Treatment of Type 2 diabetes mellitus,Hypoglycemia low blood glucose level Headache Nausea Diarrhea Flatulence,"https://onemg.gumlet.io/l_watermark_346,w_480,h_480/a_ignore,w_480,h_480,c_fit,q_auto,f_auto/cropped/fsqiqjv4xw66wmpwykig.png",Mankind Pharma Ltd,38,53,9
Genteal Eye Drop,Hydroxypropylmethylcellulose (0.3% w/v), Dry eyes,Blurred vision Eye irritation Eye pain Eye redness Foreign body sensation in eyes,"https://onemg.gumlet.io/l_watermark_346,w_480,h_480/a_ignore,w_480,h_480,c_fit,q_auto,f_auto/40bc7801278149f5aa8570d6fe8ee7d4.jpg",Alcon Laboratories,37,47,16
Gabaneuron NT Tablet,Gabapentin (300mg) + Nortriptyline (10mg),Treatment of Neuropathic pain,Constipation Difficulty in urination Weight gain Sleepiness Dizziness Tiredness Blurred vision Dryness in mouth Orthostatic hypotension sudden lowering of blood pressure on standing Increased heart rate Uncoordinated body movements,"https://onemg.gumlet.io/l_watermark_346,w_480,h_480/a_ignore,w_480,h_480,c_fit,q_auto,f_auto/cropped/o8shqjt3qcjg4qvxj5qi.jpg",Aristo Pharmaceuticals Pvt Ltd,30,57,13
Grilinctus-L Oral Suspension,Levocloperastine (20mg/5ml),Treatment of Dry cough,Palpitations Dizziness Fainting Fatigue Headache Sleepiness Gastrointestinal disturbance Confusion Numbness,"https://onemg.gumlet.io/l_watermark_346,w_480,h_480/a_ignore,w_480,h_480,c_fit,q_auto,f_auto/cropped/ep3rhjjwp4rrmmjgwdds.jpg",Franco-Indian Pharmaceuticals Pvt Ltd,26,42,32
Glizid-M Tablet,Gliclazide (80mg) + Metformin (500mg),Treatment of Type 2 diabetes mellitus,Hypoglycemia low blood glucose level Headache Nausea Dizziness Diarrhea Flatulence,"https://onemg.gumlet.io/l_watermark_346,w_480,h_480/a_ignore,w_480,h_480,c_fit,q_auto,f_auto/c975c7ac74d944808c41656ee6761dcc.jpg",Mankind Pharma Ltd,40,35,25
Gudlax-Plus Laxative Peppermint Sugar Free,Sodium Picosulfate (3.33mg) + Liquid Paraffin (1.25ml) + Milk Of Magnesia (3.75ml),Treatment of Constipation,Diarrhea Stomach pain,"https://onemg.gumlet.io/l_watermark_346,w_480,h_480/a_ignore,w_480,h_480,c_fit,q_auto,f_auto/dd8f5419dee4403f9b822ead9db6ff33.jpg",Mankind Pharma Ltd,42,41,17
Glycomet-GP 0.5 Tablet SR,Glimepiride (0.5mg) + Metformin (500mg),Treatment of Type 2 diabetes mellitus,Hypoglycemia low blood glucose level Headache Nausea Diarrhea Flatulence,"https://onemg.gumlet.io/l_watermark_346,w_480,h_480/a_ignore,w_480,h_480,c_fit,q_auto,f_auto/cropped/moqnz1djwmsr0r9zhcvt.jpg",USV Ltd,39,43,18
Grilinctus-LS Syrup,Ambroxol (30mg/5ml) + Levosalbutamol (1mg/5ml) + Guaifenesin (50mg/5ml),Treatment of Cough with mucus,Nausea Vomiting Diarrhea Upset stomach Stomach pain Allergic reaction Dizziness Headache Rash Hives Tremors Palpitations Muscle cramp Increased heart rate,"https://onemg.gumlet.io/l_watermark_346,w_480,h_480/a_ignore,w_480,h_480,c_fit,q_auto,f_auto/cropped/umahg1j5nuq846h6dgv6.jpg",Wardex Pharmaceutical Pvt. Ltd.,29,31,40
Glycomet Tablet,Metformin (500mg),Treatment of Type 2 diabetes mellitus,Diarrhea Nausea Vomiting Flatulence,"https://onemg.gumlet.io/l_watermark_346,w_480,h_480/a_ignore,w_480,h_480,c_fit,q_auto,f_auto/f6c5330614364be6b88f72e12b333802.jpg",USV Ltd,26,38,36
Gerbisa Tablet,Bisacodyl (5mg),Treatment of Constipation,Vomiting Bloating Nausea Stomach cramp,"https://onemg.gumlet.io/l_watermark_346,w_480,h_480/a_ignore,w_480,h_480,c_fit,q_auto,f_auto/cropped/ddx69hg3fze4fjj9e6qh.jpg",Zydus Cadila,22,43,35
Gabapin 300 Capsule,Gabapentin (300mg),Treatment of Neuropathic painTreatment of Epilepsy/Seizures,Viral infection Sleepiness Dizziness Impaired coordination Fatigue Fever,"https://onemg.gumlet.io/l_watermark_346,w_480,h_480/a_ignore,w_480,h_480,c_fit,q_auto,f_auto/cropped/anfc4x8hrxuuspoqdy7l.jpg",Intas Pharmaceuticals Ltd,37,49,14
Gliptagreat M 500 Tablet,Metformin  (500mg) +  Vildagliptin (50mg),Treatment of Type 2 diabetes mellitus,Hypoglycemia low blood glucose level Trembling Headache Dizziness Nausea Weight gain,"https://onemg.gumlet.io/l_watermark_346,w_480,h_480/a_ignore,w_480,h_480,c_fit,q_auto,f_auto/190b2f4d84fa4297b77bbb0d1a27ba52.jpg",Mankind Pharma Ltd,58,42,0
Gabaneuron Tablet,Gabapentin (300mg) + Methylcobalamin (500mcg),Treatment of Neuropathic pain,Dizziness Sleepiness Tiredness Uncoordinated body movements,"https://onemg.gumlet.io/l_watermark_346,w_480,h_480/a_ignore,w_480,h_480,c_fit,q_auto,f_auto/cropped/iva1lngvbdgnqjxdxide.png",Aristo Pharmaceuticals Pvt Ltd,33,67,0
Gudcef Plus Tablet,Cefpodoxime Proxetil (200mg) + Ofloxacin (200mg), Bacterial infections,Nausea Vomiting Diarrhea Stomach pain Headache,"https://onemg.gumlet.io/l_watermark_346,w_480,h_480/a_ignore,w_480,h_480,c_fit,q_auto,f_auto/cropped/rttr8ugyfrt5q7kzvht3.jpg",Mankind Pharma Ltd,23,44,33
GB 29 Total Tablet,Pregabalin (75mg) + Nortriptyline (10mg) + Methylcobalamin (1500mcg),Treatment of Neuropathic pain,Constipation Weight gain Orthostatic hypotension sudden lowering of blood pressure on standing Increased heart rate Dizziness Sleepiness Tiredness Blurred vision Dryness in mouth Difficulty in urination Uncoordinated body movements,"https://onemg.gumlet.io/l_watermark_346,w_480,h_480/a_ignore,w_480,h_480,c_fit,q_auto,f_auto/cropped/q6jry16r7csuzl8rdtnm.jpg",Corona Remedies Pvt Ltd,31,46,23
Gluconorm-G 1 Tablet PR,Glimepiride (1mg) + Metformin (500mg),Treatment of Type 2 diabetes mellitus,Hypoglycemia low blood glucose level Headache Nausea Diarrhea Flatulence,"https://onemg.gumlet.io/l_watermark_346,w_480,h_480/a_ignore,w_480,h_480,c_fit,q_auto,f_auto/wsle8eujjwusk7vlpka9.jpg",Lupin Ltd,53,30,17
Glycomet 1gm Tablet SR,Metformin (1000mg),Treatment of Type 2 diabetes mellitus,Diarrhea Nausea Vomiting Flatulence,"https://onemg.gumlet.io/l_watermark_346,w_480,h_480/a_ignore,w_480,h_480,c_fit,q_auto,f_auto/s0ooocjkbnjkiq6dm2xp.jpg",USV Ltd,27,56,17
Gluconorm G2 Tablet PR,Glimepiride (2mg) + Metformin (500mg),Treatment of Type 2 diabetes mellitus,Hypoglycemia low blood glucose level Headache Nausea Diarrhea Flatulence,"https://onemg.gumlet.io/l_watermark_346,w_480,h_480/a_ignore,w_480,h_480,c_fit,q_auto,f_auto/2a135c852eca4e5d90a90191c34d4868.jpg",Lupin Ltd,39,48,13
Grisovin-FP Tablet,Griseofulvin (250mg), Fungal infections,Headache Skin rash Nausea Diarrhea Dizziness,"https://onemg.gumlet.io/l_watermark_346,w_480,h_480/a_ignore,w_480,h_480,c_fit,q_auto,f_auto/pqpu5swcqo2xf74gcgr1.jpg",Glaxo SmithKline Pharmaceuticals Ltd,36,40,24
Glykind-M Tablet,Gliclazide (80mg) + Metformin (500mg),Treatment of Type 2 diabetes mellitus,Hypoglycemia low blood glucose level Headache Nausea Dizziness Diarrhea Flatulence,"https://onemg.gumlet.io/l_watermark_346,w_480,h_480/a_ignore,w_480,h_480,c_fit,q_auto,f_auto/cropped/cqsv98wuc9alfoi09pmp.jpg",Mankind Pharma Ltd,40,49,11
Glycomet-GP 2 Forte Tablet SR,Glimepiride (2mg) + Metformin (1000mg),Treatment of Type 2 diabetes mellitus,Hypoglycemia low blood glucose level Headache Nausea Diarrhea Flatulence,"https://onemg.gumlet.io/l_watermark_346,w_480,h_480/a_ignore,w_480,h_480,c_fit,q_auto,f_auto/cropped/fydqbsuqkx5psmsen7yo.jpg",USV Ltd,39,40,21
Gatiquin-P Eye Drop,Gatifloxacin (0.3% w/v) + Prednisolone (1% w/v),Treatment of Bacterial eye infections,Stinging sensation Corneal inflammation Conjunctival irritation Increased lacrimation Papillary conjunctivitis,"https://onemg.gumlet.io/l_watermark_346,w_480,h_480/a_ignore,w_480,h_480,c_fit,q_auto,f_auto/cropped/epvnp4wp6rfrrmvubuex.jpg",Cipla Ltd,48,28,24
Gluconorm SR 500mg Tablet,Metformin (500mg),Treatment of Type 2 diabetes mellitus,Diarrhea Nausea Vomiting Flatulence,"https://onemg.gumlet.io/l_watermark_346,w_480,h_480/a_ignore,w_480,h_480,c_fit,q_auto,f_auto/bu7ivwnmxiryxyfhvmpm.jpg",Lupin Ltd,29,57,14
Goutnil 0.5mg Tablet,Colchicine (0.5mg),Treatment of Gout,Nausea Vomiting Abdominal pain Diarrhea,"https://onemg.gumlet.io/l_watermark_346,w_480,h_480/a_ignore,w_480,h_480,c_fit,q_auto,f_auto/kfqjdnxrfjmzusmzyjn5.jpg",Inga Laboratories Pvt Ltd,39,43,18
Ginette 35 Tablet,Cyproterone (2mg) + Ethinyl Estradiol (0.035mg),Treatment of Polycystic ovarian syndrome (PCOS),Nausea Stomach pain Headache Weight gain Breast pain Mood changes,"https://onemg.gumlet.io/l_watermark_346,w_480,h_480/a_ignore,w_480,h_480,c_fit,q_auto,f_auto/cropped/ybinpnfcw0yzlhjwyzcv.jpg",Cipla Ltd,24,40,36
Gabantin-NT Tablet,Gabapentin (400mg) + Nortriptyline (10mg),Treatment of Neuropathic pain,Constipation Difficulty in urination Weight gain Sleepiness Dizziness Tiredness Blurred vision Dryness in mouth Orthostatic hypotension sudden lowering of blood pressure on standing Increased heart rate Uncoordinated body movements,"https://onemg.gumlet.io/l_watermark_346,w_480,h_480/a_ignore,w_480,h_480,c_fit,q_auto,f_auto/inf4wyzaihtodrf8bork.jpg",Sun Pharmaceutical Industries Ltd,28,28,44
Gardasil Vaccine,"Human Papillomavirus Quadrivalent (Types 6, 11, 16, and 18) Vaccine, Recombinant (NA)",Prevention of HPV-associated cancersPrevention of Genital warts (Skin bumps on or around the genital or anal area),Headache Fever Dizziness Nausea Injection site reactions pain swelling redness,"https://onemg.gumlet.io/l_watermark_346,w_480,h_480/a_ignore,w_480,h_480,c_fit,q_auto,f_auto/m5wxfhggir7c0whwajkk.jpg",MSD Pharmaceuticals Pvt Ltd,37,44,19
Genteal Gel,Hydroxypropylmethylcellulose (0.3% w/w), Dry eyes,Blurred vision Eye irritation Eye pain Eye redness Foreign body sensation in eyes,"https://onemg.gumlet.io/l_watermark_346,w_480,h_480/a_ignore,w_480,h_480,c_fit,q_auto,f_auto/sufvfjazfvvnggnsod3t.jpg",Alcon Laboratories,38,39,23
Gynaemed Vaginal Tablet,Clotrimazole (100mg), Fungal infections of vaginaTreatment of Fungal infections,Irritation Vaginal burning sensation Blisters Skin peeling Swelling Application site irritation,"https://onemg.gumlet.io/l_watermark_346,w_480,h_480/a_ignore,w_480,h_480,c_fit,q_auto,f_auto/cropped/duvb7srkdr775qoctogt.jpg",Synmedic Laboratories,50,33,17
GTN Sorbitrate CR 2.6 Tablet,Nitroglycerin (2.6mg),Treatment of Angina (heart-related chest pain),Blurred vision Decreased blood pressure Dizziness Headache Increased heart rate Lightheadedness Paresthesia tingling or pricking sensation,"https://onemg.gumlet.io/l_watermark_346,w_480,h_480/a_ignore,w_480,h_480,c_fit,q_auto,f_auto/785f51f0978e402c8357efd5337e2e8b.jpg",Abbott,35,30,35
Glimestar-PM2 Tablet ER,Glimepiride (2mg) + Metformin (500mg) + Pioglitazone (15mg),Treatment of Type 2 diabetes mellitus,Hypoglycemia low blood glucose level Dizziness Headache Nausea Vomiting Diarrhea Flatulence Bronchitis inflammation of the airways Anemia low number of red blood cells Edema swelling,"https://onemg.gumlet.io/l_watermark_346,w_480,h_480/a_ignore,w_480,h_480,c_fit,q_auto,f_auto/cropped/gneqcyubqncmmso9bb4a.jpg",Mankind Pharma Ltd,29,46,25
Gatilox DM Sterile Eye Drops,Dexamethasone (0.1% w/w) + Gatifloxacin (0.3% w/w),Treatment of Bacterial eye infections,Eye irritation Burning sensation Stinging sensation Watery eyes Blurred vision,"https://onemg.gumlet.io/l_watermark_346,w_480,h_480/a_ignore,w_480,h_480,c_fit,q_auto,f_auto/cropped/pa9ngdzcamyi07arn03r.jpg",Sun Pharmaceutical Industries Ltd,71,29,0
Gabamax Gold Capsule,Benfotiamine (7.5mg) + Folic Acid (0.75mg) + Methylcobalamin (750mcg) + Pregabalin (75mg) + Vitamin B6 (Pyridoxine) (1.5mg),Treatment of Neuropathic pain,Dizziness Sleepiness Tiredness Uncoordinated body movements,"https://onemg.gumlet.io/l_watermark_346,w_480,h_480/a_ignore,w_480,h_480,c_fit,q_auto,f_auto/cropped/t1an4xletyaseuilj19w.jpg",Aristo Pharmaceuticals Pvt Ltd,26,41,33
Glyxambi 25mg/5mg Tablet,Empagliflozin (25mg) + Linagliptin (5mg),Treatment of Type 2 diabetes mellitus,Hypoglycemia low blood glucose level Cough Nasopharyngitis inflammation of the throat and nasal passages Urinary tract infection Nausea Vomiting Constipation Genital fungal infection,"https://onemg.gumlet.io/l_watermark_346,w_480,h_480/a_ignore,w_480,h_480,c_fit,q_auto,f_auto/jwl68uebxswjdoblsw5p.jpg",Boehringer Ingelheim,48,43,9
Gemer 0.5 Tablet PR,Glimepiride (0.5mg) + Metformin (500mg),Treatment of Type 2 diabetes mellitus,Hypoglycemia low blood glucose level Headache Nausea Diarrhea Flatulence,"https://onemg.gumlet.io/l_watermark_346,w_480,h_480/a_ignore,w_480,h_480,c_fit,q_auto,f_auto/cwxiip9xsy629qef27mx.jpg",Sun Pharmaceutical Industries Ltd,46,33,21
Gutron 2.5mg Tablet,Midodrine (2.5mg),Treatment of Low blood pressure,Headache Nausea Rash Difficulty in urination Supine hypertension Urinary retention Flushing sense of warmth in the face ears neck and trunk Goosebumps,"https://onemg.gumlet.io/l_watermark_346,w_480,h_480/a_ignore,w_480,h_480,c_fit,q_auto,f_auto/yi6c3ous8qhe1aq24ndd.jpg",Bluemed Pharma Pvt Ltd,17,47,36
Glucored Forte Tablet,Glibenclamide (5mg) + Metformin (500mg),Treatment of Type 2 diabetes mellitus,Nausea Vomiting Diarrhea Flatulence,"https://onemg.gumlet.io/l_watermark_346,w_480,h_480/a_ignore,w_480,h_480,c_fit,q_auto,f_auto/cropped/pmm9vgr0sybpzmrdf3vm.jpg",Sun Pharmaceutical Industries Ltd,36,36,28
Glimestar-M 2 Tablet PR,Glimepiride (2mg) + Metformin (500mg),Treatment of Type 2 diabetes mellitus,Hypoglycemia low blood glucose level Headache Nausea Diarrhea Flatulence,"https://onemg.gumlet.io/l_watermark_346,w_480,h_480/a_ignore,w_480,h_480,c_fit,q_auto,f_auto/000949328a01472ebd61e7a1aebc6a6d.jpg",Mankind Pharma Ltd,29,45,26
Gutgermina Oral Suspension,Bacillus Clausii (2Billion Spores), Diarrhea,Bloating Flatulence,"https://onemg.gumlet.io/l_watermark_346,w_480,h_480/a_ignore,w_480,h_480,c_fit,q_auto,f_auto/0b95c156af2e4897838cca58f1a86371.jpg",Apex Laboratories Pvt Ltd,30,51,19
Gabantin 100 Capsule,Gabapentin (100mg),Treatment of Neuropathic painTreatment of Epilepsy/Seizures,Viral infection Sleepiness Dizziness Impaired coordination Fatigue Fever,"https://onemg.gumlet.io/l_watermark_346,w_480,h_480/a_ignore,w_480,h_480,c_fit,q_auto,f_auto/cropped/njyk7fuyojtjd1ss6uvo.jpg",Sun Pharmaceutical Industries Ltd,19,48,33
Grilinctus  DX Syrup,Chlorpheniramine Maleate (2mg) + Dextromethorphan Hydrobromide (10mg),Treatment of Dry cough,Upset stomach Sleepiness,"https://onemg.gumlet.io/l_watermark_346,w_480,h_480/a_ignore,w_480,h_480,c_fit,q_auto,f_auto/b0e73efc29fb4f2a9a67ed88c4b9f38b.jpg",Franco-Indian Pharmaceuticals Pvt Ltd,19,62,19
Galvus 50mg Tablet,Vildagliptin (50mg),Treatment of Type 2 diabetes mellitus,Hypoglycemia low blood glucose level Tremors Headache Dizziness Fatigue Nausea,"https://onemg.gumlet.io/l_watermark_346,w_480,h_480/a_ignore,w_480,h_480,c_fit,q_auto,f_auto/7afe0dc78370424b9f6e61c3d03e542d.jpg",Novartis India Ltd,19,56,25
Gestofit 200mg SR Tablet,Progesterone (Natural Micronized) (200mg), Hormone replacement therapyTreatment of Female infertility,Abdominal pain Nausea Abnormal vaginal bleeding Edema swelling Hair loss Abdominal bloating Headache Breast pain Vomiting Vaginal yeast infection,"https://onemg.gumlet.io/l_watermark_346,w_480,h_480/a_ignore,w_480,h_480,c_fit,q_auto,f_auto/cropped/cqktebrzwxirjqv9htc5.jpg",Alembic Pharmaceuticals Ltd,31,38,31
Glycomet Trio 1 Tablet SR,Glimepiride (1mg) + Metformin (500mg) + Voglibose (0.2mg),Treatment of Type 2 diabetes mellitus,Nausea Diarrhea Abdominal pain Hypoglycemia low blood glucose level,"https://onemg.gumlet.io/l_watermark_346,w_480,h_480/a_ignore,w_480,h_480,c_fit,q_auto,f_auto/cropped/cgo1c8mahc9g0ub2fuqc.jpg",USV Ltd,25,54,21
Gramocef-O 200mg Tablet DT,Cefixime (200mg),Treatment of Bacterial infections,Nausea Stomach pain Indigestion Diarrhea,"https://onemg.gumlet.io/l_watermark_346,w_480,h_480/a_ignore,w_480,h_480,c_fit,q_auto,f_auto/xefhy1iwki06yqcjxhvf.jpg",Micro Labs Ltd,27,56,17
Gabapin ME Tablet,Gabapentin (300mg) + Methylcobalamin (500mcg),Treatment of Neuropathic pain,Dizziness Sleepiness Tiredness Uncoordinated body movements,"https://onemg.gumlet.io/l_watermark_346,w_480,h_480/a_ignore,w_480,h_480,c_fit,q_auto,f_auto/cropped/lxfkgqpsc1mkcvzuzfab.jpg",Intas Pharmaceuticals Ltd,30,40,30
Gabamax NT Tablet,Pregabalin (75mg) + Nortriptyline (10mg),Treatment of Neuropathic pain,Constipation Difficulty in urination Weight gain Sleepiness Dizziness Tiredness Blurred vision Dryness in mouth Increased heart rate Orthostatic hypotension sudden lowering of blood pressure on standing Uncoordinated body movements,"https://onemg.gumlet.io/l_watermark_346,w_480,h_480/a_ignore,w_480,h_480,c_fit,q_auto,f_auto/cropped/tn556aukmomzonuct6yq.jpg",Aristo Pharmaceuticals Pvt Ltd,43,28,29
Gynaset Tablet,Norethisterone (5mg),Treatment of Heavy menstrual bleedingTreatment of Pain during menstruationTreatment of EndometriosisTreatment of Premenstrual syndrome (PMS),Headache Dizziness Breast tenderness Nausea Vaginal spotting Vomiting Abdominal cramp,"https://onemg.gumlet.io/l_watermark_346,w_480,h_480/a_ignore,w_480,h_480,c_fit,q_auto,f_auto/cropped/kkddm4gbcdq4jjudnj9u.jpg",Mankind Pharma Ltd,36,32,32
Gravitor Tablet,Pyridostigmine (60mg),Treatment of Myasthenia gravisTreatment of Paralytic ileusTreatment of Post-operative urinary retention,Nausea Excessive salivation Diarrhea Blurred vision Breathlessness Watery eyes Abdominal pain Altered frequency of urination Sweating Headache Dizziness Runny nose Heartburn Gastro esophageal reflux disease Paresthesia tingling or pricking sensation Muscle twitching Weakness Muscle cramp Increased bronchial secretions,"https://onemg.gumlet.io/l_watermark_346,w_480,h_480/a_ignore,w_480,h_480,c_fit,q_auto,f_auto/fthmtaxy2bvqa7agnrja.jpg",Sun Pharmaceutical Industries Ltd,43,26,31
Gutclear Syrup,Lactitol (66.67% w/v), Constipation,Cramps Abdominal distension Flatulence,"https://onemg.gumlet.io/l_watermark_346,w_480,h_480/a_ignore,w_480,h_480,c_fit,q_auto,f_auto/cropped/mim0ndxso8vnjcqnrse2.jpg",Zuventus Healthcare Ltd,38,41,21
Gibtulio 25mg Tablet,Empagliflozin (25mg),Treatment of Type 2 diabetes mellitus,Nausea Frequent urge to urinate Increased thirst Urinary tract infection Hypoglycaemia low blood sugar level in combination with insulin or sulphonylurea Vaginal yeast infection Joint pain,"https://onemg.gumlet.io/l_watermark_346,w_480,h_480/a_ignore,w_480,h_480,c_fit,q_auto,f_auto/xljbnrumaln7gqv5bezu.jpg",Lupin Ltd,37,44,19
Gabagesic Gel,Gabapentin (6% w/w) + Lidocaine (5% w/w) + Baclofen (2% w/w), Neuropathic pain,Application site reactions burning irritation itching and redness,"https://onemg.gumlet.io/l_watermark_346,w_480,h_480/a_ignore,w_480,h_480,c_fit,q_auto,f_auto/kxbcuph8mhkf1jhlz1vv.jpg",Linux Laboratories,19,55,26
Gemer P 2 Tablet ER,Glimepiride (2mg) + Metformin (500mg) + Pioglitazone (15mg),Treatment of Type 2 diabetes mellitus,Hypoglycemia low blood glucose level Dizziness Headache Nausea Vomiting Diarrhea Flatulence Bronchitis inflammation of the airways Anemia low number of red blood cells Edema swelling,"https://onemg.gumlet.io/l_watermark_346,w_480,h_480/a_ignore,w_480,h_480,c_fit,q_auto,f_auto/cropped/lqwho4kmznhuepp3h7xj.jpg",Sun Pharmaceutical Industries Ltd,39,48,13
Gemer DS 2 Tablet PR,Glimepiride (2mg) + Metformin (1000mg),Treatment of Type 2 diabetes mellitus,Hypoglycemia low blood glucose level Headache Nausea Diarrhea Flatulence,"https://onemg.gumlet.io/l_watermark_346,w_480,h_480/a_ignore,w_480,h_480,c_fit,q_auto,f_auto/npisupw3fev9p1vbtq23.jpg",Sun Pharmaceutical Industries Ltd,27,38,35
Glucobay 50 Tablet,Acarbose (50mg),Treatment of Type 2 diabetes mellitus,Gastrointestinal discomfort Flatulence,"https://onemg.gumlet.io/l_watermark_346,w_480,h_480/a_ignore,w_480,h_480,c_fit,q_auto,f_auto/cropped/mkrsajittxal2k4nv93c.jpg",Bayer Zydus Pharma Pvt Ltd,51,34,15
Gluconorm G2 Forte Tablet PR,Glimepiride (2mg) + Metformin (1000mg),Treatment of Type 2 diabetes mellitus,Hypoglycemia low blood glucose level Headache Nausea Diarrhea Flatulence,"https://onemg.gumlet.io/l_watermark_346,w_480,h_480/a_ignore,w_480,h_480,c_fit,q_auto,f_auto/087a046ecae04d4fa5827641f343325d.jpg",Lupin Ltd,32,50,18
Gabanyl NT 400mg/10mg Tablet,Gabapentin (400mg) + Nortriptyline (10mg),Treatment of Neuropathic pain,Constipation Difficulty in urination Weight gain Sleepiness Dizziness Tiredness Blurred vision Dryness in mouth Orthostatic hypotension sudden lowering of blood pressure on standing Increased heart rate Uncoordinated body movements,"https://onemg.gumlet.io/l_watermark_346,w_480,h_480/a_ignore,w_480,h_480,c_fit,q_auto,f_auto/55edbd5e0b7b45c295439a515bf0c96d.jpg",Leeford Healthcare Ltd,45,31,24
Glynase Tablet,Glipizide (5mg),Treatment of Type 2 diabetes mellitus,Hypoglycemia low blood glucose level Nausea Vomiting Flatulence Abdominal discomfort Diarrhea Headache Dizziness Nervousness Tremors Weight gain Abnormal sensation,"https://onemg.gumlet.io/l_watermark_346,w_480,h_480/a_ignore,w_480,h_480,c_fit,q_auto,f_auto/c8d28bc1e94645d39622e1d284de5958.jpg",USV Ltd,46,28,26
Glimisave MV 3.3 Tablet SR,Glimepiride (3mg) + Metformin (500mg) + Voglibose (0.3mg),Treatment of Type 2 diabetes mellitus,Nausea Diarrhea Abdominal pain Hypoglycemia low blood glucose level,"https://onemg.gumlet.io/l_watermark_346,w_480,h_480/a_ignore,w_480,h_480,c_fit,q_auto,f_auto/cropped/zx2hrsuy8ircqyxkrlxk.jpg",Eris Lifesciences Ltd,26,36,38
Gudcef Dry Syrup,Cefpodoxime Proxetil (50mg),Treatment of Bacterial infections,Abdominal pain Rash Nausea Diarrhea,"https://onemg.gumlet.io/l_watermark_346,w_480,h_480/a_ignore,w_480,h_480,c_fit,q_auto,f_auto/d6b9cfdaecf246bf8288b01c4dfc192f.jpg",Mankind Pharma Ltd,78,22,0
Galvus Met 50mg/1000mg Tablet,Metformin  (1000mg) +  Vildagliptin (50mg),Treatment of Type 2 diabetes mellitus,Hypoglycemia low blood glucose level Trembling Headache Dizziness Nausea Weight gain,"https://onemg.gumlet.io/l_watermark_346,w_480,h_480/a_ignore,w_480,h_480,c_fit,q_auto,f_auto/dzdyubenrt0ueazf1sdz.jpg",Novartis India Ltd,56,36,8
Glucozone  Tablet,Glucosamine (750mg) + Diacerein (50mg) + Methyl Sulfonyl Methane (250mg), Osteoarthritis,Nausea Diarrhea Constipation Indigestion Heartburn Urine discoloration,"https://onemg.gumlet.io/l_watermark_346,w_480,h_480/a_ignore,w_480,h_480,c_fit,q_auto,f_auto/iack3vbn5nftrl1ivssl.jpg",Leeford Healthcare Ltd,0,47,53
Gabantin Plus Tablet,Gabapentin (100mg) + Methylcobalamin (500mcg),Treatment of Neuropathic pain,Dizziness Sleepiness Tiredness Uncoordinated body movements,"https://onemg.gumlet.io/l_watermark_346,w_480,h_480/a_ignore,w_480,h_480,c_fit,q_auto,f_auto/cropped/tyo6kyfxtrdmhiq1hmh1.jpg",Sun Pharmaceutical Industries Ltd,19,31,50
GP 1 Tablet,Glimepiride (1mg),Treatment of Type 2 diabetes mellitus,Hypoglycemia low blood glucose level Headache Nausea Dizziness Weakness,"https://onemg.gumlet.io/l_watermark_346,w_480,h_480/a_ignore,w_480,h_480,c_fit,q_auto,f_auto/cropped/qnhc1y9l9qfdntgg7n9y.jpg",USV Ltd,27,66,7
Gestofit 300mg SR Tablet,Progesterone (Natural Micronized) (300mg), Hormone replacement therapyTreatment of Female infertility,Abdominal pain Nausea Abnormal vaginal bleeding Edema swelling Hair loss Abdominal bloating Headache Breast pain Vomiting Vaginal yeast infection,"https://onemg.gumlet.io/l_watermark_346,w_480,h_480/a_ignore,w_480,h_480,c_fit,q_auto,f_auto/cropped/bsx6qmdxmfzauwdvjnxl.jpg",Alembic Pharmaceuticals Ltd,21,35,44
Ganaton OD Capsule SR,Itopride (150mg),Treatment of HeartburnTreatment of Nausea,Diarrhea,"https://onemg.gumlet.io/l_watermark_346,w_480,h_480/a_ignore,w_480,h_480,c_fit,q_auto,f_auto/09b96e68d9f8482bb2805f7c2d88a383.jpg",Abbott,20,41,39
Grandem Syrup,Granisetron (1mg/5ml), Nausea and vomiting due to chemotherapy,Weakness Headache Constipation Diarrhea Insomnia difficulty in sleeping,"https://onemg.gumlet.io/l_watermark_346,w_480,h_480/a_ignore,w_480,h_480,c_fit,q_auto,f_auto/075292e359354585a7be11f1920478f1.jpg",Aristo Pharmaceuticals Pvt Ltd,38,26,36
Glycomet 250 Tablet,Metformin (250mg),Treatment of Type 2 diabetes mellitus,Diarrhea Nausea Vomiting Flatulence,"https://onemg.gumlet.io/l_watermark_346,w_480,h_480/a_ignore,w_480,h_480,c_fit,q_auto,f_auto/cbd56e65a5f24660a49992dd6faed1d5.jpg",USV Ltd,30,46,24
Glyciphage SR 1gm Tablet,Metformin (1000mg),Treatment of Type 2 diabetes mellitus,Diarrhea Nausea Vomiting Flatulence,"https://onemg.gumlet.io/l_watermark_346,w_480,h_480/a_ignore,w_480,h_480,c_fit,q_auto,f_auto/cropped/x11xhzjdo69qh4pwmge5.jpg",Franco-Indian Pharmaceuticals Pvt Ltd,42,36,22
Gabantip AT Tablet,Gabapentin (300mg) + Amitriptyline (10mg), Neuropathic pain,Constipation Difficulty in urination Weight gain Sleepiness Dizziness Tiredness Uncoordinated body movements Increased heart rate Orthostatic hypotension sudden lowering of blood pressure on standing Blurred vision Dryness in mouth,"https://onemg.gumlet.io/l_watermark_346,w_480,h_480/a_ignore,w_480,h_480,c_fit,q_auto,f_auto/cropped/b3wkue7hlmnq4tyhoewt.jpg",Sun Pharmaceutical Industries Ltd,14,53,33
Gluconorm PG 2  Tablet PR,Glimepiride (2mg) + Metformin (500mg) + Pioglitazone (15mg),Treatment of Type 2 diabetes mellitus,Hypoglycemia low blood glucose level Dizziness Headache Nausea Vomiting Diarrhea Flatulence Bronchitis inflammation of the airways Anemia low number of red blood cells Edema swelling,"https://onemg.gumlet.io/l_watermark_346,w_480,h_480/a_ignore,w_480,h_480,c_fit,q_auto,f_auto/cropped/avvnlrddaaphyagpvqfb.jpg",Lupin Ltd,25,43,32
Glycomet-GP 1 Forte Tablet SR,Glimepiride (1mg) + Metformin (1000mg),Treatment of Type 2 diabetes mellitus,Hypoglycemia low blood glucose level Headache Nausea Diarrhea Flatulence,"https://onemg.gumlet.io/l_watermark_346,w_480,h_480/a_ignore,w_480,h_480,c_fit,q_auto,f_auto/cropped/jik965gb5o10l0obdnic.jpg",USV Ltd,35,35,30
Glucoryl-MV 2 Tablet SR,Glimepiride (2mg) + Metformin (500mg) + Voglibose (0.2mg),Treatment of Type 2 diabetes mellitus,Nausea Diarrhea Abdominal pain Hypoglycemia low blood glucose level,"https://onemg.gumlet.io/l_watermark_346,w_480,h_480/a_ignore,w_480,h_480,c_fit,q_auto,f_auto/cropped/lc7c4ypyybxvo2rfxy7s.jpg",Alkem Laboratories Ltd,27,43,30
Golbi 300 Tablet,Ursodeoxycholic Acid (300mg),Treatment of Primary biliary cirrhosisTreatment of Gallbladder stones,Abdominal pain Diarrhea Hair loss Itching Nausea Rash,"https://onemg.gumlet.io/l_watermark_346,w_480,h_480/a_ignore,w_480,h_480,c_fit,q_auto,f_auto/72e16b4d01e843219c853e1bd623c991.jpg",Intas Pharmaceuticals Ltd,89,11,0
Glycomet Trio 2/0.3 Tablet SR,Glimepiride (2mg) + Metformin (500mg) + Voglibose (0.3mg),Treatment of Type 2 diabetes mellitus,Nausea Diarrhea Abdominal pain Hypoglycemia low blood glucose level,"https://onemg.gumlet.io/l_watermark_346,w_480,h_480/a_ignore,w_480,h_480,c_fit,q_auto,f_auto/ytpabmcs9kswdwr2zl8t.jpg",USV Ltd,26,51,23
Glyxambi 10mg/5mg Tablet,Empagliflozin (10mg) + Linagliptin (5mg),Treatment of Type 2 diabetes mellitus,Hypoglycemia low blood glucose level Cough Nasopharyngitis inflammation of the throat and nasal passages Urinary tract infection Nausea Vomiting Constipation Genital fungal infection,"https://onemg.gumlet.io/l_watermark_346,w_480,h_480/a_ignore,w_480,h_480,c_fit,q_auto,f_auto/z1ficw7luiddbrw3pcpw.jpg",Boehringer Ingelheim,22,70,8
Gudcef-CV Dry Syrup,Cefpodoxime Proxetil (50mg/5ml) + Clavulanic Acid (31.25mg/5ml),Treatment of Respiratory tract infection,Nausea Diarrhea Headache Rash Abdominal pain Vaginal infection Fungal infection of vagina,"https://onemg.gumlet.io/l_watermark_346,w_480,h_480/a_ignore,w_480,h_480,c_fit,q_auto,f_auto/cropped/mgu7csau4hnjtaghfqgm.jpg",Mankind Pharma Ltd,54,25,21
Glycomet-GP 3/850 Tablet PR,Glimepiride (3mg) + Metformin (850mg),Treatment of Type 2 diabetes mellitus,Hypoglycemia low blood glucose level Headache Nausea Diarrhea Flatulence,"https://onemg.gumlet.io/l_watermark_346,w_480,h_480/a_ignore,w_480,h_480,c_fit,q_auto,f_auto/edf2695fe2424d81b062fca0ed69774f.jpg",USV Ltd,29,44,27
Gluxit 10mg Tablet,Dapagliflozin (10mg),Treatment of Type 2 diabetes mellitus,Polyuria Nausea Vomiting Dyslipidemia Genital fungal infection Nasopharyngitis inflammation of the throat and nasal passages Urinary tract infection,"https://onemg.gumlet.io/l_watermark_346,w_480,h_480/a_ignore,w_480,h_480,c_fit,q_auto,f_auto/acf229cd5e644340b36ef9b12440605f.jpg",Eris Lifesciences Ltd,61,39,0
Gestin Tablet,Allylestrenol (5mg),Treatment of Premature LaborTreatment of Recurrent miscarriage,Edema swelling Bloating Depression Headache Fatigue Altered libido Irregular menstrual cycle Gastrointestinal disturbance Excessive hair growth on face,"https://onemg.gumlet.io/l_watermark_346,w_480,h_480/a_ignore,w_480,h_480,c_fit,q_auto,f_auto/cropped/rbv4hdejy0u4qbygoanw.jpg",Walter Bushnell,31,31,38
GP 2 Tablet,Glimepiride (2mg),Treatment of Type 2 diabetes mellitus,Hypoglycemia low blood glucose level Headache Nausea Dizziness Weakness,"https://onemg.gumlet.io/l_watermark_346,w_480,h_480/a_ignore,w_480,h_480,c_fit,q_auto,f_auto/cropped/dbbkumbw3trnywdjqirf.jpg",USV Ltd,33,53,14
Glimiprex MF 1/500 Tablet PR,Glimepiride (1mg) + Metformin (500mg),Treatment of Type 2 diabetes mellitus,Hypoglycemia low blood glucose level Headache Nausea Diarrhea Flatulence,"https://onemg.gumlet.io/l_watermark_346,w_480,h_480/a_ignore,w_480,h_480,c_fit,q_auto,f_auto/53096091f809431e9816739f8360bb3e.jpg",Aristo Pharmaceuticals Pvt Ltd,52,33,15
Glimestar-PM1 Tablet ER,Glimepiride (1mg) + Metformin (500mg) + Pioglitazone (15mg),Treatment of Type 2 diabetes mellitus,Hypoglycemia low blood glucose level Dizziness Headache Nausea Vomiting Diarrhea Flatulence Bronchitis inflammation of the airways Anemia low number of red blood cells Edema swelling,"https://onemg.gumlet.io/l_watermark_346,w_480,h_480/a_ignore,w_480,h_480,c_fit,q_auto,f_auto/cropped/smn1q7bsogxeie91pavf.jpg",Mankind Pharma Ltd,44,45,11
GP 0.5 Tablet,Glimepiride (0.5mg),Treatment of Type 2 diabetes mellitus,Hypoglycemia low blood glucose level Headache Nausea Dizziness Weakness,"https://onemg.gumlet.io/l_watermark_346,w_480,h_480/a_ignore,w_480,h_480,c_fit,q_auto,f_auto/cropped/j5xo3vgkp0oblqqj9w7t.jpg",USV Ltd,50,0,50
Glevo 500 Tablet,Levofloxacin (500mg),Treatment of Bacterial infections,Headache Dizziness Nausea Constipation Diarrhea,"https://onemg.gumlet.io/l_watermark_346,w_480,h_480/a_ignore,w_480,h_480,c_fit,q_auto,f_auto/cropped/qlqmk42tjcj6rz7wncgh.jpg",Glenmark Pharmaceuticals Ltd,20,23,57
Glimestar-M2 Forte Tablet PR,Glimepiride (2mg) + Metformin (1000mg),Treatment of Type 2 diabetes mellitus,Hypoglycemia low blood glucose level Headache Nausea Diarrhea Flatulence,"https://onemg.gumlet.io/l_watermark_346,w_480,h_480/a_ignore,w_480,h_480,c_fit,q_auto,f_auto/afb0c66208cc414a97d76d983b3637b4.jpg",Mankind Pharma Ltd,44,47,9
Gabator NT 400mg/10mg Tablet,Gabapentin (400mg) + Nortriptyline (10mg),Treatment of Neuropathic pain,Constipation Difficulty in urination Weight gain Sleepiness Dizziness Tiredness Blurred vision Dryness in mouth Orthostatic hypotension sudden lowering of blood pressure on standing Increased heart rate Uncoordinated body movements,"https://onemg.gumlet.io/l_watermark_346,w_480,h_480/a_ignore,w_480,h_480,c_fit,q_auto,f_auto/cropped/fsfxdfqgvjpcaarywj5h.jpg",Torrent Pharmaceuticals Ltd,44,17,39
Glycomet Trio Forte 2 Tablet SR,Glimepiride (2mg) + Metformin (1000mg) + Voglibose (0.2mg),Treatment of Type 2 diabetes mellitus,Nausea Diarrhea Abdominal pain Hypoglycemia low blood glucose level,"https://onemg.gumlet.io/l_watermark_346,w_480,h_480/a_ignore,w_480,h_480,c_fit,q_auto,f_auto/cropped/vgqjkofjbcway0uusmwc.jpg",USV Ltd,27,55,18
Glocin Gel,Clindamycin (1% w/w) + Nicotinamide (4% w/w),Treatment of Acne,Skin peeling Dry skin Erythema skin redness Burning sensation at the site of application,"https://onemg.gumlet.io/l_watermark_346,w_480,h_480/a_ignore,w_480,h_480,c_fit,q_auto,f_auto/gwmunkbxcpsgb5xksgf8.jpg",Glowderma Labs Pvt Ltd,36,44,20
Gris ODT Tablet,Terbinafine (250mg), Fungal infections,Headache Diarrhea Rash Indigestion Abnormal liver enzyme Itching Taste change Nausea Abdominal pain Flatulence,"https://onemg.gumlet.io/l_watermark_346,w_480,h_480/a_ignore,w_480,h_480,c_fit,q_auto,f_auto/992174f7b8334b3791f6f6f25af1fad9.jpg",Dr Reddy's Laboratories Ltd,35,26,39
Gudcef -XL 200 New Tablet ER,Cefpodoxime Proxetil (200mg) + Dicloxacillin (500mg),Treatment of Bacterial infections,Nausea Vomiting Diarrhea Stomach pain Headache Rash,"https://onemg.gumlet.io/l_watermark_346,w_480,h_480/a_ignore,w_480,h_480,c_fit,q_auto,f_auto/0ffb65683d0a46bfbdb2824545f29201.jpg",Mankind Pharma Ltd,50,50,0
Glimisave MV 2 Tablet SR,Glimepiride (2mg) + Metformin (500mg) + Voglibose (0.2mg),Treatment of Type 2 diabetes mellitus,Nausea Diarrhea Abdominal pain Hypoglycemia low blood glucose level,"https://onemg.gumlet.io/l_watermark_346,w_480,h_480/a_ignore,w_480,h_480,c_fit,q_auto,f_auto/cropped/jdqmxubfl0735k0grnrr.jpg",Eris Lifesciences Ltd,10,71,19
Glycolate 1 Tablet,Glycopyrrolate (1mg), General Anaesthesia Peptic ulcer disease,Dryness in mouth Flushing sense of warmth in the face ears neck and trunk Vomiting Constipation Blurred vision Drowsiness Increased heart rate Urinary retention,"https://onemg.gumlet.io/l_watermark_346,w_480,h_480/a_ignore,w_480,h_480,c_fit,q_auto,f_auto/cropped/hhzpebgb6madgfosqoun.jpg",Intas Pharmaceuticals Ltd,31,27,42
Glucobay 25 Tablet,Acarbose (25mg),Treatment of Type 2 diabetes mellitus,Gastrointestinal discomfort Flatulence,"https://onemg.gumlet.io/l_watermark_346,w_480,h_480/a_ignore,w_480,h_480,c_fit,q_auto,f_auto/cropped/w4spii9hti2j9cgke1d3.jpg",Bayer Zydus Pharma Pvt Ltd,31,47,22
Gabantin Forte Tablet,Gabapentin (300mg) + Methylcobalamin (500mcg),Treatment of Neuropathic pain,Dizziness Sleepiness Tiredness Uncoordinated body movements,"https://onemg.gumlet.io/l_watermark_346,w_480,h_480/a_ignore,w_480,h_480,c_fit,q_auto,f_auto/cropped/a7x23x5vwy0artdrnh7i.jpg",Sun Pharmaceutical Industries Ltd,33,42,25
Gemfos Tablet,Risedronate (35mg), Osteoporosis,Headache Musculoskeletal bone muscle or joint pain Heartburn Diarrhea Indigestion,"https://onemg.gumlet.io/l_watermark_346,w_480,h_480/a_ignore,w_480,h_480,c_fit,q_auto,f_auto/cropped/nk0uggwbsvcutlvbzddq.jpg",Alkem Laboratories Ltd,20,57,23
Gaspaz DS Capsule,Domperidone (10mg) + Omeprazole (20mg),Treatment of Gastroesophageal reflux disease (Acid reflux)Treatment of Peptic ulcer disease,Diarrhea Stomach pain Dryness in mouth Headache Flatulence,"https://onemg.gumlet.io/l_watermark_346,w_480,h_480/a_ignore,w_480,h_480,c_fit,q_auto,f_auto/ef42a01a2e334462a94253b1e7f15477.jpg",Biological E Ltd,22,78,0
Gestofit 200 Capsule,Progesterone (200mg), Hormone replacement therapy Female infertility,Abdominal bloating Hot flushes Vaginal discharge Urinary incontinence Headache Fatigue Joint pain Cough Abnormal menstrual bleeding Musculoskeletal bone muscle or joint pain Slurred speech Pain behind eyes Vertigo,"https://onemg.gumlet.io/l_watermark_346,w_480,h_480/a_ignore,w_480,h_480,c_fit,q_auto,f_auto/49828e2f2ad24c7d9ddf9f32a446a6c1.jpg",Alembic Pharmaceuticals Ltd,33,34,33
Glycohale-F Rotacap,Formoterol (12mcg) + Glycopyrrolate (25mcg), Chronic obstructive pulmonary disease (COPD),Indigestion High blood pressure Nasopharyngitis inflammation of the throat and nasal passages Chest pain Fever Urinary retention Sore throat Cough Headache Dizziness Increased glucose level in blood Allergic reaction Sinus inflammation Inflammation of the nose Urinary tract infection,"https://onemg.gumlet.io/l_watermark_346,w_480,h_480/a_ignore,w_480,h_480,c_fit,q_auto,f_auto/7b4c92d52a0d4f0e9a3800d329f68290.jpg",Cipla Ltd,67,11,22
Gudcef Drop,Cefpodoxime Proxetil (25mg),Treatment of Bacterial infections,Abdominal pain Rash Nausea Diarrhea,"https://onemg.gumlet.io/l_watermark_346,w_480,h_480/a_ignore,w_480,h_480,c_fit,q_auto,f_auto/cropped/ihgiwtuxumrr6nrndobp.jpg",Mankind Pharma Ltd,50,0,50
Gemcal Nasal Spray,Calcitonin (Salmon) (200IU), Post menopausal osteoporosis Paget's disease,Runny nose Nosebleeds Nasal irritation Back pain Joint pain Headache,"https://onemg.gumlet.io/l_watermark_346,w_480,h_480/a_ignore,w_480,h_480,c_fit,q_auto,f_auto/e0bec1c80adc4936a1e0839b69a12c63.jpg",Alkem Laboratories Ltd,30,18,52
Glizid-MV Tablet SR,Voglibose (0.2mg) + Metformin (500mg) + Gliclazide (80mg),Treatment of Type 2 diabetes mellitus,Hypoglycemia low blood glucose level Nausea Taste change Diarrhea Stomach pain Flatulence Headache Skin rash Respiratory tract infection,"https://onemg.gumlet.io/l_watermark_346,w_480,h_480/a_ignore,w_480,h_480,c_fit,q_auto,f_auto/cropped/bskfml182q3rjxqwxwso.jpg",Panacea Biotec Ltd,42,45,13
Geripod 8 Tablet,Silodosin (8mg),Treatment of Benign prostatic hyperplasia,Retrograde ejaculation Dizziness Diarrhea Orthostatic hypotension sudden lowering of blood pressure on standing Headache Blurred vision Nasopharyngitis inflammation of the throat and nasal passages Nasal congestion stuffy nose,"https://onemg.gumlet.io/l_watermark_346,w_480,h_480/a_ignore,w_480,h_480,c_fit,q_auto,f_auto/2dbc08f59c2e495ca060a7cd24744fd7.jpg",Alembic Pharmaceuticals Ltd,17,71,12
Gabantin 300 Capsule,Gabapentin (300mg),Treatment of Neuropathic painTreatment of Epilepsy/Seizures,Viral infection Sleepiness Dizziness Impaired coordination Fatigue Fever,"https://onemg.gumlet.io/l_watermark_346,w_480,h_480/a_ignore,w_480,h_480,c_fit,q_auto,f_auto/cropped/t9i5gvkd1ci62otqq7j2.jpg",Sun Pharmaceutical Industries Ltd,19,51,30
Glyciphage-G 1 Tablet PR,Glimepiride (1mg) + Metformin (500mg),Treatment of Type 2 diabetes mellitus,Hypoglycemia low blood glucose level Headache Nausea Diarrhea Flatulence,"https://onemg.gumlet.io/l_watermark_346,w_480,h_480/a_ignore,w_480,h_480,c_fit,q_auto,f_auto/cropped/owz5sswz1zjj17mlm3r0.jpg",Franco-Indian Pharmaceuticals Pvt Ltd,30,64,6
Gabantip AT 100 Tablet,Gabapentin (100mg) + Amitriptyline (10mg), Neuropathic pain,Constipation Difficulty in urination Weight gain Sleepiness Dizziness Tiredness Uncoordinated body movements Increased heart rate Orthostatic hypotension sudden lowering of blood pressure on standing Blurred vision Dryness in mouth,"https://onemg.gumlet.io/l_watermark_346,w_480,h_480/a_ignore,w_480,h_480,c_fit,q_auto,f_auto/cropped/asymacvdrwuvmj6clhdz.jpg",Sun Pharmaceutical Industries Ltd,37,33,30
Gemvert Tablet,Cinnarizine (20mg) + Dimenhydrinate (40mg),Treatment of Vertigo,Drowsiness Headache Stomach pain Dryness in mouth,"https://onemg.gumlet.io/l_watermark_346,w_480,h_480/a_ignore,w_480,h_480,c_fit,q_auto,f_auto/cropped/jvg0qy1uzzhoxy2lfqh4.jpg",Dr Reddy's Laboratories Ltd,21,37,42
Gudcef 100mg Tablet DT,Cefpodoxime Proxetil (100mg),Treatment of Bacterial infections,Rash Nausea Diarrhea,"https://onemg.gumlet.io/l_watermark_346,w_480,h_480/a_ignore,w_480,h_480,c_fit,q_auto,f_auto/vntlgla12scbxvmapuvu.jpg",Mankind Pharma Ltd,33,34,33
Gemer DS 1 Tablet PR,Glimepiride (1mg) + Metformin (1000mg),Treatment of Type 2 diabetes mellitus,Hypoglycemia low blood glucose level Headache Nausea Diarrhea Flatulence,"https://onemg.gumlet.io/l_watermark_346,w_480,h_480/a_ignore,w_480,h_480,c_fit,q_auto,f_auto/adz1fbm1ijnbs42lnlvn.jpg",Sun Pharmaceutical Industries Ltd,67,20,13
Grandem MD Tablet,Granisetron (1mg), Nausea and vomiting due to chemotherapy,Weakness Headache Constipation Diarrhea Insomnia difficulty in sleeping,"https://onemg.gumlet.io/l_watermark_346,w_480,h_480/a_ignore,w_480,h_480,c_fit,q_auto,f_auto/3f1ada9276d143fb92e8e6daa3b51c63.jpg",Aristo Pharmaceuticals Pvt Ltd,67,33,0
Glizid 40 Tablet,Gliclazide (40mg),Treatment of Type 2 diabetes mellitus,Hypoglycemia low blood glucose level Weight gain Flatulence Diarrhea Headache Nausea Dizziness,"https://onemg.gumlet.io/l_watermark_346,w_480,h_480/a_ignore,w_480,h_480,c_fit,q_auto,f_auto/6c81efc5856d4780b67c10cfad5e5061.jpg",Mankind Pharma Ltd,22,59,19
Genticyn 80mg Injection,Gentamicin (80mg),Treatment of Bacterial infections,Hearing loss Kidney damage Balance disorder loss of balance Injection site pain,"https://onemg.gumlet.io/l_watermark_346,w_480,h_480/a_ignore,w_480,h_480,c_fit,q_auto,f_auto/2d1824c88ffb41cba4b1f86e5a106702.jpg",Abbott,43,43,14
Geminor M 2 Tablet PR,Glimepiride (2mg) + Metformin (500mg),Treatment of Type 2 diabetes mellitus,Hypoglycemia low blood glucose level Headache Nausea Diarrhea Flatulence,"https://onemg.gumlet.io/l_watermark_346,w_480,h_480/a_ignore,w_480,h_480,c_fit,q_auto,f_auto/a5529fce68ef41919e179075760590ce.jpg",Macleods Pharmaceuticals Pvt Ltd,23,54,23
GeneVac-B Adult Vaccine,Hepatitis B Vaccine (rDNA) (20mcg), Prevention of Hepatitis B infection,Diarrhea Fatigue Decreased appetite Inflammation of the nose,"https://onemg.gumlet.io/l_watermark_346,w_480,h_480/a_ignore,w_480,h_480,c_fit,q_auto,f_auto/nhupnofwv4i7xirpdbkq.jpg",Serum Institute Of India Ltd,62,24,14
Gravol Tablet,Dimenhydrinate (50mg),Treatment of Allergic conditions Motion sickness,Sleepiness Dryness in mouth,"https://onemg.gumlet.io/l_watermark_346,w_480,h_480/a_ignore,w_480,h_480,c_fit,q_auto,f_auto/prsxaomavi88tyxbycih.jpg",Wallace Pharmaceuticals Pvt Ltd,54,33,13
Glimestar 1 Tablet,Glimepiride (1mg),Treatment of Type 2 diabetes mellitus,Hypoglycemia low blood glucose level Headache Nausea Dizziness Weakness,"https://onemg.gumlet.io/l_watermark_346,w_480,h_480/a_ignore,w_480,h_480,c_fit,q_auto,f_auto/cropped/kuy7zoo79t0csky43nbt.jpg",Mankind Pharma Ltd,38,41,21
Gentalene Plus Cream,Beclometasone (0.025% w/w) + Neomycin (0.5% w/w) + Clotrimazole (1% w/w),Treatment of Skin infections,Application site reactions burning irritation itching and redness,"https://onemg.gumlet.io/l_watermark_346,w_480,h_480/a_ignore,w_480,h_480,c_fit,q_auto,f_auto/cropped/ugla84ldhxksh8guv7t2.jpg",Sun Pharmaceutical Industries Ltd,31,51,18
Gemer P 1 Tablet ER,Glimepiride (1mg) + Metformin (500mg) + Pioglitazone (15mg),Treatment of Type 2 diabetes mellitus,Hypoglycemia low blood glucose level Dizziness Headache Nausea Vomiting Diarrhea Flatulence Bronchitis inflammation of the airways Anemia low number of red blood cells Edema swelling,"https://onemg.gumlet.io/l_watermark_346,w_480,h_480/a_ignore,w_480,h_480,c_fit,q_auto,f_auto/buazpwe0ov00qtrfmi4p.jpg",Sun Pharmaceutical Industries Ltd,39,50,11
Gudcef-CV 100mg Tablet,Cefpodoxime Proxetil (100mg) + Clavulanic Acid (62.5mg),Treatment of Respiratory tract infection,Nausea Diarrhea Headache Rash Abdominal pain Vaginal infection Fungal infection of vagina,"https://onemg.gumlet.io/l_watermark_346,w_480,h_480/a_ignore,w_480,h_480,c_fit,q_auto,f_auto/1734f81d4f6c4aff966a38694d625260.jpg",Mankind Pharma Ltd,39,22,39
Glimy 1 Tablet,Glimepiride (1mg),Treatment of Type 2 diabetes mellitus,Hypoglycemia low blood glucose level Headache Nausea Dizziness Weakness,"https://onemg.gumlet.io/l_watermark_346,w_480,h_480/a_ignore,w_480,h_480,c_fit,q_auto,f_auto/9286d97983424ba0a969dbca76f52ec9.jpg",Dr Reddy's Laboratories Ltd,56,22,22
Glimp-M 2 Tablet,Glimepiride (2mg) + Metformin (500mg),Treatment of Type 2 diabetes mellitus,Hypoglycemia low blood glucose level Headache Nausea Diarrhea Flatulence,"https://onemg.gumlet.io/l_watermark_346,w_480,h_480/a_ignore,w_480,h_480,c_fit,q_auto,f_auto/721b0e70f86c4fe0b909645f61ec3ecb.jpg",Biochem Pharmaceutical Industries,50,39,11
Grilinctus-BM Tablet,Terbutaline (2.5mg) + Bromhexine (8mg),Treatment of Cough,Nausea Indigestion Bloating Diarrhea Dizziness Headache Tremors Sweating Skin rash Increased heart rate Palpitations,"https://onemg.gumlet.io/l_watermark_346,w_480,h_480/a_ignore,w_480,h_480,c_fit,q_auto,f_auto/cropped/t2sgrypcinyjzrdatdyx.jpg",Franco-Indian Pharmaceuticals Pvt Ltd,44,18,38
Graniforce Syrup,Granisetron (1mg), Nausea and vomiting due to chemotherapy,Weakness Headache Constipation Diarrhea Insomnia difficulty in sleeping,"https://onemg.gumlet.io/l_watermark_346,w_480,h_480/a_ignore,w_480,h_480,c_fit,q_auto,f_auto/cropped/yl2orxiwteohspbjgil6.jpg",Mankind Pharma Ltd,33,48,19
Glycomet 850 SR Tablet,Metformin (850mg),Treatment of Type 2 diabetes mellitus,Diarrhea Nausea Vomiting Flatulence,"https://onemg.gumlet.io/l_watermark_346,w_480,h_480/a_ignore,w_480,h_480,c_fit,q_auto,f_auto/cropped/kwdtsxwlckzmfuj30jgk.jpg",USV Ltd,34,42,24
Glimy M 1 Tablet PR,Glimepiride (1mg) + Metformin (500mg),Treatment of Type 2 diabetes mellitus,Hypoglycemia low blood glucose level Headache Nausea Diarrhea Flatulence,"https://onemg.gumlet.io/l_watermark_346,w_480,h_480/a_ignore,w_480,h_480,c_fit,q_auto,f_auto/342a80fa004f482c83b4a8b9df42c20b.jpg",Dr Reddy's Laboratories Ltd,48,52,0
Gabaneuron NT 400 Tablet,Gabapentin (400mg) + Nortriptyline (10mg),Treatment of Neuropathic pain,Constipation Difficulty in urination Weight gain Sleepiness Dizziness Tiredness Blurred vision Dryness in mouth Orthostatic hypotension sudden lowering of blood pressure on standing Increased heart rate Uncoordinated body movements,"https://onemg.gumlet.io/l_watermark_346,w_480,h_480/a_ignore,w_480,h_480,c_fit,q_auto,f_auto/a5bbf49ee70444709a16d91d89ce62c7.jpg",Aristo Pharmaceuticals Pvt Ltd,33,45,22
Glizid 80 Tablet,Gliclazide (80mg),Treatment of Type 2 diabetes mellitus,Hypoglycemia low blood glucose level Weight gain Flatulence Diarrhea Headache Nausea Dizziness,"https://onemg.gumlet.io/l_watermark_346,w_480,h_480/a_ignore,w_480,h_480,c_fit,q_auto,f_auto/e7e2c97831dc478fb5ce133947db47bd.jpg",Mankind Pharma Ltd,17,72,11
Gluconorm SR 1gm Tablet,Metformin (1000mg),Treatment of Type 2 diabetes mellitus,Diarrhea Nausea Vomiting Flatulence,"https://onemg.gumlet.io/l_watermark_346,w_480,h_480/a_ignore,w_480,h_480,c_fit,q_auto,f_auto/cropped/kr0qxrschznreeohmluh.jpg",Lupin Ltd,35,39,26
Glimp-M 1 Tablet,Glimepiride (1mg) + Metformin (500mg),Treatment of Type 2 diabetes mellitus,Hypoglycemia low blood glucose level Headache Nausea Diarrhea Flatulence,"https://onemg.gumlet.io/l_watermark_346,w_480,h_480/a_ignore,w_480,h_480,c_fit,q_auto,f_auto/0b55a87cbb9f497fb2b139975ca7143c.jpg",Biochem Pharmaceutical Industries,67,16,17
Glimiprex MF 2/500 Tablet PR,Glimepiride (2mg) + Metformin (500mg),Treatment of Type 2 diabetes mellitus,Hypoglycemia low blood glucose level Headache Nausea Diarrhea Flatulence,"https://onemg.gumlet.io/l_watermark_346,w_480,h_480/a_ignore,w_480,h_480,c_fit,q_auto,f_auto/900d7a2db30d4d638aa4409113d2dc88.jpg",Aristo Pharmaceuticals Pvt Ltd,48,25,27
Glimisave M 2 Tablet PR,Glimepiride (2mg) + Metformin (500mg),Treatment of Type 2 diabetes mellitus,Hypoglycemia low blood glucose level Headache Nausea Diarrhea Flatulence,"https://onemg.gumlet.io/l_watermark_346,w_480,h_480/a_ignore,w_480,h_480,c_fit,q_auto,f_auto/8f2deec7487240249e1eef29aaceb0ac.jpg",Eris Lifesciences Ltd,30,51,19
Gancigel Ophthalmic Gel,Ganciclovir (1.5mg), Cytomegalovirus Infection,Eye irritation,"https://onemg.gumlet.io/l_watermark_346,w_480,h_480/a_ignore,w_480,h_480,c_fit,q_auto,f_auto/cropped/d1wzhlyezuzc987uvf9e.jpg",Entod Pharmaceuticals Ltd,33,17,50
Gestone Injection,Progesterone (100mg), Hormone replacement therapy Female infertility,Headache Fatigue Joint pain Cough Abnormal menstrual bleeding Musculoskeletal bone muscle or joint pain Slurred speech Pain behind eyes Vertigo,"https://onemg.gumlet.io/l_watermark_346,w_480,h_480/a_ignore,w_480,h_480,c_fit,q_auto,f_auto/cropped/m6t37jw9sgdhrfdsuhax.jpg",Ferring Pharmaceuticals,33,47,20
Glyciphage Tablet,Metformin (500mg),Treatment of Type 2 diabetes mellitus,Diarrhea Nausea Vomiting Flatulence,"https://onemg.gumlet.io/l_watermark_346,w_480,h_480/a_ignore,w_480,h_480,c_fit,q_auto,f_auto/cropped/rzlvyjl278j3assceo52.jpg",Franco-Indian Pharmaceuticals Pvt Ltd,27,57,16
Glucoryl-M 2 Tablet PR,Glimepiride (2mg) + Metformin (500mg),Treatment of Type 2 diabetes mellitus,Hypoglycemia low blood glucose level Headache Nausea Diarrhea Flatulence,"https://onemg.gumlet.io/l_watermark_346,w_480,h_480/a_ignore,w_480,h_480,c_fit,q_auto,f_auto/255ca5be4ca94d77a0389af1bd4c175d.jpg",Alkem Laboratories Ltd,47,30,23
Gramocef-CV Tablet,Cefixime (200mg) + Clavulanic Acid (125mg),Treatment of Bacterial infections,Nausea Diarrhea Stomach pain Indigestion Flatulence,"https://onemg.gumlet.io/l_watermark_346,w_480,h_480/a_ignore,w_480,h_480,c_fit,q_auto,f_auto/cropped/pwfybp0wyyg3zmrgnbj9.jpg",Micro Labs Ltd,24,52,24
Gabafix Gel,Diclofenac (5% w/w) + Capsaicin Based Rubefacients (0.035% w/w) + Menthol (5% w/w) + Methyl Salicylate (10% w/w) + Pregabalin (8% w/w), Neuropathic pain,Limited data available,"https://onemg.gumlet.io/l_watermark_346,w_480,h_480/a_ignore,w_480,h_480,c_fit,q_auto,f_auto/dc354c191bb44cbfb78a06215726b45a.jpg",Aareen Healthcare Pvt Ltd,33,54,13
Gaspaz Capsule,Domperidone (10mg) + Omeprazole (10mg),Treatment of Gastroesophageal reflux disease (Acid reflux)Treatment of Peptic ulcer disease,Diarrhea Stomach pain Dryness in mouth Headache Flatulence,"https://onemg.gumlet.io/l_watermark_346,w_480,h_480/a_ignore,w_480,h_480,c_fit,q_auto,f_auto/srhlye1t2ssb1jnegmaz.jpg",Biological E Ltd,50,38,12
Gluconorm-VG 2 Tablet SR,Glimepiride (2mg) + Metformin (500mg) + Voglibose (0.2mg),Treatment of Type 2 diabetes mellitus,Nausea Diarrhea Abdominal pain Hypoglycemia low blood glucose level,"https://onemg.gumlet.io/l_watermark_346,w_480,h_480/a_ignore,w_480,h_480,c_fit,q_auto,f_auto/ibzildhjdn1ugh6qhjyg.jpg",Lupin Ltd,33,43,24
Gulfadryl Syrup,Ammonium Chloride (138mg) + Sodium Citrate (57.03mg) + Diphenhydramine (14.08mg) + Menthol (1.14mg), Cough,Stomach pain epigastric pain Allergic reaction Sleepiness Dizziness Thickened respiratory tract secretions Impaired coordination,"https://onemg.gumlet.io/l_watermark_346,w_480,h_480/a_ignore,w_480,h_480,c_fit,q_auto,f_auto/f315a6d4d0414b398dde3b7585c1e2d9.jpg",Galpha Laboratories Ltd,23,23,54
Gluconorm-G 1 Forte Tablet PR,Glimepiride (1mg) + Metformin (1000mg),Treatment of Type 2 diabetes mellitus,Hypoglycemia low blood glucose level Headache Nausea Diarrhea Flatulence,"https://onemg.gumlet.io/l_watermark_346,w_480,h_480/a_ignore,w_480,h_480,c_fit,q_auto,f_auto/olgh1h5nf5kfnecyz8ft.jpg",Lupin Ltd,17,62,21
Glimda-MV 2 Tablet SR,Glimepiride (2mg) + Metformin (500mg) + Voglibose (0.2mg),Treatment of Type 2 diabetes mellitus,Nausea Diarrhea Abdominal pain Hypoglycemia low blood glucose level,"https://onemg.gumlet.io/l_watermark_346,w_480,h_480/a_ignore,w_480,h_480,c_fit,q_auto,f_auto/dklg4mr8umu9qweixicp.jpg",Cipla Ltd,40,40,20
Glycomet-GP 4 Forte Tablet PR,Glimepiride (4mg) + Metformin (1000mg),Treatment of Type 2 diabetes mellitus,Hypoglycemia low blood glucose level Headache Nausea Diarrhea Flatulence,"https://onemg.gumlet.io/l_watermark_346,w_480,h_480/a_ignore,w_480,h_480,c_fit,q_auto,f_auto/cropped/fkozp5wj8snutnxuashd.jpg",USV Ltd,29,38,33
Gifaxin  400 Tablet,Rifaximin (400mg),Treatment of Hepatic encephalopathyTreatment of Infectious diarrhea,Dizziness Nausea Peripheral edema Ascites accumulation of fluid in the abdominal cavity Fatigue Depression Nasopharyngitis inflammation of the throat and nasal passages Joint pain Rash Muscle pain,"https://onemg.gumlet.io/l_watermark_346,w_480,h_480/a_ignore,w_480,h_480,c_fit,q_auto,f_auto/fb561daf7d12475c8d8aa36d75102e17.jpg",Aristo Pharmaceuticals Pvt Ltd,0,33,67
Glykind  60 XR Tablet,Gliclazide (60mg),Treatment of Type 2 diabetes mellitus,Hypoglycemia low blood glucose level Weight gain Flatulence Diarrhea Headache Nausea Dizziness,"https://onemg.gumlet.io/l_watermark_346,w_480,h_480/a_ignore,w_480,h_480,c_fit,q_auto,f_auto/0dfee20c7fad4d72b084295bff5a50c1.jpg",Mankind Pharma Ltd,58,17,25
Glizid -MR 60 Tablet,Gliclazide (60mg),Treatment of Type 2 diabetes mellitus,Hypoglycemia low blood glucose level Weight gain Flatulence Diarrhea Headache Nausea Dizziness,"https://onemg.gumlet.io/l_watermark_346,w_480,h_480/a_ignore,w_480,h_480,c_fit,q_auto,f_auto/50a2de7ededc41c59f3c7b2085d54037.jpg",Mankind Pharma Ltd,56,44,0
Glyciphage-VG2 Tablet SR,Glimepiride (2mg) + Metformin (500mg) + Voglibose (0.2mg),Treatment of Type 2 diabetes mellitus,Nausea Diarrhea Abdominal pain Hypoglycemia low blood glucose level,"https://onemg.gumlet.io/l_watermark_346,w_480,h_480/a_ignore,w_480,h_480,c_fit,q_auto,f_auto/cropped/xxhvly51vnydakd8sdbj.jpg",Franco-Indian Pharmaceuticals Pvt Ltd,28,39,33
Golbi SR 450 Tablet,Ursodeoxycholic Acid (450mg),Treatment of Primary biliary cirrhosisTreatment of Gallbladder stones,Abdominal pain Diarrhea Hair loss Itching Nausea Rash,"https://onemg.gumlet.io/l_watermark_346,w_480,h_480/a_ignore,w_480,h_480,c_fit,q_auto,f_auto/5721c778bed1482a89ae71fa00cabfb8.jpg",Intas Pharmaceuticals Ltd,33,34,33
Glemont-F Tablet,Montelukast (10mg) + Fexofenadine (120mg),Treatment of Sneezing and runny nose due to allergies,Nausea Diarrhea Vomiting Skin rash Flu like symptoms Headache Drowsiness Dizziness,"https://onemg.gumlet.io/l_watermark_346,w_480,h_480/a_ignore,w_480,h_480,c_fit,q_auto,f_auto/cropped/zbuhngwsv9qrghpom2qo.jpg",Glenmark Pharmaceuticals Ltd,29,42,29
Gabawin 25 Tablet,Pregabalin (25mg),Treatment of Neuropathic painTreatment of Epilepsy/SeizuresTreatment of Fibromyalgia,Blurred vision Difficulty in paying attention Dizziness Dryness in mouth Edema swelling Sleepiness Weight gain,"https://onemg.gumlet.io/l_watermark_346,w_480,h_480/a_ignore,w_480,h_480,c_fit,q_auto,f_auto/cropped/eep3oazhe1vm7h8isn6q.jpg",Icon Life Sciences,10,42,48
Gemitrol NS Nasal Solution,Calcitonin (Salmon) (200IU), Post menopausal osteoporosis Paget's disease,Runny nose Nosebleeds Nasal irritation Back pain Joint pain Headache,"https://onemg.gumlet.io/l_watermark_346,w_480,h_480/a_ignore,w_480,h_480,c_fit,q_auto,f_auto/cropped/u7amc6aawsouzuvrcoy8.png",Torrent Pharmaceuticals Ltd,17,33,50
Glucobay M50 Tablet,Acarbose (50mg) + Metformin (500mg),Treatment of Type 2 diabetes mellitus,Flatulence Diarrhea Abdominal pain,"https://onemg.gumlet.io/l_watermark_346,w_480,h_480/a_ignore,w_480,h_480,c_fit,q_auto,f_auto/cropped/n8wbfenqig5tpkcjbnxf.jpg",Bayer Zydus Pharma Pvt Ltd,33,47,20
Geminor MP 2 Tablet SR,Glimepiride (2mg) + Metformin (500mg) + Pioglitazone (15mg),Treatment of Type 2 diabetes mellitus,Hypoglycemia low blood glucose level Dizziness Headache Nausea Vomiting Diarrhea Flatulence Bronchitis inflammation of the airways Anemia low number of red blood cells Edema swelling,"https://onemg.gumlet.io/l_watermark_346,w_480,h_480/a_ignore,w_480,h_480,c_fit,q_auto,f_auto/cropped/umfoik5veovtjlrdff4a.jpg",Macleods Pharmaceuticals Pvt Ltd,67,33,0
Gemer Forte 1 Tablet PR,Glimepiride (1mg) + Metformin (850mg),Treatment of Type 2 diabetes mellitus,Hypoglycemia low blood glucose level Headache Nausea Diarrhea Flatulence,"https://onemg.gumlet.io/l_watermark_346,w_480,h_480/a_ignore,w_480,h_480,c_fit,q_auto,f_auto/cpoo7xxfuvjafgpkiprm.jpg",Sun Pharmaceutical Industries Ltd,40,37,23
Gemer Forte 2 Tablet PR,Glimepiride (2mg) + Metformin (850mg),Treatment of Type 2 diabetes mellitus,Hypoglycemia low blood glucose level Headache Nausea Diarrhea Flatulence,"https://onemg.gumlet.io/l_watermark_346,w_480,h_480/a_ignore,w_480,h_480,c_fit,q_auto,f_auto/zyyhpoxx1vczt0wkapch.jpg",Sun Pharmaceutical Industries Ltd,41,41,18
Glucoryl-M 1 Tablet PR,Glimepiride (1mg) + Metformin (500mg),Treatment of Type 2 diabetes mellitus,Hypoglycemia low blood glucose level Headache Nausea Diarrhea Flatulence,"https://onemg.gumlet.io/l_watermark_346,w_480,h_480/a_ignore,w_480,h_480,c_fit,q_auto,f_auto/ad387e050d6c4389bc4a9d8a7a25ae16.jpg",Alkem Laboratories Ltd,31,47,22
GLZ Plus Tablet,Gliclazide (80mg) + Metformin (500mg),Treatment of Type 2 diabetes mellitus,Hypoglycemia low blood glucose level Headache Nausea Dizziness Diarrhea Flatulence,"https://onemg.gumlet.io/l_watermark_346,w_480,h_480/a_ignore,w_480,h_480,c_fit,q_auto,f_auto/b3bcc83e69b644589b9f05e6d20dd6cb.jpg",Alembic Pharmaceuticals Ltd,25,33,42
Glucomol 0.5% Eye Drop,Timolol (0.5% w/v), Glaucoma Ocular hypertension,Burning eyes Stinging in the eyes,"https://onemg.gumlet.io/l_watermark_346,w_480,h_480/a_ignore,w_480,h_480,c_fit,q_auto,f_auto/cropped/ztwdwj9issj1odbbtcxw.jpg",Allergan India Pvt Ltd,27,49,24
Glycomet Trio 1/0.3 Tablet SR,Glimepiride (1mg) + Metformin (500mg) + Voglibose (0.3mg),Treatment of Type 2 diabetes mellitus,Nausea Diarrhea Abdominal pain Hypoglycemia low blood glucose level,"https://onemg.gumlet.io/l_watermark_346,w_480,h_480/a_ignore,w_480,h_480,c_fit,q_auto,f_auto/nwsnmrvanitmuzexnstv.jpg",USV Ltd,42,58,0
Goodmorn Tablet,Doxylamine (10mg) + Vitamin B6 (Pyridoxine) (10mg),Treatment of Nausea and vomiting in pregnancy,Dryness in mouth Constipation Lightheadedness Drowsiness,"https://onemg.gumlet.io/l_watermark_346,w_480,h_480/a_ignore,w_480,h_480,c_fit,q_auto,f_auto/226582f6de1c4db0bf283e82cbc16089.jpg",DWD Pharmaceuticals Ltd,19,62,19
Geriflo-D Tablet SR,Tamsulosin  (0.4mg) +  Dutasteride (0.5mg),Treatment of Benign prostatic hyperplasia,Impotence Decreased libido Ejaculation disorder Orthostatic hypotension sudden lowering of blood pressure on standing Breast enlargement in male Breast tenderness in male,"https://onemg.gumlet.io/l_watermark_346,w_480,h_480/a_ignore,w_480,h_480,c_fit,q_auto,f_auto/cropped/vnwekfy0ryaw1lmxdfwg.jpg",Alembic Pharmaceuticals Ltd,0,83,17
Gluconorm PG 1 Tablet PR,Glimepiride (1mg) + Metformin (500mg) + Pioglitazone (15mg),Treatment of Type 2 diabetes mellitus,Hypoglycemia low blood glucose level Dizziness Headache Nausea Vomiting Diarrhea Flatulence Bronchitis inflammation of the airways Anemia low number of red blood cells Edema swelling,"https://onemg.gumlet.io/l_watermark_346,w_480,h_480/a_ignore,w_480,h_480,c_fit,q_auto,f_auto/cropped/mvffnsmsooethjqfitin.jpg",Lupin Ltd,36,28,36
Graniforce -MD Tablet,Granisetron (1mg), Nausea and vomiting due to chemotherapy,Weakness Headache Constipation Diarrhea Insomnia difficulty in sleeping,"https://onemg.gumlet.io/l_watermark_346,w_480,h_480/a_ignore,w_480,h_480,c_fit,q_auto,f_auto/cropped/ve9yr3qhj2dg3jcd2vr1.jpg",Mankind Pharma Ltd,33,25,42
Glimisave M 1 Tablet PR,Glimepiride (1mg) + Metformin (500mg),Treatment of Type 2 diabetes mellitus,Hypoglycemia low blood glucose level Headache Nausea Diarrhea Flatulence,"https://onemg.gumlet.io/l_watermark_346,w_480,h_480/a_ignore,w_480,h_480,c_fit,q_auto,f_auto/eef3c3becf7840cfa7a593cde226075c.jpg",Eris Lifesciences Ltd,44,41,15
Gibtulio 10mg Tablet,Empagliflozin (10mg),Treatment of Type 2 diabetes mellitus,Nausea Frequent urge to urinate Increased thirst Urinary tract infection Hypoglycaemia low blood sugar level in combination with insulin or sulphonylurea Vaginal yeast infection Joint pain,"https://onemg.gumlet.io/l_watermark_346,w_480,h_480/a_ignore,w_480,h_480,c_fit,q_auto,f_auto/cropped/ev9pgpydp8cqwxsafdly.jpg",Lupin Ltd,35,32,33
Glimestar-M1 Forte Tablet PR,Glimepiride (1mg) + Metformin (1000mg),Treatment of Type 2 diabetes mellitus,Hypoglycemia low blood glucose level Headache Nausea Diarrhea Flatulence,"https://onemg.gumlet.io/l_watermark_346,w_480,h_480/a_ignore,w_480,h_480,c_fit,q_auto,f_auto/2e8e3e29c2da4a54b006de2cead6b92c.jpg",Mankind Pharma Ltd,56,44,0
Gamascab Lotion,Lindane (1% w/v), Scabies,Hair loss Rash Erythematous rash Drowsiness Headache Dizziness Convulsion Itching Dry skin Paresthesia tingling or pricking sensation Numbness Tremors,"https://onemg.gumlet.io/l_watermark_346,w_480,h_480/a_ignore,w_480,h_480,c_fit,q_auto,f_auto/cropped/b41ggcw8bduxbvrnfkn9.jpg",NuLife Pharmaceuticals,24,38,38
Glizid-MR 30 Tablet,Gliclazide (30mg),Treatment of Type 2 diabetes mellitus,Hypoglycemia low blood glucose level Weight gain Flatulence Diarrhea Headache Nausea Dizziness,"https://onemg.gumlet.io/l_watermark_346,w_480,h_480/a_ignore,w_480,h_480,c_fit,q_auto,f_auto/839d652ab561464187bce9fee0df85a4.jpg",Mankind Pharma Ltd,50,50,0
Gliptagreat M 1000 Tablet,Metformin  (1000mg) +  Vildagliptin (50mg),Treatment of Type 2 diabetes mellitus,Hypoglycemia low blood glucose level Trembling Headache Dizziness Nausea Weight gain,"https://onemg.gumlet.io/l_watermark_346,w_480,h_480/a_ignore,w_480,h_480,c_fit,q_auto,f_auto/8d3b6fae6fdd4297a33a6d823e6c3973.jpg",Mankind Pharma Ltd,42,33,25
Genericart Levocetirizine Dihydrochloride 5mg Tablet,Levocetirizine (5mg),Treatment of Allergic conditions,Sleepiness Fatigue Dryness in mouth Headache Vomiting Nasopharyngitis inflammation of the throat and nasal passages,"https://onemg.gumlet.io/l_watermark_346,w_480,h_480/a_ignore,w_480,h_480,c_fit,q_auto,f_auto/cropped/tle9o9nequvg0o7zuwjv.jpg",Swast Aushadhi Seva Generic Medicine Store,22,45,33
GB 29 1500mcg/75mg Tablet SR,Methylcobalamin (1500mcg) + Pregabalin (75mg),Treatment of Neuropathic pain,Dizziness Sleepiness Tiredness Uncoordinated body movements,"https://onemg.gumlet.io/l_watermark_346,w_480,h_480/a_ignore,w_480,h_480,c_fit,q_auto,f_auto/1969f08018564421bf2134c259788d9d.jpg",Corona Remedies Pvt Ltd,56,44,0
Gerbisa Suppository,Bisacodyl (10mg),Treatment of Constipation,Fainting Stomach discomfort Rectal discomfort Vomiting Bloating Nausea Stomach cramp,"https://onemg.gumlet.io/l_watermark_346,w_480,h_480/a_ignore,w_480,h_480,c_fit,q_auto,f_auto/cropped/xpag5kdqfl9g8egzbxrq.jpg",Zydus Cadila,33,26,41
Glucoryl-MV1 Tablet SR,Glimepiride (1mg) + Metformin (500mg) + Voglibose (0.2mg),Treatment of Type 2 diabetes mellitus,Nausea Diarrhea Abdominal pain Hypoglycemia low blood glucose level,"https://onemg.gumlet.io/l_watermark_346,w_480,h_480/a_ignore,w_480,h_480,c_fit,q_auto,f_auto/cropped/woj2tbha5wwd4ofqv0hx.jpg",Alkem Laboratories Ltd,0,75,25
Glimy M 2 Tablet PR,Glimepiride (2mg) + Metformin (500mg),Treatment of Type 2 diabetes mellitus,Hypoglycemia low blood glucose level Headache Nausea Diarrhea Flatulence,"https://onemg.gumlet.io/l_watermark_346,w_480,h_480/a_ignore,w_480,h_480,c_fit,q_auto,f_auto/m8l4e5q32sycirxsanka.jpg",Dr Reddy's Laboratories Ltd,20,43,37
Glytears Eye Drop,Carboxymethylcellulose (0.5% w/v),Treatment of Dry eyes,Eye irritation Burning eyes Eye discomfort Eye itching Eye pain,"https://onemg.gumlet.io/l_watermark_346,w_480,h_480/a_ignore,w_480,h_480,c_fit,q_auto,f_auto/cropped/v4p8d3lhstdom0rjvl8t.jpg",Sun Pharmaceutical Industries Ltd,41,48,11
Geftinat 250mg Tablet,Gefitinib (250mg), Non-small cell lung cancer,Diarrhea Dry skin Loss of appetite Nausea Rash Stomatitis Inflammation of the mouth Vomiting Weakness Weight loss,"https://onemg.gumlet.io/l_watermark_346,w_480,h_480/a_ignore,w_480,h_480,c_fit,q_auto,f_auto/0df952cbbc7e4f2a8ddd264d81083df1.jpg",Natco Pharma Ltd,28,41,31
Glycinorm-M 60 OD Tablet,Gliclazide (60mg) + Metformin (500mg),Treatment of Type 2 diabetes mellitus,Hypoglycemia low blood glucose level Headache Nausea Dizziness Diarrhea Flatulence,"https://onemg.gumlet.io/l_watermark_346,w_480,h_480/a_ignore,w_480,h_480,c_fit,q_auto,f_auto/cropped/ve8zehw9xjqy2mzh6cgo.jpg",Ipca Laboratories Ltd,47,33,20
Glimestar 2 Tablet,Glimepiride (2mg),Treatment of Type 2 diabetes mellitus,Hypoglycemia low blood glucose level Headache Nausea Dizziness Weakness,"https://onemg.gumlet.io/l_watermark_346,w_480,h_480/a_ignore,w_480,h_480,c_fit,q_auto,f_auto/cropped/wcqssibol3yguixypna7.jpg",Mankind Pharma Ltd,33,52,15
Globucel Solution for Infusion,Human Normal Immunoglobulin (5gm), Immunoglobulins deficiency,Back pain Chills Flushing sense of warmth in the face ears neck and trunk Dizziness Headache Nausea Decreased blood pressure Muscle pain Slow heart rate Wheezing,"https://onemg.gumlet.io/l_watermark_346,w_480,h_480/a_ignore,w_480,h_480,c_fit,q_auto,f_auto/efspvwrwxmzwh4fqoomt.jpg",Intas Pharmaceuticals Ltd,33,39,28
Gluconorm PG 2 Forte Tablet SR,Glimepiride (2mg) + Metformin (1000mg) + Pioglitazone (15mg),Treatment of Type 2 diabetes mellitus,Hypoglycemia low blood glucose level Dizziness Headache Nausea Vomiting Diarrhea Flatulence Bronchitis inflammation of the airways Anemia low number of red blood cells Edema swelling,"https://onemg.gumlet.io/l_watermark_346,w_480,h_480/a_ignore,w_480,h_480,c_fit,q_auto,f_auto/cropped/lnbpt7pvcr2oyxl9vdee.jpg",Lupin Ltd,57,43,0
Glaritus 100IU/ml Injection,Insulin Glargine (100IU), Diabetes,Hypoglycemia low blood glucose level Peripheral edema Lipodystrophy skin thickening or pits at the injection site Allergic reaction Injection site reactions pain swelling redness Itching Rash Weight gain,"https://onemg.gumlet.io/l_watermark_346,w_480,h_480/a_ignore,w_480,h_480,c_fit,q_auto,f_auto/k9rhte3fpebv8zv6wmfb.jpg",Wockhardt Ltd,42,37,21
Glimisave MV 1 Tablet SR,Glimepiride (1mg) + Metformin (500mg) + Voglibose (0.2mg),Treatment of Type 2 diabetes mellitus,Nausea Diarrhea Abdominal pain Hypoglycemia low blood glucose level,"https://onemg.gumlet.io/l_watermark_346,w_480,h_480/a_ignore,w_480,h_480,c_fit,q_auto,f_auto/cropped/eqqajghxuboj4729pzmg.jpg",Eris Lifesciences Ltd,39,61,0
Geminor M2 Forte Tablet PR,Glimepiride (2mg) + Metformin (1000mg),Treatment of Type 2 diabetes mellitus,Hypoglycemia low blood glucose level Headache Nausea Diarrhea Flatulence,"https://onemg.gumlet.io/l_watermark_346,w_480,h_480/a_ignore,w_480,h_480,c_fit,q_auto,f_auto/vebsto7m1r7a7uajywvk.jpg",Macleods Pharmaceuticals Pvt Ltd,33,42,25
Gabafix NT 75mg/10mg/1500mcg Tablet,Pregabalin (75mg) + Nortriptyline (10mg) + Methylcobalamin (1500mcg),Treatment of Neuropathic pain,Constipation Weight gain Orthostatic hypotension sudden lowering of blood pressure on standing Increased heart rate Dizziness Sleepiness Tiredness Blurred vision Dryness in mouth Difficulty in urination Uncoordinated body movements,"https://onemg.gumlet.io/l_watermark_346,w_480,h_480/a_ignore,w_480,h_480,c_fit,q_auto,f_auto/879c6ebe41af48e39cc2a1c4688eb91d.jpg",Aareen Healthcare Pvt Ltd,0,67,33
Gestakind-SR Tablet,Isoxsuprine (40mg),Treatment of Premature LaborTreatment of Peripheral vascular disease,Dizziness Palpitations,"https://onemg.gumlet.io/l_watermark_346,w_480,h_480/a_ignore,w_480,h_480,c_fit,q_auto,f_auto/ag9uhpb1lg8uckfqfjua.jpg",Mankind Pharma Ltd,0,0,100
Glutaup 500mg Tablet,Glutathione (500mg), Liver  disease,No common side effects seen,"https://onemg.gumlet.io/l_watermark_346,w_480,h_480/a_ignore,w_480,h_480,c_fit,q_auto,f_auto/cropped/xuxhltzpy2sz14lja6m9.jpg",Alniche Life Sciences Pvt Ltd,38,29,33
Glyciphage-G 2 Tablet PR,Glimepiride (2mg) + Metformin (500mg),Treatment of Type 2 diabetes mellitus,Hypoglycemia low blood glucose level Headache Nausea Diarrhea Flatulence,"https://onemg.gumlet.io/l_watermark_346,w_480,h_480/a_ignore,w_480,h_480,c_fit,q_auto,f_auto/f7f675dbe2a8462ba8c110bad862d566.jpg",Franco-Indian Pharmaceuticals Pvt Ltd,38,41,21
Glimy 2 Tablet,Glimepiride (2mg),Treatment of Type 2 diabetes mellitus,Hypoglycemia low blood glucose level Headache Nausea Dizziness Weakness,"https://onemg.gumlet.io/l_watermark_346,w_480,h_480/a_ignore,w_480,h_480,c_fit,q_auto,f_auto/8255231867c5464195409087f556be68.jpg",Dr Reddy's Laboratories Ltd,22,56,22
Gabapax L Gel,Gabapentin (6% w/w) + Lidocaine (5% w/w), Neuropathic pain,Application site reactions burning irritation itching and redness,"https://onemg.gumlet.io/l_watermark_346,w_480,h_480/a_ignore,w_480,h_480,c_fit,q_auto,f_auto/86ecc205562242cdb49a4d484b5bb5a8.jpg",Alteus Biogenics Pvt Ltd,24,47,29
Glycolate 2 Tablet,Glycopyrrolate (2mg), General Anaesthesia Peptic ulcer disease,Dryness in mouth Flushing sense of warmth in the face ears neck and trunk Vomiting Constipation Blurred vision Drowsiness Increased heart rate Urinary retention,"https://onemg.gumlet.io/l_watermark_346,w_480,h_480/a_ignore,w_480,h_480,c_fit,q_auto,f_auto/cropped/w5eywumxos1mephrfz6t.jpg",Intas Pharmaceuticals Ltd,50,38,12
GPM-SR 2 Tablet,Glimepiride (2mg) + Metformin (500mg) + Pioglitazone (15mg),Treatment of Type 2 diabetes mellitus,Hypoglycemia low blood glucose level Dizziness Headache Nausea Vomiting Diarrhea Flatulence Bronchitis inflammation of the airways Anemia low number of red blood cells Edema swelling,"https://onemg.gumlet.io/l_watermark_346,w_480,h_480/a_ignore,w_480,h_480,c_fit,q_auto,f_auto/nmta9liibf8pu8ce32tc.jpg",Psychotropics India Ltd,28,47,25
Glycigon-M Tablet,Gliclazide (80mg) + Metformin (500mg),Treatment of Type 2 diabetes mellitus,Hypoglycemia low blood glucose level Headache Nausea Dizziness Diarrhea Flatulence,"https://onemg.gumlet.io/l_watermark_346,w_480,h_480/a_ignore,w_480,h_480,c_fit,q_auto,f_auto/cropped/fssrrv1be1mawttzwtat.jpg",Aristo Pharmaceuticals Pvt Ltd,49,36,15
Grenil-F 10 Tablet,Flunarizine (10mg),Prevention of Migraine,Sleepiness Weight gain Muscle pain Fatigue Constipation Nausea Insomnia difficulty in sleeping Runny nose Increased appetite Depression Stomach discomfort Breast pain,"https://onemg.gumlet.io/l_watermark_346,w_480,h_480/a_ignore,w_480,h_480,c_fit,q_auto,f_auto/ycrt2iercrbymc8xfe4u.jpg",Karnataka Antibiotics & Pharmaceuticals Ltd,0,67,33
GB 29 Plus Tablet,Pregabalin (75mg) + Nortriptyline (10mg),Treatment of Neuropathic pain,Constipation Difficulty in urination Weight gain Sleepiness Dizziness Tiredness Blurred vision Dryness in mouth Increased heart rate Orthostatic hypotension sudden lowering of blood pressure on standing Uncoordinated body movements,"https://onemg.gumlet.io/l_watermark_346,w_480,h_480/a_ignore,w_480,h_480,c_fit,q_auto,f_auto/afc9ee94d3944270b07cdbbe78426eb6.jpg",Corona Remedies Pvt Ltd,13,87,0
Gabapin 400 Capsule,Gabapentin (400mg),Treatment of Neuropathic painTreatment of Epilepsy/Seizures,Viral infection Sleepiness Dizziness Impaired coordination Fatigue Fever,"https://onemg.gumlet.io/l_watermark_346,w_480,h_480/a_ignore,w_480,h_480,c_fit,q_auto,f_auto/ocjekbaobphip9gtnyhy.jpg",Intas Pharmaceuticals Ltd,22,34,44
Glucored Tablet,Glibenclamide (2.5mg) + Metformin (400mg),Treatment of Type 2 diabetes mellitus,Nausea Vomiting Diarrhea Flatulence,"https://onemg.gumlet.io/l_watermark_346,w_480,h_480/a_ignore,w_480,h_480,c_fit,q_auto,f_auto/cropped/rih0mcxobhmlbbphflzq.jpg",Sun Pharmaceutical Industries Ltd,0,53,47
Glycomet Trio Forte 1 Tablet SR,Glimepiride (1mg) + Metformin (1000mg) + Voglibose (0.2mg),Treatment of Type 2 diabetes mellitus,Nausea Diarrhea Abdominal pain Hypoglycemia low blood glucose level,"https://onemg.gumlet.io/l_watermark_346,w_480,h_480/a_ignore,w_480,h_480,c_fit,q_auto,f_auto/cropped/nutkrbgfl4gkli392z9y.jpg",USV Ltd,38,41,21
Gabamax 75mg Capsule,Methylcobalamin (750mcg) + Pregabalin (75mg),Treatment of Neuropathic pain,Dizziness Sleepiness Tiredness Uncoordinated body movements,"https://onemg.gumlet.io/l_watermark_346,w_480,h_480/a_ignore,w_480,h_480,c_fit,q_auto,f_auto/cropped/jk3fh9cpskxtlklti38t.jpg",Aristo Pharmaceuticals Pvt Ltd,33,50,17
Gibtulio Met 12.5mg/500mg Tablet,Empagliflozin (12.5mg) + Metformin (500mg),Treatment of Type 2 diabetes mellitus,Genital fungal infection Nasopharyngitis inflammation of the throat and nasal passages Urinary tract infection Polyuria Nausea Vomiting Flatulence,"https://onemg.gumlet.io/l_watermark_346,w_480,h_480/a_ignore,w_480,h_480,c_fit,q_auto,f_auto/co9i0d0xjexh3lfzvqqj.jpg",Lupin Ltd,33,67,0
Glimp-MP 2 Tablet SR,Glimepiride (2mg) + Metformin (500mg) + Pioglitazone (15mg),Treatment of Type 2 diabetes mellitus,Hypoglycemia low blood glucose level Dizziness Headache Nausea Vomiting Diarrhea Flatulence Bronchitis inflammation of the airways Anemia low number of red blood cells Edema swelling,"https://onemg.gumlet.io/l_watermark_346,w_480,h_480/a_ignore,w_480,h_480,c_fit,q_auto,f_auto/d5d772e2886b4c91948282a099cdfc26.jpg",Zydus Cadila,56,44,0
Glyciphage-PG2 Tablet SR,Glimepiride (2mg) + Metformin (500mg) + Pioglitazone (15mg),Treatment of Type 2 diabetes mellitus,Hypoglycemia low blood glucose level Dizziness Headache Nausea Vomiting Diarrhea Flatulence Bronchitis inflammation of the airways Anemia low number of red blood cells Edema swelling,"https://onemg.gumlet.io/l_watermark_346,w_480,h_480/a_ignore,w_480,h_480,c_fit,q_auto,f_auto/cropped/wr72klcij2ipu8sfjxqm.jpg",Franco-Indian Pharmaceuticals Pvt Ltd,41,48,11
Glimy M V2 Tablet SR,Glimepiride (2mg) + Metformin (500mg) + Voglibose (0.2mg),Treatment of Type 2 diabetes mellitus,Nausea Diarrhea Abdominal pain Hypoglycemia low blood glucose level,"https://onemg.gumlet.io/l_watermark_346,w_480,h_480/a_ignore,w_480,h_480,c_fit,q_auto,f_auto/3b07080edb1649278836f85993d58b06.jpg",Dr Reddy's Laboratories Ltd,50,33,17
Gemer DS 3 Tablet PR,Glimepiride (3mg) + Metformin (1000mg),Treatment of Type 2 diabetes mellitus,Hypoglycemia low blood glucose level Headache Nausea Diarrhea Flatulence,"https://onemg.gumlet.io/l_watermark_346,w_480,h_480/a_ignore,w_480,h_480,c_fit,q_auto,f_auto/ddc4d5d0c8034afc8548919680801c80.jpg",Sun Pharmaceutical Industries Ltd,44,39,17
Gemcal -Kit,Calcitriol (0.25mcg) + Calcium Carbonate (500mg) + Zinc (7.5mg) + Risedronate (35mg), Osteoporosis,Headache Increased calcium level in blood Abdominal pain Nausea Rash Urinary tract infection,"https://onemg.gumlet.io/l_watermark_346,w_480,h_480/a_ignore,w_480,h_480,c_fit,q_auto,f_auto/cropped/nhkhuw6wowu8dvor9qic.jpg",Alkem Laboratories Ltd,29,23,48
Gudcef XL Tablet,Cefpodoxime Proxetil (200mg) + Cloxacillin (500mg) + Lactobacillus (90millionspores),Treatment of Bacterial infections,Diarrhea Nausea Vomiting Stomach pain Headache,"https://onemg.gumlet.io/l_watermark_346,w_480,h_480/a_ignore,w_480,h_480,c_fit,q_auto,f_auto/befdfdd91cec458a8c4e15e80d355125.jpg",Mankind Pharma Ltd,39,37,24
Geminor M1 Forte Tablet PR,Glimepiride (1mg) + Metformin (1000mg),Treatment of Type 2 diabetes mellitus,Hypoglycemia low blood glucose level Headache Nausea Diarrhea Flatulence,"https://onemg.gumlet.io/l_watermark_346,w_480,h_480/a_ignore,w_480,h_480,c_fit,q_auto,f_auto/512dc973502346609206144fb46f608e.jpg",Macleods Pharmaceuticals Pvt Ltd,67,33,0
Gluconorm-G 0.5mg/500mg Tablet PR,Glimepiride (0.5mg) + Metformin (500mg),Treatment of Type 2 diabetes mellitus,Hypoglycemia low blood glucose level Headache Nausea Diarrhea Flatulence,"https://onemg.gumlet.io/l_watermark_346,w_480,h_480/a_ignore,w_480,h_480,c_fit,q_auto,f_auto/2ad023b1004f4a75ad15a95abb69f219.jpg",Lupin Ltd,73,27,0
Glycoseptol Antiseptic Gargle &amp; Mouth Wash,Chlorhexidine Gluconate (NA),Treatment of Mouth infection,Taste change Staining of teeth Hard Dental Plaque,"https://onemg.gumlet.io/l_watermark_346,w_480,h_480/a_ignore,w_480,h_480,c_fit,q_auto,f_auto/ariqetzjjbltwjq77zyx.jpg",Jupiter Pharmaceutical Ltd,33,7,60
Gabamax SR 75 Tablet,Methylcobalamin (1500mcg) + Pregabalin (75mg),Treatment of Neuropathic pain,Dizziness Sleepiness Tiredness Uncoordinated body movements,"https://onemg.gumlet.io/l_watermark_346,w_480,h_480/a_ignore,w_480,h_480,c_fit,q_auto,f_auto/cropped/ihvdxbvcyjsyzcc6xkwj.jpg",Aristo Pharmaceuticals Pvt Ltd,42,22,36
Goodova 50 Capsule,Clomiphene (50mg) + Melatonin (3mg), Female infertility,Vomiting Hot flashes Headache Nausea Ovarian hyperstimulation syndrome Breast discomfort,"https://onemg.gumlet.io/l_watermark_346,w_480,h_480/a_ignore,w_480,h_480,c_fit,q_auto,f_auto/cropped/z3lxk2zwdzfys3bymj5b.jpg",Akumentis Healthcare Ltd,11,27,62
Gluconorm-G 3 Forte Tablet PR,Glimepiride (3mg) + Metformin (1000mg),Treatment of Type 2 diabetes mellitus,Hypoglycemia low blood glucose level Headache Nausea Diarrhea Flatulence,"https://onemg.gumlet.io/l_watermark_346,w_480,h_480/a_ignore,w_480,h_480,c_fit,q_auto,f_auto/k1g8xfrrf6szjs5z3ybx.jpg",Lupin Ltd,30,47,23
Galvus Met 50mg/850mg Tablet,Metformin  (850mg) +  Vildagliptin (50mg),Treatment of Type 2 diabetes mellitus,Hypoglycemia low blood glucose level Trembling Headache Dizziness Nausea Weight gain,"https://onemg.gumlet.io/l_watermark_346,w_480,h_480/a_ignore,w_480,h_480,c_fit,q_auto,f_auto/lyqnossvuouhknckf5xn.jpg",Novartis India Ltd,60,40,0
Gluconorm-G 4 Forte Tablet PR,Glimepiride (4mg) + Metformin (1000mg),Treatment of Type 2 diabetes mellitus,Hypoglycemia low blood glucose level Headache Nausea Diarrhea Flatulence,"https://onemg.gumlet.io/l_watermark_346,w_480,h_480/a_ignore,w_480,h_480,c_fit,q_auto,f_auto/67cc1bb3a4774ce3a8e59d618424a52c.jpg",Lupin Ltd,60,23,17
Gabapin SR 450 Tablet,Gabapentin (450mg),Treatment of Neuropathic painTreatment of Epilepsy/Seizures,Viral infection Sleepiness Dizziness Impaired coordination Fatigue Fever,"https://onemg.gumlet.io/l_watermark_346,w_480,h_480/a_ignore,w_480,h_480,c_fit,q_auto,f_auto/cropped/xwltbwya4soly9lvqrxt.jpg",Intas Pharmaceuticals Ltd,21,33,46
Gabawin 50 Tablet,Pregabalin (50mg),Treatment of Neuropathic painTreatment of Epilepsy/SeizuresTreatment of Fibromyalgia,Blurred vision Difficulty in paying attention Dizziness Dryness in mouth Edema swelling Sleepiness Weight gain,"https://onemg.gumlet.io/l_watermark_346,w_480,h_480/a_ignore,w_480,h_480,c_fit,q_auto,f_auto/cropped/y9aobqvaroite7i26t3o.jpg",Icon Life Sciences,0,33,67
Glimda 1 Tablet,Glimepiride (1mg),Treatment of Type 2 diabetes mellitus,Hypoglycemia low blood glucose level Headache Nausea Dizziness Weakness,"https://onemg.gumlet.io/l_watermark_346,w_480,h_480/a_ignore,w_480,h_480,c_fit,q_auto,f_auto/x3mp2neyektycip02etd.jpg",Cipla Ltd,44,39,17
Grilinctus  Paediatric Syrup,Chlorpheniramine Maleate (1mg) + Paracetamol (125mg) + Phenylephrine (2.5mg),Treatment of Common cold,Diarrhea Rash Nausea Headache Insomnia difficulty in sleeping Dizziness Tachycardia Palpitations Fear Anxiety Restlessness Tremors Weakness Discomfort when urinating Hallucination Convulsion,"https://onemg.gumlet.io/l_watermark_346,w_480,h_480/a_ignore,w_480,h_480,c_fit,q_auto,f_auto/cropped/sdyikvpklckx4wqqwgbl.jpg",Franco-Indian Pharmaceuticals Pvt Ltd,33,54,13
Glucobay M 25 Tablet,Acarbose (25mg) + Metformin (500mg),Treatment of Type 2 diabetes mellitus,Flatulence Diarrhea Abdominal pain,"https://onemg.gumlet.io/l_watermark_346,w_480,h_480/a_ignore,w_480,h_480,c_fit,q_auto,f_auto/cropped/gbqc50j22p1kdsk3jyyt.jpg",Bayer Zydus Pharma Pvt Ltd,56,44,0
Glotret 20 Tablet,Isotretinoin (20mg),Treatment of Acne,Dry skin Increased liver enzymes Rash,"https://onemg.gumlet.io/l_watermark_346,w_480,h_480/a_ignore,w_480,h_480,c_fit,q_auto,f_auto/cropped/bdi5rk6rtdrkgbnl5vzm.jpg",Glowderma Labs Pvt Ltd,20,43,37
Glospor Capsule,Itraconazole (100mg),Treatment of Fungal infections,Nausea Abdominal pain Constipation Dizziness Headache Indigestion Vomiting,"https://onemg.gumlet.io/l_watermark_346,w_480,h_480/a_ignore,w_480,h_480,c_fit,q_auto,f_auto/vucde2klhljwnmaklifn.jpg",Glowderma Labs Pvt Ltd,33,34,33
Gflotas D Eye Drop,Dexamethasone (0.1% w/w) + Gatifloxacin (0.3% w/w),Treatment of Bacterial eye infections,Eye irritation Burning sensation Stinging sensation Watery eyes Blurred vision,"https://onemg.gumlet.io/l_watermark_346,w_480,h_480/a_ignore,w_480,h_480,c_fit,q_auto,f_auto/c9946653d7154d7baa33f9e38fc76a81.jpg",Intas Pharmaceuticals Ltd,100,0,0
Gastractiv 10mg Tablet,Domperidone (10mg),Treatment of IndigestionTreatment of NauseaTreatment of Vomiting,Headache Dryness in mouth Stomach pain Diarrhea,"https://onemg.gumlet.io/l_watermark_346,w_480,h_480/a_ignore,w_480,h_480,c_fit,q_auto,f_auto/ae06dc1dd2654e72bfb0b773540a8be1.jpg",Janssen Pharmaceuticals,22,56,22
Glimisave MV2 Forte Tablet SR,Glimepiride (2mg) + Metformin (1000mg) + Voglibose (0.3mg),Treatment of Type 2 diabetes mellitus,Nausea Diarrhea Abdominal pain Hypoglycemia low blood glucose level,"https://onemg.gumlet.io/l_watermark_346,w_480,h_480/a_ignore,w_480,h_480,c_fit,q_auto,f_auto/cropped/ph2hrxnvlrsxhz5x2ywb.jpg",Eris Lifesciences Ltd,46,54,0
Glimda 2 Tablet,Glimepiride (2mg),Treatment of Type 2 diabetes mellitus,Hypoglycemia low blood glucose level Headache Nausea Dizziness Weakness,"https://onemg.gumlet.io/l_watermark_346,w_480,h_480/a_ignore,w_480,h_480,c_fit,q_auto,f_auto/df7784ebe9144f05b8f06bf2abb38d45.jpg",Cipla Ltd,27,46,27
Gabamax NT 50mg/10mg Tablet,Pregabalin (50mg) + Nortriptyline (10mg),Treatment of Neuropathic pain,Constipation Difficulty in urination Weight gain Sleepiness Dizziness Tiredness Blurred vision Dryness in mouth Increased heart rate Orthostatic hypotension sudden lowering of blood pressure on standing Uncoordinated body movements,"https://onemg.gumlet.io/l_watermark_346,w_480,h_480/a_ignore,w_480,h_480,c_fit,q_auto,f_auto/549422f25a83453b847fab52e6e7bdf2.jpg",Aristo Pharmaceuticals Pvt Ltd,100,0,0
Glyciphage 250 Tablet,Metformin (250mg),Treatment of Type 2 diabetes mellitus,Diarrhea Nausea Vomiting Flatulence,"https://onemg.gumlet.io/l_watermark_346,w_480,h_480/a_ignore,w_480,h_480,c_fit,q_auto,f_auto/cropped/mncnona3izmtfqxritrf.jpg",Franco-Indian Pharmaceuticals Pvt Ltd,0,27,73
Gravidol Tablet,Labetalol (100mg), Hypertension (high blood pressure) Angina (heart-related chest pain) Prevention of heart attack and stroke,Fatigue Nausea Dizziness Nasal congestion stuffy nose Ejaculation disorder Breathlessness,"https://onemg.gumlet.io/l_watermark_346,w_480,h_480/a_ignore,w_480,h_480,c_fit,q_auto,f_auto/avxsrs5x0oqkenr3j6xu.jpg",Mercury Laboratories Ltd,45,28,27
Glz XR Tablet,Gliclazide (60mg),Treatment of Type 2 diabetes mellitus,Hypoglycemia low blood glucose level Weight gain Flatulence Diarrhea Headache Nausea Dizziness,"https://onemg.gumlet.io/l_watermark_346,w_480,h_480/a_ignore,w_480,h_480,c_fit,q_auto,f_auto/03ac1c15cd0841ccbe830983cc629635.jpg",Alembic Pharmaceuticals Ltd,67,33,0
Glimison-M 2 Tablet PR,Glimepiride (2mg) + Metformin (500mg),Treatment of Type 2 diabetes mellitus,Hypoglycemia low blood glucose level Headache Nausea Diarrhea Flatulence,"https://onemg.gumlet.io/l_watermark_346,w_480,h_480/a_ignore,w_480,h_480,c_fit,q_auto,f_auto/juctakvwq2lai58muyhu.jpg",Unison Pharmaceuticals Pvt Ltd,56,44,0
Glimisave M2 Forte Tablet PR,Glimepiride (2mg) + Metformin (1000mg),Treatment of Type 2 diabetes mellitus,Hypoglycemia low blood glucose level Headache Nausea Diarrhea Flatulence,"https://onemg.gumlet.io/l_watermark_346,w_480,h_480/a_ignore,w_480,h_480,c_fit,q_auto,f_auto/d2nfguljso1ngylzzase.jpg",Eris Lifesciences Ltd,41,23,36
Glycomet-GP 0.5 Forte Tablet PR,Glimepiride (0.5mg) + Metformin (1000mg),Treatment of Type 2 diabetes mellitus,Hypoglycemia low blood glucose level Headache Nausea Diarrhea Flatulence,"https://onemg.gumlet.io/l_watermark_346,w_480,h_480/a_ignore,w_480,h_480,c_fit,q_auto,f_auto/fbe39cd855ab4f4a8301dc4a890c1f28.jpg",USV Ltd,27,65,8
Glospor-DS Capsule,Itraconazole (200mg),Treatment of Fungal infections,Nausea Abdominal pain Constipation Dizziness Headache Indigestion Vomiting,"https://onemg.gumlet.io/l_watermark_346,w_480,h_480/a_ignore,w_480,h_480,c_fit,q_auto,f_auto/dj7qq3zmazc4maucylqr.jpg",Glowderma Labs Pvt Ltd,27,20,53
Glycomet 850 Tablet,Metformin (850mg),Treatment of Type 2 diabetes mellitus,Diarrhea Nausea Vomiting Flatulence,"https://onemg.gumlet.io/l_watermark_346,w_480,h_480/a_ignore,w_480,h_480,c_fit,q_auto,f_auto/cropped/dczgcdn9mvj3iyubvwkv.jpg",USV Ltd,19,48,33
Genericart Metformin Hydrochloride 500mg Tablet,Metformin (500mg),Treatment of Type 2 diabetes mellitus,Diarrhea Nausea Vomiting Flatulence,"https://onemg.gumlet.io/l_watermark_346,w_480,h_480/a_ignore,w_480,h_480,c_fit,q_auto,f_auto/cropped/kmforl6jmg0rhzaikfar.jpg",Swast Aushadhi Seva Generic Medicine Store,0,33,67
Grocapix M 5% Solution,Minoxidil (5% w/v),Treatment of Hair loss,Itching Chest pain Headache Hypertrichosis excessive hair growth Rash Dermatitis Hypersensitivity Weight gain Fluid retention Tachycardia,"https://onemg.gumlet.io/l_watermark_346,w_480,h_480/a_ignore,w_480,h_480,c_fit,q_auto,f_auto/cropped/skjf2v4iykgkdkmhyeom.png",Alembic Pharmaceuticals Ltd,16,44,40
Geriflo  Tablet SR,Tamsulosin (0.4mg) + Finasteride (5mg),Treatment of Benign prostatic hyperplasia,Impotence Ejaculation disorder Headache Breast tenderness Dizziness Decreased libido Breast enlargement Infection Chest pain Back pain,"https://onemg.gumlet.io/l_watermark_346,w_480,h_480/a_ignore,w_480,h_480,c_fit,q_auto,f_auto/cropped/yfk2zlaufxv4uf69evfc.jpg",Alembic Pharmaceuticals Ltd,33,17,50
Gifaxin  100 mg Syrup,Rifaximin (100mg/5ml),Treatment of Infectious diarrhea,Dizziness Nausea Peripheral edema Ascites accumulation of fluid in the abdominal cavity Fatigue,"https://onemg.gumlet.io/l_watermark_346,w_480,h_480/a_ignore,w_480,h_480,c_fit,q_auto,f_auto/c518fb2db47e4f69ab3d05df6f1bd6e3.jpg",Aristo Pharmaceuticals Pvt Ltd,100,0,0
Glimet DS Tablet,Glipizide (5mg) + Metformin (500mg),Treatment of Type 2 diabetes mellitus,Hypoglycemia low blood glucose level Diarrhea Headache Upper respiratory tract infection,"https://onemg.gumlet.io/l_watermark_346,w_480,h_480/a_ignore,w_480,h_480,c_fit,q_auto,f_auto/cropped/ka3ib4wvl2zrfsbbry1w.jpg",Franco-Indian Pharmaceuticals Pvt Ltd,48,42,10
Ganfort  Eye Drop,Bimatoprost (0.3mg/ml) + Timolol (5mg/ml),Treatment of GlaucomaTreatment of Ocular hypertension,Application site reactions burning irritation itching and redness Blurred vision,"https://onemg.gumlet.io/l_watermark_346,w_480,h_480/a_ignore,w_480,h_480,c_fit,q_auto,f_auto/cropped/dmugazlfgxplg3owe2jc.png",Allergan India Pvt Ltd,40,49,11
Glycomet-GP 1/850 Tablet PR,Glimepiride (1mg) + Metformin (850mg),Treatment of Type 2 diabetes mellitus,Hypoglycemia low blood glucose level Headache Nausea Diarrhea Flatulence,"https://onemg.gumlet.io/l_watermark_346,w_480,h_480/a_ignore,w_480,h_480,c_fit,q_auto,f_auto/973b98adf2284d08b6b98a4579354a1b.jpg",USV Ltd,33,67,0
Gepride M1 Tablet PR,Glimepiride (1mg) + Metformin (500mg),Treatment of Type 2 diabetes mellitus,Hypoglycemia low blood glucose level Headache Nausea Diarrhea Flatulence,"https://onemg.gumlet.io/l_watermark_346,w_480,h_480/a_ignore,w_480,h_480,c_fit,q_auto,f_auto/ae0701a16091475ab4ebd795a67f527a.jpg",Medley Pharmaceuticals,0,0,100
Gluformin 500 Tablet,Metformin (500mg),Treatment of Type 2 diabetes mellitus,Diarrhea Nausea Vomiting Flatulence,"https://onemg.gumlet.io/l_watermark_346,w_480,h_480/a_ignore,w_480,h_480,c_fit,q_auto,f_auto/cropped/swylqo7ids9hfbdsusez.jpg",Abbott,36,43,21
Goodmorn Plus Tablet,Doxylamine (10mg) + Vitamin B6 (Pyridoxine) (10mg) + Folic Acid (2.5mg),Treatment of Nausea and vomiting in pregnancy,Sleepiness Dizziness Fatigue Dryness in mouth Constipation,"https://onemg.gumlet.io/l_watermark_346,w_480,h_480/a_ignore,w_480,h_480,c_fit,q_auto,f_auto/27f827b5139b420e9eb3364484506f45.jpg",DWD Pharmaceuticals Ltd,72,28,0
Glucoryl-MV 2/0.3 Tablet SR,Glimepiride (2mg) + Metformin (500mg) + Voglibose (0.3mg),Treatment of Type 2 diabetes mellitus,Nausea Diarrhea Abdominal pain Hypoglycemia low blood glucose level,"https://onemg.gumlet.io/l_watermark_346,w_480,h_480/a_ignore,w_480,h_480,c_fit,q_auto,f_auto/3bda00cf6ae84eed8a02f178f2b4a3ca.jpg",Alkem Laboratories Ltd,67,33,0
Gudpres-AM 50 Tablet PR,Amlodipine (5mg) + Metoprolol Succinate (50mg),Treatment of Hypertension (high blood pressure),Nausea Slow heart rate Abdominal pain Dizziness Fatigue Sleepiness Ankle swelling Constipation Edema swelling Flushing sense of warmth in the face ears neck and trunk Palpitations Headache Vomiting Visual disturbance Orthostatic hypotension sudden lowering of blood pressure on standing Breathlessness Muscle cramp,"https://onemg.gumlet.io/l_watermark_346,w_480,h_480/a_ignore,w_480,h_480,c_fit,q_auto,f_auto/cropped/allafxvuvoap6vyw3qjp.jpg",Mankind Pharma Ltd,44,23,33
Gabawin 75 Tablet,Pregabalin (75mg),Treatment of Neuropathic painTreatment of Epilepsy/SeizuresTreatment of Fibromyalgia,Blurred vision Difficulty in paying attention Dizziness Dryness in mouth Edema swelling Sleepiness Weight gain,"https://onemg.gumlet.io/l_watermark_346,w_480,h_480/a_ignore,w_480,h_480,c_fit,q_auto,f_auto/cropped/qj8e5eob0ct7yonozlwi.jpg",Icon Life Sciences,24,66,10
Gudpres-XL 50 Capsule,Metoprolol Succinate (47.5mg),Treatment of Hypertension (high blood pressure)Treatment of Angina (heart-related chest pain)Treatment of ArrhythmiaPrevention of Heart attackPrevention of Migraine,Fatigue Headache Slow heart rate Dizziness Nausea Breathlessness Rash Diarrhea Depression,"https://onemg.gumlet.io/l_watermark_346,w_480,h_480/a_ignore,w_480,h_480,c_fit,q_auto,f_auto/cropped/cumgl5tomjn3zbvp0oen.jpg",Mankind Pharma Ltd,33,34,33
Gudgesic TH 100mg/4mg Tablet,Aceclofenac (100mg) + Thiocolchicoside (4mg),Treatment of Pain due to muscle spasm,Nausea Vomiting Heartburn Stomach pain epigastric pain Loss of appetite Diarrhea,"https://onemg.gumlet.io/l_watermark_346,w_480,h_480/a_ignore,w_480,h_480,c_fit,q_auto,f_auto/1aea0b82625546a9af6460ecf2371063.jpg",Mankind Pharma Ltd,0,50,50
Gabacure Gel,Gabapentin (6% w/w) + Lidocaine (5% w/w), Neuropathic pain,Application site reactions burning irritation itching and redness,"https://onemg.gumlet.io/l_watermark_346,w_480,h_480/a_ignore,w_480,h_480,c_fit,q_auto,f_auto/05649e9b3fb345e9bbe7849131c78f30.jpg",HBC Lifesciences Pvt Ltd,0,0,100
Glinil-M  Tablet,Glibenclamide (5mg) + Metformin (500mg),Treatment of Type 2 diabetes mellitus,Nausea Vomiting Diarrhea Flatulence,"https://onemg.gumlet.io/l_watermark_346,w_480,h_480/a_ignore,w_480,h_480,c_fit,q_auto,f_auto/0d1d3c98aac34b6b9c39c994f52d2de6.jpg",Cipla Ltd,22,59,19
Gerbisa L Syrup,Sodium Picosulfate (5mg/5ml),Treatment of Constipation,Abdominal pain Abdominal cramp Abdominal discomfort Diarrhea,"https://onemg.gumlet.io/l_watermark_346,w_480,h_480/a_ignore,w_480,h_480,c_fit,q_auto,f_auto/35c683edf84a467aaf858f28c64379b5.jpg",Zydus Cadila,89,11,0
Glychek-M Forte Tablet,Gliclazide (80mg) + Metformin (500mg),Treatment of Type 2 diabetes mellitus,Hypoglycemia low blood glucose level Headache Nausea Dizziness Diarrhea Flatulence,"https://onemg.gumlet.io/l_watermark_346,w_480,h_480/a_ignore,w_480,h_480,c_fit,q_auto,f_auto/cropped/cuv1yfasmt9kfbk4sbsq.jpg",Indoco Remedies Ltd,33,45,22
Gluvilda 50 Tablet,Vildagliptin (50mg),Treatment of Type 2 diabetes mellitus,Hypoglycemia low blood glucose level Tremors Headache Dizziness Fatigue Nausea,"https://onemg.gumlet.io/l_watermark_346,w_480,h_480/a_ignore,w_480,h_480,c_fit,q_auto,f_auto/4bfd4025c2f844369ab4f85be45eaacc.jpg",Alkem Laboratories Ltd,67,33,0
Grilinctus-BM Paediatric Syrup,Terbutaline (1.5mg/5ml) + Bromhexine (4mg/5ml),Treatment of Cough,Nausea Indigestion Bloating Diarrhea Dizziness Headache Tremors Sweating Skin rash Increased heart rate Palpitations,"https://onemg.gumlet.io/l_watermark_346,w_480,h_480/a_ignore,w_480,h_480,c_fit,q_auto,f_auto/c2abdf29569f428db7d5081f248e832d.jpg",Franco-Indian Pharmaceuticals Pvt Ltd,10,43,47
Genxvast F Tablet,Atorvastatin (10mg) + Fenofibrate (160mg),Treatment of High cholesterolPrevention of Heart attack,Nausea Stomach pain Constipation Flatulence Headache Muscle pain Increased liver enzymes Increased glucose level in blood,"https://onemg.gumlet.io/l_watermark_346,w_480,h_480/a_ignore,w_480,h_480,c_fit,q_auto,f_auto/inzeapwfd2wfqgw4ucpa.jpg",Hetero Drugs Ltd,29,61,10
Glotret 10 Tablet,Isotretinoin (10mg),Treatment of Acne,Dry skin Increased liver enzymes Rash,"https://onemg.gumlet.io/l_watermark_346,w_480,h_480/a_ignore,w_480,h_480,c_fit,q_auto,f_auto/cropped/yuqaq28h5cqtad1nhycg.jpg",Glowderma Labs Pvt Ltd,29,35,36
Gluconorm-VG 1 Tablet SR,Glimepiride (1mg) + Metformin (500mg) + Voglibose (0.2mg),Treatment of Type 2 diabetes mellitus,Nausea Diarrhea Abdominal pain Hypoglycemia low blood glucose level,"https://onemg.gumlet.io/l_watermark_346,w_480,h_480/a_ignore,w_480,h_480,c_fit,q_auto,f_auto/cropped/vhmkrxsgw69bjx5f1puj.jpg",Lupin Ltd,44,56,0
Gudpres-XL 25 Capsule,Metoprolol Succinate (23.75mg),Treatment of Hypertension (high blood pressure)Treatment of Angina (heart-related chest pain)Treatment of ArrhythmiaPrevention of Heart attackPrevention of Migraine,Fatigue Headache Slow heart rate Dizziness Nausea Breathlessness Rash Diarrhea Depression,"https://onemg.gumlet.io/l_watermark_346,w_480,h_480/a_ignore,w_480,h_480,c_fit,q_auto,f_auto/cropped/hmewesxg4q7qx97vbuvw.jpg",Mankind Pharma Ltd,33,60,7
Glimiprex MF Forte 2 Tablet PR,Glimepiride (2mg) + Metformin (1000mg),Treatment of Type 2 diabetes mellitus,Hypoglycemia low blood glucose level Headache Nausea Diarrhea Flatulence,"https://onemg.gumlet.io/l_watermark_346,w_480,h_480/a_ignore,w_480,h_480,c_fit,q_auto,f_auto/ksdd4hixrqmaxqednkiu.jpg",Aristo Pharmaceuticals Pvt Ltd,33,17,50
Glycinorm -OD 60 Tablet MR,Gliclazide (60mg),Treatment of Type 2 diabetes mellitus,Hypoglycemia low blood glucose level Weight gain Flatulence Diarrhea Headache Nausea Dizziness,"https://onemg.gumlet.io/l_watermark_346,w_480,h_480/a_ignore,w_480,h_480,c_fit,q_auto,f_auto/cropped/ig4dq7orn3u1r0ronvp3.jpg",Ipca Laboratories Ltd,42,41,17
Grandem Injection,Granisetron (1mg), Nausea and vomiting due to chemotherapy,Injection site pain Constipation Diarrhea Headache Weakness Insomnia difficulty in sleeping,"https://onemg.gumlet.io/l_watermark_346,w_480,h_480/a_ignore,w_480,h_480,c_fit,q_auto,f_auto/cropped/mlc7hilh39ktxyxxjyyt.jpg",Aristo Pharmaceuticals Pvt Ltd,83,17,0
Gesterol 200mg Tablet SR,Progesterone (Natural Micronized) (200mg), Hormone replacement therapyTreatment of Female infertility,Abdominal pain Nausea Abnormal vaginal bleeding Edema swelling Hair loss Abdominal bloating Headache Breast pain Vomiting Vaginal yeast infection,"https://onemg.gumlet.io/l_watermark_346,w_480,h_480/a_ignore,w_480,h_480,c_fit,q_auto,f_auto/dc2e484966a64609ba9fb7f8d2d75e88.jpg",Neon Laboratories Ltd,33,67,0
Gemidro Tablet,Ibandronic Acid (150mg),Treatment and prevention of postmenopausal Osteoporosis,Headache Musculoskeletal bone muscle or joint pain Heartburn Diarrhea Indigestion Dizziness Hypercholesterolemia high cholesterol Upper respiratory tract infection Urinary tract infection,"https://onemg.gumlet.io/l_watermark_346,w_480,h_480/a_ignore,w_480,h_480,c_fit,q_auto,f_auto/cropped/vfxuivoq1zougz9ny6d6.jpg",Alkem Laboratories Ltd,17,50,33
Gabapin Plus 100 Tablet,Gabapentin (100mg) + Methylcobalamin (0.5mg) + Alpha Lipoic Acid (100mg), Neuropathic pain,Dizziness Sleepiness Tiredness Uncoordinated body movements,"https://onemg.gumlet.io/l_watermark_346,w_480,h_480/a_ignore,w_480,h_480,c_fit,q_auto,f_auto/aorur3vluj1i9omjozfk.jpg",Intas Pharmaceuticals Ltd,17,25,58
Gaba 300 Capsule,Gabapentin (300mg),Treatment of Neuropathic painTreatment of Epilepsy/Seizures,Viral infection Sleepiness Dizziness Impaired coordination Fatigue Fever,"https://onemg.gumlet.io/l_watermark_346,w_480,h_480/a_ignore,w_480,h_480,c_fit,q_auto,f_auto/46bfd7ea852b4f7aa08d155352b4d1f0.jpg",D D Pharmaceuticals,22,56,22
Ginlac-V Vaginal Tablet,Clotrimazole (200mg) + Lactobacillus (150Million spores) + Tinidazole (500mg), Syndromic treatment of vaginal discharge,Limited data available,"https://onemg.gumlet.io/l_watermark_346,w_480,h_480/a_ignore,w_480,h_480,c_fit,q_auto,f_auto/cropped/z5ndj6lmg2tvsvcnneuk.jpg",Rapross Pharmaceuticals Pvt Ltd,25,75,0
Glador M1 Tablet PR,Glimepiride (1mg) + Metformin (500mg),Treatment of Type 2 diabetes mellitus,Hypoglycemia low blood glucose level Headache Nausea Diarrhea Flatulence,"https://onemg.gumlet.io/l_watermark_346,w_480,h_480/a_ignore,w_480,h_480,c_fit,q_auto,f_auto/ojdaw9bpgjnri4siv0af.jpg",Lupin Ltd,26,44,30
Gluconorm P 15 Tablet ER,Pioglitazone (15mg) + Metformin (500mg),Treatment of Type 2 diabetes mellitus,Headache Dizziness Hypoglycemia low blood glucose level Diarrhea Nausea Vomiting Flatulence Urinary tract infection Upper respiratory tract infection Edema swelling,"https://onemg.gumlet.io/l_watermark_346,w_480,h_480/a_ignore,w_480,h_480,c_fit,q_auto,f_auto/cropped/jdtsgycqf3d05jrefj18.jpg",Lupin Ltd,40,47,13
Gerbisa Children Suppository,Bisacodyl (5mg),Treatment of Constipation,Fainting Stomach discomfort Rectal discomfort Vomiting Bloating Nausea Stomach cramp,"https://onemg.gumlet.io/l_watermark_346,w_480,h_480/a_ignore,w_480,h_480,c_fit,q_auto,f_auto/cropped/zuyaqa1lqscflohbfl7m.jpg",Zydus Cadila,28,22,50
Glaritus 100IU/ml Injection 3ml,Insulin Glargine (100IU), Diabetes,Hypoglycemia low blood glucose level Peripheral edema Lipodystrophy skin thickening or pits at the injection site Allergic reaction Injection site reactions pain swelling redness Itching Rash Weight gain,"https://onemg.gumlet.io/l_watermark_346,w_480,h_480/a_ignore,w_480,h_480,c_fit,q_auto,f_auto/y1iknytgwjq4me1a7it9.jpg",Wockhardt Ltd,33,54,13
Glipon 20mg Tablet,Teneligliptin (20mg),Treatment of Type 2 diabetes mellitus,Dizziness Headache Diarrhea Hypoglycemia low blood glucose level Nausea Vomiting,"https://onemg.gumlet.io/l_watermark_346,w_480,h_480/a_ignore,w_480,h_480,c_fit,q_auto,f_auto/ofdy062tjb3zxooaas2y.jpg",Aristo Pharmaceuticals Pvt Ltd,44,56,0
Glyciphage-G 2 Forte Tablet PR,Glimepiride (2mg) + Metformin (1000mg),Treatment of Type 2 diabetes mellitus,Hypoglycemia low blood glucose level Headache Nausea Diarrhea Flatulence,"https://onemg.gumlet.io/l_watermark_346,w_480,h_480/a_ignore,w_480,h_480,c_fit,q_auto,f_auto/cropped/decudtplfnvjmxjiol4n.jpg",Franco-Indian Pharmaceuticals Pvt Ltd,60,20,20
Glador M2 Tablet PR,Glimepiride (2mg) + Metformin (500mg),Treatment of Type 2 diabetes mellitus,Hypoglycemia low blood glucose level Headache Nausea Diarrhea Flatulence,"https://onemg.gumlet.io/l_watermark_346,w_480,h_480/a_ignore,w_480,h_480,c_fit,q_auto,f_auto/b2b46a9ba3524d55913a675fa0cde347.jpg",Lupin Ltd,24,43,33
Grilinctus-BM Syrup Sugar Free,Terbutaline (2.5mg/5ml) + Bromhexine (8mg/5ml),Treatment of Cough,Nausea Indigestion Bloating Diarrhea Dizziness Headache Tremors Sweating Skin rash Increased heart rate Palpitations,"https://onemg.gumlet.io/l_watermark_346,w_480,h_480/a_ignore,w_480,h_480,c_fit,q_auto,f_auto/cropped/tug1yapveheepqghjgms.png",Franco-Indian Pharmaceuticals Pvt Ltd,33,42,25
Gepride M2 Tablet PR,Glimepiride (2mg) + Metformin (500mg),Treatment of Type 2 diabetes mellitus,Hypoglycemia low blood glucose level Headache Nausea Diarrhea Flatulence,"https://onemg.gumlet.io/l_watermark_346,w_480,h_480/a_ignore,w_480,h_480,c_fit,q_auto,f_auto/qa7lnlizujnxswot2zes.jpg",Medley Pharmaceuticals,53,34,13
Glynase XL 10 Tablet,Glipizide (10mg),Treatment of Type 2 diabetes mellitus,Hypoglycemia low blood glucose level Nausea Vomiting Flatulence Abdominal discomfort Diarrhea Headache Dizziness Nervousness Tremors Weight gain Abnormal sensation,"https://onemg.gumlet.io/l_watermark_346,w_480,h_480/a_ignore,w_480,h_480,c_fit,q_auto,f_auto/cropped/b5eazqecvyi2djmiik7y.jpg",USV Ltd,33,67,0
Glycinorm 40 Tablet,Gliclazide (40mg),Treatment of Type 2 diabetes mellitus,Hypoglycemia low blood glucose level Weight gain Flatulence Diarrhea Headache Nausea Dizziness,"https://onemg.gumlet.io/l_watermark_346,w_480,h_480/a_ignore,w_480,h_480,c_fit,q_auto,f_auto/4b112455768a40ac9e035d5fa7f6d94a.jpg",Ipca Laboratories Ltd,47,40,13
Glivec 400mg Tablet,Imatinib mesylate (400mg),Treatment of Cancer,Edema swelling Nausea Vomiting Muscle cramp Musculoskeletal bone muscle or joint pain Diarrhea Rash Fatigue Abdominal pain Bleeding Breathing problems Cough Weight gain Dry eye Dizziness Hemorrhage,"https://onemg.gumlet.io/l_watermark_346,w_480,h_480/a_ignore,w_480,h_480,c_fit,q_auto,f_auto/a0f76dfdb04146cfb0ec1f5099800eb6.jpg",Novartis India Ltd,64,24,12
Gluformin G 2 New Tablet PR,Glimepiride (2mg) + Metformin (500mg),Treatment of Type 2 diabetes mellitus,Hypoglycemia low blood glucose level Headache Nausea Diarrhea Flatulence,"https://onemg.gumlet.io/l_watermark_346,w_480,h_480/a_ignore,w_480,h_480,c_fit,q_auto,f_auto/5053bf2e4ebd4b32b07e799d1599212c.jpg",Abbott,46,35,19
Glimisave MV 3.3 F Tablet SR,Glimepiride (3mg) + Metformin (1000mg) + Voglibose (0.3mg),Treatment of Type 2 diabetes mellitus,Nausea Diarrhea Abdominal pain Hypoglycemia low blood glucose level,"https://onemg.gumlet.io/l_watermark_346,w_480,h_480/a_ignore,w_480,h_480,c_fit,q_auto,f_auto/fc8e8zezjlvigz5qaqlm.jpg",Eris Lifesciences Ltd,67,33,0
Glycinorm-M 30 OD Tablet ER,Gliclazide (30mg) + Metformin (500mg),Treatment of Type 2 diabetes mellitus,Hypoglycemia low blood glucose level Headache Nausea Dizziness Diarrhea Flatulence,"https://onemg.gumlet.io/l_watermark_346,w_480,h_480/a_ignore,w_480,h_480,c_fit,q_auto,f_auto/64bf431f5ae64c3f92c0ba088970e5b8.jpg",Ipca Laboratories Ltd,22,45,33
Glycomet-GP 2/850 Tablet PR,Glimepiride (2mg) + Metformin (850mg),Treatment of Type 2 diabetes mellitus,Hypoglycemia low blood glucose level Headache Nausea Diarrhea Flatulence,"https://onemg.gumlet.io/l_watermark_346,w_480,h_480/a_ignore,w_480,h_480,c_fit,q_auto,f_auto/3a0db1c8e321447eba0c42b2bf10bd83.jpg",USV Ltd,33,47,20
Glevo 750 Tablet,Levofloxacin (750mg),Treatment of Bacterial infections,Headache Dizziness Nausea Constipation Diarrhea,"https://onemg.gumlet.io/l_watermark_346,w_480,h_480/a_ignore,w_480,h_480,c_fit,q_auto,f_auto/cropped/l5gm6qwdkobxukdgnmw5.jpg",Glenmark Pharmaceuticals Ltd,22,11,67
Glycinorm Total 60 Tablet SR,Gliclazide (60mg) + Pioglitazone (15mg) + Metformin (500mg),Treatment of Type 2 diabetes mellitus,Hypoglycemia low blood glucose level Dizziness Headache Nausea Vomiting Diarrhea Flatulence Upper respiratory tract infection Bronchitis inflammation of the airways Anemia low number of red blood cells Edema swelling,"https://onemg.gumlet.io/l_watermark_346,w_480,h_480/a_ignore,w_480,h_480,c_fit,q_auto,f_auto/cropped/tvrsfyz4uz5fz8h66hfx.jpg",Ipca Laboratories Ltd,33,47,20
Goodova-L 5mg Tablet,Letrozole (5mg),Treatment of Breast cancerTreatment of Infertility due to anovulation,Fatigue Hypercholesterolemia high cholesterol Increased sweating Hot flashes Bone pain Dizziness Joint pain Edema swelling Flushing sense of warmth in the face ears neck and trunk,"https://onemg.gumlet.io/l_watermark_346,w_480,h_480/a_ignore,w_480,h_480,c_fit,q_auto,f_auto/7aeed5226d1b442da90eaac122cb27d6.jpg",Akumentis Healthcare Ltd,33,14,53
Gabanyl 300mg/500mcg Tablet,Gabapentin (300mg) + Methylcobalamin (500mcg),Treatment of Neuropathic pain,Dizziness Sleepiness Tiredness Uncoordinated body movements,"https://onemg.gumlet.io/l_watermark_346,w_480,h_480/a_ignore,w_480,h_480,c_fit,q_auto,f_auto/a2943808523b4d52881cd5928caaa4e5.jpg",Leeford Healthcare Ltd,33,29,38
Glyciphage-VG1 Tablet SR,Glimepiride (1mg) + Metformin (500mg) + Voglibose (0.2mg),Treatment of Type 2 diabetes mellitus,Nausea Diarrhea Abdominal pain Hypoglycemia low blood glucose level,"https://onemg.gumlet.io/l_watermark_346,w_480,h_480/a_ignore,w_480,h_480,c_fit,q_auto,f_auto/cropped/etpeitiorik8loqeoglv.jpg",Franco-Indian Pharmaceuticals Pvt Ltd,0,67,33
Graniset 1 Tablet,Granisetron (1mg), Nausea and vomiting due to chemotherapy,Weakness Headache Constipation Diarrhea Insomnia difficulty in sleeping,"https://onemg.gumlet.io/l_watermark_346,w_480,h_480/a_ignore,w_480,h_480,c_fit,q_auto,f_auto/56d4d2a74edb4eeebdb5f06a0b7cff95.jpg",Sun Pharmaceutical Industries Ltd,0,50,50
Glyciphage 850 Tablet,Metformin (850mg),Treatment of Type 2 diabetes mellitus,Diarrhea Nausea Vomiting Flatulence,"https://onemg.gumlet.io/l_watermark_346,w_480,h_480/a_ignore,w_480,h_480,c_fit,q_auto,f_auto/cropped/xze5gg1b1twdotiw9kah.jpg",Franco-Indian Pharmaceuticals Pvt Ltd,44,34,22
Glimiprex 1 Tablet,Glimepiride (1mg),Treatment of Type 2 diabetes mellitus,Hypoglycemia low blood glucose level Headache Nausea Dizziness Weakness,"https://onemg.gumlet.io/l_watermark_346,w_480,h_480/a_ignore,w_480,h_480,c_fit,q_auto,f_auto/cropped/c0qhfsrx3mda1e3byvzm.jpg",Aristo Pharmaceuticals Pvt Ltd,50,50,0
Goodova 100 Capsule,Clomiphene (100mg) + Melatonin (3mg), Female infertility,Vomiting Hot flashes Headache Nausea Ovarian hyperstimulation syndrome Breast discomfort,"https://onemg.gumlet.io/l_watermark_346,w_480,h_480/a_ignore,w_480,h_480,c_fit,q_auto,f_auto/876d69e9b9ed4868ab52665168004b7d.jpg",Akumentis Healthcare Ltd,0,0,100
Glimison-MP 2 Tablet SR,Glimepiride (2mg) + Metformin (500mg) + Pioglitazone (15mg),Treatment of Type 2 diabetes mellitus,Hypoglycemia low blood glucose level Dizziness Headache Nausea Vomiting Diarrhea Flatulence Bronchitis inflammation of the airways Anemia low number of red blood cells Edema swelling,"https://onemg.gumlet.io/l_watermark_346,w_480,h_480/a_ignore,w_480,h_480,c_fit,q_auto,f_auto/2f0619dae85e481bb0b34d295c1467dc.jpg",Unison Pharmaceuticals Pvt Ltd,11,56,33
Glucoryl-M 2 Forte Tablet PR,Glimepiride (2mg) + Metformin (1000mg),Treatment of Type 2 diabetes mellitus,Hypoglycemia low blood glucose level Headache Nausea Diarrhea Flatulence,"https://onemg.gumlet.io/l_watermark_346,w_480,h_480/a_ignore,w_480,h_480,c_fit,q_auto,f_auto/cropped/ir8wizfg90usjg25mczr.jpg",Alkem Laboratories Ltd,17,41,42
Glimisave 1 Tablet,Glimepiride (1mg),Treatment of Type 2 diabetes mellitus,Hypoglycemia low blood glucose level Headache Nausea Dizziness Weakness,"https://onemg.gumlet.io/l_watermark_346,w_480,h_480/a_ignore,w_480,h_480,c_fit,q_auto,f_auto/cropped/uchdmu1gnmamu5wnfn7t.jpg",Eris Lifesciences Ltd,13,54,33
Glyciphage-G 1 Forte Tablet PR,Glimepiride (1mg) + Metformin (1000mg),Treatment of Type 2 diabetes mellitus,Hypoglycemia low blood glucose level Headache Nausea Diarrhea Flatulence,"https://onemg.gumlet.io/l_watermark_346,w_480,h_480/a_ignore,w_480,h_480,c_fit,q_auto,f_auto/fc04cca8359d4ffca010b46cde76bbfa.jpg",Franco-Indian Pharmaceuticals Pvt Ltd,0,17,83
Geristart Tablet PR,Tamsulosin (0.4mg),Treatment of Benign prostatic hyperplasia,Dizziness Ejaculation disorder Headache Nausea Infection Orthostatic hypotension sudden lowering of blood pressure on standing Abdominal pain,"https://onemg.gumlet.io/l_watermark_346,w_480,h_480/a_ignore,w_480,h_480,c_fit,q_auto,f_auto/cropped/yn4yfeyqbvxofra6gdde.jpg",Alembic Pharmaceuticals Ltd,56,44,0
Glynamic MV 2 Tablet,Glimepiride (2mg) + Metformin (500mg) + Voglibose (0.2mg),Treatment of Type 2 diabetes mellitus,Nausea Diarrhea Abdominal pain Hypoglycemia low blood glucose level,"https://onemg.gumlet.io/l_watermark_346,w_480,h_480/a_ignore,w_480,h_480,c_fit,q_auto,f_auto/7654b3ebe0bc4d0aa7c883f4cf772ce0.jpg",Fusion Healthcare Pvt Ltd,33,45,22
Glycinorm 80 Tablet,Gliclazide (80mg),Treatment of Type 2 diabetes mellitus,Hypoglycemia low blood glucose level Weight gain Flatulence Diarrhea Headache Nausea Dizziness,"https://onemg.gumlet.io/l_watermark_346,w_480,h_480/a_ignore,w_480,h_480,c_fit,q_auto,f_auto/cropped/k3irsxydccqmksbhhsje.jpg",Ipca Laboratories Ltd,33,34,33
Gabawin 25 M Tablet,Methylcobalamin (500mcg) + Pregabalin (25mg),Treatment of Neuropathic pain,Dizziness Sleepiness Tiredness Uncoordinated body movements,"https://onemg.gumlet.io/l_watermark_346,w_480,h_480/a_ignore,w_480,h_480,c_fit,q_auto,f_auto/cropped/sn1vfbxm1gm35b63hsmu.jpg",Icon Life Sciences,42,33,25
Glimisave M 0.5 Tablet PR,Glimepiride (0.5mg) + Metformin (500mg),Treatment of Type 2 diabetes mellitus,Hypoglycemia low blood glucose level Headache Nausea Diarrhea Flatulence,"https://onemg.gumlet.io/l_watermark_346,w_480,h_480/a_ignore,w_480,h_480,c_fit,q_auto,f_auto/087768b860244d1fb465da87cbdc79e1.jpg",Eris Lifesciences Ltd,33,67,0
Gemitrol Kit,Calcitriol (0.25mcg) + Calcium Carbonate (500mg) + Zinc (7.5mg) + Risedronate (35mg), Osteoporosis,Headache Increased calcium level in blood Abdominal pain Nausea Rash Urinary tract infection,"https://onemg.gumlet.io/l_watermark_346,w_480,h_480/a_ignore,w_480,h_480,c_fit,q_auto,f_auto/cropped/kdck5wewqjchtlhzqnzy.jpg",Torrent Pharmaceuticals Ltd,0,67,33
Giftan-HC Tablet,Losartan (50mg) + Hydrochlorothiazide (12.5mg),Treatment of Hypertension (high blood pressure),Nausea Taste change Upset stomach Diarrhea Headache Dizziness Weakness Decreased blood pressure Increased blood uric acid Increased blood lipid level Glucose intolerance Electrolyte imbalance,"https://onemg.gumlet.io/l_watermark_346,w_480,h_480/a_ignore,w_480,h_480,c_fit,q_auto,f_auto/cropped/v0achyc86jtfkyzml0an.jpg",Systopic Laboratories Pvt Ltd,40,60,0
Gabagesic 100mg Tablet,Gabapentin (100mg),Treatment of Neuropathic painTreatment of Epilepsy/Seizures,Viral infection Sleepiness Dizziness Impaired coordination Fatigue Fever,"https://onemg.gumlet.io/l_watermark_346,w_480,h_480/a_ignore,w_480,h_480,c_fit,q_auto,f_auto/cfcd52dc8ec24a41a057d75bd3553ce7.jpg",Linux Laboratories,0,50,50
Gapitas-L Gel,Gabapentin (6% w/w) + Lidocaine (5% w/w), Neuropathic pain,Application site reactions burning irritation itching and redness,"https://onemg.gumlet.io/l_watermark_346,w_480,h_480/a_ignore,w_480,h_480,c_fit,q_auto,f_auto/pbiblsul0x4am1rqzks3.jpg",Tas Med India Pvt Ltd,20,7,73
Gate DM BAK Free Eye Drop,Dexamethasone (0.1% w/w) + Gatifloxacin (0.3% w/w),Treatment of Bacterial eye infections,Eye irritation Burning sensation Stinging sensation Watery eyes Blurred vision,"https://onemg.gumlet.io/l_watermark_346,w_480,h_480/a_ignore,w_480,h_480,c_fit,q_auto,f_auto/dmracoad4j5btaewx99c.jpg",Ajanta Pharma Ltd,67,33,0
Gibtulio Met 12.5mg/1000mg Tablet,Empagliflozin (12.5mg) + Metformin (1000mg),Treatment of Type 2 diabetes mellitus,Genital fungal infection Nasopharyngitis inflammation of the throat and nasal passages Urinary tract infection Polyuria Nausea Vomiting Flatulence,"https://onemg.gumlet.io/l_watermark_346,w_480,h_480/a_ignore,w_480,h_480,c_fit,q_auto,f_auto/176d9e97d4cc4d7fa0f10fa8062532b9.jpg",Lupin Ltd,27,60,13
Galop 10 Tablet,Escitalopram Oxalate (10mg),Treatment of DepressionTreatment of Anxiety disorderTreatment of Panic disorder,Anorgasmia decreased orgasm in women Decreased libido Delayed ejaculation Fatigue Increased sweating Insomnia difficulty in sleeping Nausea Sleepiness,"https://onemg.gumlet.io/l_watermark_346,w_480,h_480/a_ignore,w_480,h_480,c_fit,q_auto,f_auto/rqo2kljpodr4ccblmj5c.jpg",Emcure Pharmaceuticals Ltd,42,50,8
Glyciphage-PG 1 Tablet SR,Glimepiride (1mg) + Metformin (500mg) + Pioglitazone (15mg),Treatment of Type 2 diabetes mellitus,Hypoglycemia low blood glucose level Dizziness Headache Nausea Vomiting Diarrhea Flatulence Bronchitis inflammation of the airways Anemia low number of red blood cells Edema swelling,"https://onemg.gumlet.io/l_watermark_346,w_480,h_480/a_ignore,w_480,h_480,c_fit,q_auto,f_auto/cropped/rscvuxs18b0hnoqvbq5y.jpg",Franco-Indian Pharmaceuticals Pvt Ltd,0,33,67
Gabaneuron SR 600 Tablet,Gabapentin (600mg) + Methylcobalamin (1500mcg),Treatment of Neuropathic pain,Dizziness Sleepiness Tiredness Uncoordinated body movements,"https://onemg.gumlet.io/l_watermark_346,w_480,h_480/a_ignore,w_480,h_480,c_fit,q_auto,f_auto/e8e21752954f4f5e9f3322a431de1818.jpg",Aristo Pharmaceuticals Pvt Ltd,42,41,17
Glynase XL- 5 Tablet,Glipizide (5mg),Treatment of Type 2 diabetes mellitus,Hypoglycemia low blood glucose level Nausea Vomiting Flatulence Abdominal discomfort Diarrhea Headache Dizziness Nervousness Tremors Weight gain Abnormal sensation,"https://onemg.gumlet.io/l_watermark_346,w_480,h_480/a_ignore,w_480,h_480,c_fit,q_auto,f_auto/cropped/wcvohtjtx7dfdyqd2udl.jpg",USV Ltd,42,58,0
Glypten-M Tablet SR,Metformin (500mg) + Teneligliptin (20mg),Treatment of Type 2 diabetes mellitus,Hypoglycemia low blood glucose level Nausea Vomiting Diarrhea Headache Bloating Flatulence,"https://onemg.gumlet.io/l_watermark_346,w_480,h_480/a_ignore,w_480,h_480,c_fit,q_auto,f_auto/cropped/ojofzjmksh6b56bxrnow.jpg",Franco-Indian Pharmaceuticals Pvt Ltd,33,34,33
Goodova-L Tablet,Letrozole (2.5mg),Treatment of Breast cancerTreatment of Infertility due to anovulation,Fatigue Hypercholesterolemia high cholesterol Increased sweating Hot flashes Bone pain Dizziness Joint pain Edema swelling Flushing sense of warmth in the face ears neck and trunk,"https://onemg.gumlet.io/l_watermark_346,w_480,h_480/a_ignore,w_480,h_480,c_fit,q_auto,f_auto/f6cef48c49d4449d8c37bc70285fa0a1.jpg",Akumentis Healthcare Ltd,44,39,17
Genxvast 20 Tablet,Atorvastatin (20mg), High cholesterolPrevention of Heart attack,Dyspepsia Abdominal pain Indigestion Diarrhea Joint pain Nasopharyngitis inflammation of the throat and nasal passages Nausea Pain in extremities Urinary tract infection Abnormal liver function tests,"https://onemg.gumlet.io/l_watermark_346,w_480,h_480/a_ignore,w_480,h_480,c_fit,q_auto,f_auto/2dd6775b396149e494ec5224b9d9f1de.jpg",Hetero Drugs Ltd,83,17,0
Glimy M 2 Forte Tablet PR,Glimepiride (2mg) + Metformin (1000mg),Treatment of Type 2 diabetes mellitus,Hypoglycemia low blood glucose level Headache Nausea Diarrhea Flatulence,"https://onemg.gumlet.io/l_watermark_346,w_480,h_480/a_ignore,w_480,h_480,c_fit,q_auto,f_auto/c3a601ee01ad44dc8bd72fe0d252d961.jpg",Dr Reddy's Laboratories Ltd,78,22,0
GTN Sorbitrate -CR 6.4 Tablet,Nitroglycerin (6.4mg),Treatment of Angina (heart-related chest pain),Blurred vision Decreased blood pressure Dizziness Headache Increased heart rate Lightheadedness Paresthesia tingling or pricking sensation,"https://onemg.gumlet.io/l_watermark_346,w_480,h_480/a_ignore,w_480,h_480,c_fit,q_auto,f_auto/cropped/tc00xqvmbodhzpxdg6pg.jpg",Abbott,33,11,56
Glimisave M1 Forte Tablet PR,Glimepiride (1mg) + Metformin (1000mg),Treatment of Type 2 diabetes mellitus,Hypoglycemia low blood glucose level Headache Nausea Diarrhea Flatulence,"https://onemg.gumlet.io/l_watermark_346,w_480,h_480/a_ignore,w_480,h_480,c_fit,q_auto,f_auto/5aad7d1b15f2430ba5c62cff01c82e15.jpg",Eris Lifesciences Ltd,100,0,0
Gestakind 10mg Tablet,Isoxsuprine (10mg),Treatment of Premature LaborTreatment of Peripheral vascular disease,Dizziness Palpitations,"https://onemg.gumlet.io/l_watermark_346,w_480,h_480/a_ignore,w_480,h_480,c_fit,q_auto,f_auto/ab8dd71034614152a43ae71542ac9c7d.jpg",Mankind Pharma Ltd,0,33,67
G-Cin Tablet,Gemifloxacin (320mg), Bacterial infections,Rash Vomiting Headache Dizziness Nausea Diarrhea Abdominal pain,"https://onemg.gumlet.io/l_watermark_346,w_480,h_480/a_ignore,w_480,h_480,c_fit,q_auto,f_auto/cropped/tqgrf5vbuae3cptfjrib.jpg",Lupin Ltd,27,43,30
Gonablok 100 Capsule,Danazol (100mg),Treatment of Benign fibrocystic breast diseaseTreatment of EndometriosisTreatment of Premenstrual syndrome (PMS)Treatment of Menstrual pain,Hoarseness of voice Hair loss Weight gain Acne Abnormal hair growth on a women face and body Voice change Itchy scalp Swelling Sore throat,"https://onemg.gumlet.io/l_watermark_346,w_480,h_480/a_ignore,w_480,h_480,c_fit,q_auto,f_auto/s0u4r1dt55clossth9ex.jpg",Win-Medicare Pvt Ltd,0,56,44
Gravitor SR Tablet,Pyridostigmine (180mg),Treatment of Myasthenia gravisTreatment of Paralytic ileusTreatment of Post-operative urinary retention,Nausea Excessive salivation Diarrhea Blurred vision Breathlessness Watery eyes Abdominal pain Altered frequency of urination Sweating Headache Dizziness Runny nose Heartburn Gastro esophageal reflux disease Paresthesia tingling or pricking sensation Muscle twitching Weakness Muscle cramp Increased bronchial secretions,"https://onemg.gumlet.io/l_watermark_346,w_480,h_480/a_ignore,w_480,h_480,c_fit,q_auto,f_auto/agjfop40xrtzmkdhpzmc.jpg",Sun Pharmaceutical Industries Ltd,33,27,40
Genericart Metformin Hydrochloride 1000mg Tablet SR,Metformin (1000mg),Treatment of Type 2 diabetes mellitus,Diarrhea Nausea Vomiting Flatulence,"https://onemg.gumlet.io/l_watermark_346,w_480,h_480/a_ignore,w_480,h_480,c_fit,q_auto,f_auto/cropped/xnwisaure1lz31murgmd.jpg",Swast Aushadhi Seva Generic Medicine Store,100,0,0
Galamer 4 Tablet,Galantamine (4mg), Alzheimer's disease,Nausea Vomiting Diarrhea Headache Dizziness Decreased appetite Depression Indigestion Lethargy Fainting Abdominal pain Hallucination Slow heart rate High blood pressure Sleepiness,"https://onemg.gumlet.io/l_watermark_346,w_480,h_480/a_ignore,w_480,h_480,c_fit,q_auto,f_auto/vyval7zijvyrvwbbripu.jpg",Sun Pharmaceutical Industries Ltd,33,34,33
Genericart Nifedipine 20mg Tablet SR,Nifedipine (20mg),Treatment of Hypertension (high blood pressure)Prevention of Angina (heart-related chest pain)Prevention of Heart attackPrevention of Stroke,Dizziness Fatigue Flushing sense of warmth in the face ears neck and trunk Headache Peripheral edema,"https://onemg.gumlet.io/l_watermark_346,w_480,h_480/a_ignore,w_480,h_480,c_fit,q_auto,f_auto/cropped/dlu2igvcstb3owc8r3l2.jpg",Swast Aushadhi Seva Generic Medicine Store,0,0,100
Gluconorm-Z 80 Tablet,Gliclazide (80mg) + Metformin (500mg),Treatment of Type 2 diabetes mellitus,Hypoglycemia low blood glucose level Headache Nausea Dizziness Diarrhea Flatulence,"https://onemg.gumlet.io/l_watermark_346,w_480,h_480/a_ignore,w_480,h_480,c_fit,q_auto,f_auto/cropped/tq6pdzprcwdh9zymx5nv.jpg",Lupin Ltd,83,17,0
Glycinorm OD 30mg Tablet MR,Gliclazide (30mg),Treatment of Type 2 diabetes mellitus,Hypoglycemia low blood glucose level Weight gain Flatulence Diarrhea Headache Nausea Dizziness,"https://onemg.gumlet.io/l_watermark_346,w_480,h_480/a_ignore,w_480,h_480,c_fit,q_auto,f_auto/cropped/or2p0sxotf6mf8fxh7pg.jpg",Ipca Laboratories Ltd,67,33,0
Glyree-M 1 Tablet PR,Glimepiride (1mg) + Metformin (500mg),Treatment of Type 2 diabetes mellitus,Hypoglycemia low blood glucose level Headache Nausea Diarrhea Flatulence,"https://onemg.gumlet.io/l_watermark_346,w_480,h_480/a_ignore,w_480,h_480,c_fit,q_auto,f_auto/59f12e8c0ac94cbeba29128dd2ccd8ab.jpg",Ipca Laboratories Ltd,22,78,0
Glyciphage SR 850mg Tablet,Metformin (850mg),Treatment of Type 2 diabetes mellitus,Diarrhea Nausea Vomiting Flatulence,"https://onemg.gumlet.io/l_watermark_346,w_480,h_480/a_ignore,w_480,h_480,c_fit,q_auto,f_auto/cropped/hobpztuzc6oxxyru0gbf.jpg",Franco-Indian Pharmaceuticals Pvt Ltd,67,33,0
GP 4 Tablet,Glimepiride (4mg),Treatment of Type 2 diabetes mellitus,Hypoglycemia low blood glucose level Headache Nausea Dizziness Weakness,"https://onemg.gumlet.io/l_watermark_346,w_480,h_480/a_ignore,w_480,h_480,c_fit,q_auto,f_auto/cropped/giq9teto6of245bh9ipy.jpg",USV Ltd,25,25,50
Gestone 400mg Capsule,Progesterone (Natural Micronized) (400mg), Hormone replacement therapyTreatment of Female infertility,Abdominal pain Nausea Abnormal vaginal bleeding Edema swelling Hair loss Abdominal bloating Headache Breast pain Vomiting Vaginal yeast infection,"https://onemg.gumlet.io/l_watermark_346,w_480,h_480/a_ignore,w_480,h_480,c_fit,q_auto,f_auto/96ba006ac6d1453ca50cd111b3ca2bc2.jpg",Ferring Pharmaceuticals,42,50,8
Glimisave MV 1.3 Tablet SR,Glimepiride (1mg) + Metformin (500mg) + Voglibose (0.3mg),Treatment of Type 2 diabetes mellitus,Nausea Diarrhea Abdominal pain Hypoglycemia low blood glucose level,"https://onemg.gumlet.io/l_watermark_346,w_480,h_480/a_ignore,w_480,h_480,c_fit,q_auto,f_auto/cropped/oehzjymmetp0wapo3tns.jpg",Eris Lifesciences Ltd,83,17,0
Gatilox Plus  Eye Drop,Gatifloxacin (0.3% w/v) + Ketorolac (0.4% w/v),Treatment of Post-operative eye pain and inflammation,Eye itching Blurred vision,"https://onemg.gumlet.io/l_watermark_346,w_480,h_480/a_ignore,w_480,h_480,c_fit,q_auto,f_auto/cropped/jinub1l3yvx50wkklsxx.jpg",Sun Pharmaceutical Industries Ltd,67,33,0
Gerta Injection,Ertapenem (1gm), Severe bacterial infections,Infusion site inflammation Headache Vomiting Nausea Diarrhea Rash Dizziness Insomnia difficulty in sleeping Breathlessness Infusion site reaction Edema swelling Abdominal pain Disorientation alteration of mental status Vaginal inflammation Arrhythmia irregular heartbeats,"https://onemg.gumlet.io/l_watermark_346,w_480,h_480/a_ignore,w_480,h_480,c_fit,q_auto,f_auto/877c5e0472ce437a80044c552aa64bb5.jpg",Zydus Cadila,33,25,42
Glyree MV 2 Tablet PR,Glimepiride (2mg) + Metformin (500mg) + Voglibose (0.2mg),Treatment of Type 2 diabetes mellitus,Nausea Diarrhea Abdominal pain Hypoglycemia low blood glucose level,"https://onemg.gumlet.io/l_watermark_346,w_480,h_480/a_ignore,w_480,h_480,c_fit,q_auto,f_auto/cropped/qpgrx3ovt3ssjarpsion.jpg",Ipca Laboratories Ltd,67,33,0
Geminor MP 1 Tablet SR,Glimepiride (1mg) + Metformin (500mg) + Pioglitazone (15mg),Treatment of Type 2 diabetes mellitus,Hypoglycemia low blood glucose level Dizziness Headache Nausea Vomiting Diarrhea Flatulence Bronchitis inflammation of the airways Anemia low number of red blood cells Edema swelling,"https://onemg.gumlet.io/l_watermark_346,w_480,h_480/a_ignore,w_480,h_480,c_fit,q_auto,f_auto/715f00cc10954956a688fff3137495d1.jpg",Macleods Pharmaceuticals Pvt Ltd,50,17,33
Gasofilm Oral Disintegrating Strip,Simethicone (62.5mg), Bloating Abdominal pain,Upset stomach Diarrhea,"https://onemg.gumlet.io/l_watermark_346,w_480,h_480/a_ignore,w_480,h_480,c_fit,q_auto,f_auto/ge932xiid7wtyewy9nn9.jpg",Delvin Formulations Pvt Ltd,46,46,8
Glz Total Tablet,Gliclazide (60mg) + Pioglitazone (15mg) + Metformin (500mg),Treatment of Type 2 diabetes mellitus,Hypoglycemia low blood glucose level Dizziness Headache Nausea Vomiting Diarrhea Flatulence Upper respiratory tract infection Bronchitis inflammation of the airways Anemia low number of red blood cells Edema swelling,"https://onemg.gumlet.io/l_watermark_346,w_480,h_480/a_ignore,w_480,h_480,c_fit,q_auto,f_auto/93838e28f59b4e8f98c399b956f41abf.jpg",Alembic Pharmaceuticals Ltd,0,44,56
Geftistar 250mg Tablet,Gefitinib (250mg), Non-small cell lung cancer,Diarrhea Dry skin Loss of appetite Nausea Rash Stomatitis Inflammation of the mouth Vomiting Weakness Weight loss,"https://onemg.gumlet.io/l_watermark_346,w_480,h_480/a_ignore,w_480,h_480,c_fit,q_auto,f_auto/iv69ymfzpeoeuwhg0nge.jpg",Lupin Ltd,67,33,0
Glimet Tablet,Glipizide (2.5mg) + Metformin (250mg),Treatment of Type 2 diabetes mellitus,Hypoglycemia low blood glucose level Diarrhea Headache Upper respiratory tract infection,"https://onemg.gumlet.io/l_watermark_346,w_480,h_480/a_ignore,w_480,h_480,c_fit,q_auto,f_auto/cropped/sjuik77wasd0m12rbcek.jpg",Franco-Indian Pharmaceuticals Pvt Ltd,33,34,33
Gramoneg Oral Suspension,Nalidixic Acid (300mg/5ml), Bacterial infections,Nausea Diarrhea,"https://onemg.gumlet.io/l_watermark_346,w_480,h_480/a_ignore,w_480,h_480,c_fit,q_auto,f_auto/cropped/kcp3ninvslubdprsmiis.jpg",Sun Pharmaceutical Industries Ltd,67,33,0
Gonal-F 300IU Solution for Injection,Recombinant follicle stimulating hormone (300IU), Female infertility Male hypogonadism,Injection site allergic reaction Headache Acne Swelling of breast in male Abdominal pain Gastrointestinal discomfort Ovarian cysts Rash,"https://onemg.gumlet.io/l_watermark_346,w_480,h_480/a_ignore,w_480,h_480,c_fit,q_auto,f_auto/62cdbc1097944ab39e6f22a7229fc43f.jpg",Merck Ltd,42,8,50
Glynium Respicap,Glycopyrrolate (50mcg), Chronic obstructive pulmonary disease (COPD) General Anaesthesia Peptic ulcer disease,Sore throat Dryness in mouth Insomnia difficulty in sleeping Gastroenteritis,"https://onemg.gumlet.io/l_watermark_346,w_480,h_480/a_ignore,w_480,h_480,c_fit,q_auto,f_auto/180d9ea3e65c48cdabc76d467b5f02e4.jpg",Zydus Healthcare Limited,50,50,0
Glimestar-M4 Forte Tablet PR,Glimepiride (4mg) + Metformin (1000mg),Treatment of Type 2 diabetes mellitus,Hypoglycemia low blood glucose level Headache Nausea Diarrhea Flatulence,"https://onemg.gumlet.io/l_watermark_346,w_480,h_480/a_ignore,w_480,h_480,c_fit,q_auto,f_auto/vzf9x9r1motozgkrm1j4.jpg",Mankind Pharma Ltd,0,11,89
Gaba-Hosit Tablet,Gabapentin (300mg) + Methylcobalamin (500mcg),Treatment of Neuropathic pain,Dizziness Sleepiness Tiredness Uncoordinated body movements,"https://onemg.gumlet.io/l_watermark_346,w_480,h_480/a_ignore,w_480,h_480,c_fit,q_auto,f_auto/89592f4ca37f457eadc4bc386d6183c4.jpg",Emcure Pharmaceuticals Ltd,0,78,22
Gabagesic M 300mg/500mcg Tablet,Gabapentin (300mg) + Methylcobalamin (500mcg),Treatment of Neuropathic pain,Dizziness Sleepiness Tiredness Uncoordinated body movements,"https://onemg.gumlet.io/l_watermark_346,w_480,h_480/a_ignore,w_480,h_480,c_fit,q_auto,f_auto/8bfcc5df2a8c4cb3b83ac2e1b75b8e57.jpg",Linux Laboratories,0,33,67
Glimestar-M 3 Tablet PR,Glimepiride (3mg) + Metformin (500mg),Treatment of Type 2 diabetes mellitus,Hypoglycemia low blood glucose level Headache Nausea Diarrhea Flatulence,"https://onemg.gumlet.io/l_watermark_346,w_480,h_480/a_ignore,w_480,h_480,c_fit,q_auto,f_auto/564ba30565014ce98287265080df1c03.jpg",Mankind Pharma Ltd,0,33,67
Glisen MF 1 Tablet PR,Glimepiride (1mg) + Metformin (500mg),Treatment of Type 2 diabetes mellitus,Hypoglycemia low blood glucose level Headache Nausea Diarrhea Flatulence,"https://onemg.gumlet.io/l_watermark_346,w_480,h_480/a_ignore,w_480,h_480,c_fit,q_auto,f_auto/ajdrdviwg56r4rctdihm.jpg",Alembic Pharmaceuticals Ltd,50,25,25
Glucoryl-M 0.5 mg Tablet,Glimepiride (0.5mg) + Metformin (500mg),Treatment of Type 2 diabetes mellitus,Hypoglycemia low blood glucose level Headache Nausea Diarrhea Flatulence,"https://onemg.gumlet.io/l_watermark_346,w_480,h_480/a_ignore,w_480,h_480,c_fit,q_auto,f_auto/dd169215f93642cdb2fc09d0e4528635.jpg",Alkem Laboratories Ltd,33,67,0
Geminor 1 Tablet,Glimepiride (1mg),Treatment of Type 2 diabetes mellitus,Hypoglycemia low blood glucose level Headache Nausea Dizziness Weakness,"https://onemg.gumlet.io/l_watermark_346,w_480,h_480/a_ignore,w_480,h_480,c_fit,q_auto,f_auto/cropped/bbminfyfivzq8k3w1vx9.jpg",Macleods Pharmaceuticals Pvt Ltd,0,0,100
Gabafix-M SR Tablet,Methylcobalamin (1500mcg) + Pregabalin (75mg),Treatment of Neuropathic pain,Dizziness Sleepiness Tiredness Uncoordinated body movements,"https://onemg.gumlet.io/l_watermark_346,w_480,h_480/a_ignore,w_480,h_480,c_fit,q_auto,f_auto/38ba3b504b864c3abfc4d12b27b0e41b.jpg",Aareen Healthcare Pvt Ltd,33,67,0
Glizid-M OD 60 Tablet SR,Gliclazide (60mg) + Metformin (500mg),Treatment of Type 2 diabetes mellitus,Hypoglycemia low blood glucose level Headache Nausea Dizziness Diarrhea Flatulence,"https://onemg.gumlet.io/l_watermark_346,w_480,h_480/a_ignore,w_480,h_480,c_fit,q_auto,f_auto/cropped/ifxzhpmdncicm5ylfeez.jpg",Mankind Pharma Ltd,83,17,0
Glitaray M 1  Tablet PR,Glimepiride (1mg) + Metformin (500mg),Treatment of Type 2 diabetes mellitus,Hypoglycemia low blood glucose level Headache Nausea Diarrhea Flatulence,"https://onemg.gumlet.io/l_watermark_346,w_480,h_480/a_ignore,w_480,h_480,c_fit,q_auto,f_auto/59ff7a628e2348829cc1d528e26cad4e.jpg",Lloyd Healthcare Pvt Ltd,100,0,0
Glimy M 0.5 Tablet PR,Glimepiride (0.5mg) + Metformin (500mg),Treatment of Type 2 diabetes mellitus,Hypoglycemia low blood glucose level Headache Nausea Diarrhea Flatulence,"https://onemg.gumlet.io/l_watermark_346,w_480,h_480/a_ignore,w_480,h_480,c_fit,q_auto,f_auto/75e7796a7d8b43bb96571cc1b8e4b2d4.jpg",Dr Reddy's Laboratories Ltd,83,17,0
Gasowel Plus Syrup,Magaldrate (480mg) + Simethicone (20mg) + Oxetacaine (10mg),Treatment of AcidityTreatment of HeartburnTreatment of Stomach ulcers,Chalky taste Diarrhea Constipation Allergic reaction,"https://onemg.gumlet.io/l_watermark_346,w_480,h_480/a_ignore,w_480,h_480,c_fit,q_auto,f_auto/8c0b87f48b95466aa5f9425c35d4ed06.jpg",Leeford Healthcare Ltd,67,33,0
Glimestar M4 Tablet PR,Glimepiride (4mg) + Metformin (500mg),Treatment of Type 2 diabetes mellitus,Hypoglycemia low blood glucose level Headache Nausea Diarrhea Flatulence,"https://onemg.gumlet.io/l_watermark_346,w_480,h_480/a_ignore,w_480,h_480,c_fit,q_auto,f_auto/a28422b8808540ff9d5befa470620f86.jpg",Mankind Pharma Ltd,33,17,50
Glimulin MV 2 Tablet ER,Glimepiride (2mg) + Metformin (500mg) + Voglibose (0.2mg),Treatment of Type 2 diabetes mellitus,Nausea Diarrhea Abdominal pain Hypoglycemia low blood glucose level,"https://onemg.gumlet.io/l_watermark_346,w_480,h_480/a_ignore,w_480,h_480,c_fit,q_auto,f_auto/9366323950b84bf79632167d8581318a.jpg",Glenmark Pharmaceuticals Ltd,50,33,17
GR8 Capsule,Domperidone (10mg) + Omeprazole (20mg),Treatment of Gastroesophageal reflux disease (Acid reflux)Treatment of Peptic ulcer disease,Diarrhea Stomach pain Dryness in mouth Headache Flatulence,"https://onemg.gumlet.io/l_watermark_346,w_480,h_480/a_ignore,w_480,h_480,c_fit,q_auto,f_auto/cropped/cuqtnpgxnrsyqx7nxu6j.jpg",Franco-Indian Pharmaceuticals Pvt Ltd,100,0,0
Glimy-MP 2 Tablet SR,Glimepiride (2mg) + Metformin (500mg) + Pioglitazone (15mg),Treatment of Type 2 diabetes mellitus,Hypoglycemia low blood glucose level Dizziness Headache Nausea Vomiting Diarrhea Flatulence Bronchitis inflammation of the airways Anemia low number of red blood cells Edema swelling,"https://onemg.gumlet.io/l_watermark_346,w_480,h_480/a_ignore,w_480,h_480,c_fit,q_auto,f_auto/cropped/cryjydyaeu6xohvf3jqp.jpg",Dr Reddy's Laboratories Ltd,83,17,0
Glycigon-M SR Tablet,Gliclazide (80mg) + Metformin (500mg),Treatment of Type 2 diabetes mellitus,Hypoglycemia low blood glucose level Headache Nausea Dizziness Diarrhea Flatulence,"https://onemg.gumlet.io/l_watermark_346,w_480,h_480/a_ignore,w_480,h_480,c_fit,q_auto,f_auto/cropped/vssrp5jogn4jfj6xz5yn.jpg",Aristo Pharmaceuticals Pvt Ltd,50,50,0
Glimiprex MF Forte 1 Tablet PR,Glimepiride (1mg) + Metformin (1000mg),Treatment of Type 2 diabetes mellitus,Hypoglycemia low blood glucose level Headache Nausea Diarrhea Flatulence,"https://onemg.gumlet.io/l_watermark_346,w_480,h_480/a_ignore,w_480,h_480,c_fit,q_auto,f_auto/f3244400bdc04ce8b7526b29ab1bed15.jpg",Aristo Pharmaceuticals Pvt Ltd,38,50,12
Gluconorm PG 1 Forte Tablet SR,Glimepiride (1mg) + Metformin (1000mg) + Pioglitazone (15mg),Treatment of Type 2 diabetes mellitus,Hypoglycemia low blood glucose level Dizziness Headache Nausea Vomiting Diarrhea Flatulence Bronchitis inflammation of the airways Anemia low number of red blood cells Edema swelling,"https://onemg.gumlet.io/l_watermark_346,w_480,h_480/a_ignore,w_480,h_480,c_fit,q_auto,f_auto/cropped/jait8hslzsnj4nxy6ohb.jpg",Lupin Ltd,59,34,7
Gabafix-Plus Capsule,Alpha Lipoic Acid (100mg) + Folic Acid (1.5mg) + Methylcobalamin (750mcg) + Pregabalin (75mg) + Vitamin B6 (Pyridoxine) (3mg), Neuropathic pain,Dizziness Sleepiness Tiredness Uncoordinated body movements,"https://onemg.gumlet.io/l_watermark_346,w_480,h_480/a_ignore,w_480,h_480,c_fit,q_auto,f_auto/3de7a07779464cc9ade4141a3dc5e2a6.jpg",Aareen Healthcare Pvt Ltd,0,78,22
Glisen MF 2 Tablet PR,Glimepiride (2mg) + Metformin (500mg),Treatment of Type 2 diabetes mellitus,Hypoglycemia low blood glucose level Headache Nausea Diarrhea Flatulence,"https://onemg.gumlet.io/l_watermark_346,w_480,h_480/a_ignore,w_480,h_480,c_fit,q_auto,f_auto/d4dcc648f9af47e19c99aec1a48515e9.jpg",Alembic Pharmaceuticals Ltd,39,44,17
Glemont-A Tablet SR,Acebrophylline (200mg) + Montelukast (10mg),Treatment and prevention of Chronic obstructive pulmonary disease (COPD)Treatment of Sneezing and runny nose due to allergies,Vomiting Heartburn Stomach pain Rash Itching Hives Drowsiness Breathing problems Increased white blood cell count Nasal inflammation Flu like symptoms,"https://onemg.gumlet.io/l_watermark_346,w_480,h_480/a_ignore,w_480,h_480,c_fit,q_auto,f_auto/cropped/f9pfpe3ezp3pxjvoq1p7.jpg",Glenmark Pharmaceuticals Ltd,40,27,33
GTN Spray,Nitroglycerin (0.4mg),Treatment of Angina (heart-related chest pain),Dizziness Headache Increased heart rate Flushing sense of warmth in the face ears neck and trunk Weakness,"https://onemg.gumlet.io/l_watermark_346,w_480,h_480/a_ignore,w_480,h_480,c_fit,q_auto,f_auto/xmtfemtc7venpxgwdpe9.jpg",Medley Pharmaceuticals,89,11,0
Gluconorm-VG 2 Forte Tablet SR,Glimepiride (2mg) + Metformin (1000mg) + Voglibose (0.2mg),Treatment of Type 2 diabetes mellitus,Nausea Diarrhea Abdominal pain Hypoglycemia low blood glucose level,"https://onemg.gumlet.io/l_watermark_346,w_480,h_480/a_ignore,w_480,h_480,c_fit,q_auto,f_auto/b1535917d0cd43e8bb9f26f865b6693c.jpg",Lupin Ltd,67,33,0
Gestofit 400 Soft Gelatin Capsule,Progesterone (400mg), Hormone replacement therapy Female infertility,Abdominal bloating Hot flushes Vaginal discharge Urinary incontinence Headache Fatigue Joint pain Cough Abnormal menstrual bleeding Musculoskeletal bone muscle or joint pain Slurred speech Pain behind eyes Vertigo,"https://onemg.gumlet.io/l_watermark_346,w_480,h_480/a_ignore,w_480,h_480,c_fit,q_auto,f_auto/tp3ate2uu05i1z2alfti.jpg",Alembic Pharmaceuticals Ltd,42,33,25
Gabaxia 75 SR Tablet,Pregabalin (75mg) + Methylcobalamin (1500mcg) + Vitamin B6 (Pyridoxine) (20mg) + Folic Acid (5mg), Neuropathic pain,Dizziness Sleepiness Tiredness Uncoordinated body movements,"https://onemg.gumlet.io/l_watermark_346,w_480,h_480/a_ignore,w_480,h_480,c_fit,q_auto,f_auto/31f3f88e754c4d74b9d0a1955660ad40.jpg",Wings Biotech Ltd,28,44,28
Gestofit 400mg SR Tablet,Progesterone (Natural Micronized) (400mg), Hormone replacement therapyTreatment of Female infertility,Abdominal pain Nausea Abnormal vaginal bleeding Edema swelling Hair loss Abdominal bloating Headache Breast pain Vomiting Vaginal yeast infection,"https://onemg.gumlet.io/l_watermark_346,w_480,h_480/a_ignore,w_480,h_480,c_fit,q_auto,f_auto/cropped/lyvxjifmtl3q0mrfbdvr.jpg",Alembic Pharmaceuticals Ltd,50,50,0
Ginkostat 60mg/800mg/5mg Tablet,Ginkgo Biloba (60mg) + Piracetam (800mg) + Vinpocetine (5mg), Cognitive enhancer,Weight gain Upset stomach Rash Flushing sense of warmth in the face ears neck and trunk Nervousness Abnormality of voluntary movements,"https://onemg.gumlet.io/l_watermark_346,w_480,h_480/a_ignore,w_480,h_480,c_fit,q_auto,f_auto/f083dc0e70734132b13a8b3dbb930286.jpg",Meracus Pharmaceuticals,42,16,42
Gli-M Tablet,Gliclazide (80mg) + Metformin (500mg),Treatment of Type 2 diabetes mellitus,Hypoglycemia low blood glucose level Headache Nausea Dizziness Diarrhea Flatulence,"https://onemg.gumlet.io/l_watermark_346,w_480,h_480/a_ignore,w_480,h_480,c_fit,q_auto,f_auto/1416fdb378b4423d85366e155694481b.jpg",Biochem Pharmaceutical Industries,25,33,42
Gabantin 400 Capsule,Gabapentin (400mg),Treatment of Neuropathic painTreatment of Epilepsy/Seizures,Viral infection Sleepiness Dizziness Impaired coordination Fatigue Fever,"https://onemg.gumlet.io/l_watermark_346,w_480,h_480/a_ignore,w_480,h_480,c_fit,q_auto,f_auto/difzvbyw9l7yiz3rzufs.jpg",Sun Pharmaceutical Industries Ltd,0,67,33
Geminor M 0.5 Tablet PR,Glimepiride (0.5mg) + Metformin (500mg),Treatment of Type 2 diabetes mellitus,Hypoglycemia low blood glucose level Headache Nausea Diarrhea Flatulence,"https://onemg.gumlet.io/l_watermark_346,w_480,h_480/a_ignore,w_480,h_480,c_fit,q_auto,f_auto/39eb0cf32e334fa882e7a3eb4eeb3c47.jpg",Macleods Pharmaceuticals Pvt Ltd,100,0,0
Gutclear-IG Granules,Lactitol (10gm) + Ispaghula (3.5gm),Treatment of Constipation,Bloating Stomach cramp Flatulence,"https://onemg.gumlet.io/l_watermark_346,w_480,h_480/a_ignore,w_480,h_480,c_fit,q_auto,f_auto/cropped/ixkcswuwx9cqzamebjwu.jpg",Zuventus Healthcare Ltd,24,57,19
Gempar 1K Tablet,Paracetamol (1000mg), Pain reliefTreatment of Fever,Stomach pain Nausea Vomiting,"https://onemg.gumlet.io/l_watermark_346,w_480,h_480/a_ignore,w_480,h_480,c_fit,q_auto,f_auto/ba6eas9qufs6khlosp1c.jpg",Cadila Pharmaceuticals Ltd,48,30,22
Gushout Tablet,Potassium Magnesium Citrate (978mg), Nutritional deficiencies,Diarrhea Gastrointestinal discomfort Nausea Vomiting,"https://onemg.gumlet.io/l_watermark_346,w_480,h_480/a_ignore,w_480,h_480,c_fit,q_auto,f_auto/mvb1y7qateym9qcxp541.jpg",La Renon Healthcare Pvt Ltd,33,25,42
Genpraz DSR Capsule,Domperidone (30mg) + Rabeprazole (20mg),Treatment of Gastroesophageal reflux disease (Acid reflux)Treatment of Peptic ulcer disease,Diarrhea Stomach pain Dryness in mouth Headache Dizziness Flatulence Weakness Flu like symptoms,"https://onemg.gumlet.io/l_watermark_346,w_480,h_480/a_ignore,w_480,h_480,c_fit,q_auto,f_auto/by20sqfdseapzthtslv8.jpg",Macleods Pharmaceuticals Pvt Ltd,11,72,17
Gestone 8% Vaginal gel,Progesterone (Natural Micronized) (8% w/w), Hormone replacement therapyTreatment of Female infertility,Vaginal bleeding,"https://onemg.gumlet.io/l_watermark_346,w_480,h_480/a_ignore,w_480,h_480,c_fit,q_auto,f_auto/f9aw3hnvfd6cstlg9kkr.jpg",Ferring Pharmaceuticals,20,53,27
Gabalent-NT Tablet,Gabapentin (400mg) + Nortriptyline (10mg),Treatment of Neuropathic pain,Constipation Difficulty in urination Weight gain Sleepiness Dizziness Tiredness Blurred vision Dryness in mouth Orthostatic hypotension sudden lowering of blood pressure on standing Increased heart rate Uncoordinated body movements,"https://onemg.gumlet.io/l_watermark_346,w_480,h_480/a_ignore,w_480,h_480,c_fit,q_auto,f_auto/6b36a8aa1dcf44a684244ce4541aef47.jpg",Talent India ,0,67,33
Gabaloy-NT Tablet,Gabapentin (400mg) + Nortriptyline (10mg),Treatment of Neuropathic pain,Constipation Difficulty in urination Weight gain Sleepiness Dizziness Tiredness Blurred vision Dryness in mouth Orthostatic hypotension sudden lowering of blood pressure on standing Increased heart rate Uncoordinated body movements,"https://onemg.gumlet.io/l_watermark_346,w_480,h_480/a_ignore,w_480,h_480,c_fit,q_auto,f_auto/nmcntcllyc4d5j47fhce.jpg",Lloyd Healthcare Pvt Ltd,0,0,100
Glyree-M 2 Tablet PR,Glimepiride (2mg) + Metformin (500mg),Treatment of Type 2 diabetes mellitus,Hypoglycemia low blood glucose level Headache Nausea Diarrhea Flatulence,"https://onemg.gumlet.io/l_watermark_346,w_480,h_480/a_ignore,w_480,h_480,c_fit,q_auto,f_auto/c3383ae057da4c6598ea2414086d8eef.jpg",Ipca Laboratories Ltd,100,0,0
Gabator 300 Tablet,Gabapentin (300mg),Treatment of Neuropathic painTreatment of Epilepsy/Seizures,Viral infection Sleepiness Dizziness Impaired coordination Fatigue Fever,"https://onemg.gumlet.io/l_watermark_346,w_480,h_480/a_ignore,w_480,h_480,c_fit,q_auto,f_auto/07689d37fa124921a56b2d1e68bf2c39.jpg",Torrent Pharmaceuticals Ltd,40,60,0
Gestone 200mg Capsule,Progesterone (Natural Micronized) (200mg), Hormone replacement therapyTreatment of Female infertility,Abdominal pain Nausea Abnormal vaginal bleeding Edema swelling Hair loss Abdominal bloating Headache Breast pain Vomiting Vaginal yeast infection,"https://onemg.gumlet.io/l_watermark_346,w_480,h_480/a_ignore,w_480,h_480,c_fit,q_auto,f_auto/cropped/kqzfh17diqw3xlhwcv87.jpg",Ferring Pharmaceuticals,17,41,42
Gabadon-NTP 400mg/10mg Tablet,Gabapentin (400mg) + Nortriptyline (10mg),Treatment of Neuropathic pain,Constipation Difficulty in urination Weight gain Sleepiness Dizziness Tiredness Blurred vision Dryness in mouth Orthostatic hypotension sudden lowering of blood pressure on standing Increased heart rate Uncoordinated body movements,"https://onemg.gumlet.io/l_watermark_346,w_480,h_480/a_ignore,w_480,h_480,c_fit,q_auto,f_auto/c5645c432d2c41a89c3f118b9e748832.jpg",Knoll Pharmaceuticals Ltd,0,33,67
Gocan 150mg Tablet,Fluconazole (150mg),Treatment of Fungal infections,Headache Nausea Stomach pain,"https://onemg.gumlet.io/l_watermark_346,w_480,h_480/a_ignore,w_480,h_480,c_fit,q_auto,f_auto/51b2348caebd46d7a7374fa051836532.jpg",Hetero Drugs Ltd,33,67,0
Glimestar 4 Tablet,Glimepiride (4mg),Treatment of Type 2 diabetes mellitus,Hypoglycemia low blood glucose level Headache Nausea Dizziness Weakness,"https://onemg.gumlet.io/l_watermark_346,w_480,h_480/a_ignore,w_480,h_480,c_fit,q_auto,f_auto/cropped/txj1cxgyh5dkpvrcsfov.jpg",Mankind Pharma Ltd,0,67,33
Gutclear Syrup,Lactitol (66.67% w/v), Constipation,Cramps Abdominal distension Flatulence,"https://onemg.gumlet.io/l_watermark_346,w_480,h_480/a_ignore,w_480,h_480,c_fit,q_auto,f_auto/cropped/pjagtoj8c3eyu8t1fu1k.jpg",Zuventus Healthcare Ltd,25,42,33
Gentalene Plus Cream,Beclometasone (0.025% w/w) + Neomycin (0.5% w/w) + Clotrimazole (1% w/w),Treatment of Skin infections,Application site reactions burning irritation itching and redness,"https://onemg.gumlet.io/l_watermark_346,w_480,h_480/a_ignore,w_480,h_480,c_fit,q_auto,f_auto/cropped/wsz0fabop7st7u7aqcog.jpg",Sun Pharmaceutical Industries Ltd,42,58,0
Gepride M 0.5 Tablet PR,Glimepiride (0.5mg) + Metformin (500mg),Treatment of Type 2 diabetes mellitus,Hypoglycemia low blood glucose level Headache Nausea Diarrhea Flatulence,"https://onemg.gumlet.io/l_watermark_346,w_480,h_480/a_ignore,w_480,h_480,c_fit,q_auto,f_auto/789458094e5748a7b8c97e31921ca06c.jpg",Medley Pharmaceuticals,67,33,0
Gudpres-AM 25 Tablet PR,Amlodipine (5mg) + Metoprolol Succinate (25mg),Treatment of Hypertension (high blood pressure),Nausea Slow heart rate Abdominal pain Dizziness Fatigue Sleepiness Ankle swelling Constipation Edema swelling Flushing sense of warmth in the face ears neck and trunk Palpitations Headache Vomiting Visual disturbance Orthostatic hypotension sudden lowering of blood pressure on standing Breathlessness Muscle cramp,"https://onemg.gumlet.io/l_watermark_346,w_480,h_480/a_ignore,w_480,h_480,c_fit,q_auto,f_auto/77312462477840e5ad5ac0c1e3dc1a66.jpg",Mankind Pharma Ltd,17,66,17
Glucoryl-MP2 Tablet SR,Glimepiride (2mg) + Metformin (500mg) + Pioglitazone (15mg),Treatment of Type 2 diabetes mellitus,Hypoglycemia low blood glucose level Dizziness Headache Nausea Vomiting Diarrhea Flatulence Bronchitis inflammation of the airways Anemia low number of red blood cells Edema swelling,"https://onemg.gumlet.io/l_watermark_346,w_480,h_480/a_ignore,w_480,h_480,c_fit,q_auto,f_auto/cropped/wzqzaptyo6haap5ycjyo.jpg",Alkem Laboratories Ltd,0,0,100
Gluconorm-G 3 Tablet PR,Glimepiride (3mg) + Metformin (500mg),Treatment of Type 2 diabetes mellitus,Hypoglycemia low blood glucose level Headache Nausea Diarrhea Flatulence,"https://onemg.gumlet.io/l_watermark_346,w_480,h_480/a_ignore,w_480,h_480,c_fit,q_auto,f_auto/ui74n5jqqblec5zjo1yj.jpg",Lupin Ltd,33,67,0
Glimestar 3 Tablet,Glimepiride (3mg),Treatment of Type 2 diabetes mellitus,Hypoglycemia low blood glucose level Headache Nausea Dizziness Weakness,"https://onemg.gumlet.io/l_watermark_346,w_480,h_480/a_ignore,w_480,h_480,c_fit,q_auto,f_auto/5a3fa023af8440658f374d403e910bf1.jpg",Mankind Pharma Ltd,83,17,0
Grandcef-CV Tablet,Cefpodoxime Proxetil (200mg) + Clavulanic Acid (125mg),Treatment of Respiratory tract infection,Nausea Diarrhea Headache Rash Abdominal pain Vaginal infection Fungal infection of vagina,"https://onemg.gumlet.io/l_watermark_346,w_480,h_480/a_ignore,w_480,h_480,c_fit,q_auto,f_auto/cropped/ztt0qtzb1hojn9nzslkb.jpg",Grandcure Healthcare Pvt Ltd,50,0,50
Gositis Mouth Wash,Benzydamine (22.5mg/15ml) + Chlorhexidine Gluconate (18mg/15ml),Treatment of Inflammation of gums,Staining of teeth Stinging sensation Taste change,"https://onemg.gumlet.io/l_watermark_346,w_480,h_480/a_ignore,w_480,h_480,c_fit,q_auto,f_auto/62e58dae01ef4789bd0674b5abab7225.jpg",Genspec Lifesciences,100,0,0
Gluconorm-G 0.5 Forte Tablet PR,Glimepiride (0.5mg) + Metformin (1000mg),Treatment of Type 2 diabetes mellitus,Hypoglycemia low blood glucose level Headache Nausea Diarrhea Flatulence,"https://onemg.gumlet.io/l_watermark_346,w_480,h_480/a_ignore,w_480,h_480,c_fit,q_auto,f_auto/bjpt6teqpyiv8wxb2fnv.jpg",Lupin Ltd,100,0,0
Glypten Tablet,Teneligliptin (20mg),Treatment of Type 2 diabetes mellitus,Dizziness Headache Diarrhea Hypoglycemia low blood glucose level Nausea Vomiting,"https://onemg.gumlet.io/l_watermark_346,w_480,h_480/a_ignore,w_480,h_480,c_fit,q_auto,f_auto/cropped/if6ro7ixwin0t4vkxmip.jpg",Franco-Indian Pharmaceuticals Pvt Ltd,17,22,61
Gluformin G 1 New Tablet PR,Glimepiride (1mg) + Metformin (500mg),Treatment of Type 2 diabetes mellitus,Hypoglycemia low blood glucose level Headache Nausea Diarrhea Flatulence,"https://onemg.gumlet.io/l_watermark_346,w_480,h_480/a_ignore,w_480,h_480,c_fit,q_auto,f_auto/yoiczoazfmzebrmgbwk6.jpg",Abbott,50,0,50
Glyree 1 Tablet,Glimepiride (1mg),Treatment of Type 2 diabetes mellitus,Hypoglycemia low blood glucose level Headache Nausea Dizziness Weakness,"https://onemg.gumlet.io/l_watermark_346,w_480,h_480/a_ignore,w_480,h_480,c_fit,q_auto,f_auto/cropped/a5iwttwlgujgiu0p8wcb.jpg",Ipca Laboratories Ltd,67,33,0
Gestone Injection,Progesterone (50mg/ml), Hormone replacement therapy Female infertility,Headache Fatigue Joint pain Cough Abnormal menstrual bleeding Musculoskeletal bone muscle or joint pain Slurred speech Pain behind eyes Vertigo,"https://onemg.gumlet.io/l_watermark_346,w_480,h_480/a_ignore,w_480,h_480,c_fit,q_auto,f_auto/cropped/z4gyl85idtgyeslixsqq.jpg",Ferring Pharmaceuticals,33,17,50
Glimisave M3 Forte Tablet PR,Glimepiride (3mg) + Metformin (1000mg),Treatment of Type 2 diabetes mellitus,Hypoglycemia low blood glucose level Headache Nausea Diarrhea Flatulence,"https://onemg.gumlet.io/l_watermark_346,w_480,h_480/a_ignore,w_480,h_480,c_fit,q_auto,f_auto/a2b1e82f7d424976a724bdb3851a58ca.jpg",Eris Lifesciences Ltd,28,33,39
Gluconorm SR 850 Tablet,Metformin (850mg),Treatment of Type 2 diabetes mellitus,Diarrhea Nausea Vomiting Flatulence,"https://onemg.gumlet.io/l_watermark_346,w_480,h_480/a_ignore,w_480,h_480,c_fit,q_auto,f_auto/cropped/ya8rummtj5rrlnz17wga.jpg",Lupin Ltd,22,56,22
Gluconorm-G 4 Tablet PR,Glimepiride (4mg) + Metformin (500mg),Treatment of Type 2 diabetes mellitus,Hypoglycemia low blood glucose level Headache Nausea Diarrhea Flatulence,"https://onemg.gumlet.io/l_watermark_346,w_480,h_480/a_ignore,w_480,h_480,c_fit,q_auto,f_auto/f7dd0e60df394f1d9015cd34fc45c3b6.jpg",Lupin Ltd,100,0,0
Glimisave M4 Forte Tablet PR,Glimepiride (4mg) + Metformin (1000mg),Treatment of Type 2 diabetes mellitus,Hypoglycemia low blood glucose level Headache Nausea Diarrhea Flatulence,"https://onemg.gumlet.io/l_watermark_346,w_480,h_480/a_ignore,w_480,h_480,c_fit,q_auto,f_auto/984e093c1234421bae0d2a7234d5c9e6.jpg",Eris Lifesciences Ltd,42,58,0
Gravidol 200mg Tablet,Labetalol (200mg), Hypertension (high blood pressure) Angina (heart-related chest pain) Prevention of heart attack and stroke,Fatigue Nausea Dizziness Nasal congestion stuffy nose Ejaculation disorder Breathlessness,"https://onemg.gumlet.io/l_watermark_346,w_480,h_480/a_ignore,w_480,h_480,c_fit,q_auto,f_auto/xbu9vd4dmnxaoboshnwy.jpg",Mercury Laboratories Ltd,67,33,0
Glimison-MP 1 Tablet SR,Glimepiride (1mg) + Metformin (500mg) + Pioglitazone (15mg),Treatment of Type 2 diabetes mellitus,Hypoglycemia low blood glucose level Dizziness Headache Nausea Vomiting Diarrhea Flatulence Bronchitis inflammation of the airways Anemia low number of red blood cells Edema swelling,"https://onemg.gumlet.io/l_watermark_346,w_480,h_480/a_ignore,w_480,h_480,c_fit,q_auto,f_auto/5fefbd155b9543aa801f5bb08e274f12.jpg",Unison Pharmaceuticals Pvt Ltd,33,0,67
Glucoryl 1 Tablet,Glimepiride (1mg),Treatment of Type 2 diabetes mellitus,Hypoglycemia low blood glucose level Headache Nausea Dizziness Weakness,"https://onemg.gumlet.io/l_watermark_346,w_480,h_480/a_ignore,w_480,h_480,c_fit,q_auto,f_auto/cropped/kz9k584mq2qbfrlfingv.jpg",Alkem Laboratories Ltd,0,33,67
Geminor M 3 Forte Tablet PR,Glimepiride (3mg) + Metformin (1000mg),Treatment of Type 2 diabetes mellitus,Hypoglycemia low blood glucose level Headache Nausea Diarrhea Flatulence,"https://onemg.gumlet.io/l_watermark_346,w_480,h_480/a_ignore,w_480,h_480,c_fit,q_auto,f_auto/896adab47689444ab45b9d7c99ddd465.jpg",Macleods Pharmaceuticals Pvt Ltd,67,33,0
Glimisave 2 Tablet,Glimepiride (2mg),Treatment of Type 2 diabetes mellitus,Hypoglycemia low blood glucose level Headache Nausea Dizziness Weakness,"https://onemg.gumlet.io/l_watermark_346,w_480,h_480/a_ignore,w_480,h_480,c_fit,q_auto,f_auto/cropped/mcezpmcmbeccgpdjgyj9.jpg",Eris Lifesciences Ltd,33,67,0
Gabawok-NT 100 Tablet,Gabapentin (100mg) + Nortriptyline (10mg),Treatment of Neuropathic pain,Constipation Difficulty in urination Weight gain Sleepiness Dizziness Tiredness Blurred vision Dryness in mouth Orthostatic hypotension sudden lowering of blood pressure on standing Increased heart rate Uncoordinated body movements,"https://onemg.gumlet.io/l_watermark_346,w_480,h_480/a_ignore,w_480,h_480,c_fit,q_auto,f_auto/87bd2d6569984ea1a161a9e8bfd322d0.jpg",Wockhardt Ltd,100,0,0
Glenpar 500mg Tablet,Paracetamol (500mg), Pain reliefTreatment of Fever,Stomach pain Nausea Vomiting,"https://onemg.gumlet.io/l_watermark_346,w_480,h_480/a_ignore,w_480,h_480,c_fit,q_auto,f_auto/78f1f2f59a454d0483c2350e28f5e593.jpg",Glenmark Pharmaceuticals Ltd,50,17,33
Glipon MF Forte Tablet ER,Metformin (1000mg) + Teneligliptin (20mg),Treatment of Type 2 diabetes mellitus,Hypoglycemia low blood glucose level Nausea Vomiting Diarrhea Headache Bloating Flatulence,"https://onemg.gumlet.io/l_watermark_346,w_480,h_480/a_ignore,w_480,h_480,c_fit,q_auto,f_auto/da610914b2a247ed9efe1148910b89cf.jpg",Aristo Pharmaceuticals Pvt Ltd,50,0,50
Gabadon 300mg Tablet,Gabapentin (300mg),Treatment of Neuropathic painTreatment of Epilepsy/Seizures,Viral infection Sleepiness Dizziness Impaired coordination Fatigue Fever,"https://onemg.gumlet.io/l_watermark_346,w_480,h_480/a_ignore,w_480,h_480,c_fit,q_auto,f_auto/grtkxzmodhzyltut9gm9.jpg",Knoll Pharmaceuticals Ltd,50,33,17
Giftan 50 Tablet,Losartan (50mg),Treatment of Hypertension (high blood pressure)Treatment of Heart failure Prevention of heart attack and stroke,Dizziness Decreased blood pressure Hypoglycemia low blood glucose level Increased potassium level in blood Increased blood urea,"https://onemg.gumlet.io/l_watermark_346,w_480,h_480/a_ignore,w_480,h_480,c_fit,q_auto,f_auto/dfee94041d59422f934b82103a0b3efa.jpg",Systopic Laboratories Pvt Ltd,83,17,0
Gluformin XL New 500 Tablet PR,Metformin (500mg),Treatment of Type 2 diabetes mellitus,Diarrhea Nausea Vomiting Flatulence,"https://onemg.gumlet.io/l_watermark_346,w_480,h_480/a_ignore,w_480,h_480,c_fit,q_auto,f_auto/bebed3106eb94a6f91dbaf0cd2a4204b.jpg",Abbott,67,33,0
Glucored Forte 850 Tablet,Glibenclamide (5mg) + Metformin (850mg),Treatment of Type 2 diabetes mellitus,Nausea Vomiting Diarrhea Flatulence,"https://onemg.gumlet.io/l_watermark_346,w_480,h_480/a_ignore,w_480,h_480,c_fit,q_auto,f_auto/207a8aa2edfc4ce588b26c514171e2d7.jpg",Sun Pharmaceutical Industries Ltd,33,34,33
Glucoryl-M4 Forte Tablet PR,Glimepiride (4mg) + Metformin (1000mg),Treatment of Type 2 diabetes mellitus,Hypoglycemia low blood glucose level Headache Nausea Diarrhea Flatulence,"https://onemg.gumlet.io/l_watermark_346,w_480,h_480/a_ignore,w_480,h_480,c_fit,q_auto,f_auto/5efd9f7d593349b5853bc50c22caa72e.jpg",Alkem Laboratories Ltd,0,33,67
Gabanyt 400mg/10mg Tablet,Gabapentin (400mg) + Nortriptyline (10mg),Treatment of Neuropathic pain,Constipation Difficulty in urination Weight gain Sleepiness Dizziness Tiredness Blurred vision Dryness in mouth Orthostatic hypotension sudden lowering of blood pressure on standing Increased heart rate Uncoordinated body movements,"https://onemg.gumlet.io/l_watermark_346,w_480,h_480/a_ignore,w_480,h_480,c_fit,q_auto,f_auto/12f993e618364965bee18a5fde89c4e9.jpg",MSN Laboratories,67,33,0
Gris ODT Cream,Terbinafine (1% w/w), Fungal skin infections,Application site reactions burning irritation itching and redness Skin peeling Headache Diarrhea Rash Indigestion Abnormal liver enzyme Itching Taste change Nausea Abdominal pain Flatulence,"https://onemg.gumlet.io/l_watermark_346,w_480,h_480/a_ignore,w_480,h_480,c_fit,q_auto,f_auto/cropped/n9sk8xcou3afellpnyso.jpg",Dr Reddy's Laboratories Ltd,39,50,11
GLZ MEX 60mg/500mg Tablet,Gliclazide (60mg) + Metformin (500mg),Treatment of Type 2 diabetes mellitus,Hypoglycemia low blood glucose level Headache Nausea Dizziness Diarrhea Flatulence,"https://onemg.gumlet.io/l_watermark_346,w_480,h_480/a_ignore,w_480,h_480,c_fit,q_auto,f_auto/1e5a3ac525b44f22a91ca86bb7f9b284.jpg",Alembic Pharmaceuticals Ltd,0,33,67
Glisen VM 2 Tablet SR,Glimepiride (2mg) + Metformin (500mg) + Voglibose (0.2mg),Treatment of Type 2 diabetes mellitus,Nausea Diarrhea Abdominal pain Hypoglycemia low blood glucose level,"https://onemg.gumlet.io/l_watermark_346,w_480,h_480/a_ignore,w_480,h_480,c_fit,q_auto,f_auto/cropped/d5g6mdfnyia5g8zb4ebc.jpg",Alembic Pharmaceuticals Ltd,33,67,0
Gliclaz M 80 mg/500 mg Tablet,Gliclazide (80mg) + Metformin (500mg),Treatment of Type 2 diabetes mellitus,Hypoglycemia low blood glucose level Headache Nausea Dizziness Diarrhea Flatulence,"https://onemg.gumlet.io/l_watermark_346,w_480,h_480/a_ignore,w_480,h_480,c_fit,q_auto,f_auto/20dc20217b5f420986c1379c0f73fdce.jpg",Khandelwal Laboratories Pvt Ltd,38,41,21
Galop 5 Tablet,Escitalopram Oxalate (5mg),Treatment of DepressionTreatment of Anxiety disorderTreatment of Panic disorder,Anorgasmia decreased orgasm in women Decreased libido Delayed ejaculation Fatigue Increased sweating Insomnia difficulty in sleeping Nausea Sleepiness,"https://onemg.gumlet.io/l_watermark_346,w_480,h_480/a_ignore,w_480,h_480,c_fit,q_auto,f_auto/marf1erbzfqr5h5leeeu.jpg",Emcure Pharmaceuticals Ltd,67,16,17
Glyciphage P 15 mg/500 mg Tablet SR,Pioglitazone (15mg) + Metformin (500mg),Treatment of Type 2 diabetes mellitus,Headache Dizziness Hypoglycemia low blood glucose level Diarrhea Nausea Vomiting Flatulence Urinary tract infection Upper respiratory tract infection Edema swelling,"https://onemg.gumlet.io/l_watermark_346,w_480,h_480/a_ignore,w_480,h_480,c_fit,q_auto,f_auto/b5408a2501b3436b94690724f3cfbd7a.jpg",Franco-Indian Pharmaceuticals Pvt Ltd,0,33,67
Glimaday 2 Tablet PR,Glimepiride (2mg) + Metformin (500mg),Treatment of Type 2 diabetes mellitus,Hypoglycemia low blood glucose level Headache Nausea Diarrhea Flatulence,"https://onemg.gumlet.io/l_watermark_346,w_480,h_480/a_ignore,w_480,h_480,c_fit,q_auto,f_auto/cropped/ebwopz77lsbinfktqwop.jpg",Wockhardt Ltd,100,0,0
Glycigon Tablet,Gliclazide (80mg),Treatment of Type 2 diabetes mellitus,Hypoglycemia low blood glucose level Weight gain Flatulence Diarrhea Headache Nausea Dizziness,"https://onemg.gumlet.io/l_watermark_346,w_480,h_480/a_ignore,w_480,h_480,c_fit,q_auto,f_auto/cropped/fswsb81thct6hq7x2pqn.jpg",Aristo Pharmaceuticals Pvt Ltd,42,8,50
Glimp 1 Tablet,Glimepiride (1mg),Treatment of Type 2 diabetes mellitus,Hypoglycemia low blood glucose level Headache Nausea Dizziness Weakness,"https://onemg.gumlet.io/l_watermark_346,w_480,h_480/a_ignore,w_480,h_480,c_fit,q_auto,f_auto/4820502d291a4e8bab017718fe88d79d.jpg",Biochem Pharmaceutical Industries,67,33,0
Goutfree 40 Tablet ER,Febuxostat (40mg),Treatment of Gout,Diarrhea Headache Increased liver enzymes Nausea Skin rash,"https://onemg.gumlet.io/l_watermark_346,w_480,h_480/a_ignore,w_480,h_480,c_fit,q_auto,f_auto/mzkmoey1ksdfbsaub5mw.jpg",Saffron Therapeutics Pvt Ltd,0,44,56
Glimp 2 Tablet,Glimepiride (2mg),Treatment of Type 2 diabetes mellitus,Hypoglycemia low blood glucose level Headache Nausea Dizziness Weakness,"https://onemg.gumlet.io/l_watermark_346,w_480,h_480/a_ignore,w_480,h_480,c_fit,q_auto,f_auto/3652bf3f03f74d959b9c2ca392b1050c.jpg",Biochem Pharmaceutical Industries,83,17,0
Glychek-M Plus Tablet,Gliclazide (40mg) + Metformin (500mg),Treatment of Type 2 diabetes mellitus,Hypoglycemia low blood glucose level Headache Nausea Dizziness Diarrhea Flatulence,"https://onemg.gumlet.io/l_watermark_346,w_480,h_480/a_ignore,w_480,h_480,c_fit,q_auto,f_auto/54a5eec3b0104183a664718bbb9af0df.jpg",Indoco Remedies Ltd,100,0,0
Grenil 5mg/250mg Suspension,Domperidone (5mg) + Paracetamol (250mg),Treatment of Migraine,Diarrhea Rash Restlessness Drowsiness,"https://onemg.gumlet.io/l_watermark_346,w_480,h_480/a_ignore,w_480,h_480,c_fit,q_auto,f_auto/78af890c041046a19c0f5a61d19d3835.jpg",Karnataka Antibiotics & Pharmaceuticals Ltd,33,17,50
Gepride M 3 Tablet PR,Glimepiride (3mg) + Metformin (850mg),Treatment of Type 2 diabetes mellitus,Hypoglycemia low blood glucose level Headache Nausea Diarrhea Flatulence,"https://onemg.gumlet.io/l_watermark_346,w_480,h_480/a_ignore,w_480,h_480,c_fit,q_auto,f_auto/k7xghdpdhuogbdwhpgql.jpg",Medley Pharmaceuticals,22,78,0
Glimulin-MF Tablet PR,Glimepiride (1mg) + Metformin (500mg),Treatment of Type 2 diabetes mellitus,Hypoglycemia low blood glucose level Headache Nausea Diarrhea Flatulence,"https://onemg.gumlet.io/l_watermark_346,w_480,h_480/a_ignore,w_480,h_480,c_fit,q_auto,f_auto/mvzrzxaxur5vvdduc58o.jpg",Glenmark Pharmaceuticals Ltd,33,11,56
Glycinorm Total 30 Tablet SR,Gliclazide (30mg) + Pioglitazone (15mg) + Metformin (500mg),Treatment of Type 2 diabetes mellitus,Hypoglycemia low blood glucose level Dizziness Headache Nausea Vomiting Diarrhea Flatulence Upper respiratory tract infection Bronchitis inflammation of the airways Anemia low number of red blood cells Edema swelling,"https://onemg.gumlet.io/l_watermark_346,w_480,h_480/a_ignore,w_480,h_480,c_fit,q_auto,f_auto/cropped/cyvrlahmnq5c1yt6kpso.jpg",Ipca Laboratories Ltd,0,67,33
Gabawell NT  400mg/10mg Tablet,Gabapentin (400mg) + Nortriptyline (10mg),Treatment of Neuropathic pain,Constipation Difficulty in urination Weight gain Sleepiness Dizziness Tiredness Blurred vision Dryness in mouth Orthostatic hypotension sudden lowering of blood pressure on standing Increased heart rate Uncoordinated body movements,"https://onemg.gumlet.io/l_watermark_346,w_480,h_480/a_ignore,w_480,h_480,c_fit,q_auto,f_auto/997f4f98a3ad46cb89ead02412f9b2a1.jpg",Primus Remedies Pvt Ltd,22,56,22
Gonablok 200 Capsule,Danazol (200mg),Treatment of Benign fibrocystic breast diseaseTreatment of EndometriosisTreatment of Premenstrual syndrome (PMS)Treatment of Menstrual pain,Hoarseness of voice Hair loss Weight gain Acne Abnormal hair growth on a women face and body Voice change Itchy scalp Swelling Sore throat,"https://onemg.gumlet.io/l_watermark_346,w_480,h_480/a_ignore,w_480,h_480,c_fit,q_auto,f_auto/kjtgcblurgmmlfnoqgnf.jpg",Win-Medicare Pvt Ltd,22,34,44
Glychek 80 Tablet,Gliclazide (80mg),Treatment of Type 2 diabetes mellitus,Hypoglycemia low blood glucose level Weight gain Flatulence Diarrhea Headache Nausea Dizziness,"https://onemg.gumlet.io/l_watermark_346,w_480,h_480/a_ignore,w_480,h_480,c_fit,q_auto,f_auto/cropped/ai10adhax0jie3jir41c.jpg",Indoco Remedies Ltd,67,33,0
Glucomust M 5 mg/500 mg Tablet,Glibenclamide (5mg) + Metformin (500mg),Treatment of Type 2 diabetes mellitus,Nausea Vomiting Diarrhea Flatulence,"https://onemg.gumlet.io/l_watermark_346,w_480,h_480/a_ignore,w_480,h_480,c_fit,q_auto,f_auto/e4d7cfad6943452fb253a0e7e3b6c12d.jpg",Mankind Pharma Ltd,0,50,50
Glucotim LA Eye Drop,Timolol (0.5% w/v), Glaucoma Ocular hypertension,Burning eyes Stinging in the eyes,"https://onemg.gumlet.io/l_watermark_346,w_480,h_480/a_ignore,w_480,h_480,c_fit,q_auto,f_auto/c380c148c68d44b3b806091a63a1aa63.jpg",Centaur Pharmaceuticals Pvt Ltd,0,33,67
Gutwin 400 Tablet,Rifaximin (400mg),Treatment of Hepatic encephalopathyTreatment of Infectious diarrhea,Dizziness Nausea Peripheral edema Ascites accumulation of fluid in the abdominal cavity Fatigue Depression Nasopharyngitis inflammation of the throat and nasal passages Joint pain Rash Muscle pain,"https://onemg.gumlet.io/l_watermark_346,w_480,h_480/a_ignore,w_480,h_480,c_fit,q_auto,f_auto/cropped/u5918vrkqdbpb6hdmlbk.jpg",Win-Medicare Pvt Ltd,67,33,0
Gifaxin  550 Tablet,Rifaximin (550mg),Treatment of Hepatic encephalopathyTreatment of Infectious diarrhea,Dizziness Nausea Peripheral edema Ascites accumulation of fluid in the abdominal cavity Fatigue Depression Nasopharyngitis inflammation of the throat and nasal passages Joint pain Rash Muscle pain,"https://onemg.gumlet.io/l_watermark_346,w_480,h_480/a_ignore,w_480,h_480,c_fit,q_auto,f_auto/8b7846ccb8d4427d9d78eb6ef75a0479.jpg",Aristo Pharmaceuticals Pvt Ltd,100,0,0
Gabastar-M Tablet,Gabapentin (300mg) + Methylcobalamin (500mcg),Treatment of Neuropathic pain,Dizziness Sleepiness Tiredness Uncoordinated body movements,"https://onemg.gumlet.io/l_watermark_346,w_480,h_480/a_ignore,w_480,h_480,c_fit,q_auto,f_auto/gwewo4nlonmxxoxherck.jpg",Lupin Ltd,56,16,28
Goecyst-M Tablet SR,Metformin (500mg) + Myo-Inositol (600mg),Treatment of Polycystic ovarian syndrome (PCOS),Taste change Dizziness Stomach pain Nausea Diarrhea Loss of appetite,"https://onemg.gumlet.io/l_watermark_346,w_480,h_480/a_ignore,w_480,h_480,c_fit,q_auto,f_auto/cropped/yk0vhsukibqku5owgo50.jpg",Koye Pharmaceuticals Pvt ltd,19,51,30
Glador 4 Tablet,Glimepiride (4mg),Treatment of Type 2 diabetes mellitus,Hypoglycemia low blood glucose level Headache Nausea Dizziness Weakness,"https://onemg.gumlet.io/l_watermark_346,w_480,h_480/a_ignore,w_480,h_480,c_fit,q_auto,f_auto/72225be5793a4b128f689f0621133510.jpg",Lupin Ltd,67,33,0
Glocan Cream,Clotrimazole (1% w/w),Treatment of Fungal skin infections,Blisters Skin peeling Swelling Application site irritation,"https://onemg.gumlet.io/l_watermark_346,w_480,h_480/a_ignore,w_480,h_480,c_fit,q_auto,f_auto/chyzjt1ikgxqjrfb199h.jpg",Glowderma Labs Pvt Ltd,0,50,50
Glotret 5mg Tablet,Isotretinoin (5mg),Treatment of Acne,Dry skin Increased liver enzymes Rash,"https://onemg.gumlet.io/l_watermark_346,w_480,h_480/a_ignore,w_480,h_480,c_fit,q_auto,f_auto/1e7d1294ac7747b98df2d298382f817a.jpg",Glowderma Labs Pvt Ltd,17,50,33
Gestofit 100 Soft Gelatin Capsule,Progesterone (100mg), Hormone replacement therapy Female infertility,Abdominal bloating Hot flushes Vaginal discharge Urinary incontinence Headache Fatigue Joint pain Cough Abnormal menstrual bleeding Musculoskeletal bone muscle or joint pain Slurred speech Pain behind eyes Vertigo,"https://onemg.gumlet.io/l_watermark_346,w_480,h_480/a_ignore,w_480,h_480,c_fit,q_auto,f_auto/2e77b82eee414171ae1fc0fbe2dfa31b.jpg",Alembic Pharmaceuticals Ltd,0,0,100
Gabacip M Tablet,Gabapentin (300mg) + Methylcobalamin (500mcg),Treatment of Neuropathic pain,Dizziness Sleepiness Tiredness Uncoordinated body movements,"https://onemg.gumlet.io/l_watermark_346,w_480,h_480/a_ignore,w_480,h_480,c_fit,q_auto,f_auto/mprn9lgvwq1jaeiizexr.jpg",Cipla Ltd,83,17,0
Glypride 1 Tablet,Glimepiride (1mg),Treatment of Type 2 diabetes mellitus,Hypoglycemia low blood glucose level Headache Nausea Dizziness Weakness,"https://onemg.gumlet.io/l_watermark_346,w_480,h_480/a_ignore,w_480,h_480,c_fit,q_auto,f_auto/cropped/knjzz5zwfuict86yryfn.jpg",Sun Pharmaceutical Industries Ltd,42,58,0
Gemdronic 5mg/100ml Injection,Zoledronic acid (5mg/100ml), Osteoporosis Hypercalcemia,Headache Back pain Musculoskeletal bone muscle or joint pain Heartburn Diarrhea Nausea Breathlessness Fatigue Constipation Bone pain Vomiting Fever Anemia low number of red blood cells,"https://onemg.gumlet.io/l_watermark_346,w_480,h_480/a_ignore,w_480,h_480,c_fit,q_auto,f_auto/9aa1a7024f504b72be37101354dfe8ed.jpg",Alkem Laboratories Ltd,33,17,50
Gabritab 50-AT Tablet,Amitriptyline (10mg) + Pregabalin (50mg), Neuropathic pain,Constipation Weight gain Sleepiness Dizziness Tiredness Blurred vision Dryness in mouth Increased heart rate Orthostatic hypotension sudden lowering of blood pressure on standing Difficulty in urination Uncoordinated body movements,"https://onemg.gumlet.io/l_watermark_346,w_480,h_480/a_ignore,w_480,h_480,c_fit,q_auto,f_auto/f40ff7487bae4cc283c3c67ce36e5bcf.jpg",Sparsh Remedies Pvt Ltd,33,67,0
Geminor 2 Tablet,Glimepiride (2mg),Treatment of Type 2 diabetes mellitus,Hypoglycemia low blood glucose level Headache Nausea Dizziness Weakness,"https://onemg.gumlet.io/l_watermark_346,w_480,h_480/a_ignore,w_480,h_480,c_fit,q_auto,f_auto/cropped/dsi3l6eqzcvi8vjxkkg4.jpg",Macleods Pharmaceuticals Pvt Ltd,67,33,0
Geripod 4 Capsule,Silodosin (4mg),Treatment of Benign prostatic hyperplasia,Retrograde ejaculation Dizziness Diarrhea Orthostatic hypotension sudden lowering of blood pressure on standing Headache Blurred vision Nasopharyngitis inflammation of the throat and nasal passages Nasal congestion stuffy nose,"https://onemg.gumlet.io/l_watermark_346,w_480,h_480/a_ignore,w_480,h_480,c_fit,q_auto,f_auto/5a0f73a9a5714cd193b34fef4a7c2617.jpg",Alembic Pharmaceuticals Ltd,33,25,42
Gastril Mps  Syrup,Magaldrate (500mg) + Alginic Acid (100mg) + Simethicone (25mg), Acidity Heartburn Stomach ulcers,Diarrhea Constipation Chalky taste,"https://onemg.gumlet.io/l_watermark_346,w_480,h_480/a_ignore,w_480,h_480,c_fit,q_auto,f_auto/cropped/tlcmqvzip8sdyq3laxcj.jpg",Signova Pharma Pvt Ltd,100,0,0
Goodflo 110mg Capsule,Dabigatran Etexilate (110mg),Treatment and prevention of Blood clots,Nausea Anemia low number of red blood cells Gastrointestinal bleeding Dyspepsia Diarrhea Abdominal pain Nosebleeds Skin bleeding,"https://onemg.gumlet.io/l_watermark_346,w_480,h_480/a_ignore,w_480,h_480,c_fit,q_auto,f_auto/bg93juhlxu5s9xcjaqqb.jpg",Lupin Ltd,100,0,0
Germero 1000mg Injection,Meropenem (1000mg), Severe bacterial infections,Rash Headache Vomiting Nausea Itching Diarrhea Injection site inflammation Anemia low number of red blood cells Sepsis Constipation Apnea absence of breathing Shock,"https://onemg.gumlet.io/l_watermark_346,w_480,h_480/a_ignore,w_480,h_480,c_fit,q_auto,f_auto/b9e6e5e445734f14b0a90a45461eec79.jpg",Zydus Cadila,100,0,0
Gepride M 1 Forte Tablet SR,Glimepiride (1mg) + Metformin (1000mg),Treatment of Type 2 diabetes mellitus,Hypoglycemia low blood glucose level Headache Nausea Diarrhea Flatulence,"https://onemg.gumlet.io/l_watermark_346,w_480,h_480/a_ignore,w_480,h_480,c_fit,q_auto,f_auto/jkbej0yjtybpo0jzvydt.jpg",Medley Pharmaceuticals,0,0,100
Gabasafe Plus  SR 75 Tablet,Methylcobalamin (1500mcg) + Pregabalin (75mg),Treatment of Neuropathic pain,Dizziness Sleepiness Tiredness Uncoordinated body movements,"https://onemg.gumlet.io/l_watermark_346,w_480,h_480/a_ignore,w_480,h_480,c_fit,q_auto,f_auto/73ffeac035bf494c8bba978112fbd5d1.jpg",Aristo Pharmaceuticals Pvt Ltd,67,33,0
GM -SR1 Tablet,Glimepiride (1mg) + Metformin (500mg),Treatment of Type 2 diabetes mellitus,Hypoglycemia low blood glucose level Headache Nausea Diarrhea Flatulence,"https://onemg.gumlet.io/l_watermark_346,w_480,h_480/a_ignore,w_480,h_480,c_fit,q_auto,f_auto/cropped/pgyzyvref5qovcaocs3n.jpg",Psychotropics India Ltd,100,0,0
Grewit 5% Solution,Minoxidil (5% w/v),Treatment of Hair loss,Itching Chest pain Headache Hypertrichosis excessive hair growth Rash Dermatitis Hypersensitivity Weight gain Fluid retention Tachycardia,"https://onemg.gumlet.io/l_watermark_346,w_480,h_480/a_ignore,w_480,h_480,c_fit,q_auto,f_auto/5f8935015d924ec595a34b76ca75cedb.jpg",Kivi Labs Ltd,27,33,40
Glypride 2 Tablet,Glimepiride (2mg),Treatment of Type 2 diabetes mellitus,Hypoglycemia low blood glucose level Headache Nausea Dizziness Weakness,"https://onemg.gumlet.io/l_watermark_346,w_480,h_480/a_ignore,w_480,h_480,c_fit,q_auto,f_auto/cropped/eegjyxqys2r9vxo2pzib.jpg",Sun Pharmaceutical Industries Ltd,67,33,0
Glimital-M1 Forte Tablet PR,Glimepiride (1mg) + Metformin (1000mg),Treatment of Type 2 diabetes mellitus,Hypoglycemia low blood glucose level Headache Nausea Diarrhea Flatulence,"https://onemg.gumlet.io/l_watermark_346,w_480,h_480/a_ignore,w_480,h_480,c_fit,q_auto,f_auto/536484fc135b48d0aab4cf772468efe2.jpg",Talent India ,100,0,0
G.B.H.C Soap,Lindane (1% w/w), Scabies,Hair loss Rash Erythematous rash Drowsiness Headache Dizziness Convulsion Itching Dry skin Paresthesia tingling or pricking sensation Numbness Tremors,"https://onemg.gumlet.io/l_watermark_346,w_480,h_480/a_ignore,w_480,h_480,c_fit,q_auto,f_auto/cropped/tjoqgjx1trxbaikglmau.jpg",A. Menarini India Pvt Ltd,15,40,45
Glimulin MV 1 Tablet ER,Glimepiride (1mg) + Metformin (500mg) + Voglibose (0.2mg),Treatment of Type 2 diabetes mellitus,Nausea Diarrhea Abdominal pain Hypoglycemia low blood glucose level,"https://onemg.gumlet.io/l_watermark_346,w_480,h_480/a_ignore,w_480,h_480,c_fit,q_auto,f_auto/694ef80a0e314ad3adbbd39265b05e90.jpg",Glenmark Pharmaceuticals Ltd,100,0,0
Gabalent 100 Tablet,Gabapentin (100mg),Treatment of Neuropathic painTreatment of Epilepsy/Seizures,Viral infection Sleepiness Dizziness Impaired coordination Fatigue Fever,"https://onemg.gumlet.io/l_watermark_346,w_480,h_480/a_ignore,w_480,h_480,c_fit,q_auto,f_auto/yhlfu1vxx1yrl7igyyck.jpg",Talent India ,33,20,47
Glimulin-2 MF Tablet PR,Glimepiride (2mg) + Metformin (500mg),Treatment of Type 2 diabetes mellitus,Hypoglycemia low blood glucose level Headache Nausea Diarrhea Flatulence,"https://onemg.gumlet.io/l_watermark_346,w_480,h_480/a_ignore,w_480,h_480,c_fit,q_auto,f_auto/44ae7ba2b8de420595f9423b0a73087f.jpg",Glenmark Pharmaceuticals Ltd,28,28,44
Goldclav 625 Tablet,Amoxycillin  (500mg) +  Clavulanic Acid (125mg),Treatment of Bacterial infections,Vomiting Nausea Diarrhea Mucocutaneous candidiasis,"https://onemg.gumlet.io/l_watermark_346,w_480,h_480/a_ignore,w_480,h_480,c_fit,q_auto,f_auto/cropped/wpyxaz5jwfkcm6geke1l.jpg",Foregen Healthcare Ltd,67,33,0
Gefitero Tablet,Gefitinib (250mg), Non-small cell lung cancer,Diarrhea Dry skin Loss of appetite Nausea Rash Stomatitis Inflammation of the mouth Vomiting Weakness Weight loss,"https://onemg.gumlet.io/l_watermark_346,w_480,h_480/a_ignore,w_480,h_480,c_fit,q_auto,f_auto/abc845bba92f4143b1bd07ee17f57e70.jpg",Hetero Drugs Ltd,13,54,33
Glimisave M1 750 Tablet PR,Glimepiride (1mg) + Metformin (750mg),Treatment of Type 2 diabetes mellitus,Hypoglycemia low blood glucose level Headache Nausea Diarrhea Flatulence,"https://onemg.gumlet.io/l_watermark_346,w_480,h_480/a_ignore,w_480,h_480,c_fit,q_auto,f_auto/zbd4jlrq0yiyj41fttm5.jpg",Eris Lifesciences Ltd,100,0,0
Glytrin Tablet,Teneligliptin (20mg),Treatment of Type 2 diabetes mellitus,Dizziness Headache Diarrhea Hypoglycemia low blood glucose level Nausea Vomiting,"https://onemg.gumlet.io/l_watermark_346,w_480,h_480/a_ignore,w_480,h_480,c_fit,q_auto,f_auto/cropped/l29blidq9zahopkioz6b.jpg",Medley Pharmaceuticals,25,75,0
Glisen-PM 1mg/500mg/15mg Tablet,Glimepiride (1mg) + Metformin (500mg) + Pioglitazone (15mg),Treatment of Type 2 diabetes mellitus,Hypoglycemia low blood glucose level Dizziness Headache Nausea Vomiting Diarrhea Flatulence Bronchitis inflammation of the airways Anemia low number of red blood cells Edema swelling,"https://onemg.gumlet.io/l_watermark_346,w_480,h_480/a_ignore,w_480,h_480,c_fit,q_auto,f_auto/78c71c0a8a2c489eb4c98f639b2c62f8.jpg",Alembic Pharmaceuticals Ltd,0,67,33
Glynamic M 2mg/500mg Tablet,Glimepiride (2mg) + Metformin (500mg),Treatment of Type 2 diabetes mellitus,Hypoglycemia low blood glucose level Headache Nausea Diarrhea Flatulence,"https://onemg.gumlet.io/l_watermark_346,w_480,h_480/a_ignore,w_480,h_480,c_fit,q_auto,f_auto/ff2bd82b06454bd1b17776674008b39e.jpg",Fusion Healthcare Pvt Ltd,100,0,0
Gcolate 1mg Tablet,Glycopyrrolate (1mg), General Anaesthesia Peptic ulcer disease,Dryness in mouth Flushing sense of warmth in the face ears neck and trunk Vomiting Constipation Blurred vision Drowsiness Increased heart rate Urinary retention,"https://onemg.gumlet.io/l_watermark_346,w_480,h_480/a_ignore,w_480,h_480,c_fit,q_auto,f_auto/udv9s3dqhqsrvnf0l6fy.jpg",Icon Life Sciences,50,17,33
Glimser 1 Tablet PR,Glimepiride (1mg) + Metformin (500mg),Treatment of Type 2 diabetes mellitus,Hypoglycemia low blood glucose level Headache Nausea Diarrhea Flatulence,"https://onemg.gumlet.io/l_watermark_346,w_480,h_480/a_ignore,w_480,h_480,c_fit,q_auto,f_auto/9e1b1ee8e1d241bebcee3ef1049d091d.jpg",Alembic Pharmaceuticals Ltd,0,67,33
Glimison-M 2 Forte Tablet,Glimepiride (2mg) + Metformin (1000mg),Treatment of Type 2 diabetes mellitus,Hypoglycemia low blood glucose level Headache Nausea Diarrhea Flatulence,"https://onemg.gumlet.io/l_watermark_346,w_480,h_480/a_ignore,w_480,h_480,c_fit,q_auto,f_auto/80ccf50edd154e33b2ddb70295c58bf5.jpg",Unison Pharmaceuticals Pvt Ltd,48,28,24
Glypten-M Forte 1000mg/20mg Tablet,Metformin (1000mg) + Teneligliptin (20mg),Treatment of Type 2 diabetes mellitus,Hypoglycemia low blood glucose level Nausea Vomiting Diarrhea Headache Bloating Flatulence,"https://onemg.gumlet.io/l_watermark_346,w_480,h_480/a_ignore,w_480,h_480,c_fit,q_auto,f_auto/597dd3ac6f114156a72c3100b13ae7ec.jpg",Franco-Indian Pharmaceuticals Pvt Ltd,67,33,0
Glaritus 100IU/ml Injection,Insulin Glargine (100IU), Diabetes,Hypoglycemia low blood glucose level Peripheral edema Lipodystrophy skin thickening or pits at the injection site Allergic reaction Injection site reactions pain swelling redness Itching Rash Weight gain,"https://onemg.gumlet.io/l_watermark_346,w_480,h_480/a_ignore,w_480,h_480,c_fit,q_auto,f_auto/245c9e4863dd4c26b0912fdd25007390.jpg",Wockhardt Ltd,33,17,50
Gabacnx NT 400mg/10mg Tablet,Gabapentin (400mg) + Nortriptyline (10mg),Treatment of Neuropathic pain,Constipation Difficulty in urination Weight gain Sleepiness Dizziness Tiredness Blurred vision Dryness in mouth Orthostatic hypotension sudden lowering of blood pressure on standing Increased heart rate Uncoordinated body movements,"https://onemg.gumlet.io/l_watermark_346,w_480,h_480/a_ignore,w_480,h_480,c_fit,q_auto,f_auto/c746a7f3af6e412fabaa1dc89400c6d3.jpg",CNX Healthcare Pvt Ltd,0,67,33
Glimisave M2 750 Tablet PR,Glimepiride (2mg) + Metformin (750mg),Treatment of Type 2 diabetes mellitus,Hypoglycemia low blood glucose level Headache Nausea Diarrhea Flatulence,"https://onemg.gumlet.io/l_watermark_346,w_480,h_480/a_ignore,w_480,h_480,c_fit,q_auto,f_auto/0a04b773a9854e188133014b73b30366.jpg",Eris Lifesciences Ltd,100,0,0
Geritam 0.4 Tablet ER,Tamsulosin (0.4mg),Treatment of Benign prostatic hyperplasia,Dizziness Ejaculation disorder Headache Nausea Infection Orthostatic hypotension sudden lowering of blood pressure on standing Abdominal pain,"https://onemg.gumlet.io/l_watermark_346,w_480,h_480/a_ignore,w_480,h_480,c_fit,q_auto,f_auto/a3ada486b11f439ba56d77b7b7f39fe2.jpg",Septalyst Lifesciences Pvt.Ltd.,50,50,0
Gride-M Forte Tablet PR,Glimepiride (2mg) + Metformin (500mg),Treatment of Type 2 diabetes mellitus,Hypoglycemia low blood glucose level Headache Nausea Diarrhea Flatulence,"https://onemg.gumlet.io/l_watermark_346,w_480,h_480/a_ignore,w_480,h_480,c_fit,q_auto,f_auto/f0be3a2a2ac044209fcdb29083e54ed5.jpg",East West Pharma,0,33,67
Gastrozin 75mg Tablet,Zinc Carnosine (75mg), Nutritional deficiencies,Limited data available,"https://onemg.gumlet.io/l_watermark_346,w_480,h_480/a_ignore,w_480,h_480,c_fit,q_auto,f_auto/cropped/pdhzomv97u5yfd7hm4qw.jpg",Synergy Pharma Formulations India Pvt Ltd,33,24,43
Gam-DSR Capsule,Domperidone (30mg) + Rabeprazole (20mg),Treatment of Gastroesophageal reflux disease (Acid reflux)Treatment of Peptic ulcer disease,Diarrhea Stomach pain Dryness in mouth Headache Dizziness Flatulence Weakness Flu like symptoms,"https://onemg.gumlet.io/l_watermark_346,w_480,h_480/a_ignore,w_480,h_480,c_fit,q_auto,f_auto/cropped/zuikx5xoaieb6hg49b2v.jpg",Gamete Pharma Pvt Ltd,100,0,0
Gamma I.V. 5gm Infusion,Human Normal Immunoglobulin (5gm), Immunoglobulins deficiency,Back pain Chills Flushing sense of warmth in the face ears neck and trunk Dizziness Headache Nausea Decreased blood pressure Muscle pain Slow heart rate Wheezing,"https://onemg.gumlet.io/l_watermark_346,w_480,h_480/a_ignore,w_480,h_480,c_fit,q_auto,f_auto/xk6fe21eqpwfppfszbd3.jpg",Bharat Serums & Vaccines Ltd,50,50,0
Galamer 8 Tablet,Galantamine (8mg), Alzheimer's disease,Nausea Vomiting Diarrhea Headache Dizziness Decreased appetite Depression Indigestion Lethargy Fainting Abdominal pain Hallucination Slow heart rate High blood pressure Sleepiness,"https://onemg.gumlet.io/l_watermark_346,w_480,h_480/a_ignore,w_480,h_480,c_fit,q_auto,f_auto/umygioj6lgfybzva1obj.jpg",Sun Pharmaceutical Industries Ltd,0,0,100
Glutowin Forte Tablet SR,Glibenclamide (5mg) + Metformin (500mg),Treatment of Type 2 diabetes mellitus,Nausea Vomiting Diarrhea Flatulence,"https://onemg.gumlet.io/l_watermark_346,w_480,h_480/a_ignore,w_480,h_480,c_fit,q_auto,f_auto/04324d44da274283ad494873362c354d.jpg",Micro Labs Ltd,28,39,33
Guficol Plus 2MIU Injection,Colistimethate Sodium (2Million IU), Severe bacterial infections,Upset stomach Rash Paresthesia tingling or pricking sensation Dizziness Slurred speech Vertigo Fever,"https://onemg.gumlet.io/l_watermark_346,w_480,h_480/a_ignore,w_480,h_480,c_fit,q_auto,f_auto/krxrvgefidzq6avhemxd.jpg",Gufic Bioscience Ltd,100,0,0
Glospor Capsule,Itraconazole (100mg),Treatment of Fungal infections,Nausea Abdominal pain Constipation Dizziness Headache Indigestion Vomiting,"https://onemg.gumlet.io/l_watermark_346,w_480,h_480/a_ignore,w_480,h_480,c_fit,q_auto,f_auto/87c24b7e8896426aa6057002f975e751.jpg",Glowderma Labs Pvt Ltd,100,0,0
Glimulin 1 Tablet,Glimepiride (1mg),Treatment of Type 2 diabetes mellitus,Hypoglycemia low blood glucose level Headache Nausea Dizziness Weakness,"https://onemg.gumlet.io/l_watermark_346,w_480,h_480/a_ignore,w_480,h_480,c_fit,q_auto,f_auto/cropped/yfnkvgth5mlctza9srfi.jpg",Glenmark Pharmaceuticals Ltd,50,50,0
Gabacnx NT 100 Tablet,Gabapentin (100mg) + Nortriptyline (10mg),Treatment of Neuropathic pain,Constipation Difficulty in urination Weight gain Sleepiness Dizziness Tiredness Blurred vision Dryness in mouth Orthostatic hypotension sudden lowering of blood pressure on standing Increased heart rate Uncoordinated body movements,"https://onemg.gumlet.io/l_watermark_346,w_480,h_480/a_ignore,w_480,h_480,c_fit,q_auto,f_auto/d356423c519343f6b1de53f9861fb7f6.jpg",CNX Healthcare Pvt Ltd,100,0,0
Glucoryl-M 3 Forte Tablet PR,Glimepiride (3mg) + Metformin (1000mg),Treatment of Type 2 diabetes mellitus,Hypoglycemia low blood glucose level Headache Nausea Diarrhea Flatulence,"https://onemg.gumlet.io/l_watermark_346,w_480,h_480/a_ignore,w_480,h_480,c_fit,q_auto,f_auto/8d8952935fd04e3aaf94438a5329b3aa.jpg",Alkem Laboratories Ltd,0,17,83
Glenpar 650mg Tablet,Paracetamol (650mg), Pain reliefTreatment of Fever,Stomach pain Nausea Vomiting,"https://onemg.gumlet.io/l_watermark_346,w_480,h_480/a_ignore,w_480,h_480,c_fit,q_auto,f_auto/0e27333d921b4d4ea4a749883b23da93.jpg",Glenmark Pharmaceuticals Ltd,100,0,0
Glitaray M 2mg/500mg Tablet,Glimepiride (2mg) + Metformin (500mg),Treatment of Type 2 diabetes mellitus,Hypoglycemia low blood glucose level Headache Nausea Diarrhea Flatulence,"https://onemg.gumlet.io/l_watermark_346,w_480,h_480/a_ignore,w_480,h_480,c_fit,q_auto,f_auto/60adee15bb6f43a7a21580188d0056ee.jpg",Lloyd Healthcare Pvt Ltd,50,33,17
Glisen MF Forte 1 Tablet,Glimepiride (1mg) + Metformin (1000mg),Treatment of Type 2 diabetes mellitus,Hypoglycemia low blood glucose level Headache Nausea Diarrhea Flatulence,"https://onemg.gumlet.io/l_watermark_346,w_480,h_480/a_ignore,w_480,h_480,c_fit,q_auto,f_auto/04b8465f6fd4410ab8c64c11e671e69c.jpg",Alembic Pharmaceuticals Ltd,33,67,0
Gee-X  Pain Relieving Gel,Benzocaine (20% w/v) + Chlorhexidine Gluconate (0.2% w/v),Treatment of Mouth ulcers,No common side effects seen,"https://onemg.gumlet.io/l_watermark_346,w_480,h_480/a_ignore,w_480,h_480,c_fit,q_auto,f_auto/52c6b230b3254d81bf4e07b3cc0c8aed.jpg",Sandika Pharmaceuticals Pvt Ltd,67,33,0
GeneVac-B Paediatric Injection,Hepatitis B Vaccine (rDNA) (10mcg), Prevention of Hepatitis B infection,Irritation Loss of appetite Skin rash Body ache Flushing sense of warmth in the face ears neck and trunk Respiratory disorder Diarrhea Fatigue Decreased appetite Inflammation of the nose,"https://onemg.gumlet.io/l_watermark_346,w_480,h_480/a_ignore,w_480,h_480,c_fit,q_auto,f_auto/sok3kydicgtaofxmzlfu.jpg",Serum Institute Of India Ltd,100,0,0
Gabawin M 500mcg/75mg Tablet,Methylcobalamin (500mcg) + Pregabalin (75mg),Treatment of Neuropathic pain,Dizziness Sleepiness Tiredness Uncoordinated body movements,"https://onemg.gumlet.io/l_watermark_346,w_480,h_480/a_ignore,w_480,h_480,c_fit,q_auto,f_auto/2451697e71b341859f7ff02c3be18617.jpg",Icon Life Sciences,100,0,0
Gluconorm-G Plus 3 Tablet PR,Glimepiride (3mg) + Metformin (850mg),Treatment of Type 2 diabetes mellitus,Hypoglycemia low blood glucose level Headache Nausea Diarrhea Flatulence,"https://onemg.gumlet.io/l_watermark_346,w_480,h_480/a_ignore,w_480,h_480,c_fit,q_auto,f_auto/647daadae6ed43918381ddc28db58e7c.jpg",Lupin Ltd,67,33,0
Gabrica AT Capsule,Amitriptyline (10mg) + Pregabalin (75mg), Neuropathic pain,Constipation Weight gain Sleepiness Dizziness Tiredness Blurred vision Dryness in mouth Increased heart rate Orthostatic hypotension sudden lowering of blood pressure on standing Difficulty in urination Uncoordinated body movements,"https://onemg.gumlet.io/l_watermark_346,w_480,h_480/a_ignore,w_480,h_480,c_fit,q_auto,f_auto/4159886dbf9047c3a8675c73ebae559e.jpg",Sparsh Remedies Pvt Ltd,67,33,0
Glitaris M 15 Tablet SR,Pioglitazone (15mg) + Metformin (500mg),Treatment of Type 2 diabetes mellitus,Headache Dizziness Hypoglycemia low blood glucose level Diarrhea Nausea Vomiting Flatulence Urinary tract infection Upper respiratory tract infection Edema swelling,"https://onemg.gumlet.io/l_watermark_346,w_480,h_480/a_ignore,w_480,h_480,c_fit,q_auto,f_auto/02a3ca834018434888633087199423ea.jpg",Eris Lifesciences Ltd,67,33,0
Geftib Tablet,Gefitinib (250mg), Non-small cell lung cancer,Diarrhea Dry skin Loss of appetite Nausea Rash Stomatitis Inflammation of the mouth Vomiting Weakness Weight loss,"https://onemg.gumlet.io/l_watermark_346,w_480,h_480/a_ignore,w_480,h_480,c_fit,q_auto,f_auto/3d4a7270229441abb476375899857774.jpg",Glenmark Pharmaceuticals Ltd,21,54,25
Gastrazole Plus Capsule,Levosulpiride (75mg) + Rabeprazole (20mg),Treatment of Gastroesophageal reflux disease (Acid reflux)Treatment of Intestinal ulcersTreatment of Irritable bowel syndrome,Nausea Stomach pain Diarrhea Flatulence Constipation Headache Dizziness Weakness Sleepiness Flu like symptoms,"https://onemg.gumlet.io/l_watermark_346,w_480,h_480/a_ignore,w_480,h_480,c_fit,q_auto,f_auto/ximuasa6oacre34nxpjm.jpg",Meyer Organics Pvt Ltd,67,33,0
Glitaray MP 2mg/500mg/15mg Tablet PR,Glimepiride (2mg) + Metformin (500mg) + Pioglitazone (15mg),Treatment of Type 2 diabetes mellitus,Hypoglycemia low blood glucose level Dizziness Headache Nausea Vomiting Diarrhea Flatulence Bronchitis inflammation of the airways Anemia low number of red blood cells Edema swelling,"https://onemg.gumlet.io/l_watermark_346,w_480,h_480/a_ignore,w_480,h_480,c_fit,q_auto,f_auto/038464fe392c448b8cf9d01e1b21ec2b.jpg",Lloyd Healthcare Pvt Ltd,0,33,67
Glisen VM 1 Tablet SR,Glimepiride (1mg) + Metformin (500mg) + Voglibose (0.2mg),Treatment of Type 2 diabetes mellitus,Nausea Diarrhea Abdominal pain Hypoglycemia low blood glucose level,"https://onemg.gumlet.io/l_watermark_346,w_480,h_480/a_ignore,w_480,h_480,c_fit,q_auto,f_auto/cropped/breegnh4es3zwcv6acus.jpg",Alembic Pharmaceuticals Ltd,100,0,0
Goodflo 150mg Capsule,Dabigatran Etexilate (150mg),Treatment and prevention of Blood clots,Nausea Anemia low number of red blood cells Gastrointestinal bleeding Dyspepsia Diarrhea Abdominal pain Nosebleeds Skin bleeding,"https://onemg.gumlet.io/l_watermark_346,w_480,h_480/a_ignore,w_480,h_480,c_fit,q_auto,f_auto/qmpwkdjme3ipa69zvb3g.jpg",Lupin Ltd,58,25,17
Genorox 250mg Tablet,Cefuroxime (250mg),Treatment of Bacterial infections,Rash Vomiting Allergic reaction Increased liver enzymes Nausea Diarrhea,"https://onemg.gumlet.io/l_watermark_346,w_480,h_480/a_ignore,w_480,h_480,c_fit,q_auto,f_auto/vd8mymc5a3wgxrwjqzhv.jpg",Geno Pharmaceuticals Ltd,100,0,0
Greatcef CV Tablet,Cefpodoxime Proxetil (200mg) + Clavulanic Acid (125mg),Treatment of Respiratory tract infection,Nausea Diarrhea Headache Rash Abdominal pain Vaginal infection Fungal infection of vagina,"https://onemg.gumlet.io/l_watermark_346,w_480,h_480/a_ignore,w_480,h_480,c_fit,q_auto,f_auto/406c2cf5b3c04568b88a7905a893eef0.jpg",Ronyd Healthcare Pvt Ltd,0,50,50
Galbact Ointment,Mupirocin (2% w/w),Treatment of Bacterial skin infections,Itching Burning sensation Stinging sensation Pain,"https://onemg.gumlet.io/l_watermark_346,w_480,h_480/a_ignore,w_480,h_480,c_fit,q_auto,f_auto/d00991962ffe49a2b185c457f8294ec5.jpg",Galpha Laboratories Ltd,33,34,33
Glotret 30mg Tablet,Isotretinoin (30mg),Treatment of Acne,Dry skin Increased liver enzymes Rash,"https://onemg.gumlet.io/l_watermark_346,w_480,h_480/a_ignore,w_480,h_480,c_fit,q_auto,f_auto/ab70225f28a4436abd963d8cb21dc4d0.jpg",Glowderma Labs Pvt Ltd,0,40,60
Grantin Capsule,Methylcobalamin (750mcg) + Pregabalin (75mg),Treatment of Neuropathic pain,Dizziness Sleepiness Tiredness Uncoordinated body movements,"https://onemg.gumlet.io/l_watermark_346,w_480,h_480/a_ignore,w_480,h_480,c_fit,q_auto,f_auto/d7d356997a914fb2a0e647f6a8d69d70.jpg",Anthem Biopharma,100,0,0
Glucored Forte SR Tablet,Glibenclamide (5mg) + Metformin (500mg),Treatment of Type 2 diabetes mellitus,Nausea Vomiting Diarrhea Flatulence,"https://onemg.gumlet.io/l_watermark_346,w_480,h_480/a_ignore,w_480,h_480,c_fit,q_auto,f_auto/cropped/w8y9mhkuhpivub87degd.jpg",Sun Pharmaceutical Industries Ltd,67,33,0
Gabawin 50M Tablet,Methylcobalamin (500mcg) + Pregabalin (50mg),Treatment of Neuropathic pain,Dizziness Sleepiness Tiredness Uncoordinated body movements,"https://onemg.gumlet.io/l_watermark_346,w_480,h_480/a_ignore,w_480,h_480,c_fit,q_auto,f_auto/xpagbc5jyuzbqatay7pt.jpg",Icon Life Sciences,100,0,0
Glimulin 2 Tablet,Glimepiride (2mg),Treatment of Type 2 diabetes mellitus,Hypoglycemia low blood glucose level Headache Nausea Dizziness Weakness,"https://onemg.gumlet.io/l_watermark_346,w_480,h_480/a_ignore,w_480,h_480,c_fit,q_auto,f_auto/cropped/wcq1fmorlx5rkq1bgzzo.jpg",Glenmark Pharmaceuticals Ltd,0,0,100
Gestmate SR 200 Tablet,Progesterone (200mg), Hormone replacement therapy Female infertility,Abdominal bloating Hot flushes Vaginal discharge Urinary incontinence Headache Fatigue Joint pain Cough Abnormal menstrual bleeding Musculoskeletal bone muscle or joint pain Slurred speech Pain behind eyes Vertigo,"https://onemg.gumlet.io/l_watermark_346,w_480,h_480/a_ignore,w_480,h_480,c_fit,q_auto,f_auto/oiy8pwetmlrgjrzloqwj.jpg",Akesiss Pharma Pvt Ltd,33,34,33
Glimchek M 2mg/500mg Tablet,Glimepiride (2mg) + Metformin (500mg),Treatment of Type 2 diabetes mellitus,Hypoglycemia low blood glucose level Headache Nausea Diarrhea Flatulence,"https://onemg.gumlet.io/l_watermark_346,w_480,h_480/a_ignore,w_480,h_480,c_fit,q_auto,f_auto/93962045dba94abc8519543cc7fb32da.jpg",Khandelwal Laboratories Pvt Ltd,67,33,0
Glitaris 15 Tablet,Pioglitazone (15mg),Treatment of Type 2 diabetes mellitus,Headache Sore throat Sinus inflammation Muscle pain,"https://onemg.gumlet.io/l_watermark_346,w_480,h_480/a_ignore,w_480,h_480,c_fit,q_auto,f_auto/cropped/reetwniluyr8udswbt9z.jpg",Eris Lifesciences Ltd,100,0,0
Glimaday-Forte 3 Tablet PR,Glimepiride (3mg) + Metformin (1000mg),Treatment of Type 2 diabetes mellitus,Hypoglycemia low blood glucose level Headache Nausea Diarrhea Flatulence,"https://onemg.gumlet.io/l_watermark_346,w_480,h_480/a_ignore,w_480,h_480,c_fit,q_auto,f_auto/aa2odxabgd2bfgi4hsrf.jpg",Wockhardt Ltd,33,45,22
Glucagen 1mg Injection,Glucagon (1mg), Severe hypoglycemia,Nausea,"https://onemg.gumlet.io/l_watermark_346,w_480,h_480/a_ignore,w_480,h_480,c_fit,q_auto,f_auto/8291317bf48c4625a92bd649d70405ef.jpg",Novo Nordisk India Pvt Ltd,92,8,0
Gkn-Plus Tablet,Ginkgo Biloba (60mg) + Piracetam (800mg) + Vinpocetine (5mg), Cognitive enhancer,Weight gain Upset stomach Rash Flushing sense of warmth in the face ears neck and trunk Nervousness Abnormality of voluntary movements,"https://onemg.gumlet.io/l_watermark_346,w_480,h_480/a_ignore,w_480,h_480,c_fit,q_auto,f_auto/cropped/cxawum1hphvxjnjch6qn.jpg",Viento Healthcare,67,33,0
Glorimet PG 2 Tablet,Glimepiride (2mg) + Metformin (500mg) + Pioglitazone (15mg),Treatment of Type 2 diabetes mellitus,Hypoglycemia low blood glucose level Dizziness Headache Nausea Vomiting Diarrhea Flatulence Bronchitis inflammation of the airways Anemia low number of red blood cells Edema swelling,"https://onemg.gumlet.io/l_watermark_346,w_480,h_480/a_ignore,w_480,h_480,c_fit,q_auto,f_auto/cropped/kvje9eqdhnth5kig4iig.jpg",Oaknet Healthcare Pvt Ltd,27,60,13
Gutfeel  Granules,Lactitol (10gm) + Ispaghula (3.5gm),Treatment of Constipation,Bloating Stomach cramp Flatulence,"https://onemg.gumlet.io/l_watermark_346,w_480,h_480/a_ignore,w_480,h_480,c_fit,q_auto,f_auto/rxjpk2ob8zdcf9kbywnq.jpg",Dr Reddy's Laboratories Ltd,40,47,13
Glitaris 7.5 Tablet,Pioglitazone (7.5mg),Treatment of Type 2 diabetes mellitus,Headache Sore throat Sinus inflammation Muscle pain,"https://onemg.gumlet.io/l_watermark_346,w_480,h_480/a_ignore,w_480,h_480,c_fit,q_auto,f_auto/fzbqecqq8kx9wfxeebbi.jpg",Eris Lifesciences Ltd,67,33,0
Gomo Tablet,Doxylamine (10mg) + Vitamin B6 (Pyridoxine) (10mg),Treatment of Nausea and vomiting in pregnancy,Dryness in mouth Constipation Lightheadedness Drowsiness,"https://onemg.gumlet.io/l_watermark_346,w_480,h_480/a_ignore,w_480,h_480,c_fit,q_auto,f_auto/cropped/cbhbh1fyckgpai9rhyo8.jpg",Omenta Pharma Pvt Ltd,50,25,25
Glospor-DS Capsule,Itraconazole (200mg),Treatment of Fungal infections,Nausea Abdominal pain Constipation Dizziness Headache Indigestion Vomiting,"https://onemg.gumlet.io/l_watermark_346,w_480,h_480/a_ignore,w_480,h_480,c_fit,q_auto,f_auto/2636d8f3e44c46eb8aa91bc8603d8f98.jpg",Glowderma Labs Pvt Ltd,0,0,100
Glisen 1 Tablet,Glimepiride (1mg),Treatment of Type 2 diabetes mellitus,Hypoglycemia low blood glucose level Headache Nausea Dizziness Weakness,"https://onemg.gumlet.io/l_watermark_346,w_480,h_480/a_ignore,w_480,h_480,c_fit,q_auto,f_auto/cropped/dctfrwjuakwdgrbru6oa.jpg",Alembic Pharmaceuticals Ltd,0,0,100
Gepride 2 Tablet,Glimepiride (2mg),Treatment of Type 2 diabetes mellitus,Hypoglycemia low blood glucose level Headache Nausea Dizziness Weakness,"https://onemg.gumlet.io/l_watermark_346,w_480,h_480/a_ignore,w_480,h_480,c_fit,q_auto,f_auto/f0f882f1a49d45718109c20c188af85e.jpg",Medley Pharmaceuticals,67,33,0
Glimser-P1 Tablet SR,Glimepiride (1mg) + Metformin (500mg) + Pioglitazone (15mg),Treatment of Type 2 diabetes mellitus,Hypoglycemia low blood glucose level Dizziness Headache Nausea Vomiting Diarrhea Flatulence Bronchitis inflammation of the airways Anemia low number of red blood cells Edema swelling,"https://onemg.gumlet.io/l_watermark_346,w_480,h_480/a_ignore,w_480,h_480,c_fit,q_auto,f_auto/cropped/wdxu8ajmbeo5i55mtody.jpg",Alembic Pharmaceuticals Ltd,0,33,67
Glimipack M 1mg/500mg Tablet,Glimepiride (1mg) + Metformin (500mg),Treatment of Type 2 diabetes mellitus,Hypoglycemia low blood glucose level Headache Nausea Diarrhea Flatulence,"https://onemg.gumlet.io/l_watermark_346,w_480,h_480/a_ignore,w_480,h_480,c_fit,q_auto,f_auto/ad37ed824c8d4a1d82170bbc8c1068c9.jpg",Koye Pharmaceuticals Pvt ltd,67,33,0
Glimser-P 2 Tablet SR,Glimepiride (2mg) + Metformin (500mg) + Pioglitazone (15mg),Treatment of Type 2 diabetes mellitus,Hypoglycemia low blood glucose level Dizziness Headache Nausea Vomiting Diarrhea Flatulence Bronchitis inflammation of the airways Anemia low number of red blood cells Edema swelling,"https://onemg.gumlet.io/l_watermark_346,w_480,h_480/a_ignore,w_480,h_480,c_fit,q_auto,f_auto/a0736c2efc6e40de9457614d620c9163.jpg",Alembic Pharmaceuticals Ltd,0,0,100
Gloristat 40 Tablet,Rosuvastatin (40mg),Treatment of High cholesterol Prevention of heart attack and stroke,Muscle pain Weakness Headache Abdominal pain Dizziness Joint pain Nausea,"https://onemg.gumlet.io/l_watermark_346,w_480,h_480/a_ignore,w_480,h_480,c_fit,q_auto,f_auto/cropped/jpmkbhjrof4pp8pgvbyg.jpg",Oaknet Healthcare Pvt Ltd,40,40,20
Gainehair 5% Spray,Minoxidil (5% w/v),Treatment of Hair loss,Itching Chest pain Headache Hypertrichosis excessive hair growth Rash Dermatitis Hypersensitivity Weight gain Fluid retention Tachycardia,"https://onemg.gumlet.io/l_watermark_346,w_480,h_480/a_ignore,w_480,h_480,c_fit,q_auto,f_auto/cropped/wgmdr1akqk28tirmacpa.jpg",Dr Reddy's Laboratories Ltd,15,40,45
Grandcef 100 Oral Suspension,Cefpodoxime Proxetil (100mg/5ml),Treatment of Bacterial infections,Abdominal pain Rash Nausea Diarrhea,"https://onemg.gumlet.io/l_watermark_346,w_480,h_480/a_ignore,w_480,h_480,c_fit,q_auto,f_auto/cropped/dobpl1qj2ijdw0ovwelg.jpg",Grandcure Healthcare Pvt Ltd,100,0,0
Gride-M 1mg/500mg Tablet,Glimepiride (1mg) + Metformin (500mg),Treatment of Type 2 diabetes mellitus,Hypoglycemia low blood glucose level Headache Nausea Diarrhea Flatulence,"https://onemg.gumlet.io/l_watermark_346,w_480,h_480/a_ignore,w_480,h_480,c_fit,q_auto,f_auto/d5fc1511bfbd4d5383d3bf515b042098.jpg",East West Pharma,33,17,50
Gride 1mg Tablet,Glimepiride (1mg),Treatment of Type 2 diabetes mellitus,Hypoglycemia low blood glucose level Headache Nausea Dizziness Weakness,"https://onemg.gumlet.io/l_watermark_346,w_480,h_480/a_ignore,w_480,h_480,c_fit,q_auto,f_auto/a63c5932a05a44d7a71bd2f5fa776497.jpg",East West Pharma,0,0,100
Glorimet VG2 Tablet SR,Glimepiride (2mg) + Metformin (500mg) + Voglibose (0.2mg),Treatment of Type 2 diabetes mellitus,Nausea Diarrhea Abdominal pain Hypoglycemia low blood glucose level,"https://onemg.gumlet.io/l_watermark_346,w_480,h_480/a_ignore,w_480,h_480,c_fit,q_auto,f_auto/cropped/knmqy8ibbirdulot2zeq.jpg",Oaknet Healthcare Pvt Ltd,0,67,33
Glimisave Max 2 Tablet PR,Glimepiride (2mg) + Metformin (750mg),Treatment of Type 2 diabetes mellitus,Hypoglycemia low blood glucose level Headache Nausea Diarrhea Flatulence,"https://onemg.gumlet.io/l_watermark_346,w_480,h_480/a_ignore,w_480,h_480,c_fit,q_auto,f_auto/27f9e5653e4d435893377212c730ec8f.jpg",Eris Lifesciences Ltd,50,50,0
Gestmate 200mg Capsule,Progesterone (Natural Micronized) (200mg), Hormone replacement therapyTreatment of Female infertility,Abdominal pain Nausea Abnormal vaginal bleeding Edema swelling Hair loss Abdominal bloating Headache Breast pain Vomiting Vaginal yeast infection,"https://onemg.gumlet.io/l_watermark_346,w_480,h_480/a_ignore,w_480,h_480,c_fit,q_auto,f_auto/slkeevsqfooavpnydpdv.jpg",Akesiss Pharma Pvt Ltd,0,33,67
Glador M4 Forte Tablet PR,Glimepiride (4mg) + Metformin (1000mg),Treatment of Type 2 diabetes mellitus,Hypoglycemia low blood glucose level Headache Nausea Diarrhea Flatulence,"https://onemg.gumlet.io/l_watermark_346,w_480,h_480/a_ignore,w_480,h_480,c_fit,q_auto,f_auto/243d7329fe3e40f79d928c1eb52dd977.jpg",Lupin Ltd,67,33,0
Gemtaz 1gm Injection,Gemcitabine (1gm), Non-small cell lung cancer Breast cancer Pancreatic cancer Urinary bladder cancer Ovarian cancer,Nausea Vomiting Loss of appetite Hair loss Low blood platelets Allergic reaction Breathlessness Decreased white blood cell count Increased liver enzymes Anemia low number of red blood cells Flu like symptoms Blood in urine Skin rash Protein in urine,"https://onemg.gumlet.io/l_watermark_346,w_480,h_480/a_ignore,w_480,h_480,c_fit,q_auto,f_auto/d4f3a460fe2742658061cc6357de7f63.jpg",Sun Pharmaceutical Industries Ltd,100,0,0
Glimisave Max 1 Tablet PR,Glimepiride (1mg) + Metformin (750mg),Treatment of Type 2 diabetes mellitus,Hypoglycemia low blood glucose level Headache Nausea Diarrhea Flatulence,"https://onemg.gumlet.io/l_watermark_346,w_480,h_480/a_ignore,w_480,h_480,c_fit,q_auto,f_auto/234240b6beb0486d878be11719874783.jpg",Eris Lifesciences Ltd,56,44,0
G-Cerin Tablet,Glucosamine (750mg) + Diacerein (50mg) + Methyl Sulfonyl Methane (250mg), Osteoarthritis,Nausea Diarrhea Constipation Indigestion Heartburn Urine discoloration,"https://onemg.gumlet.io/l_watermark_346,w_480,h_480/a_ignore,w_480,h_480,c_fit,q_auto,f_auto/dzf1vpybcu3xkohyv8lg.jpg",Frankfurt Pharma Pvt Ltd,0,33,67
Gamabiol Lotion,Lindane (1% w/v), Scabies,Hair loss Rash Erythematous rash Drowsiness Headache Dizziness Convulsion Itching Dry skin Paresthesia tingling or pricking sensation Numbness Tremors,"https://onemg.gumlet.io/l_watermark_346,w_480,h_480/a_ignore,w_480,h_480,c_fit,q_auto,f_auto/0c91d40dde7244da955a4d5d57124ad0.jpg",Dales Laboratories Pvt Ltd,67,33,0
Glimisave Max Forte 2 Tablet PR,Glimepiride (2mg) + Metformin (1000mg),Treatment of Type 2 diabetes mellitus,Hypoglycemia low blood glucose level Headache Nausea Diarrhea Flatulence,"https://onemg.gumlet.io/l_watermark_346,w_480,h_480/a_ignore,w_480,h_480,c_fit,q_auto,f_auto/65326ccb5b8e427391df321f72fe4b93.jpg",Eris Lifesciences Ltd,33,17,50
Gental Cream,Gentamicin (0.1% w/w), Bacterial skin infections,Application site irritation,"https://onemg.gumlet.io/l_watermark_346,w_480,h_480/a_ignore,w_480,h_480,c_fit,q_auto,f_auto/cropped/lfxcuvyeskipesnbt7kj.jpg",Alive Pharmaceutical Pvt Ltd,83,17,0
Glez 2.5mg Tablet,Glipizide (2.5mg),Treatment of Type 2 diabetes mellitus,Hypoglycemia low blood glucose level Nausea Vomiting Flatulence Abdominal discomfort Diarrhea Headache Dizziness Nervousness Tremors Weight gain Abnormal sensation,"https://onemg.gumlet.io/l_watermark_346,w_480,h_480/a_ignore,w_480,h_480,c_fit,q_auto,f_auto/e18a7b0bf7b84d1e816e12a4df71717a.jpg",Aristo Pharmaceuticals Pvt Ltd,0,0,100
Gretacal Injection,Calcium Gluconate (50mg) + Calcium Lactobionate (87.5mg), Calcium deficiency,Injection site reactions pain swelling redness,"https://onemg.gumlet.io/l_watermark_346,w_480,h_480/a_ignore,w_480,h_480,c_fit,q_auto,f_auto/bfo8rc9caksz4rhsetji.jpg",Oaknet Healthcare Pvt Ltd,100,0,0
Glucut 1 MT Tablet,Glimepiride (1mg) + Metformin (500mg),Treatment of Type 2 diabetes mellitus,Hypoglycemia low blood glucose level Headache Nausea Diarrhea Flatulence,"https://onemg.gumlet.io/l_watermark_346,w_480,h_480/a_ignore,w_480,h_480,c_fit,q_auto,f_auto/a30116976a324cccb06f8eb3932eda46.jpg",Overseas Healthcare Pvt Ltd,67,33,0
Gluconorm G2 D Tablet SR,Glimepiride (2mg) + Metformin (500mg) + Vitamin D3 (400IU),Treatment of Type 2 diabetes mellitus,Nausea Taste change Diarrhea Stomach pain Headache Hypoglycemia low blood glucose level Respiratory tract infection,"https://onemg.gumlet.io/l_watermark_346,w_480,h_480/a_ignore,w_480,h_480,c_fit,q_auto,f_auto/cropped/csjwlg52rziellannhcg.jpg",Lupin Ltd,33,67,0
Greatcef 200 Tablet,Cefpodoxime Proxetil (200mg),Treatment of Bacterial infections,Rash Nausea Diarrhea,"https://onemg.gumlet.io/l_watermark_346,w_480,h_480/a_ignore,w_480,h_480,c_fit,q_auto,f_auto/cropped/w0gb6mvgwrx0pblv8lfc.jpg",Ronyd Healthcare Pvt Ltd,83,17,0
Glimulin MF Forte Tablet PR,Glimepiride (1mg) + Metformin (1000mg),Treatment of Type 2 diabetes mellitus,Hypoglycemia low blood glucose level Headache Nausea Diarrhea Flatulence,"https://onemg.gumlet.io/l_watermark_346,w_480,h_480/a_ignore,w_480,h_480,c_fit,q_auto,f_auto/f11241d40de7405fa8f2a04ffc73fad3.jpg",Glenmark Pharmaceuticals Ltd,0,0,100
Glucowise 20mg Tablet,Teneligliptin (20mg),Treatment of Type 2 diabetes mellitus,Dizziness Headache Diarrhea Hypoglycemia low blood glucose level Nausea Vomiting,"https://onemg.gumlet.io/l_watermark_346,w_480,h_480/a_ignore,w_480,h_480,c_fit,q_auto,f_auto/ea9e5d1201a441ce8955d8d34bc18bb9.jpg",Hetero Drugs Ltd,100,0,0
Gabastar-M 300mg/500mcg Tablet,Gabapentin (300mg) + Methylcobalamin (500mcg),Treatment of Neuropathic pain,Dizziness Sleepiness Tiredness Uncoordinated body movements,"https://onemg.gumlet.io/l_watermark_346,w_480,h_480/a_ignore,w_480,h_480,c_fit,q_auto,f_auto/zjyrcdpegpxad8jg2kol.jpg",Lupin Ltd,67,33,0
Glybovin 1.25mg Tablet,Glibenclamide (1.25mg),Treatment of Type 2 diabetes mellitus,Hypoglycemia low blood glucose level Nausea Headache Dizziness,"https://onemg.gumlet.io/l_watermark_346,w_480,h_480/a_ignore,w_480,h_480,c_fit,q_auto,f_auto/78ef5050203a4dd99c76bf086210491b.jpg",Aristo Pharmaceuticals Pvt Ltd,56,44,0
Glimaday -HS Tablet PR,Glimepiride (2mg) + Metformin (850mg),Treatment of Type 2 diabetes mellitus,Hypoglycemia low blood glucose level Headache Nausea Diarrhea Flatulence,"https://onemg.gumlet.io/l_watermark_346,w_480,h_480/a_ignore,w_480,h_480,c_fit,q_auto,f_auto/d27de9cb620d4bd6af759461ce608022.jpg",Wockhardt Ltd,67,33,0
Glimisave Max Forte 1 Tablet PR,Glimepiride (1mg) + Metformin (1000mg),Treatment of Type 2 diabetes mellitus,Hypoglycemia low blood glucose level Headache Nausea Diarrhea Flatulence,"https://onemg.gumlet.io/l_watermark_346,w_480,h_480/a_ignore,w_480,h_480,c_fit,q_auto,f_auto/bc6c6a5af3bf46528a51e3f1949dce0d.jpg",Eris Lifesciences Ltd,33,27,40
Grafnos 0.5 Capsule,Tacrolimus (0.5mg), Prevention of organ rejection in transplant patients,Increased glucose level in blood Kidney damage Insomnia difficulty in sleeping Tremors High blood pressure Infection,"https://onemg.gumlet.io/l_watermark_346,w_480,h_480/a_ignore,w_480,h_480,c_fit,q_auto,f_auto/3ff7c44a9daf4b3da952ef6aba790848.jpg",Akognos Life Sciences,67,33,0
Goefibro-U Tablet,Ulipristal acetate (5mg), Uterine fibroids,Absence of menstrual periods Headache Endometrial hyperplasia,"https://onemg.gumlet.io/l_watermark_346,w_480,h_480/a_ignore,w_480,h_480,c_fit,q_auto,f_auto/cropped/ktodgn83k6bwchwdxcxf.png",Koye Pharmaceuticals Pvt ltd,0,67,33
Genexglob Infusion,Human Normal Immunoglobulin (5gm), Immunoglobulins deficiency,Back pain Chills Flushing sense of warmth in the face ears neck and trunk Dizziness Headache Nausea Decreased blood pressure Muscle pain Slow heart rate Wheezing,"https://onemg.gumlet.io/l_watermark_346,w_480,h_480/a_ignore,w_480,h_480,c_fit,q_auto,f_auto/wg4nim3sln1rhwolqxn6.jpg",Fusion Healthcare Pvt Ltd,67,33,0
Glimser Forte 2 Tablet PR,Glimepiride (2mg) + Metformin (1000mg),Treatment of Type 2 diabetes mellitus,Hypoglycemia low blood glucose level Headache Nausea Diarrhea Flatulence,"https://onemg.gumlet.io/l_watermark_346,w_480,h_480/a_ignore,w_480,h_480,c_fit,q_auto,f_auto/b2d754360e334f49942ead7863f97c88.jpg",Alembic Pharmaceuticals Ltd,0,50,50
Gamamed Soap,Gamma Benzene Hexachloride (1% w/w), Scabies,Erythematous rash Itching Dry skin Paresthesia tingling or pricking sensation,"https://onemg.gumlet.io/l_watermark_346,w_480,h_480/a_ignore,w_480,h_480,c_fit,q_auto,f_auto/0565839f53a24b76b03f30c68ed3bc9d.jpg",Med Manor Organics Pvt Ltd,25,58,17
Glimric-M3 Tablet SR,Glimepiride (3mg) + Metformin (500mg),Treatment of Type 2 diabetes mellitus,Hypoglycemia low blood glucose level Headache Nausea Diarrhea Flatulence,"https://onemg.gumlet.io/l_watermark_346,w_480,h_480/a_ignore,w_480,h_480,c_fit,q_auto,f_auto/cropped/xhx56rx2dpfsdrhbpxhz.jpg",Mebio Labs Pvt Ltd,0,0,100
Glipti Next Tablet,Teneligliptin (20mg),Treatment of Type 2 diabetes mellitus,Dizziness Headache Diarrhea Hypoglycemia low blood glucose level Nausea Vomiting,"https://onemg.gumlet.io/l_watermark_346,w_480,h_480/a_ignore,w_480,h_480,c_fit,q_auto,f_auto/p6hyjlyingwvhz6bcvk1.jpg",RPG Life Sciences Ltd,0,33,67
Gainehair 2% Topical Solution,Minoxidil (2% w/v),Treatment of Hair loss,Itching Chest pain Headache Hypertrichosis excessive hair growth Rash Dermatitis Hypersensitivity Weight gain Fluid retention Tachycardia,"https://onemg.gumlet.io/l_watermark_346,w_480,h_480/a_ignore,w_480,h_480,c_fit,q_auto,f_auto/cropped/fuwngvwoyppajpmaabh2.jpg",Dr Reddy's Laboratories Ltd,18,31,51
Glyvas F Tablet,Fenofibrate (160mg) + Rosuvastatin (10mg),Treatment of High cholesterolPrevention of Heart attack,Headache Muscle pain Constipation Abnormal liver function tests Joint pain Elevated creatine kinase Diabetes,"https://onemg.gumlet.io/l_watermark_346,w_480,h_480/a_ignore,w_480,h_480,c_fit,q_auto,f_auto/eb40e210b5534b5f86477f6d6a6bc711.jpg",Bal Pharma Ltd,100,0,0
Glynova-M 2 Tablet SR,Glimepiride (2mg) + Metformin (500mg),Treatment of Type 2 diabetes mellitus,Hypoglycemia low blood glucose level Headache Nausea Diarrhea Flatulence,"https://onemg.gumlet.io/l_watermark_346,w_480,h_480/a_ignore,w_480,h_480,c_fit,q_auto,f_auto/94a512f86db147e19d6a9c6084a7144d.jpg",Tycoon Pharmaceuticals Pvt Ltd,67,33,0
Glitaray M 1 Plus Tablet PR,Glimepiride (1mg) + Metformin (850mg),Treatment of Type 2 diabetes mellitus,Hypoglycemia low blood glucose level Headache Nausea Diarrhea Flatulence,"https://onemg.gumlet.io/l_watermark_346,w_480,h_480/a_ignore,w_480,h_480,c_fit,q_auto,f_auto/67be679c7069438499cbd119cf4b6d98.jpg",Lloyd Healthcare Pvt Ltd,67,33,0
GM SR2 Forte Tablet,Glimepiride (2mg) + Metformin (1000mg),Treatment of Type 2 diabetes mellitus,Hypoglycemia low blood glucose level Headache Nausea Diarrhea Flatulence,"https://onemg.gumlet.io/l_watermark_346,w_480,h_480/a_ignore,w_480,h_480,c_fit,q_auto,f_auto/9982bcf2ec2f434e87f6229054614841.jpg",Psychotropics India Ltd,33,34,33
Grafnos 1 Capsule,Tacrolimus (1mg), Prevention of organ rejection in transplant patients,Increased glucose level in blood Kidney damage Insomnia difficulty in sleeping Tremors High blood pressure Infection,"https://onemg.gumlet.io/l_watermark_346,w_480,h_480/a_ignore,w_480,h_480,c_fit,q_auto,f_auto/17a3234f34f046cdbae4f3c4801144bb.jpg",Akognos Life Sciences,0,33,67
Glypan-M Tablet,Gliclazide (80mg) + Metformin (500mg),Treatment of Type 2 diabetes mellitus,Hypoglycemia low blood glucose level Headache Nausea Dizziness Diarrhea Flatulence,"https://onemg.gumlet.io/l_watermark_346,w_480,h_480/a_ignore,w_480,h_480,c_fit,q_auto,f_auto/cropped/ueth49hbgwglgpppg1io.jpg",Cure Quick Pharmaceuticals,100,0,0
Gylis M 80mg/500mg Tablet,Gliclazide (80mg) + Metformin (500mg),Treatment of Type 2 diabetes mellitus,Hypoglycemia low blood glucose level Headache Nausea Dizziness Diarrhea Flatulence,"https://onemg.gumlet.io/l_watermark_346,w_480,h_480/a_ignore,w_480,h_480,c_fit,q_auto,f_auto/3e25352fcd964d59bf5011556e35531e.jpg",Shine Pharmaceuticals Ltd,50,50,0
Gloristat 10 Tablet,Rosuvastatin (10mg),Treatment of High cholesterol Prevention of heart attack and stroke,Muscle pain Weakness Headache Abdominal pain Dizziness Joint pain Nausea,"https://onemg.gumlet.io/l_watermark_346,w_480,h_480/a_ignore,w_480,h_480,c_fit,q_auto,f_auto/cropped/p6i0vvou0ae8sbvfpoej.jpg",Oaknet Healthcare Pvt Ltd,0,67,33
Gamalice Lotion,Lindane (1% w/v), Scabies,Hair loss Rash Erythematous rash Drowsiness Headache Dizziness Convulsion Itching Dry skin Paresthesia tingling or pricking sensation Numbness Tremors,"https://onemg.gumlet.io/l_watermark_346,w_480,h_480/a_ignore,w_480,h_480,c_fit,q_auto,f_auto/zh9qwusyuz2jglbl1yw0.jpg",NuLife Pharmaceuticals,67,33,0
Glimed 4 Tablet,Glimepiride (4mg),Treatment of Type 2 diabetes mellitus,Hypoglycemia low blood glucose level Headache Nausea Dizziness Weakness,"https://onemg.gumlet.io/l_watermark_346,w_480,h_480/a_ignore,w_480,h_480,c_fit,q_auto,f_auto/xopf7simofx3u1heyisn.jpg",Knoll Pharmaceuticals Ltd,100,0,0
Gelofast Gel,Diclofenac (1.16% w/w) + Linseed Oil (3% w/w) + Menthol (5% w/w) + Methyl Salicylate (10% w/w), Pain relief,Application site reactions burning irritation itching and redness,"https://onemg.gumlet.io/l_watermark_346,w_480,h_480/a_ignore,w_480,h_480,c_fit,q_auto,f_auto/cropped/gxuplcormgvhfighedvh.jpg",Baxton Pharmacia,0,0,100
Glifil M 2.5mg/250mg Tablet,Glibenclamide (2.5mg) + Metformin (250mg),Treatment of Type 2 diabetes mellitus,Nausea Vomiting Diarrhea Flatulence,"https://onemg.gumlet.io/l_watermark_346,w_480,h_480/a_ignore,w_480,h_480,c_fit,q_auto,f_auto/f14a026c63e3401f903e176e78310aa8.jpg",Fourrts India Laboratories Pvt Ltd,100,0,0
Gloritel CT 40 Tablet,Telmisartan (40mg) + Chlorthalidone (12.5mg), Hypertension (high blood pressure),Dizziness Back pain Sinus infection Diarrhea Skin ulcer,"https://onemg.gumlet.io/l_watermark_346,w_480,h_480/a_ignore,w_480,h_480,c_fit,q_auto,f_auto/cropped/xmigf1bxclarhqdzyzt7.jpg",Oaknet Healthcare Pvt Ltd,0,0,100
Glimzen-MV2 Forte Tablet SR,Glimepiride (2mg) + Metformin (1000mg) + Voglibose (0.2mg),Treatment of Type 2 diabetes mellitus,Nausea Diarrhea Abdominal pain Hypoglycemia low blood glucose level,"https://onemg.gumlet.io/l_watermark_346,w_480,h_480/a_ignore,w_480,h_480,c_fit,q_auto,f_auto/cropped/adc4i02lwcpsaej9hazh.jpg",Zeno Healthcare,67,33,0
Glitaris 30 Tablet,Pioglitazone (30mg),Treatment of Type 2 diabetes mellitus,Headache Sore throat Sinus inflammation Muscle pain,"https://onemg.gumlet.io/l_watermark_346,w_480,h_480/a_ignore,w_480,h_480,c_fit,q_auto,f_auto/uqzjvkzfgbjvgjfx7pws.jpg",Eris Lifesciences Ltd,0,33,67
Gutwin 550 Tablet,Rifaximin (550mg),Treatment of Hepatic encephalopathyTreatment of Infectious diarrhea,Dizziness Nausea Peripheral edema Ascites accumulation of fluid in the abdominal cavity Fatigue Depression Nasopharyngitis inflammation of the throat and nasal passages Joint pain Rash Muscle pain,"https://onemg.gumlet.io/l_watermark_346,w_480,h_480/a_ignore,w_480,h_480,c_fit,q_auto,f_auto/cropped/plygn6imcnn0kjkz2unv.jpg",Win-Medicare Pvt Ltd,44,34,22
Genericart Amlodipine+Lisinopril 5mg/5mg Tablet,Amlodipine (5mg) + Lisinopril (5mg), Hypertension (high blood pressure),Ankle swelling Headache Tiredness Palpitations Increased potassium level in blood Sleepiness Cough Taste change Flushing sense of warmth in the face ears neck and trunk Decreased blood pressure Upset stomach,"https://onemg.gumlet.io/l_watermark_346,w_480,h_480/a_ignore,w_480,h_480,c_fit,q_auto,f_auto/cropped/lsfhpzwaymjvisrciwrx.jpg",Swast Aushadhi Seva Generic Medicine Store,100,0,0
Gama Soap,Lindane (NA), Scabies,Hair loss Rash Erythematous rash Drowsiness Headache Dizziness Convulsion Itching Dry skin Paresthesia tingling or pricking sensation Numbness Tremors,"https://onemg.gumlet.io/l_watermark_346,w_480,h_480/a_ignore,w_480,h_480,c_fit,q_auto,f_auto/cropped/vjcmzcdnafz9ejhhkbtl.jpg",Dermo Care Laboratories,50,50,0
Glupride-M2 Tablet SR,Glimepiride (2mg) + Metformin (500mg),Treatment of Type 2 diabetes mellitus,Hypoglycemia low blood glucose level Headache Nausea Diarrhea Flatulence,"https://onemg.gumlet.io/l_watermark_346,w_480,h_480/a_ignore,w_480,h_480,c_fit,q_auto,f_auto/cropped/gpbf5azhy0bxfpcruk7n.jpg",Vaxova Drugs Pvt Ltd,0,33,67
Gabrica Capsule SR,Pregabalin (75mg),Treatment of Neuropathic painTreatment of Epilepsy/SeizuresTreatment of Fibromyalgia,Blurred vision Difficulty in paying attention Dizziness Dryness in mouth Edema swelling Sleepiness Weight gain,"https://onemg.gumlet.io/l_watermark_346,w_480,h_480/a_ignore,w_480,h_480,c_fit,q_auto,f_auto/f3b46ff4f9df420582f30add0e2a62ef.jpg",Sparsh Remedies Pvt Ltd,0,33,67
Glorimet PG 1 Tablet SR,Glimepiride (1mg) + Metformin (500mg) + Pioglitazone (15mg),Treatment of Type 2 diabetes mellitus,Hypoglycemia low blood glucose level Dizziness Headache Nausea Vomiting Diarrhea Flatulence Bronchitis inflammation of the airways Anemia low number of red blood cells Edema swelling,"https://onemg.gumlet.io/l_watermark_346,w_480,h_480/a_ignore,w_480,h_480,c_fit,q_auto,f_auto/cropped/vzc5bt5sn3locveleilz.jpg",Oaknet Healthcare Pvt Ltd,67,33,0
Glinate 120 Tablet,Nateglinide (120mg),Treatment of Type 2 diabetes mellitus,Upper respiratory tract infection Back pain Diarrhea Flu like symptoms Dizziness Joint pain,"https://onemg.gumlet.io/l_watermark_346,w_480,h_480/a_ignore,w_480,h_480,c_fit,q_auto,f_auto/cropped/arz0hkhuoyaismfyssas.jpg",Glenmark Pharmaceuticals Ltd,0,0,100
GM SR1 Forte Tablet,Glimepiride (1mg) + Metformin (1000mg),Treatment of Type 2 diabetes mellitus,Hypoglycemia low blood glucose level Headache Nausea Diarrhea Flatulence,"https://onemg.gumlet.io/l_watermark_346,w_480,h_480/a_ignore,w_480,h_480,c_fit,q_auto,f_auto/79b4fd2655424c62868d610a0e3a5f4c.jpg",Psychotropics India Ltd,0,33,67
Genericart Glimepiride+Metformin Hydrochloride 4mg/1000mg Tablet PR,Glimepiride (4mg) + Metformin (1000mg),Treatment of Type 2 diabetes mellitus,Hypoglycemia low blood glucose level Headache Nausea Diarrhea Flatulence,"https://onemg.gumlet.io/l_watermark_346,w_480,h_480/a_ignore,w_480,h_480,c_fit,q_auto,f_auto/cropped/xisj7pydkfq76yhbb5r9.jpg",Swast Aushadhi Seva Generic Medicine Store,0,0,100
Gabanev-NT 400mg/10mg Tablet,Gabapentin (400mg) + Nortriptyline (10mg),Treatment of Neuropathic pain,Constipation Difficulty in urination Weight gain Sleepiness Dizziness Tiredness Blurred vision Dryness in mouth Orthostatic hypotension sudden lowering of blood pressure on standing Increased heart rate Uncoordinated body movements,"https://onemg.gumlet.io/l_watermark_346,w_480,h_480/a_ignore,w_480,h_480,c_fit,q_auto,f_auto/cropped/w9jg0wvhbypnd5rujwcs.jpg",Cnscure India Pvt Ltd,33,17,50
Gloritel  40 Tablet,Telmisartan (40mg),Treatment of Hypertension (high blood pressure) Prevention of heart attack and strokeTreatment of Heart failure,Upper respiratory tract infection Sinus infection Back pain Diarrhea,"https://onemg.gumlet.io/l_watermark_346,w_480,h_480/a_ignore,w_480,h_480,c_fit,q_auto,f_auto/cropped/fju3xxjhfkjbkj8lnhw4.jpg",Oaknet Healthcare Pvt Ltd,100,0,0
Glimcip 3 Tablet,Glimepiride (3mg),Treatment of Type 2 diabetes mellitus,Hypoglycemia low blood glucose level Headache Nausea Dizziness Weakness,"https://onemg.gumlet.io/l_watermark_346,w_480,h_480/a_ignore,w_480,h_480,c_fit,q_auto,f_auto/cropped/mbk7w7b6rle4zjauijda.jpg",Cipla Ltd,33,34,33
Gloristat Trio Capsule,Aspirin (75mg) + Rosuvastatin (10mg) + Clopidogrel (75mg), Heart attack,Increased bleeding tendency Abdominal pain Indigestion Bruise Nosebleeds Gastrointestinal bleeding Weakness Headache Muscle pain Diarrhea Nausea,"https://onemg.gumlet.io/l_watermark_346,w_480,h_480/a_ignore,w_480,h_480,c_fit,q_auto,f_auto/cropped/jrd97y6urnbrhsgum21m.jpg",Oaknet Healthcare Pvt Ltd,0,33,67
Gloritel M  40 Tablet,Telmisartan (40mg) + Metoprolol Succinate (25mg),Treatment of Hypertension (high blood pressure),Headache Weakness Dizziness Cold extremities Slow heart rate Increased potassium level in blood Numbness of extremity Decreased blood pressure,"https://onemg.gumlet.io/l_watermark_346,w_480,h_480/a_ignore,w_480,h_480,c_fit,q_auto,f_auto/qhrpgx8dffcswp6cgurt.jpg",Oaknet Healthcare Pvt Ltd,100,0,0
Gloritel M  40 Tablet,Telmisartan (40mg) + Metoprolol Succinate (25mg),Treatment of Hypertension (high blood pressure),Headache Weakness Dizziness Cold extremities Slow heart rate Increased potassium level in blood Numbness of extremity Decreased blood pressure,"https://onemg.gumlet.io/l_watermark_346,w_480,h_480/a_ignore,w_480,h_480,c_fit,q_auto,f_auto/qhrpgx8dffcswp6cgurt.jpg",Oaknet Healthcare Pvt Ltd,100,0,0
Genericart Voglibose+Metformin Hydrochloride+Gliclazide 0.2mg/500mg/40mg Tablet,Voglibose (0.2mg) + Metformin (500mg) + Gliclazide (40mg),Treatment of Type 2 diabetes mellitus,Hypoglycemia low blood glucose level Nausea Taste change Diarrhea Stomach pain Flatulence Headache Skin rash Respiratory tract infection,"https://onemg.gumlet.io/l_watermark_346,w_480,h_480/a_ignore,w_480,h_480,c_fit,q_auto,f_auto/cropped/axzbe98w1t77t7zumtio.jpg",Swast Aushadhi Seva Generic Medicine Store,0,0,100
Gloritel AM  40 Tablet,Telmisartan (40mg) + Amlodipine (5mg),Treatment of Hypertension (high blood pressure),Sleepiness Ankle swelling Headache Flushing sense of warmth in the face ears neck and trunk Dizziness Tiredness Palpitations Upset stomach Increased potassium level in blood,"https://onemg.gumlet.io/l_watermark_346,w_480,h_480/a_ignore,w_480,h_480,c_fit,q_auto,f_auto/cz8ijjlxtc4hvlhetbyq.jpg",Oaknet Healthcare Pvt Ltd,0,33,67
Hifenac-P Tablet,Aceclofenac (100mg) + Paracetamol (325mg), Pain relief,Nausea Vomiting Stomach pain epigastric pain Loss of appetite Heartburn Diarrhea,"https://onemg.gumlet.io/l_watermark_346,w_480,h_480/a_ignore,w_480,h_480,c_fit,q_auto,f_auto/cropped/fcfgdaxwsjtyb4a7yulm.jpg",Intas Pharmaceuticals Ltd,39,42,19
HCQS 200 Tablet,Hydroxychloroquine (200mg),Treatment of Rheumatoid arthritisTreatment of Systemic lupus erythematosus (SLE)Treatment of Type 2 diabetes mellitus,Blurred vision Headache Diarrhea Abdominal pain Vomiting Nausea Decreased appetite Skin rash Itching Affect lability,"https://onemg.gumlet.io/l_watermark_346,w_480,h_480/a_ignore,w_480,h_480,c_fit,q_auto,f_auto/cropped/zziozkq62tyfp3kewmuo.jpg",Ipca Laboratories Ltd,41,42,17
Headset Tablet,Sumatriptan (85mg) + Naproxen (500mg),Treatment of Migraine,Nausea Dizziness Heartburn Chest discomfort Dryness in mouth Weakness Muscle stiffness Drowsiness Numbness of extremity Arrhythmia irregular heartbeats Feeling hot,"https://onemg.gumlet.io/l_watermark_346,w_480,h_480/a_ignore,w_480,h_480,c_fit,q_auto,f_auto/cropped/edzufg6nfhvj0hbghqo6.jpg",Lupin Ltd,53,28,19
HP Kit,Omeprazole (20mg) + Tinidazole (500mg) + Amoxycillin (750mg),Treatment of Peptic ulcer disease,Diarrhea Nausea Vomiting Stomach pain Flatulence Dizziness Tiredness Headache Skin rash Dryness in mouth Metallic taste,"https://onemg.gumlet.io/l_watermark_346,w_480,h_480/a_ignore,w_480,h_480,c_fit,q_auto,f_auto/cropped/ztd8ahechzsahrsou0yd.jpg",Sun Pharmaceutical Industries Ltd,32,43,25
Hepamerz Tablet,L-Ornithine L-Aspartate (150mg) + Pancreatin (100mg),Treatment of Indigestion,Nausea Stomach pain Bloating Diarrhea Constipation,"https://onemg.gumlet.io/l_watermark_346,w_480,h_480/a_ignore,w_480,h_480,c_fit,q_auto,f_auto/cropped/xy8atqccjo8zu6ty5zl4.jpg",Win-Medicare Pvt Ltd,31,41,28
Hifenac-MR Tablet,Aceclofenac (100mg) + Paracetamol (325mg) + Chlorzoxazone (500mg),Treatment of Muscular pain,Nausea Vomiting Heartburn Stomach pain Diarrhea Loss of appetite Tiredness Sleepiness,"https://onemg.gumlet.io/l_watermark_346,w_480,h_480/a_ignore,w_480,h_480,c_fit,q_auto,f_auto/cropped/ubsehzogi90hcjivru5z.jpg",Intas Pharmaceuticals Ltd,34,42,24
Hepamerz Infusion,L-Ornithine L-Aspartate (5gm),Treatment of Liver  disease,Injection site reactions pain swelling redness,"https://onemg.gumlet.io/l_watermark_346,w_480,h_480/a_ignore,w_480,h_480,c_fit,q_auto,f_auto/cropped/mbmv87vff4ifhhcl8ltz.jpg",Win-Medicare Pvt Ltd,36,29,35
Hyocimax-S Tablet,Hyoscyamine (0.125mg),Treatment of Peptic ulcer diseaseTreatment of Irritable bowel syndrome Pain relief,Constipation Dizziness Drowsiness Dryness in mouth Difficulty in urination Lightheadedness Headache Blurred vision Flushing sense of warmth in the face ears neck and trunk Increased sensitivity to light,"https://onemg.gumlet.io/l_watermark_346,w_480,h_480/a_ignore,w_480,h_480,c_fit,q_auto,f_auto/cropped/dnz8dvgbofx9i2bd01dg.jpg",Zydus Cadila,29,49,22
Heptral 400mg Tablet,Ademetionine (400mg),Treatment of Liver  disease,Nausea Diarrhea Upset stomach Constipation Dizziness,"https://onemg.gumlet.io/l_watermark_346,w_480,h_480/a_ignore,w_480,h_480,c_fit,q_auto,f_auto/02c513f74e6e4485a593d827d4a63f28.jpg",Abbott,40,39,21
Histafree-M Tablet,Montelukast (10mg) + Fexofenadine (120mg),Treatment of Sneezing and runny nose due to allergies,Nausea Diarrhea Vomiting Skin rash Flu like symptoms Headache Drowsiness Dizziness,"https://onemg.gumlet.io/l_watermark_346,w_480,h_480/a_ignore,w_480,h_480,c_fit,q_auto,f_auto/cropped/ahhjsum0ctcfg5t4c4bd.jpg",Mankind Pharma Ltd,30,42,28
Hicope Syrup,Hydroxyzine (10mg),Treatment of AnxietyTreatment of Skin conditions with inflammation & itching,Sedation Nausea Vomiting Upset stomach Constipation,"https://onemg.gumlet.io/l_watermark_346,w_480,h_480/a_ignore,w_480,h_480,c_fit,q_auto,f_auto/cropped/x4oahoo1hcpzbbv3xfu3.jpg",Mankind Pharma Ltd,25,33,42
Human Actrapid 40IU/ml Solution for Injection,Human insulin (40IU), Diabetes,Hypoglycemia low blood glucose level Weight gain Injection site reactions pain swelling redness Cold sweat Anxiety Shakiness Hunger pangs Fast heart rate Headache Nervousness,"https://onemg.gumlet.io/l_watermark_346,w_480,h_480/a_ignore,w_480,h_480,c_fit,q_auto,f_auto/cropped/bkral36bti0gx5pbc7tr.jpg",Novo Nordisk India Pvt Ltd,27,55,18
Histafree 120 Tablet,Fexofenadine (120mg),Treatment of Sneezing and runny nose due to allergiesTreatment of Allergic conditions,Headache Drowsiness Dizziness Nausea,"https://onemg.gumlet.io/l_watermark_346,w_480,h_480/a_ignore,w_480,h_480,c_fit,q_auto,f_auto/lciqvj6eqlmtzt9mfm3u.jpg",Mankind Pharma Ltd,29,39,32
HUCOG 5000 HP Injection,Human chorionic gonadotropin (hCG) (5000IU),Treatment of Female infertilityTreatment of Male hypogonadism,Injection site pain Headache Fatigue Depression Irritation Restlessness,"https://onemg.gumlet.io/l_watermark_346,w_480,h_480/a_ignore,w_480,h_480,c_fit,q_auto,f_auto/cropped/rq7hrd9qmlnuyigtahno.jpg",Bharat Serums & Vaccines Ltd,28,34,38
Hexigel Mouth Gel,Chlorhexidine Gluconate (1% w/w),Treatment of Mouth infection,Taste change Staining of teeth Hard Dental Plaque,"https://onemg.gumlet.io/l_watermark_346,w_480,h_480/a_ignore,w_480,h_480,c_fit,q_auto,f_auto/cropped/hccposf79jbjlgrlfr30.jpg",Icpa Health Products Ltd,30,31,39
Hyponat-O 15 Tablet,Tolvaptan (15mg),Treatment of Low levels of sodium in the blood,Frequent urge to urinate Nocturia increased urge to urinate during the night Dryness in mouth Increased thirst Constipation Nausea Increased creatinine level in blood Increased potassium level in blood,"https://onemg.gumlet.io/l_watermark_346,w_480,h_480/a_ignore,w_480,h_480,c_fit,q_auto,f_auto/cropped/kxlkfrxgaoakeeus1ezq.jpg",Zydus Cadila,57,33,10
Human Mixtard 70/30 Suspension for Injection 40IU/ml,Insulin Isophane/NPH   (70%) +   Human Insulin/Soluble Insulin (30%), Diabetes,Hypoglycemia low blood glucose level Injection site reactions pain swelling redness Weight gain,"https://onemg.gumlet.io/l_watermark_346,w_480,h_480/a_ignore,w_480,h_480,c_fit,q_auto,f_auto/cropped/ybe27j1sqmjwyqsbkidj.jpg",Novo Nordisk India Pvt Ltd,36,44,20
Human Mixtard 70/30 Suspension for Injection 100IU/ml,Insulin Isophane/NPH   (70%) +   Human Insulin/Soluble Insulin (30%), Diabetes,Hypoglycemia low blood glucose level Injection site reactions pain swelling redness Weight gain,"https://onemg.gumlet.io/l_watermark_346,w_480,h_480/a_ignore,w_480,h_480,c_fit,q_auto,f_auto/2eb6e5eb448e43dfaa6c00887700992c.jpg",Novo Nordisk India Pvt Ltd,30,49,21
Hadensa Ointment,Lanolin (100% w/w) + Lidocaine (1% w/w) + Menthol (1% w/w) + Thymol (0.5% w/w),Treatment of Piles,Limited data available,"https://onemg.gumlet.io/l_watermark_346,w_480,h_480/a_ignore,w_480,h_480,c_fit,q_auto,f_auto/cropped/weuveini21shwywfh3yw.jpg",Dollar,33,38,29
Hicope 25 Tablet,Hydroxyzine (25mg),Treatment of AnxietyTreatment of Skin conditions with inflammation & itching,Sedation Nausea Vomiting Upset stomach Constipation,"https://onemg.gumlet.io/l_watermark_346,w_480,h_480/a_ignore,w_480,h_480,c_fit,q_auto,f_auto/507d00ff46954b38b8a0706d8b436e8d.jpg",Mankind Pharma Ltd,33,28,39
Happi-D Capsule SR,Domperidone (30mg) + Rabeprazole (20mg),Treatment of Gastroesophageal reflux disease (Acid reflux)Treatment of Peptic ulcer disease,Diarrhea Stomach pain Dryness in mouth Headache Dizziness Flatulence Weakness Flu like symptoms,"https://onemg.gumlet.io/l_watermark_346,w_480,h_480/a_ignore,w_480,h_480,c_fit,q_auto,f_auto/17295fef285248a389f556cfe7642f8c.jpg",Zydus Cadila,50,50,0
Histafree Suspension Raspberry &amp; Vanilla,Fexofenadine (30mg/5ml),Treatment of Sneezing and runny nose due to allergiesTreatment of Allergic conditions,Headache Drowsiness Dizziness Nausea,"https://onemg.gumlet.io/l_watermark_346,w_480,h_480/a_ignore,w_480,h_480,c_fit,q_auto,f_auto/cropped/smfgieezxm4bddjtsvuk.jpg",Mankind Pharma Ltd,7,49,44
Hylosoft Eye Drop,Sodium Hyaluronate (0.1% w/v),Treatment of Dry eyes,Limited data available,"https://onemg.gumlet.io/l_watermark_346,w_480,h_480/a_ignore,w_480,h_480,c_fit,q_auto,f_auto/w8bcgcmrksotthgpzn5p.jpg",Neomedix Healthcare India Private Limited,26,53,21
Haemaccel Infusion,Calcium Chloride (0.070gm) + Potassium Chloride (0.038gm) + Sodium Chloride (0.85gm), Short term fluid replacement after trauma,Injection site reactions pain swelling redness,"https://onemg.gumlet.io/l_watermark_346,w_480,h_480/a_ignore,w_480,h_480,c_fit,q_auto,f_auto/cropped/bm9kb0mrbnwrvicomyfm.jpg",Abbott,56,22,22
Huminsulin  30/70 100IU/ml Cartridge 3ml,Insulin Isophane/NPH   (70%) +   Human Insulin/Soluble Insulin (30%), Diabetes,Hypoglycemia low blood glucose level Injection site reactions pain swelling redness Weight gain,"https://onemg.gumlet.io/l_watermark_346,w_480,h_480/a_ignore,w_480,h_480,c_fit,q_auto,f_auto/cfbu8qn9w8jycthjyz4l.jpg",Eli Lilly and Company India Pvt Ltd,52,45,3
Hifenac Tablet,Aceclofenac (100mg), Pain relief,Vomiting Stomach pain epigastric pain Nausea Indigestion Diarrhea Heartburn Loss of appetite,"https://onemg.gumlet.io/l_watermark_346,w_480,h_480/a_ignore,w_480,h_480,c_fit,q_auto,f_auto/cropped/yvhy4wmr3nrbqe5iwci3.jpg",Intas Pharmaceuticals Ltd,32,44,24
Hydrocort 100mg Injection,Hydrocortisone (100mg), Severe allergic reactionsTreatment of Allergic conditionsTreatment of CancerTreatment of Skin disordersTreatment of Eye disorders,Injection site reactions pain swelling redness Mood changes Increased risk of infection Weight gain,"https://onemg.gumlet.io/l_watermark_346,w_480,h_480/a_ignore,w_480,h_480,c_fit,q_auto,f_auto/a95785b0f82f4ccaaae8f894b78d6eb1.jpg",Abbott,10,76,14
Hifenac-D  Tablet,Aceclofenac (100mg) + Paracetamol (325mg) + Serratiopeptidase (15mg), Pain relief,Nausea Vomiting Stomach pain Indigestion Heartburn Loss of appetite Diarrhea,"https://onemg.gumlet.io/l_watermark_346,w_480,h_480/a_ignore,w_480,h_480,c_fit,q_auto,f_auto/cropped/hozfh6ctv4k2slitkiqh.jpg",Intas Pharmaceuticals Ltd,37,41,22
HH Sone Cream,Mometasone (0.1% w/w),Treatment of Skin conditions with inflammation & itching,Stinging sensation Itching Hair follicle inflammation,"https://onemg.gumlet.io/l_watermark_346,w_480,h_480/a_ignore,w_480,h_480,c_fit,q_auto,f_auto/cropped/zz0msdyito8cma9k93at.jpg",Hegde and Hegde Pharmaceutical LLP,28,43,29
Hepakind 300mg Tablet,Ursodeoxycholic Acid (300mg),Treatment of Primary biliary cirrhosisTreatment of Gallbladder stones,Abdominal pain Diarrhea Hair loss Itching Nausea Rash,"https://onemg.gumlet.io/l_watermark_346,w_480,h_480/a_ignore,w_480,h_480,c_fit,q_auto,f_auto/ev165xapsfrd8guik6sm.jpg",Mankind Pharma Ltd,38,10,52
Herpex 5% Cream,Acyclovir (5% w/w), Herpes labialis,Application site reactions burning irritation itching and redness,"https://onemg.gumlet.io/l_watermark_346,w_480,h_480/a_ignore,w_480,h_480,c_fit,q_auto,f_auto/cropped/k3pnbgczs1rip7sapsdt.jpg",Torrent Pharmaceuticals Ltd,15,61,24
HCQS 300 Tablet,Hydroxychloroquine (300mg),Treatment of Rheumatoid arthritisTreatment of Systemic lupus erythematosus (SLE)Treatment of Type 2 diabetes mellitus,Blurred vision Headache Diarrhea Abdominal pain Vomiting Nausea Decreased appetite Skin rash Itching Affect lability,"https://onemg.gumlet.io/l_watermark_346,w_480,h_480/a_ignore,w_480,h_480,c_fit,q_auto,f_auto/cropped/ocs5axxp2d0gxwx4su0n.jpg",Ipca Laboratories Ltd,38,47,15
Hhfudic Cream,Mometasone (0.1% w/w) + Fusidic Acid (2% w/w),Treatment of Skin conditions with inflammation & itching,Headache Sore throat Itching Nosebleeds Viral infection Upper respiratory tract infection Vomiting,"https://onemg.gumlet.io/l_watermark_346,w_480,h_480/a_ignore,w_480,h_480,c_fit,q_auto,f_auto/cropped/ojpj6tnbwp4rrgoqhxoc.jpg",Hegde and Hegde Pharmaceutical LLP,44,37,19
Hexidine Mouth Wash,Chlorhexidine Gluconate (0.2% w/v),Treatment of Mouth infection,Taste change Staining of teeth Hard Dental Plaque,"https://onemg.gumlet.io/l_watermark_346,w_480,h_480/a_ignore,w_480,h_480,c_fit,q_auto,f_auto/cropped/lccwdj0adcbrg3mauxyk.jpg",Icpa Health Products Ltd,26,47,27
Hepamerz Granules,L-Ornithine L-Aspartate (3gm),Treatment of Liver  disease,Injection site reactions pain swelling redness,"https://onemg.gumlet.io/l_watermark_346,w_480,h_480/a_ignore,w_480,h_480,c_fit,q_auto,f_auto/cropped/fmilofcuwnjz6vsdbfha.jpg",Win-Medicare Pvt Ltd,40,39,21
Hicope Drop,Hydroxyzine (6mg),Treatment of AnxietyTreatment of Skin conditions with inflammation & itching,Sedation Nausea Vomiting Upset stomach Constipation,"https://onemg.gumlet.io/l_watermark_346,w_480,h_480/a_ignore,w_480,h_480,c_fit,q_auto,f_auto/cropped/tbjhc5jy6qlpig7yy7wc.jpg",Mankind Pharma Ltd,21,44,35
HHzole Cream,Mometasone (0.1% w/w) + Clotrimazole (1% w/w),Treatment of Fungal skin infections,Application site reactions burning irritation itching and redness,"https://onemg.gumlet.io/l_watermark_346,w_480,h_480/a_ignore,w_480,h_480,c_fit,q_auto,f_auto/cropped/ngvlfmuk1exrwf6wklsi.jpg",Hegde and Hegde Pharmaceutical LLP,39,32,29
Hifenac TH Tablet,Aceclofenac (100mg) + Thiocolchicoside (4mg),Treatment of Pain due to muscle spasm,Nausea Vomiting Heartburn Stomach pain epigastric pain Loss of appetite Diarrhea,"https://onemg.gumlet.io/l_watermark_346,w_480,h_480/a_ignore,w_480,h_480,c_fit,q_auto,f_auto/cropped/h2cbcbnnrgfdlf5ggmno.jpg",Intas Pharmaceuticals Ltd,55,39,6
Hepakind 150 Tablet,Ursodeoxycholic Acid (150mg),Treatment of Primary biliary cirrhosisTreatment of Gallbladder stones,Abdominal pain Diarrhea Hair loss Itching Nausea Rash,"https://onemg.gumlet.io/l_watermark_346,w_480,h_480/a_ignore,w_480,h_480,c_fit,q_auto,f_auto/89db4d548a6b464ea161df5e6c35f607.jpg",Mankind Pharma Ltd,0,33,67
Halovate Cream,Halobetasol (0.05% w/w), Skin conditions with inflammation & itching,Application site reactions burning irritation itching and redness,"https://onemg.gumlet.io/l_watermark_346,w_480,h_480/a_ignore,w_480,h_480,c_fit,q_auto,f_auto/3c721c379b86489585dc2992ccc59f46.jpg",Glenmark Pharmaceuticals Ltd,38,33,29
Hicope 10 Tablet,Hydroxyzine (10mg),Treatment of AnxietyTreatment of Skin conditions with inflammation & itching,Sedation Nausea Vomiting Upset stomach Constipation,"https://onemg.gumlet.io/l_watermark_346,w_480,h_480/a_ignore,w_480,h_480,c_fit,q_auto,f_auto/45e5d0baeda34b96b0a0b43616152bec.jpg",Mankind Pharma Ltd,20,30,50
Hifenac SR Tablet,Aceclofenac (200mg), Pain relief,Vomiting Stomach pain epigastric pain Nausea Indigestion Diarrhea Heartburn Loss of appetite,"https://onemg.gumlet.io/l_watermark_346,w_480,h_480/a_ignore,w_480,h_480,c_fit,q_auto,f_auto/cropped/fa6p6gmpah1uytbn8las.jpg",Intas Pharmaceuticals Ltd,33,50,17
Hansepran 100 Capsule,Clofazimine (100mg), Leprosy,Vomiting Nausea Diarrhea Loss of appetite Rash Itching Skin peeling Skin discoloration Eye discoloration Abdominal pain,"https://onemg.gumlet.io/l_watermark_346,w_480,h_480/a_ignore,w_480,h_480,c_fit,q_auto,f_auto/cropped/uan4sl1euhcvkfuyiohl.jpg",Abbott,49,32,19
Hexilak Gel,Allium Cepa (0.1gm) + Allantoin (0.01gm) + Heparin (50IU), Burns Stretch Marks,No common side effects seen,"https://onemg.gumlet.io/l_watermark_346,w_480,h_480/a_ignore,w_480,h_480,c_fit,q_auto,f_auto/cropped/kmzb34yqxgknglaxb3mp.jpg",A. Menarini India Pvt Ltd,19,32,49
Herpikind 400 Tablet DT,Acyclovir (400mg), Herpes Simplex Virus Infections Chickenpox Herpes labialis Shingles Genital herpes infection,Headache Dizziness Vomiting Nausea Fatigue Fever Stomach pain Diarrhea Skin rash Photophobia,"https://onemg.gumlet.io/l_watermark_346,w_480,h_480/a_ignore,w_480,h_480,c_fit,q_auto,f_auto/cropped/lwm3szscmxplxu2ymlhl.jpg",Mankind Pharma Ltd,23,49,28
Herpikind Ointment,Acyclovir (5% w/w), Herpes labialis,Application site reactions burning irritation itching and redness,"https://onemg.gumlet.io/l_watermark_346,w_480,h_480/a_ignore,w_480,h_480,c_fit,q_auto,f_auto/36f0a5eda53b42d4b7bdcada32f6d022.jpg",Mankind Pharma Ltd,33,17,50
Hydrogen Peroxide Solution,Hydrogen Peroxide (NA), Wound infection,Skin peeling Itching Stinging sensation Erythema skin redness Edema swelling,"https://onemg.gumlet.io/l_watermark_346,w_480,h_480/a_ignore,w_480,h_480,c_fit,q_auto,f_auto/vbkliuj62msbcqnnjhgc.jpg",Comed Chemicals Ltd,33,55,12
Hisone 10 Tablet,Hydrocortisone (10mg), Severe allergic reactionsTreatment of Allergic conditionsTreatment of CancerTreatment of Skin disordersTreatment of Eye disorders,Dizziness Headache Ankle swelling Weakness,"https://onemg.gumlet.io/l_watermark_346,w_480,h_480/a_ignore,w_480,h_480,c_fit,q_auto,f_auto/3e22ccc79e404b1c8600f3e2e173dbb9.jpg",Samarth Life Sciences Pvt Ltd,33,34,33
Hifenac Max Tablet,Thiocolchicoside (4mg) + Aceclofenac (100mg) + Paracetamol (325mg),Treatment of Muscular pain,Nausea Vomiting Heartburn Stomach pain Diarrhea Loss of appetite Dryness in mouth,"https://onemg.gumlet.io/l_watermark_346,w_480,h_480/a_ignore,w_480,h_480,c_fit,q_auto,f_auto/jxekdgp6ytp9kjrc8hec.jpg",Intas Pharmaceuticals Ltd,50,50,0
Hhderm Cream,Clotrimazole (1% w/w) + Fusidic Acid (2% w/w) + Mometasone (0.1% w/w),Treatment of Skin infections,Itching Irritation Burning sensation at the site of application,"https://onemg.gumlet.io/l_watermark_346,w_480,h_480/a_ignore,w_480,h_480,c_fit,q_auto,f_auto/cropped/ts84swuscpdgjycvevxn.jpg",Hegde and Hegde Pharmaceutical LLP,33,40,27
Humalog 100IU/ml Solution for Injection,Insulin Lispro (100IU),Treatment of Diabetes,Hypoglycemia low blood glucose level,"https://onemg.gumlet.io/l_watermark_346,w_480,h_480/a_ignore,w_480,h_480,c_fit,q_auto,f_auto/oasbfdnytrrz0llmwrsf.jpg",Eli Lilly and Company India Pvt Ltd,42,49,9
Hyocimax MF  Tablet,Hyoscine butylbromide (10mg) + Mefenamic Acid (250mg),Treatment of Menstrual pain,Nausea Vomiting Dryness in mouth Heartburn,"https://onemg.gumlet.io/l_watermark_346,w_480,h_480/a_ignore,w_480,h_480,c_fit,q_auto,f_auto/mytqofyphmke2h6im6yi.jpg",Zydus Cadila,37,16,47
HCQS 400 Tablet,Hydroxychloroquine (400mg),Treatment of Rheumatoid arthritisTreatment of Systemic lupus erythematosus (SLE)Treatment of Type 2 diabetes mellitus,Blurred vision Headache Diarrhea Abdominal pain Vomiting Nausea Decreased appetite Skin rash Itching Affect lability,"https://onemg.gumlet.io/l_watermark_346,w_480,h_480/a_ignore,w_480,h_480,c_fit,q_auto,f_auto/cropped/whvdtkxq5qpg1fi7nroi.jpg",Ipca Laboratories Ltd,41,41,18
Histo Calamine Lotion,Diphenhydramine (1% w/v) + Aloe Vera (5% w/v) + Calamine (8% w/v) + Camphor (0.1% w/v) + Glycerin (6.25% w/v), Allergic skin conditions,Application site irritation,"https://onemg.gumlet.io/l_watermark_346,w_480,h_480/a_ignore,w_480,h_480,c_fit,q_auto,f_auto/fgnptmjzdwshxgodauj7.jpg",Somatico Pharmacal Pvt Ltd,14,54,32
Humalog Mix 25 100IU/ml Cartridge,Insulin Lispro (25%) + Insulin Lispro Protamine (75%), Diabetes,Hypoglycemia low blood glucose level Weight gain Infusion site reaction Auto antibody formation,"https://onemg.gumlet.io/l_watermark_346,w_480,h_480/a_ignore,w_480,h_480,c_fit,q_auto,f_auto/uworpffp5ul5yocau7fw.jpg",Eli Lilly and Company India Pvt Ltd,32,55,13
HHLite Cream,Hydroquinone (2% w/w) + Mometasone (0.1% w/w) + Tretinoin (0.025% w/w),Treatment of Melasma,Application site reactions burning irritation itching and redness,"https://onemg.gumlet.io/l_watermark_346,w_480,h_480/a_ignore,w_480,h_480,c_fit,q_auto,f_auto/cropped/gy0i7vrdq7dijsghhmiu.jpg",Hegde and Hegde Pharmaceutical LLP,21,47,32
Histafree 180 Tablet,Fexofenadine (180mg),Treatment of Sneezing and runny nose due to allergiesTreatment of Allergic conditions,Headache Drowsiness Dizziness Nausea,"https://onemg.gumlet.io/l_watermark_346,w_480,h_480/a_ignore,w_480,h_480,c_fit,q_auto,f_auto/cropped/ugqdit26xivkhqut1e8c.jpg",Mankind Pharma Ltd,48,35,17
HHLEVO Tablet,Levocetirizine (5mg),Treatment of Allergic conditions,Sleepiness Fatigue Dryness in mouth Headache Vomiting Nasopharyngitis inflammation of the throat and nasal passages,"https://onemg.gumlet.io/l_watermark_346,w_480,h_480/a_ignore,w_480,h_480,c_fit,q_auto,f_auto/cropped/vioyfznxgehtzk4lqw1i.jpg",Hegde and Hegde Pharmaceutical LLP,34,42,24
Hylosurge Eye Drop,Sodium Hyaluronate (0.1% w/v),Treatment of Dry eyes,Limited data available,"https://onemg.gumlet.io/l_watermark_346,w_480,h_480/a_ignore,w_480,h_480,c_fit,q_auto,f_auto/cropped/uoimxaftjxggatqsrxks.jpg",Ipca Laboratories Ltd,67,33,0
Histafree Eye Drops,Olopatadine (0.1% w/v),Treatment of Allergic conditions,Eye pain Eye irritation Abnormal eye sensation Eye discomfort Sleepiness Weakness Dryness in mouth,"https://onemg.gumlet.io/l_watermark_346,w_480,h_480/a_ignore,w_480,h_480,c_fit,q_auto,f_auto/cropped/uxuiy2oj6sgzzrssbgfq.jpg",Mankind Pharma Ltd,29,50,21
Hemolit Cream,Lidocaine (3% w/w) + Calcium Dobesilate (0.25% w/w) + Hydrocortisone (0.25% w/w) + Phenylephrine (0.1% w/w) + Zinc Oxide (5% w/w) + Troxerutin (2% w/w),Treatment of Piles,Application site reactions burning irritation itching and redness,"https://onemg.gumlet.io/l_watermark_346,w_480,h_480/a_ignore,w_480,h_480,c_fit,q_auto,f_auto/07cc576043a942e59f768aefb31766bd.jpg",Macleods Pharmaceuticals Pvt Ltd,22,40,38
Hisone 5 Tablet,Hydrocortisone (5mg), Severe allergic reactionsTreatment of Allergic conditionsTreatment of CancerTreatment of Skin disordersTreatment of Eye disorders,Dizziness Headache Ankle swelling Weakness,"https://onemg.gumlet.io/l_watermark_346,w_480,h_480/a_ignore,w_480,h_480,c_fit,q_auto,f_auto/c1297ec64d154d16a54de0086eb184e7.jpg",Samarth Life Sciences Pvt Ltd,60,28,12
Huminsulin R 40IU/ml Injection,Human insulin (40IU), Diabetes,Hypoglycemia low blood glucose level Weight gain Injection site reactions pain swelling redness Cold sweat Anxiety Shakiness Hunger pangs Fast heart rate Headache Nervousness,"https://onemg.gumlet.io/l_watermark_346,w_480,h_480/a_ignore,w_480,h_480,c_fit,q_auto,f_auto/cropped/sf3zreaixjuqyg3wzpgc.jpg",Eli Lilly and Company India Pvt Ltd,46,42,12
Harmoni-F Tablet,Cyproterone (2mg) + Ethinyl Estradiol (0.035mg) + Folic Acid (5mg), Polycystic ovarian syndrome (PCOS),Nausea Stomach pain Headache Breast pain Mood changes,"https://onemg.gumlet.io/l_watermark_346,w_480,h_480/a_ignore,w_480,h_480,c_fit,q_auto,f_auto/cropped/pdfo4px5rxjcnr79zvuz.jpg",Alembic Pharmaceuticals Ltd,23,49,28
Hirudal Cream,Mucopolysaccharide Polysulfate (250IU/gm), Thrombophlebitis,Skin rash Itching,"https://onemg.gumlet.io/l_watermark_346,w_480,h_480/a_ignore,w_480,h_480,c_fit,q_auto,f_auto/cropped/h9bghnzxgjbcgxj3pu79.jpg",Oaknet Healthcare Pvt Ltd,27,44,29
Hyla PF Eye Drop,Sodium Hyaluronate (0.1% w/v),Treatment of Dry eyes,Limited data available,"https://onemg.gumlet.io/l_watermark_346,w_480,h_480/a_ignore,w_480,h_480,c_fit,q_auto,f_auto/cropped/ofm8lpgwogtltgxdk6ka.jpg",Entod Pharmaceuticals Ltd,63,37,0
Hexidine Mouth Wash,Chlorhexidine Gluconate (0.2% w/v),Treatment of Mouth infection,Taste change Staining of teeth Hard Dental Plaque,"https://onemg.gumlet.io/l_watermark_346,w_480,h_480/a_ignore,w_480,h_480,c_fit,q_auto,f_auto/cropped/r6ijlhdwmyfvvwt5mshv.jpg",Icpa Health Products Ltd,32,49,19
Human Mixtard 50 Injection 40IU/ml,Insulin Isophane/NPH   (50%) +   Human Insulin/Soluble Insulin (50%), Diabetes,Hypoglycemia low blood glucose level Injection site reactions pain swelling redness Weight gain,"https://onemg.gumlet.io/l_watermark_346,w_480,h_480/a_ignore,w_480,h_480,c_fit,q_auto,f_auto/cropped/uibwns8nrw1rxl2ecf3n.jpg",Novo Nordisk India Pvt Ltd,33,47,20
HH Linctus Cough Syrup,Chlorpheniramine Maleate (4mg/5ml) + Dextromethorphan Hydrobromide (10mg/5ml),Treatment of Dry cough,Upset stomach Sleepiness,"https://onemg.gumlet.io/l_watermark_346,w_480,h_480/a_ignore,w_480,h_480,c_fit,q_auto,f_auto/e7b683a25e6244daa91bae68528b3495.jpg",Hegde and Hegde Pharmaceutical LLP,19,53,28
Histakind-M Tablet,Montelukast (10mg) + Fexofenadine (120mg),Treatment of Sneezing and runny nose due to allergies,Nausea Diarrhea Vomiting Skin rash Flu like symptoms Headache Drowsiness Dizziness,"https://onemg.gumlet.io/l_watermark_346,w_480,h_480/a_ignore,w_480,h_480,c_fit,q_auto,f_auto/e98563593f054a1c95e86850c38983c9.jpg",Mankind Pharma Ltd,36,39,25
Hexaxim Vaccine,Diphtheria Immune Globulin (20IU) + Haemophilus Type B Conjugate Vaccine (12mcg) + Pertussis Toxoid (25mcg) + Tetanus Toxoid (40IU) + Poliomyelitis Virus Type 1 (40D Antigen Unit) + Poliomyelitis Virus Type 2 (8D Antigen Unit) + Poliomyelitis virus type 3 (32D Antigen Unit), Diphtheria Haemophilus influenzae Type b disease Pertussis Tetanus Polio,Injection site pain Injection site tenderness Injection site swelling Injection site redness Irritability Fever Restlessness Vomiting,"https://onemg.gumlet.io/l_watermark_346,w_480,h_480/a_ignore,w_480,h_480,c_fit,q_auto,f_auto/284ff2b351ac4a469f5553fa2f1f8ad4.jpg",Sanofi India Ltd,48,38,14
Hicet-DC Tablet,Cetirizine (10mg) + Phenylephrine (10mg),Treatment of Sneezing and runny nose due to allergies,Dryness in mouth Headache Vomiting Sleepiness Fatigue Constipation Diarrhea,"https://onemg.gumlet.io/l_watermark_346,w_480,h_480/a_ignore,w_480,h_480,c_fit,q_auto,f_auto/dogl9eha7rxexd9r575c.jpg",Micro Labs Ltd,33,20,47
Herpikind 800mg Tablet,Acyclovir (800mg), Herpes Simplex Virus Infections Chickenpox Herpes labialis Shingles Genital herpes infection,Headache Dizziness Vomiting Nausea Fatigue Fever Stomach pain Diarrhea Skin rash Photophobia,"https://onemg.gumlet.io/l_watermark_346,w_480,h_480/a_ignore,w_480,h_480,c_fit,q_auto,f_auto/ee23f7c3f34c42839d9007b948284836.jpg",Mankind Pharma Ltd,9,27,64
HUCOG 10000 HP Injection,Human chorionic gonadotropin (hCG) (10000IU),Treatment of Female infertilityTreatment of Male hypogonadism,Injection site pain Headache Fatigue Depression Irritation Restlessness,"https://onemg.gumlet.io/l_watermark_346,w_480,h_480/a_ignore,w_480,h_480,c_fit,q_auto,f_auto/iidnrxh5wnje1w9z74jd.jpg",Bharat Serums & Vaccines Ltd,17,27,56
Hypersol Ophthalmic Solution,Phenyl Mercuric Nitrate (0.001% w/v) + Sodium Chloride (5% w/v),Treatment of Eye injury,Application site reactions burning irritation itching and redness,"https://onemg.gumlet.io/l_watermark_346,w_480,h_480/a_ignore,w_480,h_480,c_fit,q_auto,f_auto/xtqhito4urjxemtjiimj.jpg",Jawa Pharmaceuticals  Pvt Ltd,50,50,0
Hyvet  Eye Drop,Sodium Hyaluronate (1.8mg/ml),Treatment of Dry eyes,Limited data available,"https://onemg.gumlet.io/l_watermark_346,w_480,h_480/a_ignore,w_480,h_480,c_fit,q_auto,f_auto/cropped/qzlivzt6nmn2htkfyhla.jpg",Sunways India Pvt Ltd,47,34,19
Hatric Tablet,Levocetirizine (5mg),Treatment of Allergic conditions,Sleepiness Fatigue Dryness in mouth Headache Vomiting Nasopharyngitis inflammation of the throat and nasal passages,"https://onemg.gumlet.io/l_watermark_346,w_480,h_480/a_ignore,w_480,h_480,c_fit,q_auto,f_auto/cropped/m1yrikyqjv5qyi1l7giy.jpg",Aristo Pharmaceuticals Pvt Ltd,56,44,0
Hungree Syrup,Cyproheptadine (2mg/5ml),Treatment of Allergic conditions Appetite stimulant,Dizziness Headache,"https://onemg.gumlet.io/l_watermark_346,w_480,h_480/a_ignore,w_480,h_480,c_fit,q_auto,f_auto/1f251571e8db45ee812c8d6adbd26e31.jpg",Laborate Pharmaceuticals India Ltd,0,58,42
Hatric 3 Suspension,Paracetamol (125mg) + Pseudoephedrine (15mg) + Chlorpheniramine Maleate (1mg),Treatment of Common cold,Nausea Vomiting Diarrhea Dryness in mouth Dizziness Drowsiness Headache Fatigue Restlessness Insomnia difficulty in sleeping Increased heart rate Rash,"https://onemg.gumlet.io/l_watermark_346,w_480,h_480/a_ignore,w_480,h_480,c_fit,q_auto,f_auto/996380939be2478a80bc89d3695cd060.jpg",Aristo Pharmaceuticals Pvt Ltd,13,27,60
Halox S Ointment,Halobetasol (0.05% w/w) + Salicylic Acid (3% w/w), Eczema Psoriasis,Burning sensation Stinging sensation,"https://onemg.gumlet.io/l_watermark_346,w_480,h_480/a_ignore,w_480,h_480,c_fit,q_auto,f_auto/cropped/nvtjvhamg3isnirbryde.jpg",Sun Pharmaceutical Industries Ltd,46,40,14
Happi-L Capsule SR,Levosulpiride (75mg) + Rabeprazole (20mg),Treatment of Gastroesophageal reflux disease (Acid reflux)Treatment of Intestinal ulcersTreatment of Irritable bowel syndrome,Nausea Stomach pain Diarrhea Flatulence Constipation Headache Dizziness Weakness Sleepiness Flu like symptoms,"https://onemg.gumlet.io/l_watermark_346,w_480,h_480/a_ignore,w_480,h_480,c_fit,q_auto,f_auto/7fcc4f519f784002a447e817e0081776.jpg",Zydus Cadila,33,42,25
Hyane Eye Drop,Sodium Hyaluronate (0.18% w/v),Treatment of Dry eyes,Limited data available,"https://onemg.gumlet.io/l_watermark_346,w_480,h_480/a_ignore,w_480,h_480,c_fit,q_auto,f_auto/cropped/opj1rulieybdqizy32e1.jpg",Ajanta Pharma Ltd,83,17,0
Halox Cream,Halobetasol (0.05% w/w), Skin conditions with inflammation & itching,Application site reactions burning irritation itching and redness,"https://onemg.gumlet.io/l_watermark_346,w_480,h_480/a_ignore,w_480,h_480,c_fit,q_auto,f_auto/cropped/kh0rbkuj8ye2vcv35ohq.jpg",Sun Pharmaceutical Industries Ltd,42,41,17
HH Salic Ointment,Mometasone (0.1% w/w) + Salicylic Acid (3.5% w/w), Eczema Psoriasis,Itching Burning sensation Erythema skin redness Scaling,"https://onemg.gumlet.io/l_watermark_346,w_480,h_480/a_ignore,w_480,h_480,c_fit,q_auto,f_auto/cropped/pxpvytdrbcftrfucvh1n.jpg",Hegde and Hegde Pharmaceutical LLP,31,43,26
Hexidine Mouth Wash,Chlorhexidine Gluconate (0.2% w/v),Treatment of Mouth infection,Taste change Staining of teeth Hard Dental Plaque,"https://onemg.gumlet.io/l_watermark_346,w_480,h_480/a_ignore,w_480,h_480,c_fit,q_auto,f_auto/swe4agwt4tyb9n9i439o.jpg",Icpa Health Products Ltd,26,48,26
Hifenac Spas Tablet,Drotaverine (80mg) + Aceclofenac (100mg),Treatment of Abdominal pain,Diarrhea Nausea Vomiting Dryness in mouth Dizziness Vertigo Insomnia difficulty in sleeping Hypotension low blood pressure Fast heart rate Sweating Constipation Indigestion Abdominal pain Increased liver enzymes,"https://onemg.gumlet.io/l_watermark_346,w_480,h_480/a_ignore,w_480,h_480,c_fit,q_auto,f_auto/f9b3d053cc234009aafbf4d73477c5ed.jpg",Intas Pharmaceuticals Ltd,42,41,17
Hepbest Tablet,Tenofovir Alafenamide (25mg), Chronic hepatitis B virus (HBV) infection,Headache Diarrhea Vomiting Nausea Dizziness Rash Fatigue Weakness Abdominal pain Itching Increased transaminase level in blood Cough Back pain Glycosuria Increased creatine phosphokinase C P K level in blood Increased L D L cholesterol level in blood,"https://onemg.gumlet.io/l_watermark_346,w_480,h_480/a_ignore,w_480,h_480,c_fit,q_auto,f_auto/0931851d062844708f32ba7adaa8142e.jpg",Mylan Pharmaceuticals Pvt Ltd - A Viatris Company,42,40,18
Hhfexo 180 Tablet,Fexofenadine (180mg),Treatment of Sneezing and runny nose due to allergiesTreatment of Allergic conditions,Headache Drowsiness Dizziness Nausea,"https://onemg.gumlet.io/l_watermark_346,w_480,h_480/a_ignore,w_480,h_480,c_fit,q_auto,f_auto/cropped/aipvptglehbao5uwlvtj.jpg",Hegde and Hegde Pharmaceutical LLP,28,49,23
Hydroxyl  Mouth Wash,Hydrogen Peroxide (1.5% w/v), Mouth infection,Gum Irritation,"https://onemg.gumlet.io/l_watermark_346,w_480,h_480/a_ignore,w_480,h_480,c_fit,q_auto,f_auto/cropped/ng3ukkjbzwlahodqzati.jpg",Sandika Pharmaceuticals Pvt Ltd,24,44,32
Hyla Fusion Eye Drop,Sodium Hyaluronate (1.8mg/ml),Treatment of Dry eyes,Limited data available,"https://onemg.gumlet.io/l_watermark_346,w_480,h_480/a_ignore,w_480,h_480,c_fit,q_auto,f_auto/cropped/n6ucyalmk7tarexd4ui7.jpg",Entod Pharmaceuticals Ltd,25,33,42
Healtears Eye Drop,Sodium Hyaluronate (0.1% w/v),Treatment of Dry eyes,Limited data available,"https://onemg.gumlet.io/l_watermark_346,w_480,h_480/a_ignore,w_480,h_480,c_fit,q_auto,f_auto/cropped/jwsicafolec3w8kua3xy.jpg",Centaur Pharmaceuticals Pvt Ltd,56,22,22
Hhamclav 625 Tablet,Amoxycillin  (500mg) +  Clavulanic Acid (125mg),Treatment of Bacterial infections,Vomiting Nausea Diarrhea Mucocutaneous candidiasis,"https://onemg.gumlet.io/l_watermark_346,w_480,h_480/a_ignore,w_480,h_480,c_fit,q_auto,f_auto/01d10e2e399e4147930b68bbe8d34f86.jpg",Hegde and Hegde Pharmaceutical LLP,29,50,21
Hyla Eye Drop,Sodium Hyaluronate (0.1% w/v),Treatment of Dry eyes,Limited data available,"https://onemg.gumlet.io/l_watermark_346,w_480,h_480/a_ignore,w_480,h_480,c_fit,q_auto,f_auto/cropped/jkpn2yxiwyqmt0yaylim.jpg",Entod Pharmaceuticals Ltd,17,66,17
Hyalgan Injection,Hyaluronic Acid (20mg), Osteoarthritis,Limited data available,"https://onemg.gumlet.io/l_watermark_346,w_480,h_480/a_ignore,w_480,h_480,c_fit,q_auto,f_auto/2467b3a07da943c8be7622a13365fd07.jpg",Lupin Ltd,28,44,28
Humog 75 Injection,Menotrophin (75IU), Female infertility Male hypogonadism Male infertility,Headache Injection site pain Injection site allergic reaction Abdominal pain Abdominal cramp Nausea Ovarian hyperstimulation syndrome,"https://onemg.gumlet.io/l_watermark_346,w_480,h_480/a_ignore,w_480,h_480,c_fit,q_auto,f_auto/04fa80b85d344984a29faeade1bd4485.jpg",Bharat Serums & Vaccines Ltd,0,48,52
Hyadry 0.1% Eye Drop,Sodium Hyaluronate (0.1% w/v),Treatment of Dry eyes,Limited data available,"https://onemg.gumlet.io/l_watermark_346,w_480,h_480/a_ignore,w_480,h_480,c_fit,q_auto,f_auto/2e2b28be61ca49e0a6af28d1a2049017.jpg",Santen India Pvt Ltd,58,42,0
Humog 150 HP Injection,Menotrophin (150IU), Female infertility Male hypogonadism Male infertility,Headache Injection site pain Injection site allergic reaction Abdominal pain Abdominal cramp Nausea Ovarian hyperstimulation syndrome,"https://onemg.gumlet.io/l_watermark_346,w_480,h_480/a_ignore,w_480,h_480,c_fit,q_auto,f_auto/b1ce059c271146c8863dbdf3771b0dd8.jpg",Bharat Serums & Vaccines Ltd,21,47,32
Human Insulatard 40IU/ml Suspension for Injection,Insulin Isophane (40IU), Diabetes,Hypoglycemia low blood glucose level,"https://onemg.gumlet.io/l_watermark_346,w_480,h_480/a_ignore,w_480,h_480,c_fit,q_auto,f_auto/cropped/ttr38dq8oxzncum37ma8.jpg",Novo Nordisk India Pvt Ltd,36,52,12
Huminsulin R 100IU Cartridge,Human insulin (100IU), Diabetes,Hypoglycemia low blood glucose level Weight gain Injection site reactions pain swelling redness Cold sweat Anxiety Shakiness Hunger pangs Fast heart rate Headache Nervousness,"https://onemg.gumlet.io/l_watermark_346,w_480,h_480/a_ignore,w_480,h_480,c_fit,q_auto,f_auto/e616dcafa7ec4090ade8544c560bcd11.jpg",Eli Lilly and Company India Pvt Ltd,67,33,0
Halotop-S Ointment,Halobetasol (0.05% w/w) + Salicylic Acid (3% w/w), Eczema Psoriasis,Burning sensation Stinging sensation,"https://onemg.gumlet.io/l_watermark_346,w_480,h_480/a_ignore,w_480,h_480,c_fit,q_auto,f_auto/cropped/kthfp3ui6d6agfbx7poo.jpg",Ipca Laboratories Ltd,39,36,25
Histabil Tablet,Bilastine (20mg),Treatment of Allergic conditions,Headache Drowsiness,"https://onemg.gumlet.io/l_watermark_346,w_480,h_480/a_ignore,w_480,h_480,c_fit,q_auto,f_auto/ef98ec58b6b14b0786d0c83603764933.jpg",KLM Laboratories Pvt Ltd,67,0,33
HHCepo 200 Tablet,Cefpodoxime Proxetil (200mg),Treatment of Bacterial infections,Rash Nausea Diarrhea,"https://onemg.gumlet.io/l_watermark_346,w_480,h_480/a_ignore,w_480,h_480,c_fit,q_auto,f_auto/cropped/anoruh6yl5r0azf8gvpd.jpg",Hegde and Hegde Pharmaceutical LLP,58,42,0
HHlevo-M Tablet,Levocetirizine (5mg) + Montelukast (10mg),Treatment of Sneezing and runny nose due to allergiesTreatment of Hay feverTreatment of Allergic skin conditions,Nausea Diarrhea Dryness in mouth Fatigue Headache Skin rash Sleepiness Vomiting,"https://onemg.gumlet.io/l_watermark_346,w_480,h_480/a_ignore,w_480,h_480,c_fit,q_auto,f_auto/a52f0ea9469c48769bbf434de47ef556.jpg",Hegde and Hegde Pharmaceutical LLP,39,33,28
Halovate Ointment,Halobetasol (0.05% w/w), Skin conditions with inflammation & itching,Application site reactions burning irritation itching and redness,"https://onemg.gumlet.io/l_watermark_346,w_480,h_480/a_ignore,w_480,h_480,c_fit,q_auto,f_auto/brdsz4lu2rpmkhv5lvdk.jpg",Glenmark Pharmaceuticals Ltd,50,50,0
Hydroeyes 0.05% Eye Drop,Ciclosporin (0.05% w/v), Dry eyes,Blurred vision Burning sensation in eye Headache High blood pressure Renal dysfunction Tremors Increased glucose level in blood Paresthesia tingling or pricking sensation Acne Decreased white blood cell count Increased levels of blood fat Decreased appetite Increased uric acid level in blood Electrolyte imbalance Convulsion Flushing sense of warmth in the face ears neck and trunk Gastrointestinal disturbance Gingival hyperplasia Stomach ulcer Abnormal liver function Excessive hair growth on face Hypertrichosis excessive hair growth Muscle cramp Muscle pain Fever Fatigue,"https://onemg.gumlet.io/l_watermark_346,w_480,h_480/a_ignore,w_480,h_480,c_fit,q_auto,f_auto/cropped/yx6kxwcdgcxuhsbqxhxf.jpg",Lupin Ltd,21,62,17
Herperax Ointment,Acyclovir (5% w/w), Herpes labialis,Application site reactions burning irritation itching and redness,"https://onemg.gumlet.io/l_watermark_346,w_480,h_480/a_ignore,w_480,h_480,c_fit,q_auto,f_auto/cropped/khbuqadgifebf8zg917m.jpg",Micro Labs Ltd,30,33,37
Halotop Cream,Halobetasol (0.05% w/w), Skin conditions with inflammation & itching,Application site reactions burning irritation itching and redness,"https://onemg.gumlet.io/l_watermark_346,w_480,h_480/a_ignore,w_480,h_480,c_fit,q_auto,f_auto/cropped/besnxibtf0y3yw6ezjgg.jpg",Ipca Laboratories Ltd,44,56,0
Hhazi 500 Tablet,Azithromycin (500mg),Treatment of Bacterial infections,Nausea Abdominal pain Diarrhea,"https://onemg.gumlet.io/l_watermark_346,w_480,h_480/a_ignore,w_480,h_480,c_fit,q_auto,f_auto/84fe3197aa91432a86885ab3d6e551a9.jpg",Hegde and Hegde Pharmaceutical LLP,33,50,17
Hypersol 6 Eye Ointment,Sodium Chloride (6% w/w), Dry eyes,Burning sensation in eye,"https://onemg.gumlet.io/l_watermark_346,w_480,h_480/a_ignore,w_480,h_480,c_fit,q_auto,f_auto/cropped/uudbaxj1pi3qdxmjya4k.jpg",Jawa Pharmaceuticals  Pvt Ltd,0,67,33
Hepcvel Tablet,Sofosbuvir (400mg) + Velpatasvir (100mg),Treatment of Chronic hepatitis C virus (HCV) infection,Headache Tiredness,"https://onemg.gumlet.io/l_watermark_346,w_480,h_480/a_ignore,w_480,h_480,c_fit,q_auto,f_auto/fcdpa69xobrfxioi3lwa.jpg",Cipla Ltd,50,17,33
Halox Lotion,Halobetasol (0.05% w/v), Skin conditions with inflammation & itching,Application site reactions burning irritation itching and redness,"https://onemg.gumlet.io/l_watermark_346,w_480,h_480/a_ignore,w_480,h_480,c_fit,q_auto,f_auto/cropped/clpdpxjjrld1nbixmsua.jpg",Sun Pharmaceutical Industries Ltd,10,57,33
Humalog 100IU/ml Kwikpen,Insulin Lispro (100IU),Treatment of Diabetes,Hypoglycemia low blood glucose level,"https://onemg.gumlet.io/l_watermark_346,w_480,h_480/a_ignore,w_480,h_480,c_fit,q_auto,f_auto/ywuaaw2ukgykv6t0dccd.jpg",Eli Lilly and Company India Pvt Ltd,62,38,0
Humalog Mix 50 100IU/ml Cartridge,Insulin Lispro (50%) + Insulin Lispro Protamine (50%), Diabetes,Hypoglycemia low blood glucose level Weight gain Infusion site reaction Auto antibody formation,"https://onemg.gumlet.io/l_watermark_346,w_480,h_480/a_ignore,w_480,h_480,c_fit,q_auto,f_auto/f9wlgq7iwapvjhdjamnw.jpg",Eli Lilly and Company India Pvt Ltd,63,37,0
Hairjoy Foam,Minoxidil (5% w/v),Treatment of Hair loss,Itching Chest pain Headache Hypertrichosis excessive hair growth Rash Dermatitis Hypersensitivity Weight gain Fluid retention Tachycardia,"https://onemg.gumlet.io/l_watermark_346,w_480,h_480/a_ignore,w_480,h_480,c_fit,q_auto,f_auto/cropped/tgf21ozhbuve4e3ognxs.jpg",Torrent Pharmaceuticals Ltd,23,42,35
Hald SR 200 Tablet,Progesterone (Natural Micronized) (200mg), Hormone replacement therapyTreatment of Female infertility,Abdominal pain Nausea Abnormal vaginal bleeding Edema swelling Hair loss Abdominal bloating Headache Breast pain Vomiting Vaginal yeast infection,"https://onemg.gumlet.io/l_watermark_346,w_480,h_480/a_ignore,w_480,h_480,c_fit,q_auto,f_auto/9f9ed694986b465fa4892d80c570154d.jpg",Intas Pharmaceuticals Ltd,44,25,31
Hedfree Tablet,Sumatriptan (85mg) + Naproxen (500mg),Treatment of Migraine,Nausea Dizziness Heartburn Chest discomfort Dryness in mouth Weakness Muscle stiffness Drowsiness Numbness of extremity Arrhythmia irregular heartbeats Feeling hot,"https://onemg.gumlet.io/l_watermark_346,w_480,h_480/a_ignore,w_480,h_480,c_fit,q_auto,f_auto/f30d9a6046284063a3f0b4d64ee433b4.jpg",Tas Med India Pvt Ltd,46,31,23
Hipres 50 Tablet,Atenolol (50mg),Treatment of Hypertension (high blood pressure)Treatment of Angina (heart-related chest pain)Treatment of ArrhythmiaPrevention of Heart attack,Fatigue Slow heart rate Cold extremities Gastrointestinal disturbance,"https://onemg.gumlet.io/l_watermark_346,w_480,h_480/a_ignore,w_480,h_480,c_fit,q_auto,f_auto/690b20d18a3c474a8608eb021ef822a5.jpg",Cipla Ltd,38,45,17
Hicet Tablet,Cetirizine (10mg),Treatment of Allergic conditions,Sleepiness Fatigue Vomiting Dryness in mouth Headache Constipation,"https://onemg.gumlet.io/l_watermark_346,w_480,h_480/a_ignore,w_480,h_480,c_fit,q_auto,f_auto/296c90186fa54ea8ba928b05cadf6af2.jpg",Micro Labs Ltd,17,44,39
Hepasil Syrup,Silymarin (35mg), Chronic liver disease Liver cirrhosis,Nausea Bloating Diarrhea Indigestion Loss of appetite Stomach pain Upset stomach Back pain Hair loss Dizziness Itching Rash,"https://onemg.gumlet.io/l_watermark_346,w_480,h_480/a_ignore,w_480,h_480,c_fit,q_auto,f_auto/ohkyxrwzmhxdlkb2zhrd.jpg",Signova Pharma Pvt Ltd,20,7,73
Huminsulin  30/70 Solution for Injection 40IU/ml,Insulin Isophane/NPH   (70%) +   Human Insulin/Soluble Insulin (30%), Diabetes,Hypoglycemia low blood glucose level Injection site reactions pain swelling redness Weight gain,"https://onemg.gumlet.io/l_watermark_346,w_480,h_480/a_ignore,w_480,h_480,c_fit,q_auto,f_auto/hyfpf0ay8gsd6mgf3wm0.jpg",Eli Lilly and Company India Pvt Ltd,45,46,9
HH Linctus-LS Expectorant,Ambroxol (30mg/5ml) + Levosalbutamol (1mg/5ml) + Guaifenesin (50mg/5ml),Treatment of Cough with mucus,Nausea Vomiting Diarrhea Upset stomach Stomach pain Allergic reaction Dizziness Headache Rash Hives Tremors Palpitations Muscle cramp Increased heart rate,"https://onemg.gumlet.io/l_watermark_346,w_480,h_480/a_ignore,w_480,h_480,c_fit,q_auto,f_auto/47efd2aa9d3f4cf296f37ff03e8f0f9e.jpg",Hegde and Hegde Pharmaceutical LLP,60,20,20
Histakind 30mg/5ml Syrup,Fexofenadine (30mg/5ml),Treatment of Sneezing and runny nose due to allergiesTreatment of Allergic conditions,Headache Drowsiness Dizziness Nausea,"https://onemg.gumlet.io/l_watermark_346,w_480,h_480/a_ignore,w_480,h_480,c_fit,q_auto,f_auto/aca9d13df77b49e3a2383ca54d2e31ab.jpg",Mankind Pharma Ltd,17,41,42
Halox Ointment,Halobetasol (0.05% w/w), Skin conditions with inflammation & itching,Application site reactions burning irritation itching and redness,"https://onemg.gumlet.io/l_watermark_346,w_480,h_480/a_ignore,w_480,h_480,c_fit,q_auto,f_auto/wg1qapxeogtsj1gypmeo.jpg",Sun Pharmaceutical Industries Ltd,57,19,24
Hemsyl 500mg Tablet,Ethamsylate (500mg), Bleeding,Skin rash Vomiting Headache Nausea Diarrhea,"https://onemg.gumlet.io/l_watermark_346,w_480,h_480/a_ignore,w_480,h_480,c_fit,q_auto,f_auto/9b5911bcea774400b8c4cbfab6030756.jpg",Indoco Remedies Ltd,46,16,38
Hyal Oral Tablet,Sodium Hyaluronate (20mg),Treatment of Dry eyes,Limited data available,"https://onemg.gumlet.io/l_watermark_346,w_480,h_480/a_ignore,w_480,h_480,c_fit,q_auto,f_auto/cropped/rx5uepecmo6imxa2nuks.jpg",Nouveau Medicament Pvt Ltd,50,42,8
HY 5  Eye Drop,Sodium Hyaluronate (0.1% w/v),Treatment of Dry eyes,Limited data available,"https://onemg.gumlet.io/l_watermark_346,w_480,h_480/a_ignore,w_480,h_480,c_fit,q_auto,f_auto/flit6wjnz0pri3jlbvzh.jpg",Optho Pharma Pvt Ltd,58,34,8
Helirab-D Capsule SR,Domperidone (30mg) + Rabeprazole (20mg),Treatment of Gastroesophageal reflux disease (Acid reflux)Treatment of Peptic ulcer disease,Diarrhea Stomach pain Dryness in mouth Headache Dizziness Flatulence Weakness Flu like symptoms,"https://onemg.gumlet.io/l_watermark_346,w_480,h_480/a_ignore,w_480,h_480,c_fit,q_auto,f_auto/cropped/j4e6jyoyloyi0pewctgo.jpg",Micro Labs Ltd,0,50,50
Hizet 25mg Tablet,Hydroxyzine (25mg),Treatment of AnxietyTreatment of Skin conditions with inflammation & itching,Sedation Nausea Vomiting Upset stomach Constipation,"https://onemg.gumlet.io/l_watermark_346,w_480,h_480/a_ignore,w_480,h_480,c_fit,q_auto,f_auto/01a210c75280478caf612550a89afd90.jpg",Talent India ,17,75,8
Hylu Fresh Eye Drop,Sodium Hyaluronate (0.1% w/v),Treatment of Dry eyes,Limited data available,"https://onemg.gumlet.io/l_watermark_346,w_480,h_480/a_ignore,w_480,h_480,c_fit,q_auto,f_auto/ycz222mgrcafqzzfap00.jpg",Sapient Laboratories Pvt Ltd,50,50,0
Hhcepo-CV Tablet,Cefpodoxime Proxetil (200mg) + Clavulanic Acid (125mg),Treatment of Respiratory tract infection,Nausea Diarrhea Headache Rash Abdominal pain Vaginal infection Fungal infection of vagina,"https://onemg.gumlet.io/l_watermark_346,w_480,h_480/a_ignore,w_480,h_480,c_fit,q_auto,f_auto/cropped/h8juwdxsdipmmnqhx1qg.jpg",Hegde and Hegde Pharmaceutical LLP,100,0,0
Healex Plus Spray,Benzocaine (0.36% w/w) + Cetrimide (0.50% w/w), Skin infections,Application site irritation,"https://onemg.gumlet.io/l_watermark_346,w_480,h_480/a_ignore,w_480,h_480,c_fit,q_auto,f_auto/cropped/i6darygxsgxkd0mbel9o.jpg",Shreya Life Sciences Pvt Ltd,65,29,6
Histakem 120mg Tablet,Fexofenadine (120mg),Treatment of Sneezing and runny nose due to allergiesTreatment of Allergic conditions,Headache Drowsiness Dizziness Nausea,"https://onemg.gumlet.io/l_watermark_346,w_480,h_480/a_ignore,w_480,h_480,c_fit,q_auto,f_auto/22c71a6d5292416db646aadbd6506e0f.jpg",Alkem Laboratories Ltd,33,34,33
Happi-IT Capsule PR,Rabeprazole (20mg) + Itopride (150mg), Gastroesophageal reflux disease (Acid reflux) Peptic ulcer disease,Stomach pain Diarrhea Constipation Headache Dizziness Flatulence Weakness Flu like symptoms Increased saliva production,"https://onemg.gumlet.io/l_watermark_346,w_480,h_480/a_ignore,w_480,h_480,c_fit,q_auto,f_auto/532b1b56566e41348df04ca38263d08f.jpg",Zydus Cadila,27,53,20
Halox S Lotion,Halobetasol (0.05% w/v) + Salicylic Acid (3% w/v), Eczema Psoriasis,Burning sensation Stinging sensation,"https://onemg.gumlet.io/l_watermark_346,w_480,h_480/a_ignore,w_480,h_480,c_fit,q_auto,f_auto/cropped/xciqtt1k7gex9kit90q5.jpg",Sun Pharmaceutical Industries Ltd,24,46,30
Hepalair  150 mg/100 mg Tablet,L-Ornithine L-Aspartate (150mg) + Pancreatin (100mg),Treatment of Indigestion,Nausea Stomach pain Bloating Diarrhea Constipation,"https://onemg.gumlet.io/l_watermark_346,w_480,h_480/a_ignore,w_480,h_480,c_fit,q_auto,f_auto/69b8fef5d7274ad3afefc5c9b82061bf.jpg",Leeford Healthcare Ltd,67,33,0
HYQ 400 Tablet,Hydroxychloroquine (400mg),Treatment of Rheumatoid arthritisTreatment of Systemic lupus erythematosus (SLE)Treatment of Type 2 diabetes mellitus,Blurred vision Headache Diarrhea Abdominal pain Vomiting Nausea Decreased appetite Skin rash Itching Affect lability,"https://onemg.gumlet.io/l_watermark_346,w_480,h_480/a_ignore,w_480,h_480,c_fit,q_auto,f_auto/cropped/namjvcqgcgrj9ngqcjp8.jpg",Ipca Laboratories Ltd,56,38,6
Hhcefi 200 Tablet,Cefixime (200mg),Treatment of Bacterial infections,Nausea Stomach pain Indigestion Diarrhea,"https://onemg.gumlet.io/l_watermark_346,w_480,h_480/a_ignore,w_480,h_480,c_fit,q_auto,f_auto/cropped/utlmf2w2w9v9jn9bp4hp.jpg",Hegde and Hegde Pharmaceutical LLP,83,17,0
Herperax 400 Tablet,Acyclovir (400mg), Herpes Simplex Virus Infections Chickenpox Herpes labialis Shingles Genital herpes infection,Headache Dizziness Vomiting Nausea Fatigue Fever Stomach pain Diarrhea Skin rash Photophobia,"https://onemg.gumlet.io/l_watermark_346,w_480,h_480/a_ignore,w_480,h_480,c_fit,q_auto,f_auto/cropped/wnwoepecys7whh7zrske.jpg",Micro Labs Ltd,22,56,22
HH Sone Cream,Mometasone (0.1% w/w),Treatment of Skin conditions with inflammation & itching,Stinging sensation Itching Hair follicle inflammation,"https://onemg.gumlet.io/l_watermark_346,w_480,h_480/a_ignore,w_480,h_480,c_fit,q_auto,f_auto/cropped/nvow0xp2kylgm5qjidlx.jpg",Hegde and Hegde Pharmaceutical LLP,0,60,40
HH Linctus-Ex Expectorant,Ambroxol (15mg/5ml) + Guaifenesin (50mg/5ml) + Terbutaline (1.25mg/5ml),Treatment of Cough with mucus,Excessive salivation Fatigue Paresthesia tingling or pricking sensation Stomach discomfort Arrhythmia irregular heartbeats Nausea Vomiting Diarrhea Dizziness Headache Rash Tremors Increased heart rate Indigestion Bloating Upper abdominal pain Urticaria Itching Sweating Changes in serum aminotransferase levels,"https://onemg.gumlet.io/l_watermark_346,w_480,h_480/a_ignore,w_480,h_480,c_fit,q_auto,f_auto/cropped/xyj8w2cvi8i7jipb2oxn.jpg",Hegde and Hegde Pharmaceutical LLP,26,48,26
Herpival 1000mg Tablet,Valacyclovir (1000mg), Herpes labialis Genital herpes infection Herpes zoster,Headache Nausea Abdominal pain,"https://onemg.gumlet.io/l_watermark_346,w_480,h_480/a_ignore,w_480,h_480,c_fit,q_auto,f_auto/a207aa8b55784aeab96e996c5d2d2009.jpg",KLM Laboratories Pvt Ltd,38,52,10
Hopace 2.5 Tablet,Ramipril (2.5mg),Treatment of Hypertension (high blood pressure) Prevention of heart attack and strokeTreatment of Heart failure,Dry cough Headache Fatigue,"https://onemg.gumlet.io/l_watermark_346,w_480,h_480/a_ignore,w_480,h_480,c_fit,q_auto,f_auto/cropped/fl3ivvvawho8dykmqrzh.jpg",Micro Labs Ltd,53,47,0
HH Linctus Junior Syrup Alcohol Free,Chlorpheniramine Maleate (2mg/5ml) + Dextromethorphan Hydrobromide (10mg/5ml),Treatment of Dry cough,Upset stomach Sleepiness,"https://onemg.gumlet.io/l_watermark_346,w_480,h_480/a_ignore,w_480,h_480,c_fit,q_auto,f_auto/19fc5058319d4b78b297661680a4a552.jpg",Hegde and Hegde Pharmaceutical LLP,0,50,50
HH Salic Lotion,Mometasone (0.10% w/v) + Salicylic Acid (3.50% w/v), Eczema Psoriasis,Itching Burning sensation Erythema skin redness Scaling,"https://onemg.gumlet.io/l_watermark_346,w_480,h_480/a_ignore,w_480,h_480,c_fit,q_auto,f_auto/cropped/x2jrzeboggdlzc9xtgyo.jpg",Hegde and Hegde Pharmaceutical LLP,21,52,27
Hatric Syrup,Levocetirizine (2.5mg/5ml),Treatment of Allergic conditions,Nausea Constipation Dizziness Sleepiness Fatigue Dryness in mouth Headache Vomiting Nasopharyngitis inflammation of the throat and nasal passages,"https://onemg.gumlet.io/l_watermark_346,w_480,h_480/a_ignore,w_480,h_480,c_fit,q_auto,f_auto/606573df855e4555a9bfa13ac4890a83.jpg",Aristo Pharmaceuticals Pvt Ltd,0,0,100
Hatric 2 Syrup,Chlorpheniramine Maleate (2mg/5ml) + Phenylephrine (5mg/5ml),Treatment of Common cold,Vomiting Headache Restlessness Anxiety Dizziness Tremors Pale skin High blood pressure Seizure Cerebral hemorrhage Palpitations Paresthesia tingling or pricking sensation Abdominal pain Allergic reaction Decreased appetite Blurred vision Dry nose Dry throat Excitement Rash,"https://onemg.gumlet.io/l_watermark_346,w_480,h_480/a_ignore,w_480,h_480,c_fit,q_auto,f_auto/3a732dc15aa04e6db1207c67798bd8c3.jpg",Aristo Pharmaceuticals Pvt Ltd,67,33,0
Halobet Cream,Halobetasol (0.05% w/w), Skin conditions with inflammation & itching,Application site reactions burning irritation itching and redness,"https://onemg.gumlet.io/l_watermark_346,w_480,h_480/a_ignore,w_480,h_480,c_fit,q_auto,f_auto/a369b97f5c9140df81cac255e8e1d24b.jpg",Ajanta Pharma Ltd,50,0,50
Hifenac TH8 Tablet,Aceclofenac (100mg) + Thiocolchicoside (8mg),Treatment of Pain due to muscle spasm,Nausea Vomiting Heartburn Stomach pain epigastric pain Loss of appetite Diarrhea,"https://onemg.gumlet.io/l_watermark_346,w_480,h_480/a_ignore,w_480,h_480,c_fit,q_auto,f_auto/llugpdkn50i9xesxx5ip.jpg",Intas Pharmaceuticals Ltd,17,44,39
Hald SR 300 Tablet,Progesterone (Natural Micronized) (300mg), Hormone replacement therapyTreatment of Female infertility,Abdominal pain Nausea Abnormal vaginal bleeding Edema swelling Hair loss Abdominal bloating Headache Breast pain Vomiting Vaginal yeast infection,"https://onemg.gumlet.io/l_watermark_346,w_480,h_480/a_ignore,w_480,h_480,c_fit,q_auto,f_auto/cropped/dju7tky3y2fidhu6omdg.jpg",Intas Pharmaceuticals Ltd,39,22,39
Hqtor Tablet,Hydroxychloroquine (200mg),Treatment of Rheumatoid arthritisTreatment of Systemic lupus erythematosus (SLE)Treatment of Type 2 diabetes mellitus,Blurred vision Headache Diarrhea Abdominal pain Vomiting Nausea Decreased appetite Skin rash Itching Affect lability,"https://onemg.gumlet.io/l_watermark_346,w_480,h_480/a_ignore,w_480,h_480,c_fit,q_auto,f_auto/cropped/fla3u5ddsg0vhd00vuup.jpg",Torrent Pharmaceuticals Ltd,42,36,22
Halobet S Ointment,Halobetasol (0.05% w/w) + Salicylic Acid (3% w/w), Eczema Psoriasis,Burning sensation Stinging sensation,"https://onemg.gumlet.io/l_watermark_346,w_480,h_480/a_ignore,w_480,h_480,c_fit,q_auto,f_auto/t76uc6fv1rdz8mrivkey.jpg",Ajanta Pharma Ltd,29,42,29
HHlevo-M Kid Suspension,Levocetirizine (2.5mg/5ml) + Montelukast (4mg/5ml),Treatment of Sneezing and runny nose due to allergiesTreatment of Hay feverTreatment of Allergic skin conditions,Rash Nausea Diarrhea Dryness in mouth Fatigue Headache Skin rash Sleepiness Vomiting,"https://onemg.gumlet.io/l_watermark_346,w_480,h_480/a_ignore,w_480,h_480,c_fit,q_auto,f_auto/40bd06b2d69a479b92ad4745388c7334.jpg",Hegde and Hegde Pharmaceutical LLP,0,33,67
Hytrin 1 Tablet,Terazosin (1mg), Hypertension (high blood pressure),Dizziness Headache Drowsiness Low energy Weakness Palpitations Nausea,"https://onemg.gumlet.io/l_watermark_346,w_480,h_480/a_ignore,w_480,h_480,c_fit,q_auto,f_auto/cropped/uiuff1rfhrgo9tn1siih.jpg",Abbott,22,56,22
Halox ES Ointment,Halobetasol (0.05% w/w) + Salicylic Acid (6% w/w), Eczema Psoriasis,Burning sensation Stinging sensation,"https://onemg.gumlet.io/l_watermark_346,w_480,h_480/a_ignore,w_480,h_480,c_fit,q_auto,f_auto/cropped/nkwfmcu9vmzhdeexrmxc.jpg",Sun Pharmaceutical Industries Ltd,28,28,44
Hhmus 0.1% Ointment,Tacrolimus (0.1% w/w),Treatment of Atopic dermatitis,Application site reactions burning irritation itching and redness Headache Hair follicle inflammation,"https://onemg.gumlet.io/l_watermark_346,w_480,h_480/a_ignore,w_480,h_480,c_fit,q_auto,f_auto/cropped/ut6aa6kbtm8si4bvljvi.jpg",Hegde and Hegde Pharmaceutical LLP,0,17,83
Hhfexo M 10mg/120mg Tablet,Montelukast (10mg) + Fexofenadine (120mg),Treatment of Sneezing and runny nose due to allergies,Nausea Diarrhea Vomiting Skin rash Flu like symptoms Headache Drowsiness Dizziness,"https://onemg.gumlet.io/l_watermark_346,w_480,h_480/a_ignore,w_480,h_480,c_fit,q_auto,f_auto/f4039fbcebb24413ba18b252c706f659.jpg",Hegde and Hegde Pharmaceutical LLP,50,0,50
Hyde Cream,Hydroquinone (3% w/w), Melasma,Erythema skin redness Dryness and fissuring of paranasal and infraorbital areas Stinging sensation,"https://onemg.gumlet.io/l_watermark_346,w_480,h_480/a_ignore,w_480,h_480,c_fit,q_auto,f_auto/a49e5feb11174020a078d44f731876f1.jpg",A. Menarini India Pvt Ltd,15,66,19
Halotop-S Lotion,Halobetasol (0.05% w/v) + Salicylic Acid (3% w/v), Eczema Psoriasis,Burning sensation Stinging sensation,"https://onemg.gumlet.io/l_watermark_346,w_480,h_480/a_ignore,w_480,h_480,c_fit,q_auto,f_auto/cropped/xs3mc0okfgs1ojvmw6ih.jpg",Ipca Laboratories Ltd,30,50,20
HUCOG 2000 HP Injection,Human chorionic gonadotropin (hCG) (2000IU),Treatment of Female infertilityTreatment of Male hypogonadism,Injection site pain Headache Fatigue Depression Irritation Restlessness,"https://onemg.gumlet.io/l_watermark_346,w_480,h_480/a_ignore,w_480,h_480,c_fit,q_auto,f_auto/cropped/vkztevjusnbwznl02tas.jpg",Bharat Serums & Vaccines Ltd,24,15,61
Hadensa Ointment,Lanolin (100% w/w) + Lidocaine (1% w/w) + Menthol (1% w/w) + Thymol (0.5% w/w),Treatment of Piles,Limited data available,"https://onemg.gumlet.io/l_watermark_346,w_480,h_480/a_ignore,w_480,h_480,c_fit,q_auto,f_auto/cropped/jkimoxmvoiq7vma3tvde.jpg",Dollar,13,40,47
Humog 75 HP Injection,Menotrophin (75IU), Female infertility Male hypogonadism Male infertility,Headache Injection site pain Injection site allergic reaction Abdominal pain Abdominal cramp Nausea Ovarian hyperstimulation syndrome,"https://onemg.gumlet.io/l_watermark_346,w_480,h_480/a_ignore,w_480,h_480,c_fit,q_auto,f_auto/soxdl6czdpuymvjzfbc2.jpg",Bharat Serums & Vaccines Ltd,26,67,7
HH Sone Lotion,Mometasone (0.1% w/w),Treatment of Skin conditions with inflammation & itching,Stinging sensation Itching Hair follicle inflammation,"https://onemg.gumlet.io/l_watermark_346,w_480,h_480/a_ignore,w_480,h_480,c_fit,q_auto,f_auto/cropped/gkv6mhfrnxjuqjz0dumf.jpg",Hegde and Hegde Pharmaceutical LLP,78,22,0
Hairizer Hair Growth Treatment,Minoxidil (5% w/v),Treatment of Hair loss,Itching Chest pain Headache Hypertrichosis excessive hair growth Rash Dermatitis Hypersensitivity Weight gain Fluid retention Tachycardia,"https://onemg.gumlet.io/l_watermark_346,w_480,h_480/a_ignore,w_480,h_480,c_fit,q_auto,f_auto/fa1abdfddc4c499d85987fb4e41b7092.jpg",Rockmed Pharma Pvt. Ltd.,30,10,60
Halonext-S Ointment,Halobetasol (0.05% w/w) + Salicylic Acid (6% w/w), Eczema Psoriasis,Burning sensation Stinging sensation,"https://onemg.gumlet.io/l_watermark_346,w_480,h_480/a_ignore,w_480,h_480,c_fit,q_auto,f_auto/cy0keii9vztbz16laqvx.jpg",Canixa Life Sciences Pvt,58,42,0
Hizet 10mg Tablet,Hydroxyzine (10mg),Treatment of AnxietyTreatment of Skin conditions with inflammation & itching,Sedation Nausea Vomiting Upset stomach Constipation,"https://onemg.gumlet.io/l_watermark_346,w_480,h_480/a_ignore,w_480,h_480,c_fit,q_auto,f_auto/7e62486bd18b4fd0843a4fac0f4237ea.jpg",Talent India ,22,56,22
Halosys -S Ointment,Halobetasol (0.05% w/w) + Salicylic Acid (3% w/w), Eczema Psoriasis,Burning sensation Stinging sensation,"https://onemg.gumlet.io/l_watermark_346,w_480,h_480/a_ignore,w_480,h_480,c_fit,q_auto,f_auto/cropped/qgeie3lxugbx1qyk6yga.jpg",Systopic Laboratories Pvt Ltd,57,33,10
Hydrazide 12.5 Tablet,Hydrochlorothiazide (12.5mg),Treatment of Hypertension (high blood pressure)Treatment of Edema,Headache Nausea Altered blood lipid level Weakness Dizziness,"https://onemg.gumlet.io/l_watermark_346,w_480,h_480/a_ignore,w_480,h_480,c_fit,q_auto,f_auto/cropped/vdqguiii494gw5v6mvzx.jpg",Cipla Ltd,50,42,8
Huminsulin  30/70 Suspension for Injection 100IU/ml,Insulin Isophane/NPH   (70%) +   Human Insulin/Soluble Insulin (30%), Diabetes,Hypoglycemia low blood glucose level Injection site reactions pain swelling redness Weight gain,"https://onemg.gumlet.io/l_watermark_346,w_480,h_480/a_ignore,w_480,h_480,c_fit,q_auto,f_auto/58e206ec8c524baca971f473d741166d.jpg",Eli Lilly and Company India Pvt Ltd,37,47,16
Honvan Tablet,Fosfestrol (120mg), Prostate cancer,Breast enlargement Abdominal pain Jaundice,"https://onemg.gumlet.io/l_watermark_346,w_480,h_480/a_ignore,w_480,h_480,c_fit,q_auto,f_auto/ec13717aa6cd40289faf8bdb0f6425e8.jpg",Zydus Cadila,41,48,11
Hymoist Eye Drop,Sodium Hyaluronate (0.1% w/v),Treatment of Dry eyes,Limited data available,"https://onemg.gumlet.io/l_watermark_346,w_480,h_480/a_ignore,w_480,h_480,c_fit,q_auto,f_auto/cropped/esbchlbxiksntm2n4tlv.png",FDC Ltd,67,33,0
Heximar-B Ointment,Betamethasone (0.05% w/w) + Calcipotriol (0.005% w/w), Psoriasis,Itching Headache Nasopharyngitis inflammation of the throat and nasal passages Psoriasis Scaling Upper respiratory tract infection,"https://onemg.gumlet.io/l_watermark_346,w_480,h_480/a_ignore,w_480,h_480,c_fit,q_auto,f_auto/cropped/jglxic1jho7urq3zwxow.jpg",A. Menarini India Pvt Ltd,39,49,12
Hipress 50 Tablet,Atenolol (50mg),Treatment of Hypertension (high blood pressure)Treatment of Angina (heart-related chest pain)Treatment of ArrhythmiaPrevention of Heart attack,Fatigue Slow heart rate Cold extremities Gastrointestinal disturbance,"https://onemg.gumlet.io/l_watermark_346,w_480,h_480/a_ignore,w_480,h_480,c_fit,q_auto,f_auto/c6ebe95013674c2fa3d9cda1e0ddb0cd.jpg",Cipla Ltd,50,50,0
Herperax 800 Tablet,Acyclovir (800mg), Herpes Simplex Virus Infections Chickenpox Herpes labialis Shingles Genital herpes infection,Headache Dizziness Vomiting Nausea Fatigue Fever Stomach pain Diarrhea Skin rash Photophobia,"https://onemg.gumlet.io/l_watermark_346,w_480,h_480/a_ignore,w_480,h_480,c_fit,q_auto,f_auto/sh8sktxwbyt7lkcvxvca.jpg",Micro Labs Ltd,21,71,8
Hatric 3 Drops,Chlorpheniramine Maleate (1mg) + Paracetamol (125mg) + Phenylephrine (2.5mg),Treatment of Common cold,Diarrhea Rash Nausea Headache Insomnia difficulty in sleeping Dizziness Tachycardia Palpitations Fear Anxiety Restlessness Tremors Weakness Discomfort when urinating Hallucination Convulsion,"https://onemg.gumlet.io/l_watermark_346,w_480,h_480/a_ignore,w_480,h_480,c_fit,q_auto,f_auto/cropped/wvawcrzxfuv9ocrnzmx7.jpg",Aristo Pharmaceuticals Pvt Ltd,33,17,50
Herpex 200mg Tablet,Acyclovir (200mg), Herpes Simplex Virus Infections Chickenpox Herpes labialis Shingles Genital herpes infection,Headache Dizziness Vomiting Nausea Fatigue Fever Stomach pain Diarrhea Skin rash Photophobia,"https://onemg.gumlet.io/l_watermark_346,w_480,h_480/a_ignore,w_480,h_480,c_fit,q_auto,f_auto/f95ca1189c0f44128146b6fe86be4f77.jpg",Torrent Pharmaceuticals Ltd,0,33,67
Hairmax Forte Solution,Hydrocortisone (0.01% w/v) + Minoxidil (5% w/v) + Tretinoin (0.025% w/v),Treatment of Hair loss,Itching Rash Application site redness Headache,"https://onemg.gumlet.io/l_watermark_346,w_480,h_480/a_ignore,w_480,h_480,c_fit,q_auto,f_auto/cropped/snlpdroyhtkjaqezpeyx.jpg",Apple Therapeutics Pvt Ltd,27,45,28
Heparid Syrup,Silymarin (NA), Chronic liver disease Liver cirrhosis,Nausea Bloating Diarrhea Indigestion Loss of appetite Stomach pain Upset stomach Back pain Hair loss Dizziness Itching Rash,"https://onemg.gumlet.io/l_watermark_346,w_480,h_480/a_ignore,w_480,h_480,c_fit,q_auto,f_auto/cropped/dwuq7oshegycuww2wms6.jpg",Geno Pharmaceuticals Ltd,0,33,67
Hipres 25 Tablet,Atenolol (25mg),Treatment of Hypertension (high blood pressure)Treatment of Angina (heart-related chest pain)Treatment of ArrhythmiaPrevention of Heart attack,Fatigue Slow heart rate Cold extremities Gastrointestinal disturbance,"https://onemg.gumlet.io/l_watermark_346,w_480,h_480/a_ignore,w_480,h_480,c_fit,q_auto,f_auto/swbzy1qjlwddcudisuom.jpg",Cipla Ltd,50,50,0
Humalog Mix 25 Kwikpen 100IU/ml,Insulin Lispro (25%) + Insulin Lispro Protamine (75%), Diabetes,Hypoglycemia low blood glucose level Weight gain Infusion site reaction Auto antibody formation,"https://onemg.gumlet.io/l_watermark_346,w_480,h_480/a_ignore,w_480,h_480,c_fit,q_auto,f_auto/j3lbzsqaglqucqs4hvji.jpg",Eli Lilly and Company India Pvt Ltd,30,40,30
Hydrazide 25 Tablet,Hydrochlorothiazide (25mg),Treatment of Hypertension (high blood pressure)Treatment of Edema,Headache Nausea Altered blood lipid level Weakness Dizziness,"https://onemg.gumlet.io/l_watermark_346,w_480,h_480/a_ignore,w_480,h_480,c_fit,q_auto,f_auto/cropped/blnbbdc1tzwz82p4a71y.jpg",Cipla Ltd,100,0,0
Huminsulin N 40IU/ml Injection,Insulin Isophane (40IU), Diabetes,Hypoglycemia low blood glucose level,"https://onemg.gumlet.io/l_watermark_346,w_480,h_480/a_ignore,w_480,h_480,c_fit,q_auto,f_auto/cropped/y4kfkxamtkhrspzagoqx.jpg",Eli Lilly and Company India Pvt Ltd,57,29,14
Hepagard  Granules,L-Ornithine L-Aspartate (3gm),Treatment of Liver  disease,Injection site reactions pain swelling redness,"https://onemg.gumlet.io/l_watermark_346,w_480,h_480/a_ignore,w_480,h_480,c_fit,q_auto,f_auto/ytcyidprqdbowtv73pit.jpg",United Biotech Pvt Ltd,33,53,14
Huminsulin R 100IU/ml Solution for Injection,Human insulin (100IU/ml), Diabetes,Hypoglycemia low blood glucose level Weight gain Injection site reactions pain swelling redness Cold sweat Anxiety Shakiness Hunger pangs Fast heart rate Headache Nervousness,"https://onemg.gumlet.io/l_watermark_346,w_480,h_480/a_ignore,w_480,h_480,c_fit,q_auto,f_auto/cropped/mlo8lbrngmqft6h7sgvp.jpg",Eli Lilly and Company India Pvt Ltd,67,33,0
Huminsulin  50/50 Suspension for Injection 40IU/ml,Insulin Isophane/NPH   (50%) +   Human Insulin/Soluble Insulin (50%), Diabetes,Hypoglycemia low blood glucose level Injection site reactions pain swelling redness Weight gain,"https://onemg.gumlet.io/l_watermark_346,w_480,h_480/a_ignore,w_480,h_480,c_fit,q_auto,f_auto/cropped/pxhg5zdg3zxdjpfwgfcf.jpg",Eli Lilly and Company India Pvt Ltd,11,78,11
Halovate Lotion,Halobetasol (0.05% w/v), Skin conditions with inflammation & itching,Application site reactions burning irritation itching and redness,"https://onemg.gumlet.io/l_watermark_346,w_480,h_480/a_ignore,w_480,h_480,c_fit,q_auto,f_auto/c51d2fc1c7a44ed2858f8010f6852b79.jpg",Glenmark Pharmaceuticals Ltd,89,11,0
Halotop Lotion,Halobetasol (0.05% w/v), Skin conditions with inflammation & itching,Application site reactions burning irritation itching and redness,"https://onemg.gumlet.io/l_watermark_346,w_480,h_480/a_ignore,w_480,h_480,c_fit,q_auto,f_auto/cropped/h7b18hcfsk2i1ww59hgl.jpg",Ipca Laboratories Ltd,19,29,52
Hhfexo 120mg Tablet,Fexofenadine (120mg),Treatment of Sneezing and runny nose due to allergiesTreatment of Allergic conditions,Headache Drowsiness Dizziness Nausea,"https://onemg.gumlet.io/l_watermark_346,w_480,h_480/a_ignore,w_480,h_480,c_fit,q_auto,f_auto/c2c2bd8e2a1747ab90f9b60cb4a67bce.jpg",Hegde and Hegde Pharmaceutical LLP,0,67,33
Haloderm Cream,Halobetasol (0.05% w/w), Skin conditions with inflammation & itching,Application site reactions burning irritation itching and redness,"https://onemg.gumlet.io/l_watermark_346,w_480,h_480/a_ignore,w_480,h_480,c_fit,q_auto,f_auto/cropped/ounb3svx2fo1ixygvtdi.jpg",Micro Labs Ltd,29,33,38
Hydroeyes HS Eye Drop,Ciclosporin (0.1% w/v), Dry eyes,Blurred vision Burning sensation in eye Headache High blood pressure Renal dysfunction Tremors Increased glucose level in blood Paresthesia tingling or pricking sensation Acne Decreased white blood cell count Increased levels of blood fat Decreased appetite Increased uric acid level in blood Electrolyte imbalance Convulsion Flushing sense of warmth in the face ears neck and trunk Gastrointestinal disturbance Gingival hyperplasia Stomach ulcer Abnormal liver function Excessive hair growth on face Hypertrichosis excessive hair growth Muscle cramp Muscle pain Fever Fatigue,"https://onemg.gumlet.io/l_watermark_346,w_480,h_480/a_ignore,w_480,h_480,c_fit,q_auto,f_auto/bs40vxpdtyyrzgyrwq38.jpg",Lupin Ltd,67,33,0
Hirudal Cream,Mucopolysaccharide Polysulfate (250IU/gm), Thrombophlebitis,Skin rash Itching,"https://onemg.gumlet.io/l_watermark_346,w_480,h_480/a_ignore,w_480,h_480,c_fit,q_auto,f_auto/h0iluvqlzzb7k3dbvmuj.jpg",Oaknet Healthcare Pvt Ltd,56,11,33
Heximar Ointment,Calcipotriol (0.005% w/w), Psoriasis,Dry skin Skin irritation Itching Burning sensation Stinging sensation Rash,"https://onemg.gumlet.io/l_watermark_346,w_480,h_480/a_ignore,w_480,h_480,c_fit,q_auto,f_auto/xxqzqyxtkqwwwpyktwxd.jpg",A. Menarini India Pvt Ltd,100,0,0
Histakem 180mg Tablet,Fexofenadine (180mg),Treatment of Sneezing and runny nose due to allergiesTreatment of Allergic conditions,Headache Drowsiness Dizziness Nausea,"https://onemg.gumlet.io/l_watermark_346,w_480,h_480/a_ignore,w_480,h_480,c_fit,q_auto,f_auto/4515aaeb67324c3f9bbf8613caca9600.jpg",Alkem Laboratories Ltd,0,0,100
Hydrogem 500mg Capsule,Hydroxyurea (500mg), Head and neck cancer Sickle cell anemia,Hematological disorder Gastrointestinal disorder Eating disorder Azoospermia absence of sperms Decreased appetite Fever Oligospermia low sperm count Skin cancer Bone marrow suppression Hallucination Convulsion Peripheral neuropathy tingling and numbness of feet and hand Pulmonary fibrosis Pulmonary edema Pancreatic inflammation Liver toxicity Cutaneous vasculitis Increased uric acid level in blood,"https://onemg.gumlet.io/l_watermark_346,w_480,h_480/a_ignore,w_480,h_480,c_fit,q_auto,f_auto/a24dfee62d2b4fa0bf9f7979c252e6c9.jpg",Neon Laboratories Ltd,33,67,0
Hylogel Gel,Hyaluronic Acid (0.2% w/w), Wrinkles,Limited data available,"https://onemg.gumlet.io/l_watermark_346,w_480,h_480/a_ignore,w_480,h_480,c_fit,q_auto,f_auto/e64fb416ac0244c3911a7d2fb69a042e.jpg",Mil Laboratories Pvt Ltd,33,34,33
Happi 40 Tablet,Rabeprazole (40mg),Treatment of Gastroesophageal reflux disease (Acid reflux)Treatment of Peptic ulcer diseaseTreatment of Zollinger-Ellison syndrome,Diarrhea Dizziness Flatulence Headache Nausea Sore throat Stomach pain Vomiting,"https://onemg.gumlet.io/l_watermark_346,w_480,h_480/a_ignore,w_480,h_480,c_fit,q_auto,f_auto/ud78im7wehg2cdwwrzje.jpg",Zydus Cadila,33,67,0
Halonova S Ointment,Halobetasol (0.05% w/w) + Salicylic Acid (3% w/w), Eczema Psoriasis,Burning sensation Stinging sensation,"https://onemg.gumlet.io/l_watermark_346,w_480,h_480/a_ignore,w_480,h_480,c_fit,q_auto,f_auto/cropped/w9l91gykur0vizax2m97.jpg",Torrent Pharmaceuticals Ltd,50,39,11
Hemsyl Cvp Tablet,Ethamsylate (500mg) + Menadione (20mcg) + Citrus Bioflavonoid (150mg) + Tribasic Calcium Phosphate (144mg), Bleeding,Headache Nausea Diarrhea Rash,"https://onemg.gumlet.io/l_watermark_346,w_480,h_480/a_ignore,w_480,h_480,c_fit,q_auto,f_auto/b5fd3863eeee446abc37d26aa63ef371.jpg",Indoco Remedies Ltd,25,25,50
Hytrin 2 Tablet,Terazosin (2mg), Hypertension (high blood pressure),Dizziness Headache Drowsiness Low energy Weakness Palpitations Nausea,"https://onemg.gumlet.io/l_watermark_346,w_480,h_480/a_ignore,w_480,h_480,c_fit,q_auto,f_auto/cropped/csvhqzx2ib7agukyfiz0.jpg",Abbott,56,44,0
Hosit-L Tablet,Levo-carnitine (500mg) + Methylcobalamin (500mcg) + Folic Acid (1.5mg),Treatment of Nutritional deficiencies,Nausea Vomiting Headache,"https://onemg.gumlet.io/l_watermark_346,w_480,h_480/a_ignore,w_480,h_480,c_fit,q_auto,f_auto/cropped/dzje6mdltyelh0snepau.jpg",Emcure Pharmaceuticals Ltd,56,11,33
Hepabsv 100IU Injection,Human Hepatitis B Immunoglobulin (100IU), Prevention of Hepatitis B infection,Flushing sense of warmth in the face ears neck and trunk Gastrointestinal disturbance Headache Dizziness Injection site reactions pain swelling redness,"https://onemg.gumlet.io/l_watermark_346,w_480,h_480/a_ignore,w_480,h_480,c_fit,q_auto,f_auto/e5540fb40c90428db7100a3ffcf8c082.jpg",Bharat Serums & Vaccines Ltd,0,0,100
HH Salic 6 Ointment,Mometasone (0.10% w/w) + Salicylic Acid (6.50% w/w), Eczema Psoriasis,Itching Burning sensation Erythema skin redness Scaling,"https://onemg.gumlet.io/l_watermark_346,w_480,h_480/a_ignore,w_480,h_480,c_fit,q_auto,f_auto/cropped/kzz5fpxmpkq3gtprnbpb.jpg",Hegde and Hegde Pharmaceutical LLP,29,38,33
Hep Lock Solution,Heparin (10IU),Prevention of Blood clots,Bleeding Erythema skin redness,"https://onemg.gumlet.io/l_watermark_346,w_480,h_480/a_ignore,w_480,h_480,c_fit,q_auto,f_auto/888be79262a1484ab0f2d8dbe5c9bb05.jpg",Gland Pharma Limited,67,33,0
Humstard 30/70 Injection 40IU/ml,Insulin Isophane/NPH   (70%) +   Human Insulin/Soluble Insulin (30%), Diabetes,Hypoglycemia low blood glucose level Injection site reactions pain swelling redness Weight gain,"https://onemg.gumlet.io/l_watermark_346,w_480,h_480/a_ignore,w_480,h_480,c_fit,q_auto,f_auto/e72b5debd1ef4f5c8b9ccdd4e5c1202d.jpg",Cadila Pharmaceuticals Ltd,37,40,23
Herpikind 200 Tablet DT,Acyclovir (200mg), Herpes Simplex Virus Infections Chickenpox Herpes labialis Shingles Genital herpes infection,Headache Dizziness Vomiting Nausea Fatigue Fever Stomach pain Diarrhea Skin rash Photophobia,"https://onemg.gumlet.io/l_watermark_346,w_480,h_480/a_ignore,w_480,h_480,c_fit,q_auto,f_auto/3157eeb22d274b94b770bf0395fb0b35.jpg",Mankind Pharma Ltd,50,50,0
Hexilak Gel,Allium Cepa (0.1gm) + Allantoin (0.01gm) + Heparin (50IU), Burns Stretch Marks,No common side effects seen,"https://onemg.gumlet.io/l_watermark_346,w_480,h_480/a_ignore,w_480,h_480,c_fit,q_auto,f_auto/506d8c6221714207bbfa75b0ef0aa1ef.jpg",A. Menarini India Pvt Ltd,10,28,62
Hilin 50 Capsule,Diacerein (50mg), Osteoarthritis,Diarrhea Urine discoloration,"https://onemg.gumlet.io/l_watermark_346,w_480,h_480/a_ignore,w_480,h_480,c_fit,q_auto,f_auto/a91bfd1b334d4f72b434f1faa836c320.jpg",Dr Reddy's Laboratories Ltd,11,61,28
Hopace-MT 50 Tablet ER,Metoprolol Succinate (50mg) + Ramipril (5mg), Hypertension (high blood pressure),Nausea Taste change Vomiting Diarrhea Constipation Cough Dizziness Weakness Headache Cold extremities Slow heart rate Numbness of extremity Increased potassium level in blood Decreased blood pressure,"https://onemg.gumlet.io/l_watermark_346,w_480,h_480/a_ignore,w_480,h_480,c_fit,q_auto,f_auto/3b690aebe56447b3a08ff3ee69e0cf4d.jpg",Micro Labs Ltd,56,44,0
HHCepo 100mg Dry Syrup,Cefpodoxime Proxetil (100mg/5ml),Treatment of Bacterial infections,Abdominal pain Rash Nausea Diarrhea,"https://onemg.gumlet.io/l_watermark_346,w_480,h_480/a_ignore,w_480,h_480,c_fit,q_auto,f_auto/17311e30437d44e7bba89f56569dfaa7.jpg",Hegde and Hegde Pharmaceutical LLP,67,33,0
Hylo Grev Eye Drop,Sodium Hyaluronate (0.1% w/v),Treatment of Dry eyes,Limited data available,"https://onemg.gumlet.io/l_watermark_346,w_480,h_480/a_ignore,w_480,h_480,c_fit,q_auto,f_auto/cropped/jwnvpipljmdzkvv2alok.jpg",Grevis Pharmaceuticals Pvt Ltd,0,33,67
Halox S Ointment,Halobetasol (0.05% w/w) + Salicylic Acid (3% w/w), Eczema Psoriasis,Burning sensation Stinging sensation,"https://onemg.gumlet.io/l_watermark_346,w_480,h_480/a_ignore,w_480,h_480,c_fit,q_auto,f_auto/ubo1gjo9vsoltqfr8ph0.jpg",Sun Pharmaceutical Industries Ltd,36,28,36
Hyphoral Tablet,Ketoconazole (200mg), Fungal infections,Nausea Vomiting Abdominal pain Increased liver enzymes Application site redness Itching Diarrhea Abnormal liver function tests Adrenal insufficiency Application site burning,"https://onemg.gumlet.io/l_watermark_346,w_480,h_480/a_ignore,w_480,h_480,c_fit,q_auto,f_auto/cropped/qkqlwivh996cod7lnos6.jpg",Ipca Laboratories Ltd,42,25,33
Hyrax 10mg Syrup,Hydroxyzine (10mg),Treatment of AnxietyTreatment of Skin conditions with inflammation & itching,Sedation Nausea Vomiting Upset stomach Constipation,"https://onemg.gumlet.io/l_watermark_346,w_480,h_480/a_ignore,w_480,h_480,c_fit,q_auto,f_auto/c973zy8bo0ps8dzbvzbq.jpg",Palsons Derma,0,0,100
Hycort 100mg Injection,Hydrocortisone (100mg), Severe allergic reactionsTreatment of Allergic conditionsTreatment of CancerTreatment of Skin disordersTreatment of Eye disorders,Injection site reactions pain swelling redness Mood changes Increased risk of infection Weight gain,"https://onemg.gumlet.io/l_watermark_346,w_480,h_480/a_ignore,w_480,h_480,c_fit,q_auto,f_auto/8ca372fc06b54b15b5dfa9c2ce6f3abc.jpg",Alkem Laboratories Ltd,33,67,0
Halonova Cream,Halobetasol (0.05% w/w), Skin conditions with inflammation & itching,Application site reactions burning irritation itching and redness,"https://onemg.gumlet.io/l_watermark_346,w_480,h_480/a_ignore,w_480,h_480,c_fit,q_auto,f_auto/cropped/zdaes4ojvzfafgvmcghq.jpg",Torrent Pharmaceuticals Ltd,56,22,22
Hatric 2 Oral Drops,Chlorpheniramine Maleate (1mg/ml) + Phenylephrine (2.5mg/ml),Treatment of Common cold,Vomiting Headache Restlessness Anxiety Dizziness Tremors Pale skin High blood pressure Seizure Cerebral hemorrhage Palpitations Paresthesia tingling or pricking sensation Abdominal pain Allergic reaction Decreased appetite Blurred vision Dry nose Dry throat Excitement Rash,"https://onemg.gumlet.io/l_watermark_346,w_480,h_480/a_ignore,w_480,h_480,c_fit,q_auto,f_auto/1942907dca5442dfa36fc30eedecaef7.jpg",Aristo Pharmaceuticals Pvt Ltd,33,67,0
HH Salic Ointment,Mometasone (0.1% w/w) + Salicylic Acid (3.5% w/w), Eczema Psoriasis,Itching Burning sensation Erythema skin redness Scaling,"https://onemg.gumlet.io/l_watermark_346,w_480,h_480/a_ignore,w_480,h_480,c_fit,q_auto,f_auto/cropped/yd1kuyupltjg3klyeif5.jpg",Hegde and Hegde Pharmaceutical LLP,43,43,14
Humog 150 Injection,Menotrophin (150IU), Female infertility Male hypogonadism Male infertility,Headache Injection site pain Injection site allergic reaction Abdominal pain Abdominal cramp Nausea Ovarian hyperstimulation syndrome,"https://onemg.gumlet.io/l_watermark_346,w_480,h_480/a_ignore,w_480,h_480,c_fit,q_auto,f_auto/fac523becf98474baebc3002f68fc328.jpg",Bharat Serums & Vaccines Ltd,10,42,48
Hhamclav Dry Syrup,Amoxycillin  (200mg/5ml) +  Clavulanic Acid (28.5mg/5ml),Treatment of Resistant Tuberculosis (TB)Treatment of Bacterial infections,Abdominal pain Allergy Vomiting Nausea Diarrhea Mucocutaneous candidiasis,"https://onemg.gumlet.io/l_watermark_346,w_480,h_480/a_ignore,w_480,h_480,c_fit,q_auto,f_auto/4df97d2aeae04a41b312d2a0932000d2.jpg",Hegde and Hegde Pharmaceutical LLP,33,34,33
Hylowell Eye Drop,Sodium Hyaluronate (0.1% w/v),Treatment of Dry eyes,Limited data available,"https://onemg.gumlet.io/l_watermark_346,w_480,h_480/a_ignore,w_480,h_480,c_fit,q_auto,f_auto/cropped/mjbdxya0jbic4taqhabt.jpg",Nutratec Pharmaceuticals,33,67,0
Hista 3G Tablet,Montelukast (10mg) + Fexofenadine (120mg),Treatment of Sneezing and runny nose due to allergies,Nausea Diarrhea Vomiting Skin rash Flu like symptoms Headache Drowsiness Dizziness,"https://onemg.gumlet.io/l_watermark_346,w_480,h_480/a_ignore,w_480,h_480,c_fit,q_auto,f_auto/cropped/kb3i2y1uo4tlrlspg30d.jpg",Obsurge Biotech Ltd,44,23,33
Humalog Mix 50 Kwikpen 100IU/ml,Insulin Lispro (50%) + Insulin Lispro Protamine (50%), Diabetes,Hypoglycemia low blood glucose level Weight gain Infusion site reaction Auto antibody formation,"https://onemg.gumlet.io/l_watermark_346,w_480,h_480/a_ignore,w_480,h_480,c_fit,q_auto,f_auto/neff2djfaecne1m3u3ry.jpg",Eli Lilly and Company India Pvt Ltd,33,67,0
Hylumax Eye Drop,Sodium Hyaluronate (0.1% w/v),Treatment of Dry eyes,Limited data available,"https://onemg.gumlet.io/l_watermark_346,w_480,h_480/a_ignore,w_480,h_480,c_fit,q_auto,f_auto/cropped/lwwqbbpc3ini2qsm8nob.jpg",Nri Vision Care India Limited,0,50,50
Helirab 20 Tablet,Rabeprazole (20mg),Treatment of Gastroesophageal reflux disease (Acid reflux)Treatment of Peptic ulcer diseaseTreatment of Zollinger-Ellison syndrome,Diarrhea Dizziness Flatulence Headache Nausea Sore throat Stomach pain Vomiting,"https://onemg.gumlet.io/l_watermark_346,w_480,h_480/a_ignore,w_480,h_480,c_fit,q_auto,f_auto/cropped/huvrtkq35xfmiueto7po.jpg",Micro Labs Ltd,100,0,0
Hicet Syrup,Cetirizine (5mg/5ml),Treatment of Allergic conditions,Nausea Muscle pain Edema swelling Sleepiness Fatigue Vomiting Dryness in mouth Headache Constipation,"https://onemg.gumlet.io/l_watermark_346,w_480,h_480/a_ignore,w_480,h_480,c_fit,q_auto,f_auto/noxcudlnvz0dpcjytgzj.jpg",Micro Labs Ltd,0,50,50
Halosys-S Lotion,Halobetasol (0.05% w/v) + Salicylic Acid (3% w/v), Eczema Psoriasis,Burning sensation Stinging sensation,"https://onemg.gumlet.io/l_watermark_346,w_480,h_480/a_ignore,w_480,h_480,c_fit,q_auto,f_auto/9faebabfab8a4023a42e83c91b192432.jpg",Systopic Laboratories Pvt Ltd,33,67,0
Hi-D3 60K Capsule,Vitamin D3 (60000IU),Treatment of Vitamin D deficiencyTreatment of Osteoporosis,No common side effects seen,"https://onemg.gumlet.io/l_watermark_346,w_480,h_480/a_ignore,w_480,h_480,c_fit,q_auto,f_auto/29ff7019cb4644ea91d0cd4551e78328.jpg",SAF Fermion Ltd,100,0,0
Hexidine -EP Mouth Wash,Chlorhexidine Gluconate (0.1% w/v),Treatment of Mouth infection,Taste change Staining of teeth Hard Dental Plaque,"https://onemg.gumlet.io/l_watermark_346,w_480,h_480/a_ignore,w_480,h_480,c_fit,q_auto,f_auto/cropped/vlunwhpimsair2xxs6bz.jpg",Icpa Health Products Ltd,33,67,0
Hepexa 300 Tablet,Ursodeoxycholic Acid (300mg),Treatment of Primary biliary cirrhosisTreatment of Gallbladder stones,Abdominal pain Diarrhea Hair loss Itching Nausea Rash,"https://onemg.gumlet.io/l_watermark_346,w_480,h_480/a_ignore,w_480,h_480,c_fit,q_auto,f_auto/xygbh6ntzpidyoxbsidr.jpg",Eris Lifesciences Ltd,0,50,50
Hifenac Gel,Aceclofenac (1.5% w/w), Pain relief,No common side effects seen,"https://onemg.gumlet.io/l_watermark_346,w_480,h_480/a_ignore,w_480,h_480,c_fit,q_auto,f_auto/hyerivht7tasbz9aipmm.jpg",Intas Pharmaceuticals Ltd,67,33,0
Hopace 1.25 Tablet,Ramipril (1.25mg),Treatment of Hypertension (high blood pressure) Prevention of heart attack and strokeTreatment of Heart failure,Dry cough Headache Fatigue,"https://onemg.gumlet.io/l_watermark_346,w_480,h_480/a_ignore,w_480,h_480,c_fit,q_auto,f_auto/60797cb5ff084456ba6d5e7d216b6097.jpg",Micro Labs Ltd,0,50,50
Hepasil 140mg Tablet,Silymarin (140mg), Chronic liver disease Liver cirrhosis,Nausea Bloating Diarrhea Indigestion Loss of appetite Stomach pain Upset stomach Back pain Hair loss Dizziness Itching Rash,"https://onemg.gumlet.io/l_watermark_346,w_480,h_480/a_ignore,w_480,h_480,c_fit,q_auto,f_auto/4574143bd77b4a77a967346090f7a361.jpg",Signova Pharma Pvt Ltd,100,0,0
Hytel 40mg Tablet,Telmisartan (40mg),Treatment of Hypertension (high blood pressure) Prevention of heart attack and strokeTreatment of Heart failure,Upper respiratory tract infection Sinus infection Back pain Diarrhea,"https://onemg.gumlet.io/l_watermark_346,w_480,h_480/a_ignore,w_480,h_480,c_fit,q_auto,f_auto/12b26d809699436c81158b0b1cff1708.jpg",East West Pharma,58,42,0
Huminsulin N 100IU/ml Cartridge,Insulin Isophane (100IU/ml), Diabetes,Hypoglycemia low blood glucose level,"https://onemg.gumlet.io/l_watermark_346,w_480,h_480/a_ignore,w_480,h_480,c_fit,q_auto,f_auto/g4wggtxr5ruupic48drz.jpg",Eli Lilly and Company India Pvt Ltd,44,34,22
Hisone 20mg Tablet,Hydrocortisone (20mg), Severe allergic reactionsTreatment of Allergic conditionsTreatment of CancerTreatment of Skin disordersTreatment of Eye disorders,Dizziness Headache Ankle swelling Weakness,"https://onemg.gumlet.io/l_watermark_346,w_480,h_480/a_ignore,w_480,h_480,c_fit,q_auto,f_auto/mj7zvjwtnbtu7vfo3g2i.jpg",Samarth Life Sciences Pvt Ltd,33,67,0
Haloderm S Ointment,Halobetasol (0.05% w/w) + Salicylic Acid (3% w/w), Eczema Psoriasis,Burning sensation Stinging sensation,"https://onemg.gumlet.io/l_watermark_346,w_480,h_480/a_ignore,w_480,h_480,c_fit,q_auto,f_auto/cropped/xqvo5wj3wk3zh4iu9egz.jpg",Micro Labs Ltd,11,61,28
Hald SR 400 Tablet,Progesterone (Natural Micronized) (400mg), Hormone replacement therapyTreatment of Female infertility,Abdominal pain Nausea Abnormal vaginal bleeding Edema swelling Hair loss Abdominal bloating Headache Breast pain Vomiting Vaginal yeast infection,"https://onemg.gumlet.io/l_watermark_346,w_480,h_480/a_ignore,w_480,h_480,c_fit,q_auto,f_auto/cropped/ly7guajpgqxbkgwkbsru.jpg",Intas Pharmaceuticals Ltd,33,17,50
Hyaluron 200mg Tablet,Hyaluronic Acid (200mg), Osteoarthritis,Limited data available,"https://onemg.gumlet.io/l_watermark_346,w_480,h_480/a_ignore,w_480,h_480,c_fit,q_auto,f_auto/b4d7b3c1104a4dfb97323b91a88ce7c5.jpg",Bioceutics Inc,67,33,0
Haloderm Cream,Halobetasol (0.05% w/w), Skin conditions with inflammation & itching,Application site reactions burning irritation itching and redness,"https://onemg.gumlet.io/l_watermark_346,w_480,h_480/a_ignore,w_480,h_480,c_fit,q_auto,f_auto/cropped/tf9adah87yvpjlxmqkkf.jpg",Micro Labs Ltd,33,34,33
Habiccor Ointment,Halobetasol (0.05% w/w), Skin conditions with inflammation & itching,Application site reactions burning irritation itching and redness,"https://onemg.gumlet.io/l_watermark_346,w_480,h_480/a_ignore,w_480,h_480,c_fit,q_auto,f_auto/0a74ed7c48944ca78d491abf55dc7e3a.jpg",Alembic Pharmaceuticals Ltd,100,0,0
Hqtor 400 Tablet,Hydroxychloroquine (400mg),Treatment of Rheumatoid arthritisTreatment of Systemic lupus erythematosus (SLE)Treatment of Type 2 diabetes mellitus,Blurred vision Headache Diarrhea Abdominal pain Vomiting Nausea Decreased appetite Skin rash Itching Affect lability,"https://onemg.gumlet.io/l_watermark_346,w_480,h_480/a_ignore,w_480,h_480,c_fit,q_auto,f_auto/a8cfa14240af4420acda72f993188c2f.jpg",Torrent Pharmaceuticals Ltd,44,56,0
Hairlife 5% Solution,Minoxidil (5% w/v),Treatment of Hair loss,Itching Chest pain Headache Hypertrichosis excessive hair growth Rash Dermatitis Hypersensitivity Weight gain Fluid retention Tachycardia,"https://onemg.gumlet.io/l_watermark_346,w_480,h_480/a_ignore,w_480,h_480,c_fit,q_auto,f_auto/cropped/umb2oerbtyyznjs5fcqj.jpg",MDC Pharmaceuticals  Pvt Ltd,17,83,0
Hepcinat Tablet,Sofosbuvir (400mg), Chronic hepatitis C virus (HCV) infection,Fatigue Nausea Headache Insomnia difficulty in sleeping Anemia low number of red blood cells,"https://onemg.gumlet.io/l_watermark_346,w_480,h_480/a_ignore,w_480,h_480,c_fit,q_auto,f_auto/dwk4uzki7pzk9ozy9pkg.jpg",Natco Pharma Ltd,33,34,33
Humalog 200IU/ml Kwikpen,Insulin Lispro (200IU),Treatment of Diabetes,Hypoglycemia low blood glucose level,"https://onemg.gumlet.io/l_watermark_346,w_480,h_480/a_ignore,w_480,h_480,c_fit,q_auto,f_auto/bc32jpru6my4ajvrjodz.jpg",Eli Lilly and Company India Pvt Ltd,33,34,33
HHlevo-M Kid Tablet DT,Levocetirizine (2.5mg) + Montelukast (4mg),Treatment of Sneezing and runny nose due to allergiesTreatment of Hay feverTreatment of Allergic skin conditions,Rash Nausea Diarrhea Dryness in mouth Fatigue Headache Skin rash Sleepiness Vomiting,"https://onemg.gumlet.io/l_watermark_346,w_480,h_480/a_ignore,w_480,h_480,c_fit,q_auto,f_auto/cropped/zgkktwbznvdjq4krpoes.jpg",Hegde and Hegde Pharmaceutical LLP,0,33,67
Habiccor Ointment,Halobetasol (0.05% w/w), Skin conditions with inflammation & itching,Application site reactions burning irritation itching and redness,"https://onemg.gumlet.io/l_watermark_346,w_480,h_480/a_ignore,w_480,h_480,c_fit,q_auto,f_auto/c925a787706f4618a80c7400bbdcb5e3.jpg",Alembic Pharmaceuticals Ltd,17,33,50
Hep 25 Injection,Heparin (25000IU),Prevention of Blood clots,Bleeding Erythema skin redness,"https://onemg.gumlet.io/l_watermark_346,w_480,h_480/a_ignore,w_480,h_480,c_fit,q_auto,f_auto/94e6c6b815a24af08c3a40381175f2ca.jpg",Gland Pharma Limited,50,17,33
Hypig Cream,Hydroquinone (4% w/w), Melasma,Erythema skin redness Dryness and fissuring of paranasal and infraorbital areas Stinging sensation,"https://onemg.gumlet.io/l_watermark_346,w_480,h_480/a_ignore,w_480,h_480,c_fit,q_auto,f_auto/cropped/b2sd3emivpwy4f9vx6h0.jpg",Dermo Care Laboratories,42,41,17
Halobet Cream,Halobetasol (0.05% w/w), Skin conditions with inflammation & itching,Application site reactions burning irritation itching and redness,"https://onemg.gumlet.io/l_watermark_346,w_480,h_480/a_ignore,w_480,h_480,c_fit,q_auto,f_auto/cropped/aoa4ppzyaykyphrkpasx.jpg",Ajanta Pharma Ltd,33,67,0
Hopace-H 5 Capsule,Ramipril (5mg) + Hydrochlorothiazide (12.5mg), Hypertension (high blood pressure),Nausea Indigestion Taste change Diarrhea Stomach pain Headache Dizziness Weakness Glucose intolerance Increased uric acid level in blood Increased blood lipid level Electrolyte imbalance Cough Decreased blood pressure,"https://onemg.gumlet.io/l_watermark_346,w_480,h_480/a_ignore,w_480,h_480,c_fit,q_auto,f_auto/cropped/acrmah9skszlifp2horg.jpg",Micro Labs Ltd,33,67,0
Hipril A Tablet,Amlodipine (5mg) + Lisinopril (5mg), Hypertension (high blood pressure),Ankle swelling Headache Tiredness Palpitations Increased potassium level in blood Sleepiness Cough Taste change Flushing sense of warmth in the face ears neck and trunk Decreased blood pressure Upset stomach,"https://onemg.gumlet.io/l_watermark_346,w_480,h_480/a_ignore,w_480,h_480,c_fit,q_auto,f_auto/cropped/wyn96wttwpeucrfd4nvk.jpg",Micro Labs Ltd,57,36,7
Hairjoy 2% Solution,Minoxidil (2% w/v) + Aminexil (1.5% w/v), Hair loss,Itching Headache Hypertrichosis excessive hair growth Rash Dermatitis,"https://onemg.gumlet.io/l_watermark_346,w_480,h_480/a_ignore,w_480,h_480,c_fit,q_auto,f_auto/cropped/ewkadonpne6aunooglty.jpg",Torrent Pharmaceuticals Ltd,7,48,45
Happicid Oral Gel Ice Mint Sugar Free,Oxetacaine (10mg) + Aluminium Hydroxide (600mg) + Magnesium (300mg) + Simethicone (25mg),Treatment of AcidityTreatment of Stomach ulcersTreatment of Bloating,Constipation Diarrhea Allergic reaction,"https://onemg.gumlet.io/l_watermark_346,w_480,h_480/a_ignore,w_480,h_480,c_fit,q_auto,f_auto/7cb7247b7ed743c3909d7d9cadade618.jpg",Zydus Cadila,47,33,20
Halofast S Ointment,Halobetasol (0.05% w/w) + Salicylic Acid (6% w/w), Eczema Psoriasis,Burning sensation Stinging sensation,"https://onemg.gumlet.io/l_watermark_346,w_480,h_480/a_ignore,w_480,h_480,c_fit,q_auto,f_auto/cropped/mdcjpe9ntbsshk7ucxuu.png",Rockmed Pharma Pvt. Ltd.,22,78,0
Hicet-AX Tablet SR,Cetirizine (10mg) + Ambroxol (75mg),Treatment of Cough,Upset stomach Dryness in mouth Fatigue Dizziness Sedation Allergic reaction,"https://onemg.gumlet.io/l_watermark_346,w_480,h_480/a_ignore,w_480,h_480,c_fit,q_auto,f_auto/d61c562492a94e148f5bd46f86b574e3.jpg",Micro Labs Ltd,67,33,0
Hysoft Moisturizing Cream,Hydrocortisone (0.1% w/w),Treatment of Eczema Severe allergic reactionsTreatment of Allergic conditionsTreatment of CancerTreatment of Skin disordersTreatment of Eye disorders,Application site reactions burning irritation itching and redness,"https://onemg.gumlet.io/l_watermark_346,w_480,h_480/a_ignore,w_480,h_480,c_fit,q_auto,f_auto/cropped/ayfdfhkvenwesyj7ye5c.png",Ajanta Pharma Ltd,83,17,0
Hemocit-P Tablet,Citicoline (500mg) + Piracetam (800mg), Stroke,Weight gain Hyperactivity Stomach pain Nervousness Diarrhea Decreased blood pressure,"https://onemg.gumlet.io/l_watermark_346,w_480,h_480/a_ignore,w_480,h_480,c_fit,q_auto,f_auto/155dea6c4b9249f7b77f667d3982558f.jpg",Aspen Pharma,67,33,0
Halonext 0.05% Lotion,Halobetasol (0.05% w/v), Skin conditions with inflammation & itching,Application site reactions burning irritation itching and redness,"https://onemg.gumlet.io/l_watermark_346,w_480,h_480/a_ignore,w_480,h_480,c_fit,q_auto,f_auto/e19689eef5f046daa209eac462105b36.jpg",Canixa Life Sciences Pvt,67,33,0
Halomesh Cream,Halobetasol (0.05% w/w), Skin conditions with inflammation & itching,Application site reactions burning irritation itching and redness,"https://onemg.gumlet.io/l_watermark_346,w_480,h_480/a_ignore,w_480,h_480,c_fit,q_auto,f_auto/17cd940ce8bd4086978dc8897cb19eac.jpg",Apex Laboratories Pvt Ltd,47,33,20
H-One Cream,Hydroquinone (4% w/w), Melasma,Erythema skin redness Dryness and fissuring of paranasal and infraorbital areas Stinging sensation,"https://onemg.gumlet.io/l_watermark_346,w_480,h_480/a_ignore,w_480,h_480,c_fit,q_auto,f_auto/cropped/pnxgtgxl3c0zgcts1k8c.jpg",Bio Swizz Pharmaceuticals,19,52,29
Halostrol S 6% Ointment,Halobetasol (0.05% w/w) + Salicylic Acid (6% w/w), Eczema Psoriasis,Burning sensation Stinging sensation,"https://onemg.gumlet.io/l_watermark_346,w_480,h_480/a_ignore,w_480,h_480,c_fit,q_auto,f_auto/7810009741d74833996892d91287b06d.jpg",East West Pharma,50,50,0
Histacross L 10mg Tablet,Levocetirizine (10mg),Treatment of Allergic conditions,Sleepiness Fatigue Dryness in mouth Headache Vomiting Nasopharyngitis inflammation of the throat and nasal passages,"https://onemg.gumlet.io/l_watermark_346,w_480,h_480/a_ignore,w_480,h_480,c_fit,q_auto,f_auto/c240444febe5422091ed6b337a7b79cc.jpg",Amwill Healthcare,67,33,0
Hep Grow Tablet,L-Ornithine L-Aspartate (1000mg),Treatment of Liver  disease,Injection site reactions pain swelling redness,"https://onemg.gumlet.io/l_watermark_346,w_480,h_480/a_ignore,w_480,h_480,c_fit,q_auto,f_auto/cropped/ps0emhrxuqthbxbbipix.jpg",Nexeum Pharmaceuticals,100,0,0
Hicool PF Eye Gel,Hydroxypropylmethylcellulose (2% w/w), Dry eyes,Blurred vision Eye irritation Eye pain Eye redness Foreign body sensation in eyes,"https://onemg.gumlet.io/l_watermark_346,w_480,h_480/a_ignore,w_480,h_480,c_fit,q_auto,f_auto/d7ee3dd245fe453a8d9eaf3386ca4a9a.jpg",Hicare Pharma,47,33,20
Hmet Trio 2mg/500mg/0.3mg Tablet,Glimepiride (2mg) + Metformin (500mg) + Voglibose (0.3mg),Treatment of Type 2 diabetes mellitus,Nausea Diarrhea Abdominal pain Hypoglycemia low blood glucose level,"https://onemg.gumlet.io/l_watermark_346,w_480,h_480/a_ignore,w_480,h_480,c_fit,q_auto,f_auto/ad271c94d4684bcdb75c44510d68cb7e.jpg",Jarun Pharmaceuticals,67,33,0
Hopecard 5 Capsule,Ramipril (5mg),Treatment of Hypertension (high blood pressure) Prevention of heart attack and strokeTreatment of Heart failure,Dry cough Headache Fatigue,"https://onemg.gumlet.io/l_watermark_346,w_480,h_480/a_ignore,w_480,h_480,c_fit,q_auto,f_auto/cropped/nnt1wterwxq9jsl32fdk.jpg",Aristo Pharmaceuticals Pvt Ltd,100,0,0
Hexab Emulsion,Lindane (1% w/v) + Cetrimide (0.1% w/v), Scabies,Application site reactions burning irritation itching and redness Dry skin,"https://onemg.gumlet.io/l_watermark_346,w_480,h_480/a_ignore,w_480,h_480,c_fit,q_auto,f_auto/cropped/ogbzyfhdgjkk3fhgcyq4.png",Talent India ,28,55,17
Hopecard 2.5 Capsule,Ramipril (2.5mg),Treatment of Hypertension (high blood pressure) Prevention of heart attack and strokeTreatment of Heart failure,Dry cough Headache Fatigue,"https://onemg.gumlet.io/l_watermark_346,w_480,h_480/a_ignore,w_480,h_480,c_fit,q_auto,f_auto/r3cajybrdrpjsw6izskh.jpg",Aristo Pharmaceuticals Pvt Ltd,100,0,0
Hivus-LR 50mg/200mg Tablet,Ritonavir (50mg) + Lopinavir (200mg), HIV infection,Taste change Headache Nausea Vomiting Diarrhea Stomach pain Increased liver enzymes Increased blood lipid level Peripheral neuropathy tingling and numbness of feet and hand,"https://onemg.gumlet.io/l_watermark_346,w_480,h_480/a_ignore,w_480,h_480,c_fit,q_auto,f_auto/734b5a12619d439b8aa5d9b93cce8faf.jpg",Veritaz Healthcare Ltd,28,11,61
Hyde Solution,Hydroquinone (5% w/v), Melasma,Erythema skin redness Dryness and fissuring of paranasal and infraorbital areas Stinging sensation,"https://onemg.gumlet.io/l_watermark_346,w_480,h_480/a_ignore,w_480,h_480,c_fit,q_auto,f_auto/cropped/nbgdxrmk4kglhck6igm2.jpg",A. Menarini India Pvt Ltd,33,40,27
H-Quine Tablet,Hydroxychloroquine (200mg),Treatment of Rheumatoid arthritisTreatment of Systemic lupus erythematosus (SLE)Treatment of Type 2 diabetes mellitus,Blurred vision Headache Diarrhea Abdominal pain Vomiting Nausea Decreased appetite Skin rash Itching Affect lability,"https://onemg.gumlet.io/l_watermark_346,w_480,h_480/a_ignore,w_480,h_480,c_fit,q_auto,f_auto/54d1c960489d45468eb4475203dbb3b6.jpg",Ankaa Pharmaceutical,100,0,0
Hical Suspension,Calcium (625mg/5ml) + Vitamin D3 (125iu/5ml),Treatment and prevention of Calcium deficiency,Constipation Upset stomach,"https://onemg.gumlet.io/l_watermark_346,w_480,h_480/a_ignore,w_480,h_480,c_fit,q_auto,f_auto/cropped/njyaxrhlxjtr5jpqdrcv.jpg",Panbross Pharmaceuticals Pvt  Ltd,67,33,0
Hexolip 500 Tablet,Inositol nicotinate (500mg), Peripheral vascular disease,Dizziness Flushing sense of warmth in the face ears neck and trunk Headache Nausea Vomiting,"https://onemg.gumlet.io/l_watermark_346,w_480,h_480/a_ignore,w_480,h_480,c_fit,q_auto,f_auto/cropped/dzphzbm8ormaekifcasp.jpg",J B Chemicals and Pharmaceuticals Ltd,29,33,38
Histaban 5mg Tablet,Levocetirizine (5mg),Treatment of Allergic conditions,Sleepiness Fatigue Dryness in mouth Headache Vomiting Nasopharyngitis inflammation of the throat and nasal passages,"https://onemg.gumlet.io/l_watermark_346,w_480,h_480/a_ignore,w_480,h_480,c_fit,q_auto,f_auto/72319989bf1d4d8eb41279e5377581d6.jpg",Gracious Pharmaceuticals,83,17,0
HMET-Forte Tablet SR,Metformin (1000mg),Treatment of Type 2 diabetes mellitus,Diarrhea Nausea Vomiting Flatulence,"https://onemg.gumlet.io/l_watermark_346,w_480,h_480/a_ignore,w_480,h_480,c_fit,q_auto,f_auto/2f730e399a264f05bd4b381f93d51eeb.jpg",Jarun Pharmaceuticals,67,33,0
Hypig 15 Cream,Hydroquinone (NA), Melasma,Erythema skin redness Dryness and fissuring of paranasal and infraorbital areas Stinging sensation,"https://onemg.gumlet.io/l_watermark_346,w_480,h_480/a_ignore,w_480,h_480,c_fit,q_auto,f_auto/cropped/osznwszsqvxbsjxx75hm.jpg",Dermo Care Laboratories,0,33,67
Hairshine Ktz Soap,Ketoconazole (1% w/w) + Zinc pyrithione (1% w/w),Treatment of Fungal skin infectionsTreatment of Dandruff,Application site reactions burning irritation itching and redness,"https://onemg.gumlet.io/l_watermark_346,w_480,h_480/a_ignore,w_480,h_480,c_fit,q_auto,f_auto/cropped/izaziljb8xxpfywrb3p4.jpg",Cadila Pharmaceuticals Ltd,0,50,50
Hairouse-MX 2% Solution,Minoxidil (2% w/v),Treatment of Hair loss,Itching Chest pain Headache Hypertrichosis excessive hair growth Rash Dermatitis Hypersensitivity Weight gain Fluid retention Tachycardia,"https://onemg.gumlet.io/l_watermark_346,w_480,h_480/a_ignore,w_480,h_480,c_fit,q_auto,f_auto/cropped/ravyrq4x5vag00fxndae.jpg",Nithyasha Healthcare Pvt Ltd,75,25,0
Hare 10 Spray,Minoxidil (10% w/v),Treatment of Hair loss,Itching Chest pain Headache Hypertrichosis excessive hair growth Rash Dermatitis Hypersensitivity Weight gain Fluid retention Tachycardia,"https://onemg.gumlet.io/l_watermark_346,w_480,h_480/a_ignore,w_480,h_480,c_fit,q_auto,f_auto/cropped/ulw3j4wls0qchjprncij.jpg",Yaher Pharma,33,14,53
Hopecard-H 5/12.5 Capsule,Ramipril (5mg) + Hydrochlorothiazide (12.5mg), Hypertension (high blood pressure),Nausea Indigestion Taste change Diarrhea Stomach pain Headache Dizziness Weakness Glucose intolerance Increased uric acid level in blood Increased blood lipid level Electrolyte imbalance Cough Decreased blood pressure,"https://onemg.gumlet.io/l_watermark_346,w_480,h_480/a_ignore,w_480,h_480,c_fit,q_auto,f_auto/uufmxarck8hrbxprh1tf.jpg",Aristo Pharmaceuticals Pvt Ltd,100,0,0
Hibesor 50mg Tablet,Atenolol (50mg),Treatment of Hypertension (high blood pressure)Treatment of Angina (heart-related chest pain)Treatment of ArrhythmiaPrevention of Heart attack,Fatigue Slow heart rate Cold extremities Gastrointestinal disturbance,"https://onemg.gumlet.io/l_watermark_346,w_480,h_480/a_ignore,w_480,h_480,c_fit,q_auto,f_auto/vmdym0nwj4df7dgsw7jn.jpg",Blue Cross Laboratories Ltd,67,33,0
Heptilose Oral Solution,Lactulose (10gm),Treatment of ConstipationTreatment of Hepatic encephalopathy,Abdominal pain Nausea Vomiting Diarrhea,"https://onemg.gumlet.io/l_watermark_346,w_480,h_480/a_ignore,w_480,h_480,c_fit,q_auto,f_auto/cropped/at7blxvxunnkcskczzrs.jpg",Deevens Pharma,0,33,67
Imatib 100 Tablet,Imatinib mesylate (100mg),Treatment of Cancer,Edema swelling Nausea Vomiting Muscle cramp Musculoskeletal bone muscle or joint pain Diarrhea Rash Fatigue Abdominal pain Bleeding Breathing problems Cough Weight gain Dry eye Dizziness Hemorrhage,"https://onemg.gumlet.io/l_watermark_346,w_480,h_480/a_ignore,w_480,h_480,c_fit,q_auto,f_auto/cropped/brqvbum9aparscx5ouin.jpg",Cipla Ltd,100,0,0
IPCA MMF 500 Tablet,Mycophenolate mofetil (500mg), Prevention of organ rejection in transplant patients,Nausea Vomiting Diarrhea Abdominal pain Headache High blood pressure Decreased white blood cell count neutrophils Fungal infection Low blood platelets Anemia low number of red blood cells Skin cancer Bacterial infection Hypercholesterolemia high cholesterol Viral infection Electrolyte imbalance Gout Weight loss Tremors Convulsion Tumor,"https://onemg.gumlet.io/l_watermark_346,w_480,h_480/a_ignore,w_480,h_480,c_fit,q_auto,f_auto/wwvtoz05g9xzasp0xiem.jpg",Ipca Laboratories Ltd,32,39,29
Inderal LA 20 Tablet SR,Propranolol (20mg),Treatment of PheochromocytomaTreatment of Hypertension (high blood pressure) Prevention of migraineTreatment of AnxietyTreatment of ArrhythmiaPrevention of Heart attackPrevention of Angina (heart-related chest pain)Treatment of Tremors,Tiredness Weakness Raynaud s phenomenon Arrhythmia irregular heartbeats Nausea Vomiting Diarrhea,"https://onemg.gumlet.io/l_watermark_346,w_480,h_480/a_ignore,w_480,h_480,c_fit,q_auto,f_auto/cropped/j74vuzva9tccrjigthky.jpg",Abbott,48,45,7
Imdur 30mg Tablet PR,Isosorbide Mononitrate (30mg),Prevention of Angina (heart-related chest pain),Headache Flushing sense of warmth in the face ears neck and trunk Upper respiratory tract infection Abdominal pain Allergic reaction Chest pain Diarrhea,"https://onemg.gumlet.io/l_watermark_346,w_480,h_480/a_ignore,w_480,h_480,c_fit,q_auto,f_auto/c719a3d122694585bd513be86edf6fc9.jpg",AstraZeneca,56,33,11
Istavel 100mg Tablet,Sitagliptin (100mg),Treatment of Type 2 diabetes mellitus,Nasopharyngitis inflammation of the throat and nasal passages Headache Hypoglycemia low blood glucose level,"https://onemg.gumlet.io/l_watermark_346,w_480,h_480/a_ignore,w_480,h_480,c_fit,q_auto,f_auto/cropped/xz50layqsblbgffrflug.jpg",Sun Pharmaceutical Industries Ltd,44,38,18
Inderal 40 Tablet,Propranolol (40mg),Treatment of PheochromocytomaTreatment of Hypertension (high blood pressure) Prevention of migraineTreatment of AnxietyTreatment of ArrhythmiaPrevention of Heart attackPrevention of Angina (heart-related chest pain)Treatment of Tremors,Tiredness Weakness Raynaud s phenomenon Arrhythmia irregular heartbeats Nausea Vomiting Diarrhea,"https://onemg.gumlet.io/l_watermark_346,w_480,h_480/a_ignore,w_480,h_480,c_fit,q_auto,f_auto/cropped/sha74npjyhaxwlifqaer.jpg",Abbott,30,52,18
ITR Plus Eye Drop,Carboxymethylcellulose (3mg/ml) + Glycerin (10mg/ml) + n-acetylcarnosine (10mg/ml),Treatment of Dry eyes,Application site reactions burning irritation itching and redness,"https://onemg.gumlet.io/l_watermark_346,w_480,h_480/a_ignore,w_480,h_480,c_fit,q_auto,f_auto/b7d0354ed34740b3a4a98503dbe6eb56.jpg",Opticarma India SMC Pvt Ltd,33,67,0
Idrofos 150 Tablet,Ibandronic Acid (150mg),Treatment and prevention of postmenopausal Osteoporosis,Headache Musculoskeletal bone muscle or joint pain Heartburn Diarrhea Indigestion Dizziness Hypercholesterolemia high cholesterol Upper respiratory tract infection Urinary tract infection,"https://onemg.gumlet.io/l_watermark_346,w_480,h_480/a_ignore,w_480,h_480,c_fit,q_auto,f_auto/cropped/zjvio3b44jp8ukjaqncg.jpg",Sun Pharmaceutical Industries Ltd,26,50,24
Indocap Capsule,Indomethacin (25mg), Pain relief,Visual disturbance Vomiting Stomach pain epigastric pain Nausea Indigestion Dizziness Drowsiness Visual disorder,"https://onemg.gumlet.io/l_watermark_346,w_480,h_480/a_ignore,w_480,h_480,c_fit,q_auto,f_auto/cropped/hyigy4oteyt4lebzbsl2.jpg",Jagsonpal Pharmaceuticals Ltd,26,51,23
Istamet 50mg/1000mg Tablet,Sitagliptin  (50mg) +  Metformin (1000mg),Treatment of Type 2 diabetes mellitus,Hypoglycemia low blood glucose level Nausea Vomiting Diarrhea Decreased appetite Abdominal bloating Upper respiratory tract infection,"https://onemg.gumlet.io/l_watermark_346,w_480,h_480/a_ignore,w_480,h_480,c_fit,q_auto,f_auto/sodfg3up8pxdxj5f2n9i.jpg",Sun Pharmaceutical Industries Ltd,38,52,10
Igurati 25mg Tablet,Iguratimod (25mg),Treatment of Rheumatoid arthritis,Liver dysfunction Pneumonia Upper abdominal pain,"https://onemg.gumlet.io/l_watermark_346,w_480,h_480/a_ignore,w_480,h_480,c_fit,q_auto,f_auto/spzjcbmalgt0krg9xce1.jpg",Ipca Laboratories Ltd,0,50,50
IT-Mac 100 Capsule,Itraconazole (100mg),Treatment of Fungal infections,Nausea Abdominal pain Constipation Dizziness Headache Indigestion Vomiting,"https://onemg.gumlet.io/l_watermark_346,w_480,h_480/a_ignore,w_480,h_480,c_fit,q_auto,f_auto/cc10e4305b2d499fa45d4aaf2ee13b59.jpg",Macleods Pharmaceuticals Pvt Ltd,28,44,28
Intacoxia 90 Tablet,Etoricoxib (90mg), Pain relief,Oral ulcer Bronchospasm Increased liver enzymes Esophagitis Stomach pain Diarrhea,"https://onemg.gumlet.io/l_watermark_346,w_480,h_480/a_ignore,w_480,h_480,c_fit,q_auto,f_auto/cropped/czmk0glyg9tzzszynyvz.jpg",Intas Pharmaceuticals Ltd,54,29,17
Ivoral Forte Tablet,Ivermectin  (12mg) +  Albendazole (400mg),Treatment of Worm infections,Nausea Vomiting Diarrhea Loss of appetite Increased liver enzymes Itching Dizziness Swelling of lymph nodes,"https://onemg.gumlet.io/l_watermark_346,w_480,h_480/a_ignore,w_480,h_480,c_fit,q_auto,f_auto/rxokqabvkhrrmrewhbjs.jpg",Zydus Cadila,27,27,46
Indclav 625 Tablet,Amoxycillin  (500mg) +  Clavulanic Acid (125mg),Treatment of Bacterial infections,Vomiting Nausea Diarrhea Mucocutaneous candidiasis,"https://onemg.gumlet.io/l_watermark_346,w_480,h_480/a_ignore,w_480,h_480,c_fit,q_auto,f_auto/cropped/lhqvxr0s8qts2xjxz9zx.jpg",Indchemie Health Specialities Pvt Ltd,14,50,36
Inderal 20mg Tablet,Propranolol (20mg),Treatment of PheochromocytomaTreatment of Hypertension (high blood pressure) Prevention of migraineTreatment of AnxietyTreatment of ArrhythmiaPrevention of Heart attackPrevention of Angina (heart-related chest pain)Treatment of Tremors,Tiredness Weakness Raynaud s phenomenon Arrhythmia irregular heartbeats Nausea Vomiting Diarrhea,"https://onemg.gumlet.io/l_watermark_346,w_480,h_480/a_ignore,w_480,h_480,c_fit,q_auto,f_auto/2d44363c34d34e02a2e4101797f6952c.jpg",Abbott,67,18,15
Intimacy Plus 2 Tablet,Ethinyl Estradiol (0.02mg) + Desogestrel (0.15mg), Contraception,Nausea Stomach pain Headache Irregular uterine bleeding Weight gain Breast pain,"https://onemg.gumlet.io/l_watermark_346,w_480,h_480/a_ignore,w_480,h_480,c_fit,q_auto,f_auto/cropped/fqdyynpdiblifhynil00.jpg",Aristo Pharmaceuticals Pvt Ltd,28,55,17
Itralase 100 Capsule,Itraconazole (100mg),Treatment of Fungal infections,Nausea Abdominal pain Constipation Dizziness Headache Indigestion Vomiting,"https://onemg.gumlet.io/l_watermark_346,w_480,h_480/a_ignore,w_480,h_480,c_fit,q_auto,f_auto/cropped/hmitw6dly82h7ndpz4al.jpg",Cipla Ltd,24,38,38
Istavel 50mg Tablet,Sitagliptin (50mg),Treatment of Type 2 diabetes mellitus,Nasopharyngitis inflammation of the throat and nasal passages Headache Hypoglycemia low blood glucose level,"https://onemg.gumlet.io/l_watermark_346,w_480,h_480/a_ignore,w_480,h_480,c_fit,q_auto,f_auto/cropped/ofr4ylaligs0j0cqqzik.jpg",Sun Pharmaceutical Industries Ltd,60,28,12
Iotim Eye Drop,Timolol (0.5% w/v), Glaucoma Ocular hypertension,Burning eyes Stinging in the eyes,"https://onemg.gumlet.io/l_watermark_346,w_480,h_480/a_ignore,w_480,h_480,c_fit,q_auto,f_auto/cropped/euaziwgnag8t4kpda0pg.jpg",FDC Ltd,38,26,36
Isordil 5 Sublingual tablet,Isosorbide Dinitrate (5mg),Prevention of Angina (heart-related chest pain),Headache,"https://onemg.gumlet.io/l_watermark_346,w_480,h_480/a_ignore,w_480,h_480,c_fit,q_auto,f_auto/rlqx17mbwh6lr1plx02a.jpg",Ipca Laboratories Ltd,21,50,29
Inderal LA 40 Tablet SR,Propranolol (40mg),Treatment of PheochromocytomaTreatment of Hypertension (high blood pressure) Prevention of migraineTreatment of AnxietyTreatment of ArrhythmiaPrevention of Heart attackPrevention of Angina (heart-related chest pain)Treatment of Tremors,Tiredness Weakness Raynaud s phenomenon Arrhythmia irregular heartbeats Nausea Vomiting Diarrhea,"https://onemg.gumlet.io/l_watermark_346,w_480,h_480/a_ignore,w_480,h_480,c_fit,q_auto,f_auto/y1wqiapquiwn4zih26eg.jpg",Abbott,50,42,8
Invokana  100mg Tablet,Canagliflozin (100mg),Treatment of Type 2 diabetes mellitus,Increased thirst Polyuria Urinary tract infection Genital fungal infection Nausea Constipation Rash,"https://onemg.gumlet.io/l_watermark_346,w_480,h_480/a_ignore,w_480,h_480,c_fit,q_auto,f_auto/cropped/cnbimyewlgrrp6xbz4ex.jpg",Johnson & Johnson Ltd,46,42,12
Isolazine Tablet,Isosorbide Dinitrate (20mg) + Hydralazine (37.5mg),Treatment of Heart failure,Headache Dizziness,"https://onemg.gumlet.io/l_watermark_346,w_480,h_480/a_ignore,w_480,h_480,c_fit,q_auto,f_auto/152ce64a3a3945b384ffed6ec8511477.jpg",Lupin Ltd,10,47,43
Imiquad Cream (0.25gm Each),Imiquimod (12.5mg), Genital warts (Skin bumps on or around the genital or anal area) Actinic keratosis Basal cell cancer,Dry skin Application site reactions burning irritation itching and redness Edema swelling Skin flakes Skin ulcer Induration hardening of a normally soft tissue or organ,"https://onemg.gumlet.io/l_watermark_346,w_480,h_480/a_ignore,w_480,h_480,c_fit,q_auto,f_auto/cropped/kljqcrpo5ytmxms6wpue.jpg",Glenmark Pharmaceuticals Ltd,16,51,33
Isryl-M2 Tablet SR,Glimepiride (2mg) + Metformin (500mg),Treatment of Type 2 diabetes mellitus,Hypoglycemia low blood glucose level Headache Nausea Diarrhea Flatulence,"https://onemg.gumlet.io/l_watermark_346,w_480,h_480/a_ignore,w_480,h_480,c_fit,q_auto,f_auto/396007e840314e96b0fde5702d6096d0.jpg",Systopic Laboratories Pvt Ltd,67,33,0
Intacoxia MR 60mg/4mg Tablet,Etoricoxib (60mg) + Thiocolchicoside (4mg),Treatment of Pain due to muscle spasm,Diarrhea Stomach pain Indigestion Flatulence Swelling of hands Feet swelling Flu like symptoms,"https://onemg.gumlet.io/l_watermark_346,w_480,h_480/a_ignore,w_480,h_480,c_fit,q_auto,f_auto/f30c88ada44b4510b81d8e3e7f773b73.jpg",Intas Pharmaceuticals Ltd,0,0,100
Ivepred 4 Tablet,Methylprednisolone (4mg),Treatment of Rheumatic disorderTreatment of Systemic lupus erythematosus (SLE)Treatment of Allergic conditionsTreatment of Eye disordersTreatment of Skin disorders,Thinning of skin Increased risk of infection Reduction in bone density Weight gain Mood changes Upset stomach Behavioral changes,"https://onemg.gumlet.io/l_watermark_346,w_480,h_480/a_ignore,w_480,h_480,c_fit,q_auto,f_auto/47b3e9d9ae2a4b88a191457dd37c9a97.jpg",Sun Pharmaceutical Industries Ltd,42,27,31
Isryl-M1 Tablet SR,Glimepiride (1mg) + Metformin (500mg),Treatment of Type 2 diabetes mellitus,Hypoglycemia low blood glucose level Headache Nausea Diarrhea Flatulence,"https://onemg.gumlet.io/l_watermark_346,w_480,h_480/a_ignore,w_480,h_480,c_fit,q_auto,f_auto/xaxsks0itggir6mqpurw.jpg",Systopic Laboratories Pvt Ltd,89,11,0
Ipravent Respules 2ml,Ipratropium (500mcg),Treatment of Chronic obstructive pulmonary disease (COPD),Headache Dizziness Throat irritation Cough Dryness in mouth Nausea,"https://onemg.gumlet.io/l_watermark_346,w_480,h_480/a_ignore,w_480,h_480,c_fit,q_auto,f_auto/kmq3xe2d0xo6xgwxrrat.jpg",Cipla Ltd,42,58,0
Inapure 5 Tablet,Ivabradine (5mg),Treatment of Angina (heart-related chest pain)Treatment of Heart failure,Slow heart rate Luminous phenomena Enhanced brightness High blood pressure Atrial fibrillation Dizziness Blurred vision E C G changes,"https://onemg.gumlet.io/l_watermark_346,w_480,h_480/a_ignore,w_480,h_480,c_fit,q_auto,f_auto/cropped/pgoyaglnkifmdvnzuetl.jpg",Sun Pharmaceutical Industries Ltd,24,55,21
Intaglip-M Tablet,Metformin  (500mg) +  Vildagliptin (50mg),Treatment of Type 2 diabetes mellitus,Hypoglycemia low blood glucose level Trembling Headache Dizziness Nausea Weight gain,"https://onemg.gumlet.io/l_watermark_346,w_480,h_480/a_ignore,w_480,h_480,c_fit,q_auto,f_auto/cropped/z59ab1lhpf7yjjhl0gn9.jpg",Intas Pharmaceuticals Ltd,17,66,17
Itromed 200 Capsule,Itraconazole (200mg),Treatment of Fungal infections,Nausea Abdominal pain Constipation Dizziness Headache Indigestion Vomiting,"https://onemg.gumlet.io/l_watermark_346,w_480,h_480/a_ignore,w_480,h_480,c_fit,q_auto,f_auto/341919b85bce49daa055ae8fb04566ba.jpg",Leeford Healthcare Ltd,27,53,20
Ismo 20 Tablet,Isosorbide Mononitrate (20mg),Prevention of Angina (heart-related chest pain),Headache Flushing sense of warmth in the face ears neck and trunk Upper respiratory tract infection Abdominal pain Allergic reaction Chest pain Diarrhea,"https://onemg.gumlet.io/l_watermark_346,w_480,h_480/a_ignore,w_480,h_480,c_fit,q_auto,f_auto/cropped/p729jtff6kj7cq6uu2en.jpg",Abbott,67,33,0
Isofer Injection,Iron Isomaltoside (100mg/ml), Iron deficiency anemia,Vomiting Dark colored stool Nausea Constipation Diarrhea,"https://onemg.gumlet.io/l_watermark_346,w_480,h_480/a_ignore,w_480,h_480,c_fit,q_auto,f_auto/cropped/wjeoztndur5jcvljacja.jpg",Lupin Ltd,21,44,35
Imidil Cream,Clotrimazole (1% w/w),Treatment of Fungal skin infections,Blisters Skin peeling Swelling Application site irritation,"https://onemg.gumlet.io/l_watermark_346,w_480,h_480/a_ignore,w_480,h_480,c_fit,q_auto,f_auto/cropped/e98gxyhjspjbwhcy26kx.jpg",Hetero Drugs Ltd,46,21,33
Ivabid 5 Tablet,Ivabradine (5mg),Treatment of Angina (heart-related chest pain)Treatment of Heart failure,Slow heart rate Luminous phenomena Enhanced brightness High blood pressure Atrial fibrillation Dizziness Blurred vision E C G changes,"https://onemg.gumlet.io/l_watermark_346,w_480,h_480/a_ignore,w_480,h_480,c_fit,q_auto,f_auto/kfhvkam2a5qdxo6mz60s.jpg",Abbott,89,11,0
Itaspor 200 Capsule,Itraconazole (200mg),Treatment of Fungal infections,Nausea Abdominal pain Constipation Dizziness Headache Indigestion Vomiting,"https://onemg.gumlet.io/l_watermark_346,w_480,h_480/a_ignore,w_480,h_480,c_fit,q_auto,f_auto/g67u4v5wyq0ub1gwfqio.jpg",Intas Pharmaceuticals Ltd,0,87,13
Ivepred 8 Tablet,Methylprednisolone (8mg),Treatment of Rheumatic disorderTreatment of Systemic lupus erythematosus (SLE)Treatment of Allergic conditionsTreatment of Eye disordersTreatment of Skin disorders,Thinning of skin Increased risk of infection Reduction in bone density Weight gain Mood changes Upset stomach Behavioral changes,"https://onemg.gumlet.io/l_watermark_346,w_480,h_480/a_ignore,w_480,h_480,c_fit,q_auto,f_auto/05ded4f71fd546789e29442e0393acfb.jpg",Sun Pharmaceutical Industries Ltd,38,37,25
Incid-L Tablet,Cetirizine (10mg),Treatment of Allergic conditions,Sleepiness Fatigue Vomiting Dryness in mouth Headache Constipation,"https://onemg.gumlet.io/l_watermark_346,w_480,h_480/a_ignore,w_480,h_480,c_fit,q_auto,f_auto/cropped/bej6snydmjk5eamwk3oi.jpg",Bayer Zydus Pharma Pvt Ltd,32,40,28
Inderal F 10 Tablet SR,Propranolol (40mg) + Flunarizine (10mg),Prevention of Migraine,Weight gain Slow heart rate Tiredness Depression Drowsiness Abnormal dreams Cold extremities,"https://onemg.gumlet.io/l_watermark_346,w_480,h_480/a_ignore,w_480,h_480,c_fit,q_auto,f_auto/a946eafb43bb43409965416399362d7f.jpg",Abbott,52,38,10
Imxia 5 Solution,Minoxidil (5% w/v),Treatment of Hair loss,Itching Chest pain Headache Hypertrichosis excessive hair growth Rash Dermatitis Hypersensitivity Weight gain Fluid retention Tachycardia,"https://onemg.gumlet.io/l_watermark_346,w_480,h_480/a_ignore,w_480,h_480,c_fit,q_auto,f_auto/d6d9530bfd2a471e9f569a0df2ad74a8.jpg",KLM Laboratories Pvt Ltd,22,45,33
Irban 5mg Tablet,Ivabradine (5mg),Treatment of Angina (heart-related chest pain)Treatment of Heart failure,Slow heart rate Luminous phenomena Enhanced brightness High blood pressure Atrial fibrillation Dizziness Blurred vision E C G changes,"https://onemg.gumlet.io/l_watermark_346,w_480,h_480/a_ignore,w_480,h_480,c_fit,q_auto,f_auto/cropped/wkvuuhqsrbe3xjj7nqnj.jpg",Glenmark Pharmaceuticals Ltd,60,40,0
Idrofos Kit,Ibandronic Acid (150mg) + Calcium (225mg) + Vitamin D3 (800IU), Osteoporosis,Headache Musculoskeletal bone muscle or joint pain Back pain Indigestion Heartburn Diarrhea,"https://onemg.gumlet.io/l_watermark_346,w_480,h_480/a_ignore,w_480,h_480,c_fit,q_auto,f_auto/cropped/gzusvnz4tje2lo4c3uib.jpg",Sun Pharmaceutical Industries Ltd,22,37,41
Ibugesic ASP Tablet,Aceclofenac (100mg) + Paracetamol (325mg) + Serratiopeptidase (15mg), Pain relief,Nausea Vomiting Stomach pain Indigestion Heartburn Loss of appetite Diarrhea,"https://onemg.gumlet.io/l_watermark_346,w_480,h_480/a_ignore,w_480,h_480,c_fit,q_auto,f_auto/cropped/mvdrvpygxt6n0ozgnslj.jpg",Cipla Ltd,32,47,21
Immunorel 5gm Solution for Infusion,Human Gamma Globulin (5% w/v),Prevention of Infections,Headache Nausea Chills Fatigue Fever Upper abdominal pain Diarrhea Back pain Injection site reactions pain swelling redness Sweating Flushing sense of warmth in the face ears neck and trunk,"https://onemg.gumlet.io/l_watermark_346,w_480,h_480/a_ignore,w_480,h_480,c_fit,q_auto,f_auto/465fb121c1164d7e8bde37b93178d52a.jpg",Reliance Life Sciences,43,9,48
Imol Suspension,Ibuprofen (100mg) + Paracetamol (162.5mg), Pain reliefTreatment of Fever,Nausea Vomiting Abdominal pain Heartburn Diarrhea,"https://onemg.gumlet.io/l_watermark_346,w_480,h_480/a_ignore,w_480,h_480,c_fit,q_auto,f_auto/f26abe231aa44074832319295986689b.jpg",Zydus Cadila,21,50,29
Itaspor-SB Capsule,Itraconazole (50mg),Treatment of Fungal infections,Nausea Abdominal pain Constipation Dizziness Headache Indigestion Vomiting,"https://onemg.gumlet.io/l_watermark_346,w_480,h_480/a_ignore,w_480,h_480,c_fit,q_auto,f_auto/c90b74b2e6304baba64cd94d8f21d979.jpg",Intas Pharmaceuticals Ltd,50,17,33
I Soft Ophthalmic Solution,Sodium Hyaluronate (0.1% w/v),Treatment of Dry eyes,Limited data available,"https://onemg.gumlet.io/l_watermark_346,w_480,h_480/a_ignore,w_480,h_480,c_fit,q_auto,f_auto/08f277ae82ce4e389fa055db43d56e07.jpg",Sentiss Pharma,33,67,0
Impulog Tablet,Alpha Ketoanalogue (NA),Treatment of Chronic kidney disease,Increased calcium level in blood,"https://onemg.gumlet.io/l_watermark_346,w_480,h_480/a_ignore,w_480,h_480,c_fit,q_auto,f_auto/f909eba78cbd4e788207c49109ba5ce4.jpg",La Renon Healthcare Pvt Ltd,0,0,100
I-Dew DS Aquagel,Carboxymethylcellulose (1% w/v) + Oxychloro Complex (0.0075% w/v),Treatment of Dry eyes,Application site reactions burning irritation itching and redness Blurred vision,"https://onemg.gumlet.io/l_watermark_346,w_480,h_480/a_ignore,w_480,h_480,c_fit,q_auto,f_auto/izkfaaj3iepdcvtlawqx.jpg",Entod Pharmaceuticals Ltd,58,25,17
Ivrea 1 Cream,Ivermectin (1% w/w), RosaceaTreatment of Parasitic infections,Application site reactions burning irritation itching and redness Dizziness Itching Peripheral edema Fever Joint pain Swelling of lymph nodes Synovitis Nausea Diarrhea Orthostatic hypotension sudden lowering of blood pressure on standing Facial swelling Fast heart rate Increased white blood cell count eosinophils Increased hemoglobin Increased alanine aminotransferase Increased aspartate aminotransferase Decreased white blood cell count,"https://onemg.gumlet.io/l_watermark_346,w_480,h_480/a_ignore,w_480,h_480,c_fit,q_auto,f_auto/cropped/c3bi9jipwv1lchvjrqxl.jpg",Ajanta Pharma Ltd,20,57,23
Imograf Forte Ointment,Tacrolimus (0.1% w/w),Treatment of Atopic dermatitis,Application site reactions burning irritation itching and redness Headache Hair follicle inflammation,"https://onemg.gumlet.io/l_watermark_346,w_480,h_480/a_ignore,w_480,h_480,c_fit,q_auto,f_auto/cropped/xvwrcflbjtxyrzdgk8tu.jpg",Canixa Life Sciences Pvt,8,13,79
Ivepred 16 Tablet,Methylprednisolone (16mg),Treatment of Rheumatic disorderTreatment of Systemic lupus erythematosus (SLE)Treatment of Allergic conditionsTreatment of Eye disordersTreatment of Skin disorders,Thinning of skin Increased risk of infection Reduction in bone density Weight gain Mood changes Upset stomach Behavioral changes,"https://onemg.gumlet.io/l_watermark_346,w_480,h_480/a_ignore,w_480,h_480,c_fit,q_auto,f_auto/cropped/ghudglh0eqt3boei8i49.jpg",Sun Pharmaceutical Industries Ltd,24,46,30
Instaflex P Tablet SR,Paracetamol (300mg) + Paracetamol (700mg), Pain relief Fever,No common side effects seen,"https://onemg.gumlet.io/l_watermark_346,w_480,h_480/a_ignore,w_480,h_480,c_fit,q_auto,f_auto/23943b2446b340f99b1d3593501048ec.jpg",Innovcare Lifesciences Pvt Ltd,58,25,17
Itrasys 100 Capsule,Itraconazole (100mg),Treatment of Fungal infections,Nausea Abdominal pain Constipation Dizziness Headache Indigestion Vomiting,"https://onemg.gumlet.io/l_watermark_346,w_480,h_480/a_ignore,w_480,h_480,c_fit,q_auto,f_auto/cropped/oqh6b6oqo6fvbvqdyiu2.jpg",Systopic Laboratories Pvt Ltd,32,45,23
Inhalex Respules,Ambroxol (15mg),Treatment of Respiratory tract disorders associated with viscid mucus,Vomiting Nausea Upset stomach,"https://onemg.gumlet.io/l_watermark_346,w_480,h_480/a_ignore,w_480,h_480,c_fit,q_auto,f_auto/90c96211030f43c3a64ecc07b95ab6e5.jpg",Cipla Ltd,33,67,0
Isordil 10 Tablet,Isosorbide Dinitrate (10mg),Prevention of Angina (heart-related chest pain)Controlling Heart failure,Headache,"https://onemg.gumlet.io/l_watermark_346,w_480,h_480/a_ignore,w_480,h_480,c_fit,q_auto,f_auto/kyldfi5vkjjo9widc2qv.jpg",Ipca Laboratories Ltd,72,28,0
Ivanode 5 Tablet,Ivabradine (5mg),Treatment of Angina (heart-related chest pain)Treatment of Heart failure,Slow heart rate Luminous phenomena Enhanced brightness High blood pressure Atrial fibrillation Dizziness Blurred vision E C G changes,"https://onemg.gumlet.io/l_watermark_346,w_480,h_480/a_ignore,w_480,h_480,c_fit,q_auto,f_auto/cropped/ce0lvbcdsnnqywyemwos.jpg",Torrent Pharmaceuticals Ltd,33,50,17
Intalith CR 450 Tablet,Lithium carbonate (450mg), Mania Bipolar disorder,Tremors Slurred speech Uncoordinated body movements Nausea Acne Increased white blood cell count Memory impairment Hair loss Goiter enlarged thyroid gland Skin rash Increased thirst Weight gain Polyuria Diarrhea,"https://onemg.gumlet.io/l_watermark_346,w_480,h_480/a_ignore,w_480,h_480,c_fit,q_auto,f_auto/cropped/dvq7xkvea7xyg4jkxjbr.jpg",Intas Pharmaceuticals Ltd,20,49,31
Itrostred 200 Capsule,Itraconazole (200mg),Treatment of Fungal infections,Nausea Abdominal pain Constipation Dizziness Headache Indigestion Vomiting,"https://onemg.gumlet.io/l_watermark_346,w_480,h_480/a_ignore,w_480,h_480,c_fit,q_auto,f_auto/b026b414f4204fe78dc98f22828441bc.jpg",Leeford Healthcare Ltd,14,65,21
Insugen-R 40IU/ml Solution for Injection,Human insulin (40IU), Diabetes,Hypoglycemia low blood glucose level Weight gain Injection site reactions pain swelling redness Cold sweat Anxiety Shakiness Hunger pangs Fast heart rate Headache Nervousness,"https://onemg.gumlet.io/l_watermark_346,w_480,h_480/a_ignore,w_480,h_480,c_fit,q_auto,f_auto/9b34d815c36d4868930a3a6629003307.jpg",Biocon,36,19,45
Inzit 4 Tablet,Benidipine (4mg), Hypertension (high blood pressure)Prevention of Angina (heart-related chest pain),Abdominal pain Dizziness Edema swelling Fatigue Headache Nausea Palpitations Sleepiness,"https://onemg.gumlet.io/l_watermark_346,w_480,h_480/a_ignore,w_480,h_480,c_fit,q_auto,f_auto/cropped/w93iyg7kebd9u4khkmg7.jpg",Eris Lifesciences Ltd,25,48,27
Itromed 100 Capsule,Itraconazole (100mg),Treatment of Fungal infections,Nausea Abdominal pain Constipation Dizziness Headache Indigestion Vomiting,"https://onemg.gumlet.io/l_watermark_346,w_480,h_480/a_ignore,w_480,h_480,c_fit,q_auto,f_auto/vvevguwogozcs6osl3we.jpg",Leeford Healthcare Ltd,22,52,26
Iobet Eye Drop,Betaxolol (0.5% w/v), Glaucoma Ocular hypertension,Eye discomfort Blurred vision Headache Increased lacrimation,"https://onemg.gumlet.io/l_watermark_346,w_480,h_480/a_ignore,w_480,h_480,c_fit,q_auto,f_auto/cropped/wshukvabwjrdccooc32e.jpg",FDC Ltd,23,44,33
Involym Capsule,Lymecycline (408mg), Bacterial infections,Nausea Diarrhea Headache Abdominal pain,"https://onemg.gumlet.io/l_watermark_346,w_480,h_480/a_ignore,w_480,h_480,c_fit,q_auto,f_auto/cropped/olbjsape3hsgrqxi7ejr.jpg",La Pristine Bioceuticals Pvt Ltd,36,41,23
Ipravent Respirator Solution,Ipratropium (250mcg),Treatment of Chronic obstructive pulmonary disease (COPD),Headache Dizziness Throat irritation Cough Dryness in mouth Nausea,"https://onemg.gumlet.io/l_watermark_346,w_480,h_480/a_ignore,w_480,h_480,c_fit,q_auto,f_auto/cropped/s0vwpyycuxi7j3vrdwxr.jpg",Cipla Ltd,33,34,33
Ilapro 10 Tablet,Ilaprazole (10mg), Gastroesophageal reflux disease (Acid reflux) Peptic ulcer disease,Nausea Headache Flatulence Diarrhea,"https://onemg.gumlet.io/l_watermark_346,w_480,h_480/a_ignore,w_480,h_480,c_fit,q_auto,f_auto/cropped/byygl0wwigup6b2xeeln.jpg",Ajanta Pharma Ltd,20,50,30
Imdur 60mg Tablet PR,Isosorbide Mononitrate (60mg),Prevention of Angina (heart-related chest pain),Headache Flushing sense of warmth in the face ears neck and trunk Upper respiratory tract infection Abdominal pain Allergic reaction Chest pain Diarrhea,"https://onemg.gumlet.io/l_watermark_346,w_480,h_480/a_ignore,w_480,h_480,c_fit,q_auto,f_auto/110ba873f72740e89869bd40c95aa304.jpg",AstraZeneca,25,8,67
IF 2 Eye Drop,Olopatadine (0.1% w/v),Treatment of Allergic conditions,Eye pain Eye irritation Abnormal eye sensation Eye discomfort Sleepiness Weakness Dryness in mouth,"https://onemg.gumlet.io/l_watermark_346,w_480,h_480/a_ignore,w_480,h_480,c_fit,q_auto,f_auto/206384a35cf445f8a9da17e332700ff0.jpg",Cipla Ltd,83,17,0
Intimacy Plus 0.03 mg/0.15 mg Tablet,Ethinyl Estradiol (0.03mg) + Desogestrel (0.15mg), Contraception,Nausea Stomach pain Headache Irregular uterine bleeding Weight gain Breast pain,"https://onemg.gumlet.io/l_watermark_346,w_480,h_480/a_ignore,w_480,h_480,c_fit,q_auto,f_auto/24db0430d7994a3c8ed80dd0262227bf.jpg",Aristo Pharmaceuticals Pvt Ltd,29,25,46
Ivamac 5 Tablet,Ivabradine (5mg),Treatment of Angina (heart-related chest pain)Treatment of Heart failure,Slow heart rate Luminous phenomena Enhanced brightness High blood pressure Atrial fibrillation Dizziness Blurred vision E C G changes,"https://onemg.gumlet.io/l_watermark_346,w_480,h_480/a_ignore,w_480,h_480,c_fit,q_auto,f_auto/cropped/fekldty3d4pywvvfa52t.jpg",Macleods Pharmaceuticals Pvt Ltd,17,16,67
I-Win 100 Capsule,Itraconazole (100mg),Treatment of Fungal infections,Nausea Abdominal pain Constipation Dizziness Headache Indigestion Vomiting,"https://onemg.gumlet.io/l_watermark_346,w_480,h_480/a_ignore,w_480,h_480,c_fit,q_auto,f_auto/qvcd0dlixkcoqjusri3s.jpg",Acme Generics LLP,25,42,33
Itzhh 200 Capsule,Itraconazole (200mg),Treatment of Fungal infections,Nausea Abdominal pain Constipation Dizziness Headache Indigestion Vomiting,"https://onemg.gumlet.io/l_watermark_346,w_480,h_480/a_ignore,w_480,h_480,c_fit,q_auto,f_auto/trtucjzprv0sx218u6uz.jpg",Hegde and Hegde Pharmaceutical LLP,33,48,19
Intacept 50mg Injection,Etanercept (50mg), Ankylosing spondylitis Rheumatoid arthritis Psoriasis Ulcerative colitis Crohn’s disease,Allergic reaction Upper respiratory tract infection Itching Rash Injection site reaction,"https://onemg.gumlet.io/l_watermark_346,w_480,h_480/a_ignore,w_480,h_480,c_fit,q_auto,f_auto/0da25a64658b462aa1dc02775b7afb79.jpg",Intas Pharmaceuticals Ltd,32,53,15
I-Dew Soothe Eye Drop,Carboxymethylcellulose (0.5% w/v),Treatment of Dry eyes,Eye irritation Burning eyes Eye discomfort Eye itching Eye pain,"https://onemg.gumlet.io/l_watermark_346,w_480,h_480/a_ignore,w_480,h_480,c_fit,q_auto,f_auto/cropped/ge3r2ydvwrbmnhxccupy.jpg",Entod Pharmaceuticals Ltd,33,17,50
Itrop Plus  Eye Drop,Phenylephrine (5% w/v) + Tropicamide (0.8% w/v), Eye examination,Eye pain Stinging in the eyes Blurred vision Photophobia Allergic reaction,"https://onemg.gumlet.io/l_watermark_346,w_480,h_480/a_ignore,w_480,h_480,c_fit,q_auto,f_auto/cropped/iqkhyupyrjuqphv7iaoo.jpg",Cipla Ltd,25,50,25
Isonorm 30 SR Tablet,Isosorbide Mononitrate (30mg),Prevention of Angina (heart-related chest pain),Headache Flushing sense of warmth in the face ears neck and trunk Upper respiratory tract infection Abdominal pain Allergic reaction Chest pain Diarrhea,"https://onemg.gumlet.io/l_watermark_346,w_480,h_480/a_ignore,w_480,h_480,c_fit,q_auto,f_auto/cropped/n5suqjhssezoqokrpwyg.jpg",Lupin Ltd,0,33,67
Itradila 200 Capsule,Itraconazole (200mg),Treatment of Fungal infections,Nausea Abdominal pain Constipation Dizziness Headache Indigestion Vomiting,"https://onemg.gumlet.io/l_watermark_346,w_480,h_480/a_ignore,w_480,h_480,c_fit,q_auto,f_auto/4214fc0d22204bd299e122568b795610.jpg",Cadila Pharmaceuticals Ltd,100,0,0
Imidil-C Vaginal Suppository,Clindamycin (100mg) + Clotrimazole (200mg), Syndromic treatment of vaginal discharge,Vaginal burning sensation Itching Irritation,"https://onemg.gumlet.io/l_watermark_346,w_480,h_480/a_ignore,w_480,h_480,c_fit,q_auto,f_auto/cropped/andgbddyfmhqngbm89l9.jpg",Hetero Drugs Ltd,33,38,29
Ifin 250mg Tablet,Terbinafine (250mg), Fungal infections,Headache Diarrhea Rash Indigestion Abnormal liver enzyme Itching Taste change Nausea Abdominal pain Flatulence,"https://onemg.gumlet.io/l_watermark_346,w_480,h_480/a_ignore,w_480,h_480,c_fit,q_auto,f_auto/cropped/ebbzdldeql3o5c73rrcn.jpg",Glenmark Pharmaceuticals Ltd,24,49,27
Ifin 500 Tablet,Terbinafine (500mg), Fungal infections,Headache Diarrhea Rash Indigestion Abnormal liver enzyme Itching Taste change Nausea Abdominal pain Flatulence,"https://onemg.gumlet.io/l_watermark_346,w_480,h_480/a_ignore,w_480,h_480,c_fit,q_auto,f_auto/cropped/zlep2f4mxhbomtqbk5pm.jpg",Glenmark Pharmaceuticals Ltd,35,47,18
I-Win 200 Capsule,Itraconazole (200mg),Treatment of Fungal infections,Nausea Abdominal pain Constipation Dizziness Headache Indigestion Vomiting,"https://onemg.gumlet.io/l_watermark_346,w_480,h_480/a_ignore,w_480,h_480,c_fit,q_auto,f_auto/cropped/d0jvhbyfw08cvjhljabx.png",Acme Generics LLP,44,34,22
Itrafix 200 Capsule,Itraconazole (200mg),Treatment of Fungal infections,Nausea Abdominal pain Constipation Dizziness Headache Indigestion Vomiting,"https://onemg.gumlet.io/l_watermark_346,w_480,h_480/a_ignore,w_480,h_480,c_fit,q_auto,f_auto/cropped/hy81vapdxykkdk3ystuw.jpg",Aristo Pharmaceuticals Pvt Ltd,0,67,33
Intacoxia 120 Tablet,Etoricoxib (120mg), Pain relief,Stomach pain Diarrhea,"https://onemg.gumlet.io/l_watermark_346,w_480,h_480/a_ignore,w_480,h_480,c_fit,q_auto,f_auto/49349dcb09554106b26394afff8e55a2.jpg",Intas Pharmaceuticals Ltd,44,45,11
Ismo Retard Tablet ER,Isosorbide Mononitrate (40mg),Prevention of Angina (heart-related chest pain),Headache Flushing sense of warmth in the face ears neck and trunk Upper respiratory tract infection Abdominal pain Allergic reaction Chest pain Diarrhea,"https://onemg.gumlet.io/l_watermark_346,w_480,h_480/a_ignore,w_480,h_480,c_fit,q_auto,f_auto/cropped/asidojuijzkepwl2lprj.jpg",Abbott,33,47,20
Infen P Tablet,Dexketoprofen (25mg) + Paracetamol (325mg), Pain relief Fever,Heartburn Indigestion Nausea Stomach pain,"https://onemg.gumlet.io/l_watermark_346,w_480,h_480/a_ignore,w_480,h_480,c_fit,q_auto,f_auto/xiht1axhc79v46uutkz5.jpg",Emcure Pharmaceuticals Ltd,37,33,30
Insugen 30/70 100IU Refil Cartridge,Insulin Isophane/NPH   (70%) +   Human Insulin/Soluble Insulin (30%), Diabetes,Hypoglycemia low blood glucose level Injection site reactions pain swelling redness Weight gain,"https://onemg.gumlet.io/l_watermark_346,w_480,h_480/a_ignore,w_480,h_480,c_fit,q_auto,f_auto/b8894ecd72494b3c9ac4a860c799af0d.jpg",Biocon,38,43,19
Itratuf Oral Solution,Itraconazole (10mg/ml),Treatment of Fungal infections,Nausea Abdominal pain Constipation Dizziness Headache Indigestion Vomiting,"https://onemg.gumlet.io/l_watermark_346,w_480,h_480/a_ignore,w_480,h_480,c_fit,q_auto,f_auto/d40a7897ff9e4a6fa39bf57547b3a560.jpg",Alkem Laboratories Ltd,78,22,0
Immulina Liquid,Pidotimod (400mg), Diseases of respiratory tract,Skin rash,"https://onemg.gumlet.io/l_watermark_346,w_480,h_480/a_ignore,w_480,h_480,c_fit,q_auto,f_auto/cropped/a0nmrakpvuk4fyfouv2g.jpg",Dr Reddy's Laboratories Ltd,50,31,19
Ilevro Ophthalmic Suspension,Nepafenac (0.3% w/v),Treatment of Post-operative eye pain and inflammation,Decreased vision Foreign body sensation in eyes Increased intraocular pressure Stickiness,"https://onemg.gumlet.io/l_watermark_346,w_480,h_480/a_ignore,w_480,h_480,c_fit,q_auto,f_auto/cropped/bc7ztoum9gcnvrysh5u1.jpg",Novartis India Ltd,61,22,17
Isolin 2mg Injection,Isoprenaline (2mg),Treatment of BradycardiaTreatment of Cardiac arrest,Headache Palpitations Increased heart rate Flushing sense of warmth in the face ears neck and trunk Restlessness Tremors,"https://onemg.gumlet.io/l_watermark_346,w_480,h_480/a_ignore,w_480,h_480,c_fit,q_auto,f_auto/1509a1ffc1354f0a92a4039ed9b5c7c4.jpg",Samarth Life Sciences Pvt Ltd,56,44,0
Isoin 20 Capsule,Isotretinoin (20mg),Treatment of Acne,Dry skin Increased liver enzymes Rash,"https://onemg.gumlet.io/l_watermark_346,w_480,h_480/a_ignore,w_480,h_480,c_fit,q_auto,f_auto/c9zvrswsbtxthgxguakd.jpg",Wallace Pharmaceuticals Pvt Ltd,33,42,25
Imat 400 Tablet,Imatinib mesylate (400mg),Treatment of Cancer,Edema swelling Nausea Vomiting Muscle cramp Musculoskeletal bone muscle or joint pain Diarrhea Rash Fatigue Abdominal pain Bleeding Breathing problems Cough Weight gain Dry eye Dizziness Hemorrhage,"https://onemg.gumlet.io/l_watermark_346,w_480,h_480/a_ignore,w_480,h_480,c_fit,q_auto,f_auto/d50cc08f9c0d4763a002e9f335cbbd1c.jpg",Zydus Healthcare Limited,39,39,22
Insugen-R 100IU/ml Refil,Human insulin (100IU), Diabetes,Hypoglycemia low blood glucose level Weight gain Injection site reactions pain swelling redness Cold sweat Anxiety Shakiness Hunger pangs Fast heart rate Headache Nervousness,"https://onemg.gumlet.io/l_watermark_346,w_480,h_480/a_ignore,w_480,h_480,c_fit,q_auto,f_auto/abhqbuw0cy5wq5z1ddvp.jpg",Biocon,36,45,19
Iminoral 100 Capsule,Ciclosporin (100mg), Prevention of organ rejection in transplant patients Rheumatoid arthritis PsoriasisPrevention of graft rejection following Bone marrow transplantationTreatment of Nephrotic syndrome,Headache Nausea Vomiting Increased hair growth High blood pressure Renal dysfunction Loss of appetite Diarrhea Tremors Gingival hypertrophy gum enlargement,"https://onemg.gumlet.io/l_watermark_346,w_480,h_480/a_ignore,w_480,h_480,c_fit,q_auto,f_auto/cb01be91c0324148bf69e8dbf2e9e441.jpg",Emcure Pharmaceuticals Ltd,67,29,4
Isotroin 5 Capsule,Isotretinoin (5mg),Treatment of Acne,Dry skin Increased liver enzymes Rash,"https://onemg.gumlet.io/l_watermark_346,w_480,h_480/a_ignore,w_480,h_480,c_fit,q_auto,f_auto/bf127cc1491e4462895ee1a13cbd63f0.jpg",Cipla Ltd,47,41,12
Intasporin Powder,Sulphacetamide (60mg) + Neomycin (5mg) + Bacitracin (250IU), Bacterial skin infections,Application site reactions burning irritation itching and redness,"https://onemg.gumlet.io/l_watermark_346,w_480,h_480/a_ignore,w_480,h_480,c_fit,q_auto,f_auto/4f8b95db4acb453283f578a42698b3b0.jpg",Intas Pharmaceuticals Ltd,13,47,40
Ivabeat 5 Tablet,Ivabradine (5mg),Treatment of Angina (heart-related chest pain)Treatment of Heart failure,Slow heart rate Luminous phenomena Enhanced brightness High blood pressure Atrial fibrillation Dizziness Blurred vision E C G changes,"https://onemg.gumlet.io/l_watermark_346,w_480,h_480/a_ignore,w_480,h_480,c_fit,q_auto,f_auto/cropped/xslpg4umo3nveinybuxr.jpg",Cipla Ltd,38,50,12
Ivecop 12 Tablet,Ivermectin (12mg),Treatment of Parasitic infections,Dizziness Itching Peripheral edema Fever Joint pain Swelling of lymph nodes Synovitis Nausea Diarrhea Orthostatic hypotension sudden lowering of blood pressure on standing Facial swelling Fast heart rate Increased white blood cell count eosinophils Increased hemoglobin Increased alanine aminotransferase Increased aspartate aminotransferase Decreased white blood cell count,"https://onemg.gumlet.io/l_watermark_346,w_480,h_480/a_ignore,w_480,h_480,c_fit,q_auto,f_auto/qzyoxeagqa22aqzaajaz.jpg",A. Menarini India Pvt Ltd,33,29,38
Inditel 40 Tablet,Telmisartan (40mg),Treatment of Hypertension (high blood pressure) Prevention of heart attack and strokeTreatment of Heart failure,Upper respiratory tract infection Sinus infection Back pain Diarrhea,"https://onemg.gumlet.io/l_watermark_346,w_480,h_480/a_ignore,w_480,h_480,c_fit,q_auto,f_auto/cropped/nqbnkqfbaugzx8bxt1cs.jpg",Zydus Cadila,73,27,0
Intacoxia 60mg Tablet,Etoricoxib (60mg), Pain relief,Stomach pain Diarrhea,"https://onemg.gumlet.io/l_watermark_346,w_480,h_480/a_ignore,w_480,h_480,c_fit,q_auto,f_auto/13bf7429179a4b2dbdec9a721368eac4.jpg",Intas Pharmaceuticals Ltd,20,7,73
Irivisc DS Eye Drop,Carboxymethylcellulose (1% w/v) + Oxychloro Complex (0.0075% w/v),Treatment of Dry eyes,Application site reactions burning irritation itching and redness Blurred vision,"https://onemg.gumlet.io/l_watermark_346,w_480,h_480/a_ignore,w_480,h_480,c_fit,q_auto,f_auto/cropped/e0wawmnv0u10lhtholzl.jpg",Indoco Remedies Ltd,17,25,58
Inderal F 5 Tablet SR,Propranolol (40mg) + Flunarizine (5mg),Prevention of Migraine,Weight gain Slow heart rate Tiredness Depression Drowsiness Abnormal dreams Cold extremities,"https://onemg.gumlet.io/l_watermark_346,w_480,h_480/a_ignore,w_480,h_480,c_fit,q_auto,f_auto/75e5142b718a4eeab5e27e3c7eadfc8b.jpg",Abbott,56,22,22
Itragreat 100 Capsule,Itraconazole (100mg),Treatment of Fungal infections,Nausea Abdominal pain Constipation Dizziness Headache Indigestion Vomiting,"https://onemg.gumlet.io/l_watermark_346,w_480,h_480/a_ignore,w_480,h_480,c_fit,q_auto,f_auto/f30844e3542e4edf8a03430b9d255e82.jpg",Mankind Pharma Ltd,53,24,23
Inramed 5 Tablet,Midodrine (5mg),Treatment of Low blood pressure,Headache Nausea Rash Difficulty in urination Supine hypertension Urinary retention Flushing sense of warmth in the face ears neck and trunk Goosebumps,"https://onemg.gumlet.io/l_watermark_346,w_480,h_480/a_ignore,w_480,h_480,c_fit,q_auto,f_auto/jeznyir1m5bonmgzohqc.jpg",Mylan Pharmaceuticals Pvt Ltd - A Viatris Company,67,33,0
Izra- D40 Capsule SR,Domperidone (30mg) + Esomeprazole (40mg),Treatment of Gastroesophageal reflux disease (Acid reflux)Treatment of Functional dyspepsia,Diarrhea Flatulence Stomach pain Dryness in mouth Headache,"https://onemg.gumlet.io/l_watermark_346,w_480,h_480/a_ignore,w_480,h_480,c_fit,q_auto,f_auto/cropped/ug2eu4qnctaid2xzdocd.jpg",Torrent Pharmaceuticals Ltd,22,45,33
Itrazole 100 Capsule,Itraconazole (100mg),Treatment of Fungal infections,Nausea Abdominal pain Constipation Dizziness Headache Indigestion Vomiting,"https://onemg.gumlet.io/l_watermark_346,w_480,h_480/a_ignore,w_480,h_480,c_fit,q_auto,f_auto/4c58e62e9b3d40daa323de2665127754.jpg",Lupin Ltd,43,19,38
Itromed 200 Capsule,Itraconazole (200mg),Treatment of Fungal infections,Nausea Abdominal pain Constipation Dizziness Headache Indigestion Vomiting,"https://onemg.gumlet.io/l_watermark_346,w_480,h_480/a_ignore,w_480,h_480,c_fit,q_auto,f_auto/3ef3ce5d67ea48a1b530b34132458c55.jpg",Leeford Healthcare Ltd,37,31,32
Insuman Rapid 100IU/ml Solution for Injection,Human insulin (100IU), Diabetes,Hypoglycemia low blood glucose level Weight gain Injection site reactions pain swelling redness Cold sweat Anxiety Shakiness Hunger pangs Fast heart rate Headache Nervousness,"https://onemg.gumlet.io/l_watermark_346,w_480,h_480/a_ignore,w_480,h_480,c_fit,q_auto,f_auto/yuwnicwlxlmsgq3mkucb.jpg",Sanofi India Ltd,42,58,0
Itrason 200 Capsule,Itraconazole (200mg),Treatment of Fungal infections,Nausea Abdominal pain Constipation Dizziness Headache Indigestion Vomiting,"https://onemg.gumlet.io/l_watermark_346,w_480,h_480/a_ignore,w_480,h_480,c_fit,q_auto,f_auto/7a1f085ed66a417aa3501740c5667658.jpg",Unison Pharmaceuticals Pvt Ltd,33,34,33
Imacin-SR 75 Capsule,Indomethacin (75mg), Pain relief,Visual disturbance Vomiting Stomach pain epigastric pain Nausea Indigestion Dizziness Drowsiness Visual disorder,"https://onemg.gumlet.io/l_watermark_346,w_480,h_480/a_ignore,w_480,h_480,c_fit,q_auto,f_auto/fd290da2008848f688981019624f1d0e.jpg",Tas Med India Pvt Ltd,22,22,56
I-Tyza Capsule,Itraconazole (100mg),Treatment of Fungal infections,Nausea Abdominal pain Constipation Dizziness Headache Indigestion Vomiting,"https://onemg.gumlet.io/l_watermark_346,w_480,h_480/a_ignore,w_480,h_480,c_fit,q_auto,f_auto/83f472281eaf4d61a496184ccdcef620.jpg",Abbott,56,22,22
Itragreat 200 Capsule,Itraconazole (200mg),Treatment of Fungal infections,Nausea Abdominal pain Constipation Dizziness Headache Indigestion Vomiting,"https://onemg.gumlet.io/l_watermark_346,w_480,h_480/a_ignore,w_480,h_480,c_fit,q_auto,f_auto/cropped/glicodudwf6jrimkolti.png",Mankind Pharma Ltd,33,50,17
Irimist Ophthalmic Solution,Hydroxypropylmethylcellulose (0.3% w/v), Dry eyes,Blurred vision Eye irritation Eye pain Eye redness Foreign body sensation in eyes,"https://onemg.gumlet.io/l_watermark_346,w_480,h_480/a_ignore,w_480,h_480,c_fit,q_auto,f_auto/koxarklxevjt9gbu3jr9.jpg",Indoco Remedies Ltd,0,0,100
Immutil-S 360 Tablet DR,Mycophenolate sodium (360mg), Prevention of organ rejection in transplant patients,Nausea Vomiting Diarrhea Abdominal pain Headache High blood pressure Decreased white blood cell count neutrophils Bacterial infection Fungal infection Pneumonia Increased uric acid level in blood Electrolyte imbalance Anxiety Breathlessness Increased creatinine level in blood Anemia low number of red blood cells Acne Muscle pain,"https://onemg.gumlet.io/l_watermark_346,w_480,h_480/a_ignore,w_480,h_480,c_fit,q_auto,f_auto/e94848eb7d7a4dbaa0f327323748a3dc.jpg",La Renon Healthcare Pvt Ltd,57,43,0
Intacoxia P 60mg/325mg Tablet,Etoricoxib (60mg) + Paracetamol (325mg), Pain relief,Diarrhea Indigestion Stomach pain Flatulence Swelling of hands Feet swelling Flu like symptoms,"https://onemg.gumlet.io/l_watermark_346,w_480,h_480/a_ignore,w_480,h_480,c_fit,q_auto,f_auto/04c63fdcae9a42308f396e26fa598fe4.jpg",Intas Pharmaceuticals Ltd,67,33,0
Isotane 20 Capsule,Isotretinoin (20mg),Treatment of Acne,Dry skin Increased liver enzymes Rash,"https://onemg.gumlet.io/l_watermark_346,w_480,h_480/a_ignore,w_480,h_480,c_fit,q_auto,f_auto/cropped/luns4yoatubib1bphwy9.jpg",Micro Labs Ltd,45,23,32
Iotim Plus Eye Drop,Timolol (5mg) + Pilocarpine (20mg),Treatment of GlaucomaTreatment of Ocular hypertension,Blurred vision Burning sensation in eye Eye irritation Stinging sensation,"https://onemg.gumlet.io/l_watermark_346,w_480,h_480/a_ignore,w_480,h_480,c_fit,q_auto,f_auto/cropped/cmzuenobfxurqdjda6yg.jpg",FDC Ltd,89,11,0
Insugen 50/50 Injection 100IU/ml,Insulin Isophane/NPH   (50%) +   Human Insulin/Soluble Insulin (50%), Diabetes,Hypoglycemia low blood glucose level Injection site reactions pain swelling redness Weight gain,"https://onemg.gumlet.io/l_watermark_346,w_480,h_480/a_ignore,w_480,h_480,c_fit,q_auto,f_auto/htyiaesaoifwyuzr9j7t.jpg",Biocon,35,48,17
Infinair 10/5mg Tablet,Levocetirizine (5mg) + Montelukast (10mg),Treatment of Sneezing and runny nose due to allergiesTreatment of Hay feverTreatment of Allergic skin conditions,Nausea Diarrhea Dryness in mouth Fatigue Headache Skin rash Sleepiness Vomiting,"https://onemg.gumlet.io/l_watermark_346,w_480,h_480/a_ignore,w_480,h_480,c_fit,q_auto,f_auto/iwzgrj7la0ympb3u9woq.jpg",Pfizer Ltd,45,40,15
Immutil Tablet,Mycophenolate mofetil (500mg), Prevention of organ rejection in transplant patients,Nausea Vomiting Diarrhea Abdominal pain Headache High blood pressure Decreased white blood cell count neutrophils Fungal infection Low blood platelets Anemia low number of red blood cells Skin cancer Bacterial infection Hypercholesterolemia high cholesterol Viral infection Electrolyte imbalance Gout Weight loss Tremors Convulsion Tumor,"https://onemg.gumlet.io/l_watermark_346,w_480,h_480/a_ignore,w_480,h_480,c_fit,q_auto,f_auto/000865a46140472cae8b333ee746a052.jpg",La Renon Healthcare Pvt Ltd,33,34,33
Inosert 50 Tablet,Sertraline (50mg),Treatment of DepressionTreatment of Post traumatic stress disorderTreatment of Obsessive-compulsive disorderTreatment of Panic disorderTreatment of Premenstrual dysphoric disorderTreatment of AnxietyTreatment of Premenstrual syndrome (PMS),Delayed ejaculation Erectile dysfunction Indigestion Insomnia difficulty in sleeping Low sexual desire Nausea Tremors Diarrhea Increased sweating Loss of appetite Sleepiness Taste change,"https://onemg.gumlet.io/l_watermark_346,w_480,h_480/a_ignore,w_480,h_480,c_fit,q_auto,f_auto/34e0375633f64a4d880f7da509b61ad3.jpg",Ipca Laboratories Ltd,0,67,33
Insuman Comb 25 Injection,Insulin Isophane/NPH   (75%) +   Human Insulin/Soluble Insulin (25%), Diabetes,Hypoglycemia low blood glucose level Injection site reactions pain swelling redness Weight gain,"https://onemg.gumlet.io/l_watermark_346,w_480,h_480/a_ignore,w_480,h_480,c_fit,q_auto,f_auto/cropped/yv02w1v5arwwkufx8av1.jpg",Sanofi India Ltd,43,40,17
Ivabrad 7.5 Tablet,Ivabradine (7.5mg),Treatment of Angina (heart-related chest pain)Treatment of Heart failure,Slow heart rate Luminous phenomena Enhanced brightness High blood pressure Atrial fibrillation Dizziness Blurred vision E C G changes,"https://onemg.gumlet.io/l_watermark_346,w_480,h_480/a_ignore,w_480,h_480,c_fit,q_auto,f_auto/dum78svvh5l9bkdlkyup.jpg",Lupin Ltd,44,56,0
Insuman Comb 25 Injection,Insulin Isophane/NPH   (75%) +   Human Insulin/Soluble Insulin (25%), Diabetes,Hypoglycemia low blood glucose level Injection site reactions pain swelling redness Weight gain,"https://onemg.gumlet.io/l_watermark_346,w_480,h_480/a_ignore,w_480,h_480,c_fit,q_auto,f_auto/cropped/yv02w1v5arwwkufx8av1.jpg",Sanofi India Ltd,43,40,17
Iotim B Ophthalmic Solution,Timolol (0.5% w/v) + Brimonidine (0.2% w/v),Treatment of Ocular hypertensionTreatment of Glaucoma,Application site reactions burning irritation itching and redness Blurred vision,"https://onemg.gumlet.io/l_watermark_346,w_480,h_480/a_ignore,w_480,h_480,c_fit,q_auto,f_auto/94479b21c43540bfa93107f14b6fc869.jpg",FDC Ltd,33,34,33
Irovel 150 Tablet,Irbesartan (150mg), Hypertension (high blood pressure) Heart failure Prevention of heart attack and stroke,Increased potassium level in blood Dizziness Orthostatic hypotension sudden lowering of blood pressure on standing,"https://onemg.gumlet.io/l_watermark_346,w_480,h_480/a_ignore,w_480,h_480,c_fit,q_auto,f_auto/cropped/st77gbfiqo6zojtixcde.jpg",Sun Pharmaceutical Industries Ltd,40,40,20
Insugen 30/70 Solution for Injection 40IU/ml,Insulin Isophane/NPH   (70%) +   Human Insulin/Soluble Insulin (30%), Diabetes,Hypoglycemia low blood glucose level Injection site reactions pain swelling redness Weight gain,"https://onemg.gumlet.io/l_watermark_346,w_480,h_480/a_ignore,w_480,h_480,c_fit,q_auto,f_auto/6b5f163272374a75a8c3cc82824221fd.jpg",Biocon,32,59,9
Irovel H Tablet,Irbesartan (150mg) + Hydrochlorothiazide (12.5mg), Hypertension (high blood pressure),Nausea Taste change Upset stomach Diarrhea Weakness Dizziness Headache Glucose intolerance Increased blood uric acid Increased blood lipid level Electrolyte imbalance Decreased blood pressure,"https://onemg.gumlet.io/l_watermark_346,w_480,h_480/a_ignore,w_480,h_480,c_fit,q_auto,f_auto/cropped/uetbqsa8uir1yaozvd7k.jpg",Sun Pharmaceutical Industries Ltd,89,11,0
ITRAGEN 200MG CAPSULE,Itraconazole (200mg),Treatment of Fungal infections,Nausea Abdominal pain Constipation Dizziness Headache Indigestion Vomiting,"https://onemg.gumlet.io/l_watermark_346,w_480,h_480/a_ignore,w_480,h_480,c_fit,q_auto,f_auto/5277ddac9048456b8c90382ddb7041b7.jpg",Macleods Pharmaceuticals Pvt Ltd,56,16,28
Iladac 10 Tablet,Ilaprazole (10mg), Gastroesophageal reflux disease (Acid reflux) Peptic ulcer disease,Nausea Headache Flatulence Diarrhea,"https://onemg.gumlet.io/l_watermark_346,w_480,h_480/a_ignore,w_480,h_480,c_fit,q_auto,f_auto/266b59cded054483a72c21cd4ca77d5e.jpg",Zydus Cadila,12,33,55
Inzit 8 Tablet,Benidipine (8mg), Hypertension (high blood pressure)Prevention of Angina (heart-related chest pain),Abdominal pain Dizziness Edema swelling Fatigue Headache Nausea Palpitations Sleepiness,"https://onemg.gumlet.io/l_watermark_346,w_480,h_480/a_ignore,w_480,h_480,c_fit,q_auto,f_auto/cropped/mzdwstrwx3vuz38s9sch.jpg",Eris Lifesciences Ltd,11,45,44
Itaspor Capsule,Itraconazole (100mg),Treatment of Fungal infections,Nausea Abdominal pain Constipation Dizziness Headache Indigestion Vomiting,"https://onemg.gumlet.io/l_watermark_346,w_480,h_480/a_ignore,w_480,h_480,c_fit,q_auto,f_auto/687341b6a9294bfeb7beeeb31f473003.jpg",Intas Pharmaceuticals Ltd,44,37,19
Imograf Forte Ointment,Tacrolimus (0.1% w/w),Treatment of Atopic dermatitis,Application site reactions burning irritation itching and redness Headache Hair follicle inflammation,"https://onemg.gumlet.io/l_watermark_346,w_480,h_480/a_ignore,w_480,h_480,c_fit,q_auto,f_auto/cropped/h0upjurzu8fx5lc9dtox.jpg",Canixa Life Sciences Pvt,33,30,37
Intalfa 3miu Injection,Interferon Alpha 2B (3miu), Chronic hepatitis B virus (HBV) infection Chronic hepatitis C virus (HCV) infection Multiple myeloma Follicular lymphoma Hairy cell leukemia,Headache Dizziness Blurred vision Insomnia difficulty in sleeping Vomiting Nausea Dryness in mouth Abdominal pain Agitation Sore throat Decreased white blood cell count Viral infection Indigestion Fatigue Fever Anxiety Depression Decreased appetite Cough Impaired concentration Nervousness Stomatitis Inflammation of the mouth,"https://onemg.gumlet.io/l_watermark_346,w_480,h_480/a_ignore,w_480,h_480,c_fit,q_auto,f_auto/xjwgzelndth9baj1onxq.jpg",Intas Pharmaceuticals Ltd,0,67,33
Ibuflamar-P 400mg/325mg Tablet,Ibuprofen (400mg) + Paracetamol (325mg), Pain reliefTreatment of Fever,Heartburn Indigestion Nausea Stomach pain,"https://onemg.gumlet.io/l_watermark_346,w_480,h_480/a_ignore,w_480,h_480,c_fit,q_auto,f_auto/a4b569d4fe2b41febbf18a6b7db9685f.jpg",Indoco Remedies Ltd,67,33,0
Inditel AM Tablet,Telmisartan (40mg) + Amlodipine (5mg),Treatment of Hypertension (high blood pressure),Sleepiness Ankle swelling Headache Flushing sense of warmth in the face ears neck and trunk Dizziness Tiredness Palpitations Upset stomach Increased potassium level in blood,"https://onemg.gumlet.io/l_watermark_346,w_480,h_480/a_ignore,w_480,h_480,c_fit,q_auto,f_auto/mo1yy3xbhvtnogy5rben.jpg",Zydus Cadila,52,48,0
Immulina 800 Tablet,Pidotimod (800mg), Diseases of respiratory tract,Skin rash,"https://onemg.gumlet.io/l_watermark_346,w_480,h_480/a_ignore,w_480,h_480,c_fit,q_auto,f_auto/cropped/wfxuwudy4fu2gccbp12j.jpg",Dr Reddy's Laboratories Ltd,24,54,22
Iban Plus Tablet,Ibandronic Acid (150mg),Treatment and prevention of postmenopausal Osteoporosis,Headache Musculoskeletal bone muscle or joint pain Heartburn Diarrhea Indigestion Dizziness Hypercholesterolemia high cholesterol Upper respiratory tract infection Urinary tract infection,"https://onemg.gumlet.io/l_watermark_346,w_480,h_480/a_ignore,w_480,h_480,c_fit,q_auto,f_auto/cropped/tt7c3cu2h0ernmyrvww8.jpg",Medsol India Overseas Pvt Ltd,33,45,22
Isoin 10 Capsule,Isotretinoin (10mg),Treatment of Acne,Dry skin Increased liver enzymes Rash,"https://onemg.gumlet.io/l_watermark_346,w_480,h_480/a_ignore,w_480,h_480,c_fit,q_auto,f_auto/cropped/aknkpi9irdnmyahjoht3.jpg",Wallace Pharmaceuticals Pvt Ltd,20,38,42
Involym Capsule,Lymecycline (408mg), Bacterial infections,Nausea Diarrhea Headache Abdominal pain,"https://onemg.gumlet.io/l_watermark_346,w_480,h_480/a_ignore,w_480,h_480,c_fit,q_auto,f_auto/jctjnkqu4sggjegatgaw.jpg",La Pristine Bioceuticals Pvt Ltd,33,34,33
Inmecin P 25mg/325mg Capsule,Indomethacin (25mg) + Paracetamol (325mg), Pain relief,Nausea Vomiting Loss of appetite Heartburn Stomach pain epigastric pain Diarrhea Dizziness,"https://onemg.gumlet.io/l_watermark_346,w_480,h_480/a_ignore,w_480,h_480,c_fit,q_auto,f_auto/bb181aaf8dff40fa95f270d852a784cc.jpg",Sterkem Pharma Pvt Ltd,87,13,0
Isotroin 30 Capsule,Isotretinoin (30mg),Treatment of Acne,Dry skin Increased liver enzymes Rash,"https://onemg.gumlet.io/l_watermark_346,w_480,h_480/a_ignore,w_480,h_480,c_fit,q_auto,f_auto/cropped/gajnd6eccagjzccgqxiu.jpg",Cipla Ltd,28,43,29
Innomune Tablet,Azathioprine (50mg), Prevention of organ rejection in transplant patientsTreatment of Rheumatoid arthritis,Decreased white blood cell count Increased bleeding tendency Nausea Infection Loss of appetite,"https://onemg.gumlet.io/l_watermark_346,w_480,h_480/a_ignore,w_480,h_480,c_fit,q_auto,f_auto/79fd101c9fe945d58b007670a9a1f4df.jpg",Cipla Ltd,100,0,0
Istaphase MG 2 Tablet PR,Glimepiride (2mg) + Metformin (500mg) + Voglibose (0.2mg),Treatment of Type 2 diabetes mellitus,Nausea Diarrhea Abdominal pain Hypoglycemia low blood glucose level,"https://onemg.gumlet.io/l_watermark_346,w_480,h_480/a_ignore,w_480,h_480,c_fit,q_auto,f_auto/1c5c600b5b26421daa7396463a46f030.jpg",Hetero Drugs Ltd,100,0,0
Inmecin 50mg Capsule,Indomethacin (50mg), Pain relief,Visual disturbance Vomiting Stomach pain epigastric pain Nausea Indigestion Dizziness Drowsiness Visual disorder,"https://onemg.gumlet.io/l_watermark_346,w_480,h_480/a_ignore,w_480,h_480,c_fit,q_auto,f_auto/b7ca72d321074609bc14deafe6a22033.jpg",Sterkem Pharma Pvt Ltd,42,41,17
I Nem 500mg/500mg Injection,Imipenem (500mg) + Cilastatin (500mg), Severe bacterial infections,Nausea Vomiting Diarrhea Rash,"https://onemg.gumlet.io/l_watermark_346,w_480,h_480/a_ignore,w_480,h_480,c_fit,q_auto,f_auto/63e7b0be90454cd6b9741587d4144423.jpg",Glenmark Pharmaceuticals Ltd,22,22,56
Isryl 1 Tablet,Glimepiride (1mg),Treatment of Type 2 diabetes mellitus,Hypoglycemia low blood glucose level Headache Nausea Dizziness Weakness,"https://onemg.gumlet.io/l_watermark_346,w_480,h_480/a_ignore,w_480,h_480,c_fit,q_auto,f_auto/cropped/bl6hjry4ep3r1jp9tisb.jpg",Systopic Laboratories Pvt Ltd,22,11,67
Insugen-N 40IU/ml Injection,Insulin Isophane (40IU), Diabetes,Hypoglycemia low blood glucose level,"https://onemg.gumlet.io/l_watermark_346,w_480,h_480/a_ignore,w_480,h_480,c_fit,q_auto,f_auto/0e1ed803a3844657b65b254fdf0cef9d.jpg",Biocon,25,50,25
Ibucon Plus Suspension,Ibuprofen (100mg) + Paracetamol (162.5mg), Pain reliefTreatment of Fever,Nausea Vomiting Abdominal pain Heartburn Diarrhea,"https://onemg.gumlet.io/l_watermark_346,w_480,h_480/a_ignore,w_480,h_480,c_fit,q_auto,f_auto/8312ed36ae0c4013b058a71d51a4e031.jpg",Concept Pharmaceuticals Ltd,0,33,67
Iminoral 50 Capsule,Ciclosporin (50mg), Prevention of organ rejection in transplant patients Rheumatoid arthritis PsoriasisPrevention of graft rejection following Bone marrow transplantationTreatment of Nephrotic syndrome,Headache Nausea Vomiting Increased hair growth High blood pressure Renal dysfunction Loss of appetite Diarrhea Tremors Gingival hypertrophy gum enlargement,"https://onemg.gumlet.io/l_watermark_346,w_480,h_480/a_ignore,w_480,h_480,c_fit,q_auto,f_auto/umcaawchc9yqrffgf42e.jpg",Emcure Pharmaceuticals Ltd,25,58,17
Immulina 400 Tablet,Pidotimod (400mg), Diseases of respiratory tract,Skin rash,"https://onemg.gumlet.io/l_watermark_346,w_480,h_480/a_ignore,w_480,h_480,c_fit,q_auto,f_auto/cropped/b1wleyumsjrqg3l9ywxy.jpg",Dr Reddy's Laboratories Ltd,42,58,0
Isryl 2 Tablet,Glimepiride (2mg),Treatment of Type 2 diabetes mellitus,Hypoglycemia low blood glucose level Headache Nausea Dizziness Weakness,"https://onemg.gumlet.io/l_watermark_346,w_480,h_480/a_ignore,w_480,h_480,c_fit,q_auto,f_auto/cropped/vhvj5pgdh5dotyppzujj.jpg",Systopic Laboratories Pvt Ltd,33,45,22
Incid-MD Tablet,Levocetirizine (5mg),Treatment of Allergic conditions,Sleepiness Fatigue Dryness in mouth Headache Vomiting Nasopharyngitis inflammation of the throat and nasal passages,"https://onemg.gumlet.io/l_watermark_346,w_480,h_480/a_ignore,w_480,h_480,c_fit,q_auto,f_auto/cropped/ewenobkw7a7nae4glgu2.jpg",Bayer Zydus Pharma Pvt Ltd,62,38,0
Itrasys CF 100 Capsule,Itraconazole (100mg),Treatment of Fungal infections,Nausea Abdominal pain Constipation Dizziness Headache Indigestion Vomiting,"https://onemg.gumlet.io/l_watermark_346,w_480,h_480/a_ignore,w_480,h_480,c_fit,q_auto,f_auto/cropped/t753ytzha7btxr6elrgm.png",Systopic Laboratories Pvt Ltd,56,44,0
Itzhh Capsule,Itraconazole (100mg),Treatment of Fungal infections,Nausea Abdominal pain Constipation Dizziness Headache Indigestion Vomiting,"https://onemg.gumlet.io/l_watermark_346,w_480,h_480/a_ignore,w_480,h_480,c_fit,q_auto,f_auto/1429726063f948e9ab2ff18053a8564b.jpg",Hegde and Hegde Pharmaceutical LLP,33,34,33
Irimist Gel,Hydroxypropylmethylcellulose (0.3% w/w), Dry eyes,Blurred vision Eye irritation Eye pain Eye redness Foreign body sensation in eyes,"https://onemg.gumlet.io/l_watermark_346,w_480,h_480/a_ignore,w_480,h_480,c_fit,q_auto,f_auto/67b9f29b3d584ce18ce1eaebb824b7e4.jpg",Indoco Remedies Ltd,100,0,0
Iobrim Eye Drop,Brimonidine (0.2% w/v), Ocular hypertension Glaucoma,Eye itching Allergic reaction in eye Conjunctival hyperemia Follicular conjunctivitis Dryness in mouth Allergic conjunctivitis Burning sensation High blood pressure,"https://onemg.gumlet.io/l_watermark_346,w_480,h_480/a_ignore,w_480,h_480,c_fit,q_auto,f_auto/cropped/x7badyoyzqdw7smkwjhe.jpg",FDC Ltd,56,22,22
IDEBEST 45MG TABLET,Idebenone (45mg),Treatment of Friedreich's ataxiaTreatment of Leber’s Hereditary Optic Neuropathy,Nasopharyngitis inflammation of the throat and nasal passages Cough Diarrhea Back pain,"https://onemg.gumlet.io/l_watermark_346,w_480,h_480/a_ignore,w_480,h_480,c_fit,q_auto,f_auto/88997eb88f66433b871448412cabf024.jpg",Linux Laboratories,100,0,0
Ivf M  150IU Injection,Menotrophin (150IU), Female infertility Male hypogonadism Male infertility,Headache Injection site pain Injection site allergic reaction Abdominal pain Abdominal cramp Nausea Ovarian hyperstimulation syndrome,"https://onemg.gumlet.io/l_watermark_346,w_480,h_480/a_ignore,w_480,h_480,c_fit,q_auto,f_auto/hyawtb4rohducjznlspv.jpg",LG Lifesciences,21,31,48
Imxia 10% Solution,Minoxidil (10% w/v),Treatment of Hair loss,Itching Chest pain Headache Hypertrichosis excessive hair growth Rash Dermatitis Hypersensitivity Weight gain Fluid retention Tachycardia,"https://onemg.gumlet.io/l_watermark_346,w_480,h_480/a_ignore,w_480,h_480,c_fit,q_auto,f_auto/r9yydix9hwydbueqa2ck.jpg",KLM Laboratories Pvt Ltd,11,62,27
Itraclar 100mg Capsule,Itraconazole (100mg),Treatment of Fungal infections,Nausea Abdominal pain Constipation Dizziness Headache Indigestion Vomiting,"https://onemg.gumlet.io/l_watermark_346,w_480,h_480/a_ignore,w_480,h_480,c_fit,q_auto,f_auto/ek20ljytwszg3lffc1fh.jpg",Torrent Pharmaceuticals Ltd,40,40,20
Intacept 25 Solution for Injection,Etanercept (25mg), Ankylosing spondylitis Rheumatoid arthritis Psoriasis Ulcerative colitis Crohn’s disease,Allergic reaction Upper respiratory tract infection Itching Rash Injection site reaction,"https://onemg.gumlet.io/l_watermark_346,w_480,h_480/a_ignore,w_480,h_480,c_fit,q_auto,f_auto/6d6c2458577d4bc8a5b991bbb7462afd.jpg",Intas Pharmaceuticals Ltd,39,25,36
Inac 50 Tablet,Diclofenac (50mg), Pain relief,Edema swelling Nausea Headache Dizziness Vomiting Itching Flatulence Indigestion Pain in extremities,"https://onemg.gumlet.io/l_watermark_346,w_480,h_480/a_ignore,w_480,h_480,c_fit,q_auto,f_auto/c2c328ebbf244abcb93eaeeb578e92e9.jpg",Zydus Cadila,44,23,33
Inogla-M 500 Tablet SR,Metformin (500mg) + Teneligliptin (20mg),Treatment of Type 2 diabetes mellitus,Hypoglycemia low blood glucose level Nausea Vomiting Diarrhea Headache Bloating Flatulence,"https://onemg.gumlet.io/l_watermark_346,w_480,h_480/a_ignore,w_480,h_480,c_fit,q_auto,f_auto/cropped/wdivsd4yfnpfwyjflarp.jpg",Wockhardt Ltd,33,50,17
Ivecop 6 Tablet,Ivermectin (6mg),Treatment of Parasitic infections,Dizziness Itching Peripheral edema Fever Joint pain Swelling of lymph nodes Synovitis Nausea Diarrhea Orthostatic hypotension sudden lowering of blood pressure on standing Facial swelling Fast heart rate Increased white blood cell count eosinophils Increased hemoglobin Increased alanine aminotransferase Increased aspartate aminotransferase Decreased white blood cell count,"https://onemg.gumlet.io/l_watermark_346,w_480,h_480/a_ignore,w_480,h_480,c_fit,q_auto,f_auto/cropped/eipt57j8i9a9pgfzfmbm.jpg",A. Menarini India Pvt Ltd,36,31,33
Itracip 100 Capsule,Itraconazole (100mg),Treatment of Fungal infections,Nausea Abdominal pain Constipation Dizziness Headache Indigestion Vomiting,"https://onemg.gumlet.io/l_watermark_346,w_480,h_480/a_ignore,w_480,h_480,c_fit,q_auto,f_auto/278bef8cfe7643258b0391b8a04e7c8b.jpg",Cipla Ltd,27,46,27
Ibugesic AP  Tablet,Aceclofenac (100mg) + Paracetamol (325mg), Pain relief,Nausea Vomiting Stomach pain epigastric pain Loss of appetite Heartburn Diarrhea,"https://onemg.gumlet.io/l_watermark_346,w_480,h_480/a_ignore,w_480,h_480,c_fit,q_auto,f_auto/cropped/xeqxvsrzyn9rih6yxnrn.jpg",Cipla Ltd,33,55,12
Itragen 100 Capsule,Itraconazole (100mg),Treatment of Fungal infections,Nausea Abdominal pain Constipation Dizziness Headache Indigestion Vomiting,"https://onemg.gumlet.io/l_watermark_346,w_480,h_480/a_ignore,w_480,h_480,c_fit,q_auto,f_auto/55765583eeb04c99814f70d8083d70c6.jpg",Macleods Pharmaceuticals Pvt Ltd,44,23,33
Itratop 200mg Capsule,Itraconazole (200mg),Treatment of Fungal infections,Nausea Abdominal pain Constipation Dizziness Headache Indigestion Vomiting,"https://onemg.gumlet.io/l_watermark_346,w_480,h_480/a_ignore,w_480,h_480,c_fit,q_auto,f_auto/3c6571b28c0d4ff2a802ae0d87e58b65.jpg",Yash Pharma Laboratories Pvt Ltd,22,28,50
Infura 100mg Tablet,Nitrofurantoin (100mg),Treatment of Bacterial infections of urinary tract,Nausea Vomiting Diarrhea,"https://onemg.gumlet.io/l_watermark_346,w_480,h_480/a_ignore,w_480,h_480,c_fit,q_auto,f_auto/8b856eed46ad4b49a35dbc5dfa953042.jpg",RPG Life Sciences Ltd,67,33,0
Itratuf Capsule,Itraconazole (100mg),Treatment of Fungal infections,Nausea Abdominal pain Constipation Dizziness Headache Indigestion Vomiting,"https://onemg.gumlet.io/l_watermark_346,w_480,h_480/a_ignore,w_480,h_480,c_fit,q_auto,f_auto/6b4256e4689643a790272c94e55f3b40.jpg",Alkem Laboratories Ltd,43,20,37
Imograf Forte Lotion,Tacrolimus (0.1% w/v),Treatment of Atopic dermatitis,Application site reactions burning irritation itching and redness Headache Hair follicle inflammation,"https://onemg.gumlet.io/l_watermark_346,w_480,h_480/a_ignore,w_480,h_480,c_fit,q_auto,f_auto/cropped/sndtzgygp4stqqyxpoh7.jpg",Canixa Life Sciences Pvt,100,0,0
Indclav Bid 228 Dry Syrup,Amoxycillin  (200mg) +  Clavulanic Acid (28.5mg),Treatment of Resistance Tuberculosis (TB)Treatment of Bacterial infections,Abdominal pain Allergy Vomiting Nausea Diarrhea Mucocutaneous candidiasis,"https://onemg.gumlet.io/l_watermark_346,w_480,h_480/a_ignore,w_480,h_480,c_fit,q_auto,f_auto/f8066373f17240d4bd79468b02859563.jpg",Indchemie Health Specialities Pvt Ltd,0,33,67
Isryl-M 4 Forte Tablet PR,Glimepiride (4mg) + Metformin (1000mg),Treatment of Type 2 diabetes mellitus,Hypoglycemia low blood glucose level Headache Nausea Diarrhea Flatulence,"https://onemg.gumlet.io/l_watermark_346,w_480,h_480/a_ignore,w_480,h_480,c_fit,q_auto,f_auto/cpgdre3tmhdjj6gqxkym.jpg",Systopic Laboratories Pvt Ltd,67,33,0
Instaflex AR 200mg/20mg Capsule SR,Aceclofenac (200mg) + Rabeprazole (20mg), Pain relief,Nausea Flatulence Indigestion Diarrhea Constipation,"https://onemg.gumlet.io/l_watermark_346,w_480,h_480/a_ignore,w_480,h_480,c_fit,q_auto,f_auto/f4289cba527d4889a374f86e6d126a04.jpg",Innovcare Lifesciences Pvt Ltd,67,33,0
Ipravent Rotacaps,Ipratropium (40mcg),Treatment of Chronic obstructive pulmonary disease (COPD),Headache Dizziness Throat irritation Cough Dryness in mouth Nausea,"https://onemg.gumlet.io/l_watermark_346,w_480,h_480/a_ignore,w_480,h_480,c_fit,q_auto,f_auto/cropped/azy2byiwkdzbst32bwau.jpg",Cipla Ltd,50,50,0
Ixarola 15mg Tablet,Rivaroxaban (15mg),Treatment and prevention of Blood clots,Bleeding,"https://onemg.gumlet.io/l_watermark_346,w_480,h_480/a_ignore,w_480,h_480,c_fit,q_auto,f_auto/bc46fe09eb7e41b68e6acfe9462d62b4.jpg",Zydus Cadila,53,34,13
Ivnex 5gm Infusion,Human Normal Immunoglobulin (5gm), Immunoglobulins deficiency,Back pain Chills Flushing sense of warmth in the face ears neck and trunk Dizziness Headache Nausea Decreased blood pressure Muscle pain Slow heart rate Wheezing,"https://onemg.gumlet.io/l_watermark_346,w_480,h_480/a_ignore,w_480,h_480,c_fit,q_auto,f_auto/buiefzulnlokvcyegyvi.jpg",Biocon,100,0,0
Ismigen Tablet,Bacterial Lysate (50mg), Diseases of respiratory tract,No common side effects seen,"https://onemg.gumlet.io/l_watermark_346,w_480,h_480/a_ignore,w_480,h_480,c_fit,q_auto,f_auto/cropped/sn1gblrvexdatfjg6jhz.jpg",Lupin Ltd,13,47,40
Itral 1% Ointment,Itraconazole (1% w/w),Treatment of Fungal skin infections,Application site reactions burning irritation itching and redness,"https://onemg.gumlet.io/l_watermark_346,w_480,h_480/a_ignore,w_480,h_480,c_fit,q_auto,f_auto/3e1788e11cd34394a8f8496de75a671c.jpg",Jawa Pharmaceuticals  Pvt Ltd,33,34,33
Ibukind Plus 100 mg/162.5 mg Suspension,Ibuprofen (100mg) + Paracetamol (162.5mg), Pain reliefTreatment of Fever,Nausea Vomiting Abdominal pain Heartburn Diarrhea,"https://onemg.gumlet.io/l_watermark_346,w_480,h_480/a_ignore,w_480,h_480,c_fit,q_auto,f_auto/534cc36deb154b359351950b011a2782.jpg",Mankind Pharma Ltd,67,33,0
Inhipraz 40mg Tablet,Pantoprazole (40mg),Treatment of HeartburnTreatment of Gastroesophageal reflux disease (Acid reflux)Treatment of Peptic ulcer diseaseTreatment of Zollinger-Ellison syndrome,Diarrhea Flatulence Headache Nausea Stomach pain Vomiting Dizziness Upper respiratory tract infection,"https://onemg.gumlet.io/l_watermark_346,w_480,h_480/a_ignore,w_480,h_480,c_fit,q_auto,f_auto/02cbc09e1ab942d18e2e8be1f3cbb780.jpg",La Renon Healthcare Pvt Ltd,67,33,0
IT Mac 400mg Tablet SR,Itraconazole (400mg),Treatment of Fungal infections,Nausea Abdominal pain Constipation Dizziness Headache Indigestion Vomiting,"https://onemg.gumlet.io/l_watermark_346,w_480,h_480/a_ignore,w_480,h_480,c_fit,q_auto,f_auto/2e32e9812b6b4a2caba9908123787ece.jpg",Macleods Pharmaceuticals Pvt Ltd,29,35,36
IBU-C Tablet,Aceclofenac (100mg) + Paracetamol (325mg), Pain relief,Nausea Vomiting Stomach pain epigastric pain Loss of appetite Heartburn Diarrhea,"https://onemg.gumlet.io/l_watermark_346,w_480,h_480/a_ignore,w_480,h_480,c_fit,q_auto,f_auto/cropped/sfastobe9b4nexbhmps8.png",Winston Pharmaceuticals Ltd,0,33,67
Isonorm 20 Tablet,Isosorbide Mononitrate (20mg),Prevention of Angina (heart-related chest pain),Headache Flushing sense of warmth in the face ears neck and trunk Upper respiratory tract infection Abdominal pain Allergic reaction Chest pain Diarrhea,"https://onemg.gumlet.io/l_watermark_346,w_480,h_480/a_ignore,w_480,h_480,c_fit,q_auto,f_auto/ls4zxddsyyteyrzdncyw.jpg",Lupin Ltd,0,0,100
Imidil Dusting Powder,Clotrimazole (1% w/w),Treatment of Fungal skin infections,Blisters Skin peeling Swelling Application site irritation,"https://onemg.gumlet.io/l_watermark_346,w_480,h_480/a_ignore,w_480,h_480,c_fit,q_auto,f_auto/qnruk4o8tczzvl64owpi.jpg",Hetero Drugs Ltd,31,33,36
Iladac DSR Capsule PR,Domperidone (30mg) + Ilaprazole (10mg),Treatment of Gastroesophageal reflux disease (Acid reflux)Treatment of Peptic ulcer disease,Stomach pain Diarrhea Constipation Headache Flatulence Dryness in mouth Dizziness Fatigue,"https://onemg.gumlet.io/l_watermark_346,w_480,h_480/a_ignore,w_480,h_480,c_fit,q_auto,f_auto/32af55f8237c41118e88e78ec3d0c5ba.jpg",Zydus Cadila,39,49,12
Isozole- DSR Capsule,Domperidone (30mg) + Esomeprazole (40mg),Treatment of Gastroesophageal reflux disease (Acid reflux)Treatment of Functional dyspepsia,Diarrhea Flatulence Stomach pain Dryness in mouth Headache,"https://onemg.gumlet.io/l_watermark_346,w_480,h_480/a_ignore,w_480,h_480,c_fit,q_auto,f_auto/cropped/ldp1inssimxvraez5u7k.jpg",Parnasa Mediworld Pvt Ltd,33,67,0
Imferon S 20mg Injection,Iron (20mg), Iron deficiency anemia,Vomiting Dark colored stool Nausea Constipation Diarrhea Injection site reactions pain swelling redness,"https://onemg.gumlet.io/l_watermark_346,w_480,h_480/a_ignore,w_480,h_480,c_fit,q_auto,f_auto/2d7292b927da4dccb0c59b864e12fcb0.jpg",Shreya Life Sciences Pvt Ltd,0,33,67
Isotane 10 Capsule,Isotretinoin (10mg),Treatment of Acne,Dry skin Increased liver enzymes Rash,"https://onemg.gumlet.io/l_watermark_346,w_480,h_480/a_ignore,w_480,h_480,c_fit,q_auto,f_auto/cropped/r5ou9bwpd2si9kmhfghp.jpg",Micro Labs Ltd,18,47,35
Insulate-NP Tablet,Lecithin (1250mg) + Methylcobalamin (1500mcg) + Pregabalin (75mg) + Biotin (5mg), Neuropathic pain,Nausea Increased saliva production Sleepiness Dizziness Impaired concentration Blurred vision Dryness in mouth Weight gain Edema swelling,"https://onemg.gumlet.io/l_watermark_346,w_480,h_480/a_ignore,w_480,h_480,c_fit,q_auto,f_auto/3ad57a734c884dc797730acd70cbb59f.jpg",Butson Bioscience,56,44,0
Iverscab 12mg Dispersible Tablet,Ivermectin (12mg),Treatment of Parasitic infections,Dizziness Itching Peripheral edema Fever Joint pain Swelling of lymph nodes Synovitis Nausea Diarrhea Orthostatic hypotension sudden lowering of blood pressure on standing Facial swelling Fast heart rate Increased white blood cell count eosinophils Increased hemoglobin Increased alanine aminotransferase Increased aspartate aminotransferase Decreased white blood cell count,"https://onemg.gumlet.io/l_watermark_346,w_480,h_480/a_ignore,w_480,h_480,c_fit,q_auto,f_auto/qkmkzsucghcqlcfpp2cg.jpg",NuLife Pharmaceuticals,0,33,67
Inditel CH 40 Tablet,Telmisartan (40mg) + Chlorthalidone (12.5mg), Hypertension (high blood pressure),Dizziness Back pain Sinus infection Diarrhea Skin ulcer,"https://onemg.gumlet.io/l_watermark_346,w_480,h_480/a_ignore,w_480,h_480,c_fit,q_auto,f_auto/cropped/uwq3otm2lf6omyd6hgoa.jpg",Zydus Cadila,83,17,0
Inditel H 40 Tablet,Telmisartan (40mg) + Hydrochlorothiazide (12.5mg),Treatment of Hypertension (high blood pressure),Fatigue Dizziness Nausea Diarrhea Sinus inflammation Flu like symptoms Upper respiratory tract infection,"https://onemg.gumlet.io/l_watermark_346,w_480,h_480/a_ignore,w_480,h_480,c_fit,q_auto,f_auto/cropped/tprrtkdugx7vyhogptlu.jpg",Zydus Cadila,33,67,0
Ivabratco 5 Tablet,Ivabradine (5mg),Treatment of Angina (heart-related chest pain)Treatment of Heart failure,Slow heart rate Luminous phenomena Enhanced brightness High blood pressure Atrial fibrillation Dizziness Blurred vision E C G changes,"https://onemg.gumlet.io/l_watermark_346,w_480,h_480/a_ignore,w_480,h_480,c_fit,q_auto,f_auto/hkr34xwtuvpkmkt7eg81.jpg",Natco Pharma Ltd,100,0,0
Inditel D Capsule SR,Telmisartan (40mg) + Indapamide (1.5mg), Hypertension (high blood pressure),Nausea Stomach pain Diarrhea Constipation Headache Infection Back pain Dizziness Inflammation of the nose Weakness Chest pain Indigestion Peripheral edema Nervousness Hypertonia increased muscle tone Cough Sore throat Sinus inflammation Conjunctivitis,"https://onemg.gumlet.io/l_watermark_346,w_480,h_480/a_ignore,w_480,h_480,c_fit,q_auto,f_auto/cropped/qkgcvuoceqet9nkwqpnh.jpg",Zydus Cadila,89,11,0
Intalith 300 Tablet,Lithium carbonate (300mg), Mania Bipolar disorder,Tremors Slurred speech Uncoordinated body movements Nausea Acne Increased white blood cell count Memory impairment Hair loss Goiter enlarged thyroid gland Skin rash Increased thirst Weight gain Polyuria Diarrhea,"https://onemg.gumlet.io/l_watermark_346,w_480,h_480/a_ignore,w_480,h_480,c_fit,q_auto,f_auto/sqcngxrrmez2chv1lupl.jpg",Intas Pharmaceuticals Ltd,100,0,0
Itrasys 400 Capsule,Itraconazole (400mg),Treatment of Fungal infections,Nausea Abdominal pain Constipation Dizziness Headache Indigestion Vomiting,"https://onemg.gumlet.io/l_watermark_346,w_480,h_480/a_ignore,w_480,h_480,c_fit,q_auto,f_auto/cropped/gpon16p9cubsuzthvecd.jpg",Systopic Laboratories Pvt Ltd,27,29,44
Insulatard 100IU/ml Flexpen,Insulin Isophane (100IU/ml), Diabetes,Hypoglycemia low blood glucose level,"https://onemg.gumlet.io/l_watermark_346,w_480,h_480/a_ignore,w_480,h_480,c_fit,q_auto,f_auto/6a543f7a1b0b4fb9a26615086eb2928a.jpg",Novo Nordisk India Pvt Ltd,56,11,33
Insulatard HM 100IU/ml Penfill,Insulin Isophane (100IU/ml), Diabetes,Hypoglycemia low blood glucose level,"https://onemg.gumlet.io/l_watermark_346,w_480,h_480/a_ignore,w_480,h_480,c_fit,q_auto,f_auto/e57b0954ac91403dadc74894e38aa40d.jpg",Novo Nordisk India Pvt Ltd,0,67,33
Itralent 100mg Capsule,Itraconazole (100mg),Treatment of Fungal infections,Nausea Abdominal pain Constipation Dizziness Headache Indigestion Vomiting,"https://onemg.gumlet.io/l_watermark_346,w_480,h_480/a_ignore,w_480,h_480,c_fit,q_auto,f_auto/963704c0a7874cf8b8871edc17f4faa9.jpg",Talent India ,22,78,0
Infen Plaster,Ketoprofen (30mg), Pain relief,Erythema skin redness Inflammation,"https://onemg.gumlet.io/l_watermark_346,w_480,h_480/a_ignore,w_480,h_480,c_fit,q_auto,f_auto/cropped/n7uqjy3e5xebmy5ie2oq.jpg",Emcure Pharmaceuticals Ltd,59,22,19
Iso Aret 20mg Capsule,Isotretinoin (20mg),Treatment of Acne,Dry skin Increased liver enzymes Rash,"https://onemg.gumlet.io/l_watermark_346,w_480,h_480/a_ignore,w_480,h_480,c_fit,q_auto,f_auto/v9oh2rf9q2wv9lcmm6ve.jpg",A. Menarini India Pvt Ltd,42,58,0
Infa  -VT Ointment,Tinidazole (5% w/w) + Clotrimazole (2% w/w), Syndromic treatment of vaginal discharge,Application site reactions burning irritation itching and redness,"https://onemg.gumlet.io/l_watermark_346,w_480,h_480/a_ignore,w_480,h_480,c_fit,q_auto,f_auto/v69fgi907ipkp5f514pl.jpg",Lark Laboratories Ltd,67,16,17
Itaphyte 200 Capsule,Itraconazole (200mg),Treatment of Fungal infections,Nausea Abdominal pain Constipation Dizziness Headache Indigestion Vomiting,"https://onemg.gumlet.io/l_watermark_346,w_480,h_480/a_ignore,w_480,h_480,c_fit,q_auto,f_auto/aceb4fd1349f44d1b6272cb98d860a71.jpg",Alembic Pharmaceuticals Ltd,0,33,67
Itrabond 100 Capsule,Itraconazole (100mg),Treatment of Fungal infections,Nausea Abdominal pain Constipation Dizziness Headache Indigestion Vomiting,"https://onemg.gumlet.io/l_watermark_346,w_480,h_480/a_ignore,w_480,h_480,c_fit,q_auto,f_auto/bc3d2b9255c844f29e9b3a450db6748c.jpg",Brinton Pharmaceuticals Pvt Ltd,10,76,14
Itralent 200 Capsule,Itraconazole (200mg),Treatment of Fungal infections,Nausea Abdominal pain Constipation Dizziness Headache Indigestion Vomiting,"https://onemg.gumlet.io/l_watermark_346,w_480,h_480/a_ignore,w_480,h_480,c_fit,q_auto,f_auto/eibu6czlojczmn3fgtml.jpg",Talent India ,60,40,0
Itral Eye/Ear Drops,Itraconazole (1% w/v),Treatment of Fungal infections,Irritation Burning sensation Blurred vision,"https://onemg.gumlet.io/l_watermark_346,w_480,h_480/a_ignore,w_480,h_480,c_fit,q_auto,f_auto/a304b72be6434e8f9282a740062a8dc0.jpg",Jawa Pharmaceuticals  Pvt Ltd,56,44,0
Itrafix 100 Capsule,Itraconazole (100mg),Treatment of Fungal infections,Nausea Abdominal pain Constipation Dizziness Headache Indigestion Vomiting,"https://onemg.gumlet.io/l_watermark_346,w_480,h_480/a_ignore,w_480,h_480,c_fit,q_auto,f_auto/cropped/t8bs7ngsvuiuwsnznyyc.jpg",Aristo Pharmaceuticals Pvt Ltd,22,45,33
Irovel 300 Tablet,Irbesartan (300mg), Hypertension (high blood pressure) Heart failure Prevention of heart attack and stroke,Increased potassium level in blood Dizziness Orthostatic hypotension sudden lowering of blood pressure on standing,"https://onemg.gumlet.io/l_watermark_346,w_480,h_480/a_ignore,w_480,h_480,c_fit,q_auto,f_auto/06964a09899443aca63c6bdf33a6ac7b.jpg",Sun Pharmaceutical Industries Ltd,20,60,20
Inogla Tablet,Teneligliptin (20mg),Treatment of Type 2 diabetes mellitus,Dizziness Headache Diarrhea Hypoglycemia low blood glucose level Nausea Vomiting,"https://onemg.gumlet.io/l_watermark_346,w_480,h_480/a_ignore,w_480,h_480,c_fit,q_auto,f_auto/cropped/u1m9e0jiemhsbibtkf7d.jpg",Wockhardt Ltd,22,56,22
Iycotic Cream,Ketoconazole (2% w/w), Fungal skin infections,Skin peeling Application site reactions burning irritation itching and redness Nausea Vomiting Abdominal pain Increased liver enzymes Application site redness Itching Diarrhea Abnormal liver function tests Adrenal insufficiency Application site burning,"https://onemg.gumlet.io/l_watermark_346,w_480,h_480/a_ignore,w_480,h_480,c_fit,q_auto,f_auto/yqixwnawuj6bzctrh84x.jpg",Rowan Bioceuticals Pvt Ltd,22,11,67
I-Gesic Eye Drop,Diclofenac (0.1% w/v), Post-operative eye pain and inflammation Pain relief,Eye discomfort Burning eyes Edema swelling Nausea Headache Dizziness Vomiting Itching Flatulence Indigestion Pain in extremities,"https://onemg.gumlet.io/l_watermark_346,w_480,h_480/a_ignore,w_480,h_480,c_fit,q_auto,f_auto/cropped/yrfwqqy0fokxbaejyg3b.jpg",Centaur Pharmaceuticals Pvt Ltd,67,11,22
Itromed Gel,Itraconazole (1% w/w),Treatment of Fungal skin infections,Application site reactions burning irritation itching and redness,"https://onemg.gumlet.io/l_watermark_346,w_480,h_480/a_ignore,w_480,h_480,c_fit,q_auto,f_auto/c7e32a34ebac45f98521ccbcf22283b1.jpg",Leeford Healthcare Ltd,0,33,67
Iconac MR 8 Tablet,Thiocolchicoside (8mg) + Aceclofenac (100mg) + Paracetamol (500mg),Treatment of Muscular pain,Nausea Vomiting Heartburn Stomach pain Diarrhea Loss of appetite Dryness in mouth,"https://onemg.gumlet.io/l_watermark_346,w_480,h_480/a_ignore,w_480,h_480,c_fit,q_auto,f_auto/190858c9cbb848d3bff5d4f91c58b33a.jpg",Icon Life Sciences,22,56,22
Inditel 20 Tablet,Telmisartan (20mg),Treatment of Hypertension (high blood pressure) Prevention of heart attack and strokeTreatment of Heart failure,Upper respiratory tract infection Sinus infection Back pain Diarrhea,"https://onemg.gumlet.io/l_watermark_346,w_480,h_480/a_ignore,w_480,h_480,c_fit,q_auto,f_auto/cropped/zig834mdcrv8l70mz6v8.jpg",Zydus Cadila,33,67,0
Ivepred 500mg Injection,Methylprednisolone (500mg),Treatment of Rheumatic disorderTreatment of Systemic lupus erythematosus (SLE)Treatment of Allergic conditionsTreatment of Eye disordersTreatment of Skin disorders,Nausea Sweating Edema swelling Thinning of skin Increased risk of infection Reduction in bone density Weight gain Mood changes Upset stomach Behavioral changes,"https://onemg.gumlet.io/l_watermark_346,w_480,h_480/a_ignore,w_480,h_480,c_fit,q_auto,f_auto/vnezsnyoqurjnxikxgyq.jpg",Sun Pharmaceutical Industries Ltd,42,16,42
Itrafix 100 Capsule,Itraconazole (100mg),Treatment of Fungal infections,Nausea Abdominal pain Constipation Dizziness Headache Indigestion Vomiting,"https://onemg.gumlet.io/l_watermark_346,w_480,h_480/a_ignore,w_480,h_480,c_fit,q_auto,f_auto/cropped/ers3wbtshm8zmnueahpb.jpg",Aristo Pharmaceuticals Pvt Ltd,100,0,0
Intrazole 200 Capsule,Itraconazole (200mg),Treatment of Fungal infections,Nausea Abdominal pain Constipation Dizziness Headache Indigestion Vomiting,"https://onemg.gumlet.io/l_watermark_346,w_480,h_480/a_ignore,w_480,h_480,c_fit,q_auto,f_auto/15044864a8014509b61b6749f808a41f.jpg",Rockmed Pharma Pvt. Ltd.,0,20,80
Inosert 25 Tablet,Sertraline (25mg),Treatment of DepressionTreatment of Post traumatic stress disorderTreatment of Obsessive-compulsive disorderTreatment of Panic disorderTreatment of Premenstrual dysphoric disorderTreatment of AnxietyTreatment of Premenstrual syndrome (PMS),Delayed ejaculation Erectile dysfunction Indigestion Insomnia difficulty in sleeping Low sexual desire Nausea Tremors Diarrhea Increased sweating Loss of appetite Sleepiness Taste change,"https://onemg.gumlet.io/l_watermark_346,w_480,h_480/a_ignore,w_480,h_480,c_fit,q_auto,f_auto/61c17d6496ae41239ead1adc07c7cb1d.jpg",Ipca Laboratories Ltd,25,8,67
Inosert 100 Tablet,Sertraline (100mg),Treatment of DepressionTreatment of Post traumatic stress disorderTreatment of Obsessive-compulsive disorderTreatment of Panic disorderTreatment of Premenstrual dysphoric disorderTreatment of AnxietyTreatment of Premenstrual syndrome (PMS),Delayed ejaculation Erectile dysfunction Indigestion Insomnia difficulty in sleeping Low sexual desire Nausea Tremors Diarrhea Increased sweating Loss of appetite Sleepiness Taste change,"https://onemg.gumlet.io/l_watermark_346,w_480,h_480/a_ignore,w_480,h_480,c_fit,q_auto,f_auto/pdhxcw9ao2zhdmtrxuqp.jpg",Ipca Laboratories Ltd,50,50,0
Iladac L Capsule PR,Levosulpiride (75mg) + Ilaprazole (10mg), Constipation,Nausea Abdominal pain Constipation Diarrhea Dizziness Dryness in mouth Fatigue Flatulence Headache Sleepiness,"https://onemg.gumlet.io/l_watermark_346,w_480,h_480/a_ignore,w_480,h_480,c_fit,q_auto,f_auto/gh0ynat0ebzkponlnsse.jpg",Zydus Cadila,28,44,28
Inditel CH 80 Tablet,Telmisartan (80mg) + Chlorthalidone (12.5mg), Hypertension (high blood pressure),Dizziness Back pain Sinus infection Diarrhea Skin ulcer,"https://onemg.gumlet.io/l_watermark_346,w_480,h_480/a_ignore,w_480,h_480,c_fit,q_auto,f_auto/s3zpucfwablhzi7dgy3w.jpg",Zydus Cadila,100,0,0
Istavel 25mg Tablet,Sitagliptin (25mg),Treatment of Type 2 diabetes mellitus,Nasopharyngitis inflammation of the throat and nasal passages Headache Hypoglycemia low blood glucose level,"https://onemg.gumlet.io/l_watermark_346,w_480,h_480/a_ignore,w_480,h_480,c_fit,q_auto,f_auto/cropped/piy27tzih8r6l6jgivuo.jpg",Sun Pharmaceutical Industries Ltd,0,50,50
Insugen-R 100IU/ml Solution for Injection,Human insulin (100IU), Diabetes,Hypoglycemia low blood glucose level Weight gain Injection site reactions pain swelling redness Cold sweat Anxiety Shakiness Hunger pangs Fast heart rate Headache Nervousness,"https://onemg.gumlet.io/l_watermark_346,w_480,h_480/a_ignore,w_480,h_480,c_fit,q_auto,f_auto/742c8e9b366145069ccfb848ddfc29de.jpg",Biocon,0,50,50
Itrabond 200 Capsule,Itraconazole (200mg),Treatment of Fungal infections,Nausea Abdominal pain Constipation Dizziness Headache Indigestion Vomiting,"https://onemg.gumlet.io/l_watermark_346,w_480,h_480/a_ignore,w_480,h_480,c_fit,q_auto,f_auto/cce865cefb0b449f9aabab17e551918b.jpg",Brinton Pharmaceuticals Pvt Ltd,44,39,17
Itracoe 200 Capsule,Itraconazole (200mg),Treatment of Fungal infections,Nausea Abdominal pain Constipation Dizziness Headache Indigestion Vomiting,"https://onemg.gumlet.io/l_watermark_346,w_480,h_480/a_ignore,w_480,h_480,c_fit,q_auto,f_auto/cropped/rauqyzeo92cvlc8khfwv.jpg",Koye Pharmaceuticals Pvt ltd,12,50,38
Isofeel 0.025 Cream,Tretinoin (0.025% w/w),Treatment of Acne Acute promyelocytic leukaemia,Erythema skin redness Skin irritation Dry skin Dry lips Pale red skin Increased sensitivity to light,"https://onemg.gumlet.io/l_watermark_346,w_480,h_480/a_ignore,w_480,h_480,c_fit,q_auto,f_auto/cropped/hgdi5vjxdscmodkhbfl2.jpg",Dermakare Pharmaceuticals Pvt Ltd,21,54,25
Irivisc Liquigel,Carboxymethylcellulose (0.5% w/v),Treatment of Dry eyes,Eye irritation Burning eyes Eye discomfort Eye itching Eye pain,"https://onemg.gumlet.io/l_watermark_346,w_480,h_480/a_ignore,w_480,h_480,c_fit,q_auto,f_auto/v1bryaqiibnegwsdywnx.jpg",Indoco Remedies Ltd,0,33,67
Itrazole 200 Capsule,Itraconazole (200mg),Treatment of Fungal infections,Nausea Abdominal pain Constipation Dizziness Headache Indigestion Vomiting,"https://onemg.gumlet.io/l_watermark_346,w_480,h_480/a_ignore,w_480,h_480,c_fit,q_auto,f_auto/cropped/ydc6gexkswrwfpeju5il.jpg",Lupin Ltd,37,33,30
Itracoe Gel,Itraconazole (1% w/w),Treatment of Fungal skin infections,Application site reactions burning irritation itching and redness,"https://onemg.gumlet.io/l_watermark_346,w_480,h_480/a_ignore,w_480,h_480,c_fit,q_auto,f_auto/cropped/uga2crqqtrr0g9kwwf6j.jpg",Koye Pharmaceuticals Pvt ltd,19,43,38
Ivazine 5 Tablet,Ivabradine (5mg),Treatment of Angina (heart-related chest pain)Treatment of Heart failure,Slow heart rate Luminous phenomena Enhanced brightness High blood pressure Atrial fibrillation Dizziness Blurred vision E C G changes,"https://onemg.gumlet.io/l_watermark_346,w_480,h_480/a_ignore,w_480,h_480,c_fit,q_auto,f_auto/cropped/i1wkinl5ugyk7gn4u4gc.png",Torrent Pharmaceuticals Ltd,0,67,33
Inogla-M 1000 Tablet SR,Metformin (1000mg) + Teneligliptin (20mg),Treatment of Type 2 diabetes mellitus,Hypoglycemia low blood glucose level Nausea Vomiting Diarrhea Headache Bloating Flatulence,"https://onemg.gumlet.io/l_watermark_346,w_480,h_480/a_ignore,w_480,h_480,c_fit,q_auto,f_auto/cropped/aiw6txf2s9ixxzjv6yhu.jpg",Wockhardt Ltd,0,67,33
Isonorm 60 SR Tablet,Isosorbide Mononitrate (60mg),Prevention of Angina (heart-related chest pain),Headache Flushing sense of warmth in the face ears neck and trunk Upper respiratory tract infection Abdominal pain Allergic reaction Chest pain Diarrhea,"https://onemg.gumlet.io/l_watermark_346,w_480,h_480/a_ignore,w_480,h_480,c_fit,q_auto,f_auto/cropped/yaa3ixrhc8f8z1vnwbbq.jpg",Lupin Ltd,67,33,0
Inditel AH 40 Tablet,Telmisartan (40mg) + Amlodipine (5mg) + Hydrochlorothiazide (12.5mg), Hypertension (high blood pressure),Ankle swelling Dizziness Nausea Peripheral edema Mood changes Visual disturbance,"https://onemg.gumlet.io/l_watermark_346,w_480,h_480/a_ignore,w_480,h_480,c_fit,q_auto,f_auto/6b36a315bb974b3ca0fbd62e5c68a7ba.jpg",Zydus Cadila,0,0,100
Isomin 20mg Tablet,Isosorbide Mononitrate (20mg),Prevention of Angina (heart-related chest pain),Headache Flushing sense of warmth in the face ears neck and trunk Upper respiratory tract infection Abdominal pain Allergic reaction Chest pain Diarrhea,"https://onemg.gumlet.io/l_watermark_346,w_480,h_480/a_ignore,w_480,h_480,c_fit,q_auto,f_auto/a4a9d8ea834843fc82e32dd88f630294.jpg",Cipla Ltd,83,17,0
Ivermect 12mg Tablet,Ivermectin (12mg),Treatment of Parasitic infections,Dizziness Itching Peripheral edema Fever Joint pain Swelling of lymph nodes Synovitis Nausea Diarrhea Orthostatic hypotension sudden lowering of blood pressure on standing Facial swelling Fast heart rate Increased white blood cell count eosinophils Increased hemoglobin Increased alanine aminotransferase Increased aspartate aminotransferase Decreased white blood cell count,"https://onemg.gumlet.io/l_watermark_346,w_480,h_480/a_ignore,w_480,h_480,c_fit,q_auto,f_auto/lhccy4rlrpk1orywqpgs.jpg",Domagk Smith Labs Pvt Ltd,100,0,0
IZ K Soap,Ketoconazole (1% w/w), Fungal skin infections,Skin peeling Application site reactions burning irritation itching and redness Nausea Vomiting Abdominal pain Increased liver enzymes Application site redness Itching Diarrhea Abnormal liver function tests Adrenal insufficiency Application site burning,"https://onemg.gumlet.io/l_watermark_346,w_480,h_480/a_ignore,w_480,h_480,c_fit,q_auto,f_auto/cropped/kjkj5zajvqltrqmczqbd.jpg",MRHM Pharma Pvt Ltd,25,56,19
Itaspor Powder,Itraconazole (1% w/w),Treatment of Fungal skin infections,Application site reactions burning irritation itching and redness,"https://onemg.gumlet.io/l_watermark_346,w_480,h_480/a_ignore,w_480,h_480,c_fit,q_auto,f_auto/4386579e5dc94246996300cea6a9b407.jpg",Intas Pharmaceuticals Ltd,0,67,33
Ilosure 4 Tablet,Iloperidone (4mg), Schizophrenia Mania,Dizziness Dryness in mouth Fatigue Nasal congestion stuffy nose Orthostatic hypotension sudden lowering of blood pressure on standing Sleepiness Weight gain,"https://onemg.gumlet.io/l_watermark_346,w_480,h_480/a_ignore,w_480,h_480,c_fit,q_auto,f_auto/ztka2jufmg2v6ssk0slu.jpg",Sun Pharmaceutical Industries Ltd,67,33,0
Ivepred 1000mg Injection,Methylprednisolone (1000mg),Treatment of Rheumatic disorderTreatment of Systemic lupus erythematosus (SLE)Treatment of Allergic conditionsTreatment of Eye disordersTreatment of Skin disorders,Nausea Sweating Edema swelling Thinning of skin Increased risk of infection Reduction in bone density Weight gain Mood changes Upset stomach Behavioral changes,"https://onemg.gumlet.io/l_watermark_346,w_480,h_480/a_ignore,w_480,h_480,c_fit,q_auto,f_auto/1cf2209581614e2cb88f1a9f6c31746e.jpg",Sun Pharmaceutical Industries Ltd,0,33,67
Isorus Tablet,Isosorbide Dinitrate (20mg) + Hydralazine (37.5mg),Treatment of Heart failure,Headache Dizziness,"https://onemg.gumlet.io/l_watermark_346,w_480,h_480/a_ignore,w_480,h_480,c_fit,q_auto,f_auto/03d6bee2ec514bad8cdef846d5b7a97c.jpg",Ajanta Pharma Ltd,67,33,0
Intadine 5% Ointment,Povidone Iodine (5%),Treatment and prevention of Wound infection,Application site reactions burning irritation itching and redness,"https://onemg.gumlet.io/l_watermark_346,w_480,h_480/a_ignore,w_480,h_480,c_fit,q_auto,f_auto/cropped/qcwj3hjjdwgxhrinours.jpg",Intas Pharmaceuticals Ltd,25,50,25
Ishape 120mg Capsule,Orlistat (120mg), Obesity,Fat in stool Bowel incontinence Flatus with discharge Oily spotting Increased urge to pass bowels Oily evacuation Increased bowel movements,"https://onemg.gumlet.io/l_watermark_346,w_480,h_480/a_ignore,w_480,h_480,c_fit,q_auto,f_auto/80c5af210597403090fabefdf0fcd99c.jpg",Primus Remedies Pvt Ltd,44,12,44
ILet B 2 Tablet PR,Glimepiride (2mg) + Metformin (500mg),Treatment of Type 2 diabetes mellitus,Hypoglycemia low blood glucose level Headache Nausea Diarrhea Flatulence,"https://onemg.gumlet.io/l_watermark_346,w_480,h_480/a_ignore,w_480,h_480,c_fit,q_auto,f_auto/uzgdqzduzg7nzjfjgz4d.jpg",MSN Laboratories,50,0,50
Indikof LS Syrup Sugar Free,Ambroxol (30mg/5ml) + Levosalbutamol (1mg/5ml) + Guaifenesin (50mg/5ml),Treatment of Cough with mucus,Nausea Vomiting Diarrhea Upset stomach Stomach pain Allergic reaction Dizziness Headache Rash Hives Tremors Palpitations Muscle cramp Increased heart rate,"https://onemg.gumlet.io/l_watermark_346,w_480,h_480/a_ignore,w_480,h_480,c_fit,q_auto,f_auto/cropped/poyz0964wb5eondb39by.png",Alkem Laboratories Ltd,100,0,0
Ixarola 20mg Tablet,Rivaroxaban (20mg),Treatment and prevention of Blood clots,Bleeding,"https://onemg.gumlet.io/l_watermark_346,w_480,h_480/a_ignore,w_480,h_480,c_fit,q_auto,f_auto/wfeza2qqhpvmfhzkuzwr.jpg",Zydus Cadila,42,33,25
Ilapro D Capsule PR,Domperidone (30mg) + Ilaprazole (10mg),Treatment of Gastroesophageal reflux disease (Acid reflux)Treatment of Peptic ulcer disease,Stomach pain Diarrhea Constipation Headache Flatulence Dryness in mouth Dizziness Fatigue,"https://onemg.gumlet.io/l_watermark_346,w_480,h_480/a_ignore,w_480,h_480,c_fit,q_auto,f_auto/cropped/nbjgpjm4ztdvitlsd8xu.jpg",Ajanta Pharma Ltd,0,78,22
Intawin 400 Tablet,Fluconazole (400mg),Treatment of Fungal infections,Headache Nausea Stomach pain,"https://onemg.gumlet.io/l_watermark_346,w_480,h_480/a_ignore,w_480,h_480,c_fit,q_auto,f_auto/3baf24224ab74a8c926de47c8a25f31a.jpg",Intas Pharmaceuticals Ltd,0,17,83
Ibrex-MT Tablet,Montelukast (10mg) + Fexofenadine (120mg),Treatment of Sneezing and runny nose due to allergies,Nausea Diarrhea Vomiting Skin rash Flu like symptoms Headache Drowsiness Dizziness,"https://onemg.gumlet.io/l_watermark_346,w_480,h_480/a_ignore,w_480,h_480,c_fit,q_auto,f_auto/wgaxjxot1zifviwshzzy.jpg",Cadila Pharmaceuticals Ltd,33,67,0
Intagesic 50 mg/325 mg Tablet,Diclofenac (50mg) + Paracetamol (325mg), Pain relief,Nausea Vomiting Stomach pain epigastric pain Heartburn Diarrhea Loss of appetite,"https://onemg.gumlet.io/l_watermark_346,w_480,h_480/a_ignore,w_480,h_480,c_fit,q_auto,f_auto/malayr8lxljnvx069fcq.jpg",Intas Pharmaceuticals Ltd,20,53,27
Irinotel 100mg Injection,Irinotecan (100mg), Cancer of colon and rectum,Fatigue Nausea Vomiting Weakness Hair loss Fever Anemia low number of red blood cells Diarrhea Decreased white blood cell count neutrophils Decreased appetite Mucosal inflammation,"https://onemg.gumlet.io/l_watermark_346,w_480,h_480/a_ignore,w_480,h_480,c_fit,q_auto,f_auto/llzcrvwaqwat0gitkqi7.jpg",Fresenius Kabi India Pvt Ltd,100,0,0
I-Sure Capsule,Isotretinoin (20mg),Treatment of Acne,Dry skin Increased liver enzymes Rash,"https://onemg.gumlet.io/l_watermark_346,w_480,h_480/a_ignore,w_480,h_480,c_fit,q_auto,f_auto/cropped/x2m8tlaylpip5iu4bnwc.png",Assure Lifescience Pvt Ltd,39,34,27
Ibilul Cream,Luliconazole (1% w/w),Treatment of Fungal skin infections,Application site reactions burning irritation itching and redness Dry skin Skin peeling Blisters on skin,"https://onemg.gumlet.io/l_watermark_346,w_480,h_480/a_ignore,w_480,h_480,c_fit,q_auto,f_auto/eb8b04ef03a3420f9cfe9c1c5c8c6801.jpg",Indiabulls pharmaceutical ltd,33,17,50
Intrazole 100 Capsule,Itraconazole (100mg),Treatment of Fungal infections,Nausea Abdominal pain Constipation Dizziness Headache Indigestion Vomiting,"https://onemg.gumlet.io/l_watermark_346,w_480,h_480/a_ignore,w_480,h_480,c_fit,q_auto,f_auto/281951fd2ed44dab92733b02f6c00e11.jpg",Rockmed Pharma Pvt. Ltd.,22,45,33
Ixza 1000mg Injection,Meropenem (1000mg), Severe bacterial infections,Rash Headache Vomiting Nausea Itching Diarrhea Injection site inflammation Anemia low number of red blood cells Sepsis Constipation Apnea absence of breathing Shock,"https://onemg.gumlet.io/l_watermark_346,w_480,h_480/a_ignore,w_480,h_480,c_fit,q_auto,f_auto/e9ab118e5a3c4c51be1f8767f07371d4.jpg",Biocon,100,0,0
Isolor 5 Tablet,Desloratadine (5mg),Treatment of Allergic conditions,Sleepiness Dizziness,"https://onemg.gumlet.io/l_watermark_346,w_480,h_480/a_ignore,w_480,h_480,c_fit,q_auto,f_auto/78c442c3f2d64821a8d4e03f4b8a4cce.jpg",Galaxy Biotech,0,17,83
Itracip 200mg Capsule,Itraconazole (200mg),Treatment of Fungal infections,Nausea Abdominal pain Constipation Dizziness Headache Indigestion Vomiting,"https://onemg.gumlet.io/l_watermark_346,w_480,h_480/a_ignore,w_480,h_480,c_fit,q_auto,f_auto/29b60ae8a17543c0bd1406cf27748bc0.jpg",Cipla Ltd,50,17,33
Itraconol 200 Capsule,Itraconazole (200mg),Treatment of Fungal infections,Nausea Abdominal pain Constipation Dizziness Headache Indigestion Vomiting,"https://onemg.gumlet.io/l_watermark_346,w_480,h_480/a_ignore,w_480,h_480,c_fit,q_auto,f_auto/cropped/jtl5dubg3uheak0lj8ho.jpg",Knoll Pharmaceuticals Ltd,0,17,83
Isonise 10mg Capsule,Isotretinoin (10mg),Treatment of Acne,Dry skin Increased liver enzymes Rash,"https://onemg.gumlet.io/l_watermark_346,w_480,h_480/a_ignore,w_480,h_480,c_fit,q_auto,f_auto/f406176888794745a1fd453f002fe413.jpg",Oziel Pharmaceuticals Pvt Ltd,33,67,0
Immulina Liquid,Pidotimod (400mg), Diseases of respiratory tract,Skin rash,"https://onemg.gumlet.io/l_watermark_346,w_480,h_480/a_ignore,w_480,h_480,c_fit,q_auto,f_auto/cropped/hxbmyujfiaetpwrlimxh.jpg",Dr Reddy's Laboratories Ltd,0,17,83
Ibvilda M 500 Tablet,Metformin  (500mg) +  Vildagliptin (50mg),Treatment of Type 2 diabetes mellitus,Hypoglycemia low blood glucose level Trembling Headache Dizziness Nausea Weight gain,"https://onemg.gumlet.io/l_watermark_346,w_480,h_480/a_ignore,w_480,h_480,c_fit,q_auto,f_auto/cropped/etvozusojnww2repvwtc.jpg",Indiabulls pharmaceutical ltd,50,17,33
Insugen 50/50 Injection 100IU/ml,Insulin Isophane/NPH   (50%) +   Human Insulin/Soluble Insulin (50%), Diabetes,Hypoglycemia low blood glucose level Injection site reactions pain swelling redness Weight gain,"https://onemg.gumlet.io/l_watermark_346,w_480,h_480/a_ignore,w_480,h_480,c_fit,q_auto,f_auto/uewootuqaltlq5r87kxk.jpg",Biocon,67,33,0
Itrostred 200 Capsule,Itraconazole (200mg),Treatment of Fungal infections,Nausea Abdominal pain Constipation Dizziness Headache Indigestion Vomiting,"https://onemg.gumlet.io/l_watermark_346,w_480,h_480/a_ignore,w_480,h_480,c_fit,q_auto,f_auto/45433a1325da4bd0856580df4085da1d.jpg",Leeford Healthcare Ltd,0,80,20
I Lax 20mg Capsule,Isotretinoin (20mg),Treatment of Acne,Dry skin Increased liver enzymes Rash,"https://onemg.gumlet.io/l_watermark_346,w_480,h_480/a_ignore,w_480,h_480,c_fit,q_auto,f_auto/k7josmyar281acy6fdcs.jpg",Laxian Healthcare,53,47,0
Izra-L Capsule SR,Levosulpiride (75mg) + Esomeprazole (40mg),Treatment of Gastroesophageal reflux disease (Acid reflux)Treatment of Peptic ulcer disease,Nausea Vomiting Diarrhea Constipation Upset stomach Stomach pain Headache Flatulence Sleepiness,"https://onemg.gumlet.io/l_watermark_346,w_480,h_480/a_ignore,w_480,h_480,c_fit,q_auto,f_auto/vnahyrgmkzmtb0p1ho6w.jpg",Torrent Pharmaceuticals Ltd,20,40,40
Insugen-N 100IU/ml Injection,Insulin Isophane (100IU), Diabetes,Hypoglycemia low blood glucose level,"https://onemg.gumlet.io/l_watermark_346,w_480,h_480/a_ignore,w_480,h_480,c_fit,q_auto,f_auto/hcjihpr2wtyk0plhaw4i.jpg",Biocon,22,45,33
Imunotac 0.5 Capsule,Tacrolimus (0.5mg), Prevention of organ rejection in transplant patients,Increased glucose level in blood Kidney damage Insomnia difficulty in sleeping Tremors High blood pressure Infection,"https://onemg.gumlet.io/l_watermark_346,w_480,h_480/a_ignore,w_480,h_480,c_fit,q_auto,f_auto/604eb1a9c94a40078b359c25e6baaf7f.jpg",RPG Life Sciences Ltd,100,0,0
Ibitra 100mg Capsule,Itraconazole (100mg),Treatment of Fungal infections,Nausea Abdominal pain Constipation Dizziness Headache Indigestion Vomiting,"https://onemg.gumlet.io/l_watermark_346,w_480,h_480/a_ignore,w_480,h_480,c_fit,q_auto,f_auto/f08em2xta5deums8swin.jpg",Indiabulls pharmaceutical ltd,56,44,0
Isokon 20mg Capsule,Isotretinoin (20mg),Treatment of Acne,Dry skin Increased liver enzymes Rash,"https://onemg.gumlet.io/l_watermark_346,w_480,h_480/a_ignore,w_480,h_480,c_fit,q_auto,f_auto/2a4a6fad464b4206824c31817e61289b.jpg",Eskon Pharma,33,67,0
Ibitret 10mg Soft Gelatin Capsule,Isotretinoin (10mg),Treatment of Acne,Dry skin Increased liver enzymes Rash,"https://onemg.gumlet.io/l_watermark_346,w_480,h_480/a_ignore,w_480,h_480,c_fit,q_auto,f_auto/cccwa0dzxfpi3a9cdl5r.jpg",Indiabulls pharmaceutical ltd,67,33,0
Insugen-N 100IU/ml Refil Injection,Insulin Isophane (100IU), Diabetes,Hypoglycemia low blood glucose level,"https://onemg.gumlet.io/l_watermark_346,w_480,h_480/a_ignore,w_480,h_480,c_fit,q_auto,f_auto/ow1exhd450tiu5oe9owp.jpg",Biocon,50,17,33
Inditel MX 50 Tablet ER,Telmisartan (40mg) + Metoprolol Succinate (50mg),Treatment of Hypertension (high blood pressure),Headache Weakness Dizziness Cold extremities Slow heart rate Increased potassium level in blood Numbness of extremity Decreased blood pressure,"https://onemg.gumlet.io/l_watermark_346,w_480,h_480/a_ignore,w_480,h_480,c_fit,q_auto,f_auto/e80pwcs0roztkayovtms.jpg",Zydus Cadila,67,33,0
Itra RD 200 Capsule,Itraconazole (200mg),Treatment of Fungal infections,Nausea Abdominal pain Constipation Dizziness Headache Indigestion Vomiting,"https://onemg.gumlet.io/l_watermark_346,w_480,h_480/a_ignore,w_480,h_480,c_fit,q_auto,f_auto/473e4b33020e48138006c8bb8ca672c1.jpg",Ethinext Pharma,78,22,0
Iconac Spt Tablet,Aceclofenac (NA) + Paracetamol (NA) + Serratiopeptidase (NA), Pain relief,Nausea Vomiting Stomach pain Indigestion Heartburn Loss of appetite Diarrhea,"https://onemg.gumlet.io/l_watermark_346,w_480,h_480/a_ignore,w_480,h_480,c_fit,q_auto,f_auto/9a5846bfd69b4b45b46f1ad75d4deeba.jpg",Icon Life Sciences,100,0,0
IZ K Lotion,Ketoconazole (2% w/v) + Zinc pyrithione (1% w/v),Treatment of Fungal skin infectionsTreatment of Dandruff,Application site reactions burning irritation itching and redness,"https://onemg.gumlet.io/l_watermark_346,w_480,h_480/a_ignore,w_480,h_480,c_fit,q_auto,f_auto/aia2rhsuxaiimmtt2flv.jpg",MRHM Pharma Pvt Ltd,56,11,33
Itrastar 100mg Capsule,Itraconazole (100mg),Treatment of Fungal infections,Nausea Abdominal pain Constipation Dizziness Headache Indigestion Vomiting,"https://onemg.gumlet.io/l_watermark_346,w_480,h_480/a_ignore,w_480,h_480,c_fit,q_auto,f_auto/eefccd5e1286402b998db18787fc9ea9.jpg",Wallace Pharmaceuticals Pvt Ltd,58,25,17
Itracat 200 Capsule,Itraconazole (200mg),Treatment of Fungal infections,Nausea Abdominal pain Constipation Dizziness Headache Indigestion Vomiting,"https://onemg.gumlet.io/l_watermark_346,w_480,h_480/a_ignore,w_480,h_480,c_fit,q_auto,f_auto/cropped/saheogibdowqwzniyitn.jpg",Profic Organic Ltd,100,0,0
Iversafe Cream,Ivermectin (1% w/w), RosaceaTreatment of Parasitic infections,Application site reactions burning irritation itching and redness Dizziness Itching Peripheral edema Fever Joint pain Swelling of lymph nodes Synovitis Nausea Diarrhea Orthostatic hypotension sudden lowering of blood pressure on standing Facial swelling Fast heart rate Increased white blood cell count eosinophils Increased hemoglobin Increased alanine aminotransferase Increased aspartate aminotransferase Decreased white blood cell count,"https://onemg.gumlet.io/l_watermark_346,w_480,h_480/a_ignore,w_480,h_480,c_fit,q_auto,f_auto/nxygr3ucul5kvlteevmt.jpg",Rockmed Pharma Pvt. Ltd.,100,0,0
Imulast 200mg Tablet,Hydroxychloroquine (200mg),Treatment of Rheumatoid arthritisTreatment of Systemic lupus erythematosus (SLE)Treatment of Type 2 diabetes mellitus,Blurred vision Headache Diarrhea Abdominal pain Vomiting Nausea Decreased appetite Skin rash Itching Affect lability,"https://onemg.gumlet.io/l_watermark_346,w_480,h_480/a_ignore,w_480,h_480,c_fit,q_auto,f_auto/gn8r8hhb5exzzfixpjlg.jpg",Cipla Ltd,0,67,33
Iphytoral 100mg Capsule,Itraconazole (100mg),Treatment of Fungal infections,Nausea Abdominal pain Constipation Dizziness Headache Indigestion Vomiting,"https://onemg.gumlet.io/l_watermark_346,w_480,h_480/a_ignore,w_480,h_480,c_fit,q_auto,f_auto/529b2f9297e045e7b5b4a15968d8fa99.jpg",Micro Labs Ltd,47,33,20
Itrafung 100 Capsule,Itraconazole (100mg),Treatment of Fungal infections,Nausea Abdominal pain Constipation Dizziness Headache Indigestion Vomiting,"https://onemg.gumlet.io/l_watermark_346,w_480,h_480/a_ignore,w_480,h_480,c_fit,q_auto,f_auto/ad144fc1cb0f4163934bda4be5f9d94e.jpg",East West Pharma,33,14,53
Ibitra 200mg Capsule,Itraconazole (200mg),Treatment of Fungal infections,Nausea Abdominal pain Constipation Dizziness Headache Indigestion Vomiting,"https://onemg.gumlet.io/l_watermark_346,w_480,h_480/a_ignore,w_480,h_480,c_fit,q_auto,f_auto/6d43eb15d3984099b1739dc4b2244965.jpg",Indiabulls pharmaceutical ltd,21,46,33
Instaflex Nano Gel,Diclofenac (1.16% w/w) + Linseed Oil (3% w/w) + Menthol (5% w/w) + Methyl Salicylate (10% w/w), Pain relief,Application site reactions burning irritation itching and redness,"https://onemg.gumlet.io/l_watermark_346,w_480,h_480/a_ignore,w_480,h_480,c_fit,q_auto,f_auto/cropped/ytcvqchvhoodvdwblfca.jpg",Innovcare Lifesciences Pvt Ltd,44,23,33
Ibflux Oral Solution,Lactulose (10gm),Treatment of ConstipationTreatment of Hepatic encephalopathy,Abdominal pain Nausea Vomiting Diarrhea,"https://onemg.gumlet.io/l_watermark_346,w_480,h_480/a_ignore,w_480,h_480,c_fit,q_auto,f_auto/cropped/nq9x5ckfr1ewui46syvh.jpg",Indiabulls pharmaceutical ltd,0,33,67
Itgo-MT Cream,Mometasone (0.1% w/w) + Terbinafine (1% w/w),Treatment of Fungal skin infections,Application site reactions burning irritation itching and redness Burning sensation Skin atrophy Skin exfoliation,"https://onemg.gumlet.io/l_watermark_346,w_480,h_480/a_ignore,w_480,h_480,c_fit,q_auto,f_auto/cropped/kj1psx1zcgmfyzrgwnwg.jpg",Salsim Pharma Pvt Ltd,50,50,0
Isokon 10mg Capsule,Isotretinoin (10mg),Treatment of Acne,Dry skin Increased liver enzymes Rash,"https://onemg.gumlet.io/l_watermark_346,w_480,h_480/a_ignore,w_480,h_480,c_fit,q_auto,f_auto/48907e5067954374b16878b5c093bbd9.jpg",Eskon Pharma,22,34,44
Itriben 100mg Tablet,Itraconazole (100mg),Treatment of Fungal infections,Nausea Abdominal pain Constipation Dizziness Headache Indigestion Vomiting,"https://onemg.gumlet.io/l_watermark_346,w_480,h_480/a_ignore,w_480,h_480,c_fit,q_auto,f_auto/e15e44d113f543e3beed5097d10f34e2.jpg",Jenburkt Pharmaceuticals Ltd,33,17,50
Insuman Basal 40IU/ml Injection,Insulin Isophane (40IU), Diabetes,Hypoglycemia low blood glucose level,"https://onemg.gumlet.io/l_watermark_346,w_480,h_480/a_ignore,w_480,h_480,c_fit,q_auto,f_auto/cropped/ayujrfi330e9hdu225qq.jpg",Sanofi India Ltd,0,22,78
Intadine Solution,Povidone Iodine (5% w/v),Treatment and prevention of Wound infection,Application site reactions burning irritation itching and redness,"https://onemg.gumlet.io/l_watermark_346,w_480,h_480/a_ignore,w_480,h_480,c_fit,q_auto,f_auto/cropped/nvyctbshzt9vapnpftii.jpg",Intas Pharmaceuticals Ltd,100,0,0
Itranext Capsule,Itraconazole (100mg),Treatment of Fungal infections,Nausea Abdominal pain Constipation Dizziness Headache Indigestion Vomiting,"https://onemg.gumlet.io/l_watermark_346,w_480,h_480/a_ignore,w_480,h_480,c_fit,q_auto,f_auto/lj5g1wxh0jj8bdrnypgz.jpg",Ethinext Pharma,0,0,100
Induz Capsule,Letrozole (2.5mg),Treatment of Breast cancerTreatment of Infertility due to anovulation,Fatigue Hypercholesterolemia high cholesterol Increased sweating Hot flashes Bone pain Dizziness Joint pain Edema swelling Flushing sense of warmth in the face ears neck and trunk,"https://onemg.gumlet.io/l_watermark_346,w_480,h_480/a_ignore,w_480,h_480,c_fit,q_auto,f_auto/cropped/hqaxml3ktvqpz38ybe0p.jpg",Emcure Pharmaceuticals Ltd,11,22,67
Irimist V Eye Drop,Hydroxypropylmethylcellulose (NA), Dry eyes,Blurred vision Eye irritation Eye pain Eye redness Foreign body sensation in eyes,"https://onemg.gumlet.io/l_watermark_346,w_480,h_480/a_ignore,w_480,h_480,c_fit,q_auto,f_auto/nmav4xlsoo35dvp5hgta.jpg",Indoco Remedies Ltd,33,67,0
Itraderm DS Capsule,Itraconazole (200mg),Treatment of Fungal infections,Nausea Abdominal pain Constipation Dizziness Headache Indigestion Vomiting,"https://onemg.gumlet.io/l_watermark_346,w_480,h_480/a_ignore,w_480,h_480,c_fit,q_auto,f_auto/cropped/nwpcbkdzyew4gisasdrw.jpg",Seagull Pharmaceutical Pvt Ltd,56,11,33
Instigo-D Tablet,Domperidone (30mg) + Rabeprazole (20mg),Treatment of Gastroesophageal reflux disease (Acid reflux)Treatment of Peptic ulcer disease,Diarrhea Stomach pain Dryness in mouth Headache Dizziness Flatulence Weakness Flu like symptoms,"https://onemg.gumlet.io/l_watermark_346,w_480,h_480/a_ignore,w_480,h_480,c_fit,q_auto,f_auto/cropped/lvlvqjarywtvke3m0he8.png",Mebio Labs Pvt Ltd,50,50,0
Ilosure 6mg Tablet,Iloperidone (6mg), Schizophrenia Mania,Dizziness Dryness in mouth Fatigue Nasal congestion stuffy nose Orthostatic hypotension sudden lowering of blood pressure on standing Sleepiness Weight gain,"https://onemg.gumlet.io/l_watermark_346,w_480,h_480/a_ignore,w_480,h_480,c_fit,q_auto,f_auto/muucry2jl24irhtvk1pi.jpg",Sun Pharmaceutical Industries Ltd,67,33,0
Ismet 500mg Tablet,Metformin (500mg),Treatment of Type 2 diabetes mellitus,Diarrhea Nausea Vomiting Flatulence,"https://onemg.gumlet.io/l_watermark_346,w_480,h_480/a_ignore,w_480,h_480,c_fit,q_auto,f_auto/1b0551b995e8465eb21c29ebb2561f4b.jpg",Mitoch Pharma Pvt Ltd,33,34,33
Ismet 500mg Tablet,Metformin (500mg),Treatment of Type 2 diabetes mellitus,Diarrhea Nausea Vomiting Flatulence,"https://onemg.gumlet.io/l_watermark_346,w_480,h_480/a_ignore,w_480,h_480,c_fit,q_auto,f_auto/1b0551b995e8465eb21c29ebb2561f4b.jpg",Mitoch Pharma Pvt Ltd,33,34,33
Itraclar 200 Capsule,Itraconazole (200mg),Treatment of Fungal infections,Nausea Abdominal pain Constipation Dizziness Headache Indigestion Vomiting,"https://onemg.gumlet.io/l_watermark_346,w_480,h_480/a_ignore,w_480,h_480,c_fit,q_auto,f_auto/430d5064bbd346f19e1aeb31a17bb54b.jpg",Torrent Pharmaceuticals Ltd,67,33,0
Itrostred 100 Capsule,Itraconazole (100mg),Treatment of Fungal infections,Nausea Abdominal pain Constipation Dizziness Headache Indigestion Vomiting,"https://onemg.gumlet.io/l_watermark_346,w_480,h_480/a_ignore,w_480,h_480,c_fit,q_auto,f_auto/974017fdcd044868974bec9cf37eb4a5.jpg",Leeford Healthcare Ltd,25,33,42
Iversafe Lotion,Ivermectin (0.5% w/v), RosaceaTreatment of Parasitic infections,Application site reactions burning irritation itching and redness Dizziness Itching Peripheral edema Fever Joint pain Swelling of lymph nodes Synovitis Nausea Diarrhea Orthostatic hypotension sudden lowering of blood pressure on standing Facial swelling Fast heart rate Increased white blood cell count eosinophils Increased hemoglobin Increased alanine aminotransferase Increased aspartate aminotransferase Decreased white blood cell count,"https://onemg.gumlet.io/l_watermark_346,w_480,h_480/a_ignore,w_480,h_480,c_fit,q_auto,f_auto/cropped/ypc1lhfy1z3w8cs4eihk.png",Rockmed Pharma Pvt. Ltd.,50,50,0
Itorate Capsule,Itraconazole (100mg),Treatment of Fungal infections,Nausea Abdominal pain Constipation Dizziness Headache Indigestion Vomiting,"https://onemg.gumlet.io/l_watermark_346,w_480,h_480/a_ignore,w_480,h_480,c_fit,q_auto,f_auto/05f40bf6f419400daa110714595653f3.jpg",Mesova Pharmaceuticals,67,33,0
Isoperio 10mg Capsule,Isotretinoin (10mg),Treatment of Acne,Dry skin Increased liver enzymes Rash,"https://onemg.gumlet.io/l_watermark_346,w_480,h_480/a_ignore,w_480,h_480,c_fit,q_auto,f_auto/8b47aa1f9a764a3f9bfc2bcfd21e0890.jpg",GBK Healthcare,0,33,67
Inovas F Tablet,Atorvastatin (10mg) + Fenofibrate (160mg),Treatment of High cholesterolPrevention of Heart attack,Nausea Stomach pain Constipation Flatulence Headache Muscle pain Increased liver enzymes Increased glucose level in blood,"https://onemg.gumlet.io/l_watermark_346,w_480,h_480/a_ignore,w_480,h_480,c_fit,q_auto,f_auto/cropped/osxfu2755ht6iaboydnx.jpg",Invision Medi Sciences Pvt Ltd,100,0,0
Itracutis  100 Capsule,Itraconazole (100mg),Treatment of Fungal infections,Nausea Abdominal pain Constipation Dizziness Headache Indigestion Vomiting,"https://onemg.gumlet.io/l_watermark_346,w_480,h_480/a_ignore,w_480,h_480,c_fit,q_auto,f_auto/cropped/lmofkv0jhhh29pxjiryh.jpg",Syscutis Healthcare,44,34,22
Intalon  Liquid,Cetrimide (NA) + Chlorhexidine Gluconate (NA),Treatment of Wound infection,Skin irritation,"https://onemg.gumlet.io/l_watermark_346,w_480,h_480/a_ignore,w_480,h_480,c_fit,q_auto,f_auto/cropped/ogc15cnejd4uh2qwxgau.jpg",Intas Pharmaceuticals Ltd,67,33,0
Instacam Mouth Gel,Lidocaine (2% w/w) + Chlorhexidine Gluconate (1% w/w) + Metronidazole (1% w/w),Treatment of Mouth ulcers,Application site reactions burning irritation itching and redness Dryness Metallic taste Nausea Staining of teeth,"https://onemg.gumlet.io/l_watermark_346,w_480,h_480/a_ignore,w_480,h_480,c_fit,q_auto,f_auto/cropped/ehrbsu1zw1rqun8ygmgh.jpg",Lupin Ltd,13,40,47
Itgo-O2 Tablet,Ofloxacin (200mg) + Ornidazole (500mg),Treatment of Bacterial & parasitic infections,Nausea Vomiting Dizziness Headache Insomnia difficulty in sleeping Itching Vaginal inflammation Diarrhea,"https://onemg.gumlet.io/l_watermark_346,w_480,h_480/a_ignore,w_480,h_480,c_fit,q_auto,f_auto/cropped/snpqurldn6a6ujhegjrf.jpg",Salsim Pharma Pvt Ltd,0,0,100
Itgo 50DT Tablet,Itraconazole (50mg),Treatment of Fungal infections,Nausea Abdominal pain Constipation Dizziness Headache Indigestion Vomiting,"https://onemg.gumlet.io/l_watermark_346,w_480,h_480/a_ignore,w_480,h_480,c_fit,q_auto,f_auto/cropped/jlcjyzc5fzu32oyvucqp.jpg",Salsim Pharma Pvt Ltd,100,0,0
Ibithral 500mg Tablet,Azithromycin (500mg),Treatment of Bacterial infections,Nausea Abdominal pain Diarrhea,"https://onemg.gumlet.io/l_watermark_346,w_480,h_480/a_ignore,w_480,h_480,c_fit,q_auto,f_auto/vs5pn3zo8etipxlxl9nb.jpg",Indiabulls pharmaceutical ltd,57,5,38
Itriben 200 Capsule,Itraconazole (200mg),Treatment of Fungal infections,Nausea Abdominal pain Constipation Dizziness Headache Indigestion Vomiting,"https://onemg.gumlet.io/l_watermark_346,w_480,h_480/a_ignore,w_480,h_480,c_fit,q_auto,f_auto/cropped/dstlr62g8dpjbhkcshsp.jpg",Jenburkt Pharmaceuticals Ltd,0,58,42
Itracoe 400 SR Tablet,Itraconazole (400mg),Treatment of Fungal infections,Nausea Abdominal pain Constipation Dizziness Headache Indigestion Vomiting,"https://onemg.gumlet.io/l_watermark_346,w_480,h_480/a_ignore,w_480,h_480,c_fit,q_auto,f_auto/cropped/zecqzvmjk70mmubqcpco.jpg",Koye Pharmaceuticals Pvt ltd,0,17,83
Isofeel 0.1 Gel,Tretinoin (0.1% w/w),Treatment of Acne Acute promyelocytic leukaemia,Erythema skin redness Skin irritation Dry skin Dry lips Pale red skin Increased sensitivity to light,"https://onemg.gumlet.io/l_watermark_346,w_480,h_480/a_ignore,w_480,h_480,c_fit,q_auto,f_auto/cropped/qbqrynpuwmahpyi7wied.jpg",Dermakare Pharmaceuticals Pvt Ltd,0,67,33
Itraderm Capsule,Itraconazole (100mg),Treatment of Fungal infections,Nausea Abdominal pain Constipation Dizziness Headache Indigestion Vomiting,"https://onemg.gumlet.io/l_watermark_346,w_480,h_480/a_ignore,w_480,h_480,c_fit,q_auto,f_auto/cropped/c9v2vh0apcl6kfadc9d8.jpg",Seagull Pharmaceutical Pvt Ltd,33,23,44
Ivables 7.5 Tablet,Ivabradine (7.5mg),Treatment of Angina (heart-related chest pain)Treatment of Heart failure,Slow heart rate Luminous phenomena Enhanced brightness High blood pressure Atrial fibrillation Dizziness Blurred vision E C G changes,"https://onemg.gumlet.io/l_watermark_346,w_480,h_480/a_ignore,w_480,h_480,c_fit,q_auto,f_auto/guckrwwawpacdmj7tjnz.jpg",Lloyd Healthcare Pvt Ltd,56,11,33
Itratuf Capsule,Itraconazole (100mg),Treatment of Fungal infections,Nausea Abdominal pain Constipation Dizziness Headache Indigestion Vomiting,"https://onemg.gumlet.io/l_watermark_346,w_480,h_480/a_ignore,w_480,h_480,c_fit,q_auto,f_auto/ywu5lpxqqmv9aopnkktu.jpg",Alkem Laboratories Ltd,67,33,0
Isopil 5 Tablet,Isotretinoin (5mg),Treatment of Acne,Dry skin Increased liver enzymes Rash,"https://onemg.gumlet.io/l_watermark_346,w_480,h_480/a_ignore,w_480,h_480,c_fit,q_auto,f_auto/cropped/kgsymosdfcamqee1xlzc.jpg",Glowderma Labs Pvt Ltd,44,34,22
Ibgliptin 20 Tablet,Teneligliptin (20mg),Treatment of Type 2 diabetes mellitus,Dizziness Headache Diarrhea Hypoglycemia low blood glucose level Nausea Vomiting,"https://onemg.gumlet.io/l_watermark_346,w_480,h_480/a_ignore,w_480,h_480,c_fit,q_auto,f_auto/ef2thajueemq1jmoqe1c.jpg",Indiabulls pharmaceutical ltd,0,33,67
Intalon  Liquid,Cetrimide (NA) + Chlorhexidine Gluconate (NA),Treatment of Wound infection,Skin irritation,"https://onemg.gumlet.io/l_watermark_346,w_480,h_480/a_ignore,w_480,h_480,c_fit,q_auto,f_auto/cropped/hdqn0xapwr9brsdlhnt6.jpg",Intas Pharmaceuticals Ltd,67,33,0
Itracyp 200mg Capsule,Itraconazole (200mg),Treatment of Fungal infections,Nausea Abdominal pain Constipation Dizziness Headache Indigestion Vomiting,"https://onemg.gumlet.io/l_watermark_346,w_480,h_480/a_ignore,w_480,h_480,c_fit,q_auto,f_auto/d5bdb56e8c0b423f9e3b64a0992bedb6.jpg",Iceberg Healthcare Pvt Ltd,100,0,0
Itsbest 200 Capsule,Itraconazole (200mg),Treatment of Fungal infections,Nausea Abdominal pain Constipation Dizziness Headache Indigestion Vomiting,"https://onemg.gumlet.io/l_watermark_346,w_480,h_480/a_ignore,w_480,h_480,c_fit,q_auto,f_auto/194568cb6ac34b58a094131d87ace659.jpg",Alniche Life Sciences Pvt Ltd,100,0,0
Junior Lanzol 15mg Tablet DT,Lansoprazole (15mg),Treatment of Gastroesophageal reflux disease (Acid reflux)Treatment of Peptic ulcer disease,Nausea Headache Flatulence Diarrhea,"https://onemg.gumlet.io/l_watermark_346,w_480,h_480/a_ignore,w_480,h_480,c_fit,q_auto,f_auto/2679e821d68140c2a1f30cda5410d8d9.jpg",Cipla Ltd,22,39,39
Janumet 50mg/500mg Tablet,Sitagliptin  (50mg) +  Metformin (500mg),Treatment of Type 2 diabetes mellitus,Hypoglycemia low blood glucose level Nausea Vomiting Diarrhea Decreased appetite Abdominal bloating Upper respiratory tract infection,"https://onemg.gumlet.io/l_watermark_346,w_480,h_480/a_ignore,w_480,h_480,c_fit,q_auto,f_auto/6f39c23532ae4e968cd7d90fa3b2cbaf.jpg",MSD Pharmaceuticals Pvt Ltd,41,48,11
Jardiance 25mg Tablet,Empagliflozin (25mg),Treatment of Type 2 diabetes mellitus,Nausea Frequent urge to urinate Increased thirst Urinary tract infection Hypoglycaemia low blood sugar level in combination with insulin or sulphonylurea Vaginal yeast infection Joint pain,"https://onemg.gumlet.io/l_watermark_346,w_480,h_480/a_ignore,w_480,h_480,c_fit,q_auto,f_auto/cropped/ztzyshodxfwz5hnkovxz.jpg",Boehringer Ingelheim,42,46,12
Jalra-M  50mg/500mg Tablet,Metformin  (500mg) +  Vildagliptin (50mg),Treatment of Type 2 diabetes mellitus,Hypoglycemia low blood glucose level Trembling Headache Dizziness Nausea Weight gain,"https://onemg.gumlet.io/l_watermark_346,w_480,h_480/a_ignore,w_480,h_480,c_fit,q_auto,f_auto/b2faf25bd90746399d57680e7b8c8456.jpg",USV Ltd,44,39,17
Just Tears Eye Drop,Carboxymethylcellulose (0.5% w/v),Treatment of Dry eyes,Eye irritation Burning eyes Eye discomfort Eye itching Eye pain,"https://onemg.gumlet.io/l_watermark_346,w_480,h_480/a_ignore,w_480,h_480,c_fit,q_auto,f_auto/cropped/xpwdqtxx0dqraz8iowaj.jpg",Sunways India Pvt Ltd,47,35,18
Januvia 100mg Tablet,Sitagliptin (100mg),Treatment of Type 2 diabetes mellitus,Nasopharyngitis inflammation of the throat and nasal passages Headache Hypoglycemia low blood glucose level,"https://onemg.gumlet.io/l_watermark_346,w_480,h_480/a_ignore,w_480,h_480,c_fit,q_auto,f_auto/cropped/tylw7gc7xhvlqetdlvji.jpg",MSD Pharmaceuticals Pvt Ltd,45,41,14
Janumet 50mg/1000mg Tablet,Sitagliptin  (50mg) +  Metformin (1000mg),Treatment of Type 2 diabetes mellitus,Hypoglycemia low blood glucose level Nausea Vomiting Diarrhea Decreased appetite Abdominal bloating Upper respiratory tract infection,"https://onemg.gumlet.io/l_watermark_346,w_480,h_480/a_ignore,w_480,h_480,c_fit,q_auto,f_auto/5de83662cc664ee381fc9b5dc8b02aa3.jpg",MSD Pharmaceuticals Pvt Ltd,50,37,13
Jardiance 10mg Tablet,Empagliflozin (10mg),Treatment of Type 2 diabetes mellitus,Nausea Frequent urge to urinate Increased thirst Urinary tract infection Hypoglycaemia low blood sugar level in combination with insulin or sulphonylurea Vaginal yeast infection Joint pain,"https://onemg.gumlet.io/l_watermark_346,w_480,h_480/a_ignore,w_480,h_480,c_fit,q_auto,f_auto/4f108e3cd95f4a94bc7a1ae8fb6c6f63.jpg",Boehringer Ingelheim,47,40,13
Jalra 50mg Tablet,Vildagliptin (50mg),Treatment of Type 2 diabetes mellitus,Hypoglycemia low blood glucose level Tremors Headache Dizziness Fatigue Nausea,"https://onemg.gumlet.io/l_watermark_346,w_480,h_480/a_ignore,w_480,h_480,c_fit,q_auto,f_auto/2048d50f9e4645a38ce4ea8a02a2d29f.jpg",USV Ltd,47,30,23
Junior Lanzol 30mg Tablet DT,Lansoprazole (30mg),Treatment of Gastroesophageal reflux disease (Acid reflux)Treatment of Peptic ulcer disease,Nausea Headache Flatulence Diarrhea,"https://onemg.gumlet.io/l_watermark_346,w_480,h_480/a_ignore,w_480,h_480,c_fit,q_auto,f_auto/cropped/qmd31meyqcyo94hd7vbe.jpg",Cipla Ltd,29,42,29
Jointace DN Tablet,Glucosamine (750mg) + Diacerein (50mg) + Methyl Sulfonyl Methane (250mg), Osteoarthritis,Nausea Diarrhea Constipation Indigestion Heartburn Urine discoloration,"https://onemg.gumlet.io/l_watermark_346,w_480,h_480/a_ignore,w_480,h_480,c_fit,q_auto,f_auto/6caa0984d53a479a8d28aca98a733f20.jpg",Meyer Organics Pvt Ltd,29,50,21
Januvia 50mg Tablet,Sitagliptin (50mg),Treatment of Type 2 diabetes mellitus,Nasopharyngitis inflammation of the throat and nasal passages Headache Hypoglycemia low blood glucose level,"https://onemg.gumlet.io/l_watermark_346,w_480,h_480/a_ignore,w_480,h_480,c_fit,q_auto,f_auto/cropped/ruysuhy4kzfxvfit7r4g.jpg",MSD Pharmaceuticals Pvt Ltd,27,47,26
Janumet XR CP Tablet,Sitagliptin  (100mg) +  Metformin (1000mg),Treatment of Type 2 diabetes mellitus,Hypoglycemia low blood glucose level Nausea Vomiting Diarrhea Decreased appetite Abdominal bloating Upper respiratory tract infection,"https://onemg.gumlet.io/l_watermark_346,w_480,h_480/a_ignore,w_480,h_480,c_fit,q_auto,f_auto/cropped/jcw9y33ipwcyifspfjmh.jpg",MSD Pharmaceuticals Pvt Ltd,41,48,11
Jardiance Met 12.5mg/500mg Tablet,Empagliflozin (12.5mg) + Metformin (500mg),Treatment of Type 2 diabetes mellitus,Genital fungal infection Nasopharyngitis inflammation of the throat and nasal passages Urinary tract infection Polyuria Nausea Vomiting Flatulence,"https://onemg.gumlet.io/l_watermark_346,w_480,h_480/a_ignore,w_480,h_480,c_fit,q_auto,f_auto/da74bql25thjadmfhoh7.jpg",Boehringer Ingelheim,56,36,8
Jectocos Plus Injection 1.5ml,Iron (50mg) + Cyanocobalamin (50mcg) + Folic Acid (500mcg), Iron deficiency anemia Anemia due to chronic kidney disease,Vomiting Nausea Dark colored stool Constipation Diarrhea,"https://onemg.gumlet.io/l_watermark_346,w_480,h_480/a_ignore,w_480,h_480,c_fit,q_auto,f_auto/811821999e014e15882209a6f78c28e6.jpg",Oaknet Healthcare Pvt Ltd,42,46,12
Jupiros 10 Tablet,Rosuvastatin (10mg),Treatment of High cholesterol Prevention of heart attack and stroke,Muscle pain Weakness Headache Abdominal pain Dizziness Joint pain Nausea,"https://onemg.gumlet.io/l_watermark_346,w_480,h_480/a_ignore,w_480,h_480,c_fit,q_auto,f_auto/cropped/qg2clfczvjmibhginwf9.jpg",Alkem Laboratories Ltd,19,37,44
Juvobin 40 Injection,Darbepoetin alfa (40mcg),Treatment of Anemia due to chronic kidney diseaseTreatment of Anemia due to cancer chemotherapy,Abdominal pain High blood pressure Rash Injection site pain Breathlessness Cough Peripheral edema Procedural hypotension low blood pressure Convulsion Thromboembolism,"https://onemg.gumlet.io/l_watermark_346,w_480,h_480/a_ignore,w_480,h_480,c_fit,q_auto,f_auto/cropped/sjq29h52rwbi6jrmqmht.png",La Renon Healthcare Pvt Ltd,70,23,7
Jalra-M  50mg/1000mg Tablet,Metformin  (1000mg) +  Vildagliptin (50mg),Treatment of Type 2 diabetes mellitus,Hypoglycemia low blood glucose level Trembling Headache Dizziness Nausea Weight gain,"https://onemg.gumlet.io/l_watermark_346,w_480,h_480/a_ignore,w_480,h_480,c_fit,q_auto,f_auto/aagfasteage7qm5ggnem.jpg",USV Ltd,26,56,18
Jupiros-F Tablet,Fenofibrate (160mg) + Rosuvastatin (10mg),Treatment of High cholesterolPrevention of Heart attack,Headache Muscle pain Constipation Abnormal liver function tests Joint pain Elevated creatine kinase Diabetes,"https://onemg.gumlet.io/l_watermark_346,w_480,h_480/a_ignore,w_480,h_480,c_fit,q_auto,f_auto/cropped/afc2ucriv1wmatpryisk.jpg",Alkem Laboratories Ltd,8,63,29
Jardiance Met 12.5mg/1000mg Tablet,Empagliflozin (12.5mg) + Metformin (1000mg),Treatment of Type 2 diabetes mellitus,Genital fungal infection Nasopharyngitis inflammation of the throat and nasal passages Urinary tract infection Polyuria Nausea Vomiting Flatulence,"https://onemg.gumlet.io/l_watermark_346,w_480,h_480/a_ignore,w_480,h_480,c_fit,q_auto,f_auto/9b639f485e7b4a399e64628eb757aa4e.jpg",Boehringer Ingelheim,44,45,11
Jointace OD Tablet,Glucosamine (1500mg), Osteoarthritis,Nausea Upset stomach Heartburn,"https://onemg.gumlet.io/l_watermark_346,w_480,h_480/a_ignore,w_480,h_480,c_fit,q_auto,f_auto/ly5uecavfwh9ndsoy6rj.jpg",Meyer Organics Pvt Ltd,29,38,33
Jilazo Solution for Injection,Iron Isomaltoside (100mg/ml), Iron deficiency anemia,Vomiting Dark colored stool Nausea Constipation Diarrhea,"https://onemg.gumlet.io/l_watermark_346,w_480,h_480/a_ignore,w_480,h_480,c_fit,q_auto,f_auto/cropped/dj8aumu2so5thsklcp6y.jpg",Lupin Ltd,32,26,42
Justin 12.5mg Suppository,Diclofenac (12.5mg), Pain relief,Anal irritation Anal itching Black colored stool Edema swelling Nausea Headache Dizziness Vomiting Itching Flatulence Indigestion Pain in extremities,"https://onemg.gumlet.io/l_watermark_346,w_480,h_480/a_ignore,w_480,h_480,c_fit,q_auto,f_auto/exwnsp8ipz3wjqogibhd.jpg",Neon Laboratories Ltd,0,50,50
Just Tears Liquigel,Carboxymethylcellulose (1% w/v),Treatment of Dry eyes,Eye irritation Burning eyes Eye discomfort Eye itching Eye pain,"https://onemg.gumlet.io/l_watermark_346,w_480,h_480/a_ignore,w_480,h_480,c_fit,q_auto,f_auto/cropped/q4uxhdfjwafcekqdnsoy.png",Sunways India Pvt Ltd,24,14,62
Jenvac Vaccine,Inactivated Japanese Encephalitis virus protein (5mcg), Prevention of Japanese Encephalitis,Fatigue Fever Headache Injection site reactions pain swelling redness Muscle pain Nausea,"https://onemg.gumlet.io/l_watermark_346,w_480,h_480/a_ignore,w_480,h_480,c_fit,q_auto,f_auto/zdocucaqvuu5ccnzqzrg.jpg",Bharat Biotech,67,33,0
Jointace-DN Super Tablet,Diacerein (50mg) + Glucosamine (1500mg), Osteoarthritis,Nausea Diarrhea Constipation Urine discoloration Heartburn,"https://onemg.gumlet.io/l_watermark_346,w_480,h_480/a_ignore,w_480,h_480,c_fit,q_auto,f_auto/7ba3fa4068964ccab94abbfd4ad610c7.jpg",Meyer Organics Pvt Ltd,0,67,33
Julax 10mg Tablet,Bisacodyl (10mg),Treatment of Constipation,Vomiting Bloating Nausea Stomach cramp,"https://onemg.gumlet.io/l_watermark_346,w_480,h_480/a_ignore,w_480,h_480,c_fit,q_auto,f_auto/or1mq7pncbtddejxs4um.jpg",Shreya Life Sciences Pvt Ltd,33,11,56
Jectocos 50mg Injection,Iron (50mg), Iron deficiency anemia,Vomiting Dark colored stool Nausea Constipation Diarrhea Injection site reactions pain swelling redness,"https://onemg.gumlet.io/l_watermark_346,w_480,h_480/a_ignore,w_480,h_480,c_fit,q_auto,f_auto/69a257dc6cdf4b719ce9d1997ec5cdd7.jpg",Oaknet Healthcare Pvt Ltd,0,67,33
Juliana Tablet,Ethinyl Estradiol (0.02mg) + Desogestrel (0.15mg), Contraception,Nausea Stomach pain Headache Irregular uterine bleeding Weight gain Breast pain,"https://onemg.gumlet.io/l_watermark_346,w_480,h_480/a_ignore,w_480,h_480,c_fit,q_auto,f_auto/d1ebe6081acb43859a51620fb60ec3db.jpg",Zydus Cadila,26,37,37
Jupiros Gold 10 Capsule,Aspirin (75mg) + Rosuvastatin (10mg) + Clopidogrel (75mg), Heart attack,Increased bleeding tendency Abdominal pain Indigestion Bruise Nosebleeds Gastrointestinal bleeding Weakness Headache Muscle pain Diarrhea Nausea,"https://onemg.gumlet.io/l_watermark_346,w_480,h_480/a_ignore,w_480,h_480,c_fit,q_auto,f_auto/cropped/panxidmce6q5vrcztwff.jpg",Alkem Laboratories Ltd,67,33,0
Jubira 10 Tablet,Rosuvastatin (10mg),Treatment of High cholesterol Prevention of heart attack and stroke,Muscle pain Weakness Headache Abdominal pain Dizziness Joint pain Nausea,"https://onemg.gumlet.io/l_watermark_346,w_480,h_480/a_ignore,w_480,h_480,c_fit,q_auto,f_auto/cwgaossvla7peupw9drp.jpg",Jubilant Life Sciences,50,50,0
Joincerin M  Tablet,Glucosamine (750mg) + Diacerein (50mg) + Methyl Sulfonyl Methane (250mg), Osteoarthritis,Nausea Diarrhea Constipation Indigestion Heartburn Urine discoloration,"https://onemg.gumlet.io/l_watermark_346,w_480,h_480/a_ignore,w_480,h_480,c_fit,q_auto,f_auto/cropped/fryo4d6aqksod1an4qbt.jpg",Torrent Pharmaceuticals Ltd,0,27,73
Jupiros 20 Tablet,Rosuvastatin (20mg),Treatment of High cholesterol Prevention of heart attack and stroke,Muscle pain Weakness Headache Abdominal pain Dizziness Joint pain Nausea,"https://onemg.gumlet.io/l_watermark_346,w_480,h_480/a_ignore,w_480,h_480,c_fit,q_auto,f_auto/cropped/vesxwjkdgbyzznl8ehxo.jpg",Alkem Laboratories Ltd,33,17,50
Joykem ODT 50 Tablet,Amisulpride (50mg), Schizophrenia,Nausea Vomiting Dryness in mouth Constipation Weight gain Decreased blood pressure Dystonia involuntary muscle contractions Akathisia inability to stay still Parkinsonism Increased prolactin level in blood,"https://onemg.gumlet.io/l_watermark_346,w_480,h_480/a_ignore,w_480,h_480,c_fit,q_auto,f_auto/a6e69ac0af174c93ba0a99d470356d33.jpg",Alkem Laboratories Ltd,22,11,67
Junior Cipeg Powder for Oral Solution,Polyethylene Glycol (8.5gm), Constipation Intestine preparation before any surgery,Stomach pain Nausea Diarrhea,"https://onemg.gumlet.io/l_watermark_346,w_480,h_480/a_ignore,w_480,h_480,c_fit,q_auto,f_auto/cropped/ywnv2n9a4bj1in7rnegm.jpg",Cipla Ltd,70,13,17
Jupiros 5 Tablet,Rosuvastatin (5mg),Treatment of High cholesterol Prevention of heart attack and stroke,Muscle pain Weakness Headache Abdominal pain Dizziness Joint pain Nausea,"https://onemg.gumlet.io/l_watermark_346,w_480,h_480/a_ignore,w_480,h_480,c_fit,q_auto,f_auto/cropped/hacjifsittymknqvwnzp.jpg",Alkem Laboratories Ltd,40,40,20
Jalra-M  50mg/850mg Tablet,Metformin  (850mg) +  Vildagliptin (50mg),Treatment of Type 2 diabetes mellitus,Hypoglycemia low blood glucose level Trembling Headache Dizziness Nausea Weight gain,"https://onemg.gumlet.io/l_watermark_346,w_480,h_480/a_ignore,w_480,h_480,c_fit,q_auto,f_auto/tpnsrgbh77ud26jtxhww.jpg",USV Ltd,67,0,33
Joykem ODT 200 Tablet,Amisulpride (200mg), Schizophrenia,Nausea Vomiting Dryness in mouth Constipation Weight gain Decreased blood pressure Dystonia involuntary muscle contractions Akathisia inability to stay still Parkinsonism Increased prolactin level in blood,"https://onemg.gumlet.io/l_watermark_346,w_480,h_480/a_ignore,w_480,h_480,c_fit,q_auto,f_auto/vuahnbqcg1nbwukfa3qm.jpg",Alkem Laboratories Ltd,78,22,0
Justin 25mg Suppository,Diclofenac (25mg), Pain relief,Anal irritation Anal itching Black colored stool Edema swelling Nausea Headache Dizziness Vomiting Itching Flatulence Indigestion Pain in extremities,"https://onemg.gumlet.io/l_watermark_346,w_480,h_480/a_ignore,w_480,h_480,c_fit,q_auto,f_auto/ucvz4yuvkxczkcivjrwj.jpg",Neon Laboratories Ltd,67,33,0
Januvia 25mg Tablet,Sitagliptin (25mg),Treatment of Type 2 diabetes mellitus,Nasopharyngitis inflammation of the throat and nasal passages Headache Hypoglycemia low blood glucose level,"https://onemg.gumlet.io/l_watermark_346,w_480,h_480/a_ignore,w_480,h_480,c_fit,q_auto,f_auto/cropped/ctn98syxfdzo3c1mekjl.jpg",MSD Pharmaceuticals Pvt Ltd,22,56,22
Joten M Tablet,Metformin (500mg) + Teneligliptin (20mg),Treatment of Type 2 diabetes mellitus,Hypoglycemia low blood glucose level Nausea Vomiting Diarrhea Headache Bloating Flatulence,"https://onemg.gumlet.io/l_watermark_346,w_480,h_480/a_ignore,w_480,h_480,c_fit,q_auto,f_auto/60783e62248c44dea05b93bdd2b40f70.jpg",Jarun Pharmaceuticals,56,11,33
Jupicid DSR 30mg/40mg Capsule,Domperidone (30mg) + Esomeprazole (40mg),Treatment of Gastroesophageal reflux disease (Acid reflux)Treatment of Functional dyspepsia,Diarrhea Flatulence Stomach pain Dryness in mouth Headache,"https://onemg.gumlet.io/l_watermark_346,w_480,h_480/a_ignore,w_480,h_480,c_fit,q_auto,f_auto/eab10612044c497699f722e980a94cb9.jpg",Jupiter Biolabs Pvt Ltd,0,0,100
Jubiglim Trio 2 Tablet PR,Glimepiride (2mg) + Metformin (500mg) + Pioglitazone (15mg),Treatment of Type 2 diabetes mellitus,Hypoglycemia low blood glucose level Dizziness Headache Nausea Vomiting Diarrhea Flatulence Bronchitis inflammation of the airways Anemia low number of red blood cells Edema swelling,"https://onemg.gumlet.io/l_watermark_346,w_480,h_480/a_ignore,w_480,h_480,c_fit,q_auto,f_auto/d0ce0691963045b798554d81223b5233.jpg",Jubilant Life Sciences,33,34,33
Jimlig 100 Capsule,Itraconazole (100mg),Treatment of Fungal infections,Nausea Abdominal pain Constipation Dizziness Headache Indigestion Vomiting,"https://onemg.gumlet.io/l_watermark_346,w_480,h_480/a_ignore,w_480,h_480,c_fit,q_auto,f_auto/cropped/oefzyqb9wrbnhkq1cmxh.png",Encore Pharmaceuticals Inc.,54,25,21
Jubiglim M 2 Tablet PR,Glimepiride (2mg) + Metformin (500mg),Treatment of Type 2 diabetes mellitus,Hypoglycemia low blood glucose level Headache Nausea Diarrhea Flatulence,"https://onemg.gumlet.io/l_watermark_346,w_480,h_480/a_ignore,w_480,h_480,c_fit,q_auto,f_auto/wkqngezntkgsweo1ars2.jpg",Jubilant Life Sciences,100,0,0
Jonac Gel,Diclofenac (1.16% w/w), Pain relief,Application site irritation Edema swelling Nausea Headache Dizziness Vomiting Itching Flatulence Indigestion Pain in extremities,"https://onemg.gumlet.io/l_watermark_346,w_480,h_480/a_ignore,w_480,h_480,c_fit,q_auto,f_auto/3c3d2e9e67f347498012af79f882987e.jpg",Zydus Cadila,50,0,50
Joten 20mg Tablet,Teneligliptin (20mg),Treatment of Type 2 diabetes mellitus,Dizziness Headache Diarrhea Hypoglycemia low blood glucose level Nausea Vomiting,"https://onemg.gumlet.io/l_watermark_346,w_480,h_480/a_ignore,w_480,h_480,c_fit,q_auto,f_auto/233031a0e9a14d82bd5d0e26fb574da5.jpg",Jarun Pharmaceuticals,56,11,33
Justaday Capsule,Aceclofenac (200mg) + Rabeprazole (20mg), Pain relief,Nausea Flatulence Indigestion Diarrhea Constipation,"https://onemg.gumlet.io/l_watermark_346,w_480,h_480/a_ignore,w_480,h_480,c_fit,q_auto,f_auto/de64c1d56222453392e5dd923c0990c4.jpg",Tas Med India Pvt Ltd,50,50,0
Jubiglim MV 2 Tablet SR,Glimepiride (2mg) + Metformin (500mg) + Voglibose (0.2mg),Treatment of Type 2 diabetes mellitus,Nausea Diarrhea Abdominal pain Hypoglycemia low blood glucose level,"https://onemg.gumlet.io/l_watermark_346,w_480,h_480/a_ignore,w_480,h_480,c_fit,q_auto,f_auto/cea34380ffbb4d0a8c549788a5fab068.jpg",Jubilant Life Sciences,33,17,50
Jubira F 5 Tablet,Fenofibrate (160mg) + Rosuvastatin (5mg),Treatment of High cholesterolPrevention of Heart attack,Headache Muscle pain Constipation Abnormal liver function tests Joint pain Elevated creatine kinase Diabetes,"https://onemg.gumlet.io/l_watermark_346,w_480,h_480/a_ignore,w_480,h_480,c_fit,q_auto,f_auto/iqijwpihwiuonjbojvcq.jpg",Jubilant Life Sciences,17,50,33