Medicine Name,Composition,Uses,Side_effects,Image URL,Manufacturer,Excellent Review %,Average Review %,Poor Review %
Jubiflam Plus Tablet,Trypsin (48mg) + Bromelain (90mg) + Rutoside (100mg) + Diclofenac (50mg), Pain relief,Nausea Vomiting Heartburn Indigestion Diarrhea Loss of appetite Stomach pain,"https://onemg.gumlet.io/l_watermark_346,w_480,h_480/a_ignore,w_480,h_480,c_fit,q_auto,f_auto/a0e2a6db2abc4b16b9a6f722c84f0452.jpg",Dr. Johns Laboratories Pvt Ltd,25,58,17
Jubira 5 Tablet,Rosuvastatin (5mg),Treatment of High cholesterol Prevention of heart attack and stroke,Muscle pain Weakness Headache Abdominal pain Dizziness Joint pain Nausea,"https://onemg.gumlet.io/l_watermark_346,w_480,h_480/a_ignore,w_480,h_480,c_fit,q_auto,f_auto/cjtea1sg1npuqbbwfkom.jpg",Jubilant Life Sciences,67,33,0
Joykem ODT 400mg Tablet,Amisulpride (400mg), Schizophrenia,Nausea Vomiting Dryness in mouth Constipation Weight gain Decreased blood pressure Dystonia involuntary muscle contractions Akathisia inability to stay still Parkinsonism Increased prolactin level in blood,"https://onemg.gumlet.io/l_watermark_346,w_480,h_480/a_ignore,w_480,h_480,c_fit,q_auto,f_auto/a6b831a8cf95465f8e54c330071f1acf.jpg",Alkem Laboratories Ltd,100,0,0
J-Ring M Forte Tablet ER,Metformin (1000mg) + Teneligliptin (20mg),Treatment of Type 2 diabetes mellitus,Hypoglycemia low blood glucose level Nausea Vomiting Diarrhea Headache Bloating Flatulence,"https://onemg.gumlet.io/l_watermark_346,w_480,h_480/a_ignore,w_480,h_480,c_fit,q_auto,f_auto/a02fc20420554e4181378831aa217126.jpg",Indoco Remedies Ltd,50,50,0
Joxcy 500mg Tablet,Cefuroxime (500mg),Treatment of Bacterial infections,Rash Vomiting Allergic reaction Increased liver enzymes Nausea Diarrhea,"https://onemg.gumlet.io/l_watermark_346,w_480,h_480/a_ignore,w_480,h_480,c_fit,q_auto,f_auto/1c939172456447848c4c8456119792d6.jpg",Dr. Johns Laboratories Pvt Ltd,33,34,33
Jotair L Tablet,Levocetirizine (5mg) + Montelukast (10mg),Treatment of Sneezing and runny nose due to allergiesTreatment of Hay feverTreatment of Allergic skin conditions,Nausea Diarrhea Dryness in mouth Fatigue Headache Skin rash Sleepiness Vomiting,"https://onemg.gumlet.io/l_watermark_346,w_480,h_480/a_ignore,w_480,h_480,c_fit,q_auto,f_auto/cropped/xuhanrr3gnhgsoosdmch.jpg",Dr. Johns Laboratories Pvt Ltd,0,33,67
Joykem ODT 300 Tablet,Amisulpride (300mg), Schizophrenia,Nausea Vomiting Dryness in mouth Constipation Weight gain Decreased blood pressure Dystonia involuntary muscle contractions Akathisia inability to stay still Parkinsonism Increased prolactin level in blood,"https://onemg.gumlet.io/l_watermark_346,w_480,h_480/a_ignore,w_480,h_480,c_fit,q_auto,f_auto/bac2b7a23dfa4a1ca3ee0e70b89ec9dc.jpg",Alkem Laboratories Ltd,33,67,0
Joyneca Anti fungal Soap,Ketoconazole (2% w/w), Fungal skin infections,Skin peeling Application site reactions burning irritation itching and redness Nausea Vomiting Abdominal pain Increased liver enzymes Application site redness Itching Diarrhea Abnormal liver function tests Adrenal insufficiency Application site burning,"https://onemg.gumlet.io/l_watermark_346,w_480,h_480/a_ignore,w_480,h_480,c_fit,q_auto,f_auto/cropped/gvovnbiugmv2cefsalx8.jpg",Maxamus Pharma Pvt Ltd,31,20,49
Jidox 200mg Tablet,Cefixime (200mg),Treatment of Bacterial infections,Nausea Stomach pain Indigestion Diarrhea,"https://onemg.gumlet.io/l_watermark_346,w_480,h_480/a_ignore,w_480,h_480,c_fit,q_auto,f_auto/efdb756d015f4c85adde93b7bc2381ae.jpg",Dr. Johns Laboratories Pvt Ltd,0,0,100
Joyace Nano Gel 2X,Diclofenac diethylamine (2.32% w/w) + Linseed Oil (3% w/w) + Methyl Salicylate (10% w/w) + Menthol (5% w/w), Pain relief,Application site reactions burning irritation itching and redness,"https://onemg.gumlet.io/l_watermark_346,w_480,h_480/a_ignore,w_480,h_480,c_fit,q_auto,f_auto/ofqnykjoo62et0ovzr6j.jpg",Sowilo India Pharmaceuticals Pvt Ltd,100,0,0
Jifon 200 Tablet,Cefixime (200mg),Treatment of Bacterial infections,Nausea Stomach pain Indigestion Diarrhea,"https://onemg.gumlet.io/l_watermark_346,w_480,h_480/a_ignore,w_480,h_480,c_fit,q_auto,f_auto/cropped/xz1wa7dfer246kkhjpuw.jpg",Dr. Johns Laboratories Pvt Ltd,83,17,0
Joypride 400mg Tablet,Amisulpride (400mg), Schizophrenia,Nausea Vomiting Dryness in mouth Constipation Weight gain Decreased blood pressure Dystonia involuntary muscle contractions Akathisia inability to stay still Parkinsonism Increased prolactin level in blood,"https://onemg.gumlet.io/l_watermark_346,w_480,h_480/a_ignore,w_480,h_480,c_fit,q_auto,f_auto/6454396d62254f538922c1c51d48c555.jpg",Linux Laboratories,50,0,50
Jufate O 1000 mg/20 mg Suspension Sugar Free,Sucralfate (1000mg) + Oxetacaine (20mg),Treatment of AcidityTreatment of HeartburnTreatment of Stomach ulcers,Constipation Nausea Vomiting Dizziness Insomnia difficulty in sleeping Allergic reaction,"https://onemg.gumlet.io/l_watermark_346,w_480,h_480/a_ignore,w_480,h_480,c_fit,q_auto,f_auto/d2bb6d3985cd47b8a620351b10089ca2.jpg",Dr. Johns Laboratories Pvt Ltd,33,67,0
Januric SR 250 Tablet,Allopurinol (250mg),Treatment of Gout,Skin rash Diarrhea Nausea,"https://onemg.gumlet.io/l_watermark_346,w_480,h_480/a_ignore,w_480,h_480,c_fit,q_auto,f_auto/34020b1834c4492eb7ad59b830a1203d.jpg",ADN Life Sciences,67,33,0
Jufate O 1000 mg/20 mg Suspension,Sucralfate (1000mg) + Oxetacaine (20mg),Treatment of AcidityTreatment of HeartburnTreatment of Stomach ulcers,Constipation Nausea Vomiting Dizziness Insomnia difficulty in sleeping Allergic reaction,"https://onemg.gumlet.io/l_watermark_346,w_480,h_480/a_ignore,w_480,h_480,c_fit,q_auto,f_auto/1ea500a142d04cd58973e5e793593be7.jpg",Dr. Johns Laboratories Pvt Ltd,0,0,100
Ketoscalp Shampoo from Leeford for Antifungal Infections,Ketoconazole (2% w/v) + Zinc pyrithione (1% w/v),Treatment of Dandruff,Application site reactions burning irritation itching and redness,"https://onemg.gumlet.io/l_watermark_346,w_480,h_480/a_ignore,w_480,h_480,c_fit,q_auto,f_auto/rd7ixqu9ed5qtggnflt9.jpg",Leeford Healthcare Ltd,38,40,22
Ketostar Cream,Ketoconazole (2% w/w), Fungal skin infections,Skin peeling Application site reactions burning irritation itching and redness Nausea Vomiting Abdominal pain Increased liver enzymes Application site redness Itching Diarrhea Abnormal liver function tests Adrenal insufficiency Application site burning,"https://onemg.gumlet.io/l_watermark_346,w_480,h_480/a_ignore,w_480,h_480,c_fit,q_auto,f_auto/cropped/f7e0dooonwlonymdlhhg.jpg",Mankind Pharma Ltd,26,34,40
Kidpred Syrup,Prednisolone (5mg/5ml),Treatment of Inflammatory conditionsTreatment of Autoimmune conditionsTreatment of Severe allergic reactionsTreatment of Allergic conditionsTreatment of Rheumatic disorderTreatment of Skin disordersTreatment of Eye disordersTreatment of Nephrotic syndrome,Irritability Easy bruise Growth retardation Upper respiratory tract infection Cough Frequent urge to urinate Abnormal hair growth Obesity Reduction in bone density Upset stomach Behavioral changes Mood changes Weight gain,"https://onemg.gumlet.io/l_watermark_346,w_480,h_480/a_ignore,w_480,h_480,c_fit,q_auto,f_auto/cropped/jdfdhhbtdyytc6dr3j6y.jpg",Abbott,47,33,20
Ketoflam-P Tablet,Flupirtine (100mg) + Paracetamol (325mg), Pain relief,Nausea Vomiting Constipation Dryness in mouth Dizziness Headache Sleepiness,"https://onemg.gumlet.io/l_watermark_346,w_480,h_480/a_ignore,w_480,h_480,c_fit,q_auto,f_auto/cropped/tkigms1yllalumrie5tb.jpg",Lupin Ltd,36,38,26
Keto Cream,Ketoconazole (2% w/w), Fungal skin infections,Skin peeling Application site reactions burning irritation itching and redness Nausea Vomiting Abdominal pain Increased liver enzymes Application site redness Itching Diarrhea Abnormal liver function tests Adrenal insufficiency Application site burning,"https://onemg.gumlet.io/l_watermark_346,w_480,h_480/a_ignore,w_480,h_480,c_fit,q_auto,f_auto/cropped/lek6dou1miynfmcqx1ep.jpg",Med Manor Organics Pvt Ltd,25,31,44
Ketostar Soap,Cetrimide (0.5% w/w) + Ketoconazole (2% w/w), Dandruff,Application site reactions burning irritation itching and redness,"https://onemg.gumlet.io/l_watermark_346,w_480,h_480/a_ignore,w_480,h_480,c_fit,q_auto,f_auto/nbch1jl3coo5wx2rnsjb.jpg",Mankind Pharma Ltd,22,49,29
Ketofly Soap from Leeford for Skin Infections,Ketoconazole (2% w/w), Fungal skin infections,Skin peeling Application site reactions burning irritation itching and redness Nausea Vomiting Abdominal pain Increased liver enzymes Application site redness Itching Diarrhea Abnormal liver function tests Adrenal insufficiency Application site burning,"https://onemg.gumlet.io/l_watermark_346,w_480,h_480/a_ignore,w_480,h_480,c_fit,q_auto,f_auto/5f269e6af03145498aecb534ce78c814.jpg",Leeford Healthcare Ltd,30,32,38
Kutub 30 X Tablet,Sildenafil (50mg) + Dapoxetine (30mg),Treatment of Premature ejaculation,Nausea Vomiting Indigestion Dryness in mouth Headache Flushing sense of warmth in the face ears neck and trunk Dizziness Nosebleeds,"https://onemg.gumlet.io/l_watermark_346,w_480,h_480/a_ignore,w_480,h_480,c_fit,q_auto,f_auto/zwe85zfpjqdxxovyagsq.jpg",Hetero Drugs Ltd,41,37,22
Keralin Ointment,Benzoic Acid (12% w/w) + Hydrocortisone (0.5% w/w) + Salicylic Acid (6% w/w),Treatment of Psoriasis,Application site reactions burning irritation itching and redness,"https://onemg.gumlet.io/l_watermark_346,w_480,h_480/a_ignore,w_480,h_480,c_fit,q_auto,f_auto/cropped/pzovxnpcjuueso7nnbsb.jpg",East India Pharmaceutical Works Ltd,21,36,43
Kufril LS Drop,Ambroxol (7.5mg/ml) + Levosalbutamol (0.25mg/ml) + Guaifenesin (12.5mg/ml),Acute Sore throatTreatment of Cough with mucus,Vomiting Diarrhea Excessive salivation Fatigue Headache Dizziness Rash Numbness of extremity Nausea Increased heart rate Stomach discomfort Palpitations Tremors Muscle cramp,"https://onemg.gumlet.io/l_watermark_346,w_480,h_480/a_ignore,w_480,h_480,c_fit,q_auto,f_auto/0495c5f0d8da4d8facf7987937d7ac65.jpg",Med Manor Organics Pvt Ltd,14,34,52
Ketanov 10mg Tablet,Ketorolac (10mg), Pain relief,Vomiting Stomach pain epigastric pain Nausea Indigestion Diarrhea Heartburn Loss of appetite,"https://onemg.gumlet.io/l_watermark_346,w_480,h_480/a_ignore,w_480,h_480,c_fit,q_auto,f_auto/cropped/rrbr91shrat0bzvrlwqx.jpg",Sun Pharmaceutical Industries Ltd,48,32,20
Ketocip 2% Shampoo from Cipla for Antifungal Infections,Ketoconazole (2% w/v),Treatment of Fungal infections,Dryness Hair discoloration Abnormal hair texture Nausea Vomiting Abdominal pain Increased liver enzymes Application site redness Itching Diarrhea Abnormal liver function tests Adrenal insufficiency Application site burning,"https://onemg.gumlet.io/l_watermark_346,w_480,h_480/a_ignore,w_480,h_480,c_fit,q_auto,f_auto/ab94ef7086c14e28bec178d9bf833420.jpg",Cipla Ltd,73,14,13
Kefpod CV 200 Tablet,Cefpodoxime Proxetil (200mg) + Clavulanic Acid (125mg),Treatment of Respiratory tract infection,Nausea Diarrhea Headache Rash Abdominal pain Vaginal infection Fungal infection of vagina,"https://onemg.gumlet.io/l_watermark_346,w_480,h_480/a_ignore,w_480,h_480,c_fit,q_auto,f_auto/cropped/d3xwbaxzudsbpp3suss1.jpg",Glenmark Pharmaceuticals Ltd,22,39,39
Kinpride Tablet,Cinitapride (1mg), Gastroesophageal reflux disease (Acid reflux) Indigestion,Headache Nausea Diarrhea,"https://onemg.gumlet.io/l_watermark_346,w_480,h_480/a_ignore,w_480,h_480,c_fit,q_auto,f_auto/cropped/omaehsecbzpbs7kvvcgl.jpg",Dr Reddy's Laboratories Ltd,33,50,17
Ketostar Anti Dandruff Lotion,Ketoconazole (2% w/v) + Zinc pyrithione (1% w/v),Treatment of Fungal skin infectionsTreatment of Dandruff,Application site reactions burning irritation itching and redness,"https://onemg.gumlet.io/l_watermark_346,w_480,h_480/a_ignore,w_480,h_480,c_fit,q_auto,f_auto/cropped/tkliacb2wcjyxlivhobu.jpg",Mankind Pharma Ltd,24,33,43
K-Trip Forte Tablet,Trypsin Chymotrypsin (100000AU), Pain reliefTreatment of Swelling,Limited data available,"https://onemg.gumlet.io/l_watermark_346,w_480,h_480/a_ignore,w_480,h_480,c_fit,q_auto,f_auto/a248a0dad1c64ad8b185505cf0c40509.jpg",FDC Ltd,42,37,21
KZ Plus Lotion,Ketoconazole (2% w/v) + Zinc pyrithione (1% w/v),Treatment of Fungal skin infectionsTreatment of Dandruff,Application site reactions burning irritation itching and redness,"https://onemg.gumlet.io/l_watermark_346,w_480,h_480/a_ignore,w_480,h_480,c_fit,q_auto,f_auto/cropped/by4jhlkyvz9vjfs9unxr.jpg",Hegde and Hegde Pharmaceutical LLP,34,42,24
K-Glim-M 1mg Tablet PR,Glimepiride (1mg) + Metformin (500mg),Treatment of Type 2 diabetes mellitus,Hypoglycemia low blood glucose level Headache Nausea Diarrhea Flatulence,"https://onemg.gumlet.io/l_watermark_346,w_480,h_480/a_ignore,w_480,h_480,c_fit,q_auto,f_auto/j9rbeuntsnw5nt8yqlv0.jpg",Blue Cross Laboratories Ltd,48,37,15
Kefpod 200mg Tablet,Cefpodoxime Proxetil (200mg),Treatment of Bacterial infections,Rash Nausea Diarrhea,"https://onemg.gumlet.io/l_watermark_346,w_480,h_480/a_ignore,w_480,h_480,c_fit,q_auto,f_auto/cropped/jj8htwv5xq4aoclftmuh.jpg",Glenmark Pharmaceuticals Ltd,56,44,0
Ketorol Injection,Ketorolac (30mg), Pain relief,Injection site reactions pain swelling redness Vomiting Stomach pain epigastric pain Nausea Indigestion Drowsiness Dizziness Visual disturbance,"https://onemg.gumlet.io/l_watermark_346,w_480,h_480/a_ignore,w_480,h_480,c_fit,q_auto,f_auto/5da26c597b264f8c88ce690e67d8eee0.jpg",Dr Reddy's Laboratories Ltd,44,39,17
Ketasma Tablet,Ketotifen (1mg),Prevention of Asthma,Irritation Agitation Insomnia difficulty in sleeping Nervousness Sedation Conjunctival inflammation,"https://onemg.gumlet.io/l_watermark_346,w_480,h_480/a_ignore,w_480,h_480,c_fit,q_auto,f_auto/cropped/ganav3jlbxhw0a6zeedl.jpg",Sun Pharmaceutical Industries Ltd,41,48,11
Kineto-DP Capsule,Diclofenac (50mg) + Serratiopeptidase (15mg), Pain relief,Nausea Vomiting Heartburn Stomach pain Indigestion Diarrhea Loss of appetite,"https://onemg.gumlet.io/l_watermark_346,w_480,h_480/a_ignore,w_480,h_480,c_fit,q_auto,f_auto/cropped/keuozg38eslr5zdmqr4i.jpg",Systopic Laboratories Pvt Ltd,35,32,33
Kofarest-PD Drop,Ambroxol (7.5mg/ml) + Levosalbutamol (0.25mg/ml) + Guaifenesin (12.5mg/ml),Acute Sore throatTreatment of Cough with mucus,Vomiting Diarrhea Excessive salivation Fatigue Headache Dizziness Rash Numbness of extremity Nausea Increased heart rate Stomach discomfort Palpitations Tremors Muscle cramp,"https://onemg.gumlet.io/l_watermark_346,w_480,h_480/a_ignore,w_480,h_480,c_fit,q_auto,f_auto/08e4c6008065496ea4240c9534b89ed6.jpg",Centaur Pharmaceuticals Pvt Ltd,33,54,13
K20 Soap,Ketoconazole (2% w/w), Fungal skin infections,Skin peeling Application site reactions burning irritation itching and redness Nausea Vomiting Abdominal pain Increased liver enzymes Application site redness Itching Diarrhea Abnormal liver function tests Adrenal insufficiency Application site burning,"https://onemg.gumlet.io/l_watermark_346,w_480,h_480/a_ignore,w_480,h_480,c_fit,q_auto,f_auto/h3cupltc0lmwuyueiw2b.jpg",Sanstuti Pharmaceuticals Pvt Ltd,50,25,25
Keto-B Lotion,Beclometasone (0.025% w/v) + Ketoconazole (2% w/v),Treatment of Fungal skin infections,Application site reactions burning irritation itching and redness,"https://onemg.gumlet.io/l_watermark_346,w_480,h_480/a_ignore,w_480,h_480,c_fit,q_auto,f_auto/n9d4y3qsgzyjq5w5s1qq.jpg",Med Manor Organics Pvt Ltd,20,36,44
Keto-AZ Lotion,Ketoconazole (2% w/v) + Zinc pyrithione (1% w/v),Treatment of Fungal skin infectionsTreatment of Dandruff,Application site reactions burning irritation itching and redness,"https://onemg.gumlet.io/l_watermark_346,w_480,h_480/a_ignore,w_480,h_480,c_fit,q_auto,f_auto/cropped/ly0g3ziua9s0wejcfs0p.jpg",Med Manor Organics Pvt Ltd,27,40,33
Keppra 500mg Tablet,Levetiracetam (500mg),Treatment of Epilepsy/Seizures,Sleepiness Dizziness Fatigue Headache Decreased appetite Behavioral changes Aggressive behavior Irritation Agitation Nasal congestion stuffy nose Infection Convulsion Nasopharyngitis inflammation of the throat and nasal passages Nausea Tremors Vertigo Lethargy,"https://onemg.gumlet.io/l_watermark_346,w_480,h_480/a_ignore,w_480,h_480,c_fit,q_auto,f_auto/cropped/dqnjtttankxogy9sp2an.jpg",Dr Reddy's Laboratories Ltd,46,38,16
K-Stat 500mg Tablet,Ethamsylate (500mg), Bleeding,Skin rash Vomiting Headache Nausea Diarrhea,"https://onemg.gumlet.io/l_watermark_346,w_480,h_480/a_ignore,w_480,h_480,c_fit,q_auto,f_auto/de70da90f7b34b959c48ac7f7073eeba.jpg",Mercury Laboratories Ltd,46,18,36
Ketanov Injection,Ketorolac (30mg), Pain relief,Injection site reactions pain swelling redness Vomiting Stomach pain epigastric pain Nausea Indigestion Drowsiness Dizziness Visual disturbance,"https://onemg.gumlet.io/l_watermark_346,w_480,h_480/a_ignore,w_480,h_480,c_fit,q_auto,f_auto/vxorq6yotbq7latdctax.jpg",Sun Pharmaceutical Industries Ltd,33,50,17
Ketocip Tablet,Ketoconazole (200mg), Fungal infections,Nausea Vomiting Abdominal pain Increased liver enzymes Application site redness Itching Diarrhea Abnormal liver function tests Adrenal insufficiency Application site burning,"https://onemg.gumlet.io/l_watermark_346,w_480,h_480/a_ignore,w_480,h_480,c_fit,q_auto,f_auto/ca2f0c23b12747fca779f3ef90af2e6d.jpg",Cipla Ltd,19,48,33
Kinetozyme Tablet,Bromelain (90mg) + Rutoside (100mg) + Trypsin Chymotrypsin (50000AU), Pain relief,No common side effects seen,"https://onemg.gumlet.io/l_watermark_346,w_480,h_480/a_ignore,w_480,h_480,c_fit,q_auto,f_auto/cropped/oixpnwmufut3m1bv7sgi.jpg",Systopic Laboratories Pvt Ltd,25,33,42
K-Glim-M 2mg Tablet PR,Glimepiride (2mg) + Metformin (500mg),Treatment of Type 2 diabetes mellitus,Hypoglycemia low blood glucose level Headache Nausea Diarrhea Flatulence,"https://onemg.gumlet.io/l_watermark_346,w_480,h_480/a_ignore,w_480,h_480,c_fit,q_auto,f_auto/da8000a0c45648db855345027be57001.jpg",Blue Cross Laboratories Ltd,28,39,33
Kevon Lotion,Ketoconazole (2% w/v), Fungal skin infections,Skin peeling Application site reactions burning irritation itching and redness Nausea Vomiting Abdominal pain Increased liver enzymes Application site redness Itching Diarrhea Abnormal liver function tests Adrenal insufficiency Application site burning,"https://onemg.gumlet.io/l_watermark_346,w_480,h_480/a_ignore,w_480,h_480,c_fit,q_auto,f_auto/cropped/rfwwcdgahszxxshft5g3.png",Glowderma Labs Pvt Ltd,39,32,29
Kevon Lotion,Ketoconazole (2% w/v), Fungal skin infections,Skin peeling Application site reactions burning irritation itching and redness Nausea Vomiting Abdominal pain Increased liver enzymes Application site redness Itching Diarrhea Abnormal liver function tests Adrenal insufficiency Application site burning,"https://onemg.gumlet.io/l_watermark_346,w_480,h_480/a_ignore,w_480,h_480,c_fit,q_auto,f_auto/cropped/lizjr53gq8dybcu34frg.jpg",Glowderma Labs Pvt Ltd,46,50,4
Ketanov DT 10mg Tablet,Ketorolac (10mg), Pain relief,Vomiting Stomach pain epigastric pain Nausea Indigestion Diarrhea Heartburn Loss of appetite,"https://onemg.gumlet.io/l_watermark_346,w_480,h_480/a_ignore,w_480,h_480,c_fit,q_auto,f_auto/cropped/nrtgmn0h9geicizorfhe.jpg",Sun Pharmaceutical Industries Ltd,17,27,56
Ketoplast Plaster,Ketoprofen (20mg), Pain relief,Erythema skin redness Inflammation,"https://onemg.gumlet.io/l_watermark_346,w_480,h_480/a_ignore,w_480,h_480,c_fit,q_auto,f_auto/cropped/gjzwekpm5nc5gxujus8o.jpg",Zuventus Healthcare Ltd,20,49,31
Kenozole Cream,Ketoconazole (2% w/w), Fungal skin infections,Skin peeling Application site reactions burning irritation itching and redness Nausea Vomiting Abdominal pain Increased liver enzymes Application site redness Itching Diarrhea Abnormal liver function tests Adrenal insufficiency Application site burning,"https://onemg.gumlet.io/l_watermark_346,w_480,h_480/a_ignore,w_480,h_480,c_fit,q_auto,f_auto/skpsu8mcdhtlnwsns7fm.jpg",Brinton Pharmaceuticals Pvt Ltd,67,33,0
Ketoalfa  Tablet,Alpha Ketoanalogue (200mg),Treatment of Chronic kidney disease,Increased calcium level in blood,"https://onemg.gumlet.io/l_watermark_346,w_480,h_480/a_ignore,w_480,h_480,c_fit,q_auto,f_auto/hcijgmb9qosatvnsqape.jpg",Alniche Life Sciences Pvt Ltd,26,44,30
Kenacort 10mg Injection,Triamcinolone (10mg),Treatment of Rheumatoid arthritisTreatment of Osteoarthritis,Infection Increased risk of infection Headache Joint pain Injection site reactions pain swelling redness,"https://onemg.gumlet.io/l_watermark_346,w_480,h_480/a_ignore,w_480,h_480,c_fit,q_auto,f_auto/cropped/gouldfd6giwanqpvmlwl.jpg",Abbott,40,27,33
Keto Soap,Ketoconazole (2% w/w), Fungal skin infections,Skin peeling Application site reactions burning irritation itching and redness Nausea Vomiting Abdominal pain Increased liver enzymes Application site redness Itching Diarrhea Abnormal liver function tests Adrenal insufficiency Application site burning,"https://onemg.gumlet.io/l_watermark_346,w_480,h_480/a_ignore,w_480,h_480,c_fit,q_auto,f_auto/10a668db5d9a49ed869990881717cd56.jpg",Med Manor Organics Pvt Ltd,29,46,25
K-Cit Oral Solution,Citric Acid (334mg/5ml) + Potassium Citrate (1100mg/5ml),Treatment of Kidney stone,Nausea Vomiting Diarrhea Stomach pain,"https://onemg.gumlet.io/l_watermark_346,w_480,h_480/a_ignore,w_480,h_480,c_fit,q_auto,f_auto/cropped/jp0waql7cpfufnjt977w.jpg",Dr Reddy's Laboratories Ltd,0,88,12
Ketomar  Ophthalmic Solution,Gatifloxacin (0.3% w/v) + Ketorolac (0.4% w/v),Treatment of Post-operative eye pain and inflammation,Eye itching Blurred vision,"https://onemg.gumlet.io/l_watermark_346,w_480,h_480/a_ignore,w_480,h_480,c_fit,q_auto,f_auto/cropped/slrdwrq0ractq4pchu4p.jpg",Allergan India Pvt Ltd,53,14,33
Kofarest-LS Syrup,Ambroxol (30mg/5ml) + Levosalbutamol (1mg/5ml) + Guaifenesin (50mg/5ml),Treatment of Cough with mucus,Nausea Vomiting Diarrhea Upset stomach Stomach pain Allergic reaction Dizziness Headache Rash Hives Tremors Palpitations Muscle cramp Increased heart rate,"https://onemg.gumlet.io/l_watermark_346,w_480,h_480/a_ignore,w_480,h_480,c_fit,q_auto,f_auto/ba4b4dcd3c1941b99bbb0f8e1ea8dc87.jpg",Centaur Pharmaceuticals Pvt Ltd,17,41,42
Korandil 10 Tablet,Nicorandil (10mg),Treatment of Angina (heart-related chest pain),Headache Nausea Vomiting Weakness Dizziness Flushing sense of warmth in the face ears neck and trunk,"https://onemg.gumlet.io/l_watermark_346,w_480,h_480/a_ignore,w_480,h_480,c_fit,q_auto,f_auto/cropped/kiqi67xjsgnu3j5xuptg.jpg",Sun Pharmaceutical Industries Ltd,25,29,46
Konaz Antifungal Cream,Ketoconazole (2% w/w), Fungal skin infections,Skin peeling Application site reactions burning irritation itching and redness Nausea Vomiting Abdominal pain Increased liver enzymes Application site redness Itching Diarrhea Abnormal liver function tests Adrenal insufficiency Application site burning,"https://onemg.gumlet.io/l_watermark_346,w_480,h_480/a_ignore,w_480,h_480,c_fit,q_auto,f_auto/cropped/fl12fgcqxv6u70m1mrpb.jpg",Talent India ,0,28,72
Kofarest Syrup,Ambroxol (30mg/5ml) + Guaifenesin (100mg/5ml) + Terbutaline (2.5mg/5ml), Cough with mucus,Nausea Vomiting Diarrhea Dizziness Headache Rash Tremors Increased heart rate Indigestion Bloating Upper abdominal pain Urticaria Itching Sweating Changes in serum aminotransferase levels,"https://onemg.gumlet.io/l_watermark_346,w_480,h_480/a_ignore,w_480,h_480,c_fit,q_auto,f_auto/99338cf107134c0295e31c57ae169fef.jpg",Centaur Pharmaceuticals Pvt Ltd,0,42,58
Kenz Soap,Ketoconazole (2% w/w), Fungal skin infections,Skin peeling Application site reactions burning irritation itching and redness Nausea Vomiting Abdominal pain Increased liver enzymes Application site redness Itching Diarrhea Abnormal liver function tests Adrenal insufficiency Application site burning,"https://onemg.gumlet.io/l_watermark_346,w_480,h_480/a_ignore,w_480,h_480,c_fit,q_auto,f_auto/cropped/dnvork0ovcpxcqbfegme.jpg",KLM Laboratories Pvt Ltd,38,31,31
Katadol Capsule,Flupirtine (100mg), Pain relief,Fatigue Dizziness Nausea Dryness in mouth Tremors Heartburn Vomiting Abdominal pain Constipation Loss of appetite Depression Headache Abdominal discomfort Sleep disturbance Increased sweating Restlessness Nervousness Flatulence Diarrhea,"https://onemg.gumlet.io/l_watermark_346,w_480,h_480/a_ignore,w_480,h_480,c_fit,q_auto,f_auto/cropped/fgy0f91ptw2tujgh52ue.jpg",Lupin Ltd,40,29,31
Kitmox  Eye Drop,Moxifloxacin (0.5% w/v),Treatment of Bacterial eye infections,Eye discomfort Dry eye Burning sensation in eye,"https://onemg.gumlet.io/l_watermark_346,w_480,h_480/a_ignore,w_480,h_480,c_fit,q_auto,f_auto/cropped/fbsrnwsp2ruknr0gt4zd.jpg",Sentiss Pharma,42,8,50
KLM-D3 Nano Drops,Vitamin D3 (800IU),Treatment of Vitamin D deficiencyTreatment of Osteoporosis,No common side effects seen,"https://onemg.gumlet.io/l_watermark_346,w_480,h_480/a_ignore,w_480,h_480,c_fit,q_auto,f_auto/cropped/vxh9wqqm9dk7liv6wmwk.jpg",KLM Laboratories Pvt Ltd,44,56,0
KLM-FX 180 Tablet,Fexofenadine (180mg),Treatment of Sneezing and runny nose due to allergiesTreatment of Allergic conditions,Headache Drowsiness Dizziness Nausea,"https://onemg.gumlet.io/l_watermark_346,w_480,h_480/a_ignore,w_480,h_480,c_fit,q_auto,f_auto/cropped/tr3uwfy9kxziyufx0ckx.jpg",KLM Laboratories Pvt Ltd,15,58,27
Kineto Forte Tablet,Serratiopeptidase (15mg), Pain relief Swelling,No common side effects seen,"https://onemg.gumlet.io/l_watermark_346,w_480,h_480/a_ignore,w_480,h_480,c_fit,q_auto,f_auto/cropped/kfivzwue8xqupke7zsfl.jpg",Systopic Laboratories Pvt Ltd,17,62,21
K-Gem Tablet,Gliclazide (80mg) + Metformin (500mg),Treatment of Type 2 diabetes mellitus,Hypoglycemia low blood glucose level Headache Nausea Dizziness Diarrhea Flatulence,"https://onemg.gumlet.io/l_watermark_346,w_480,h_480/a_ignore,w_480,h_480,c_fit,q_auto,f_auto/6e6f2704211140f4812e5f83be912710.jpg",Blue Cross Laboratories Ltd,33,67,0
Konaz -CT Lotion,Ketoconazole (2% w/v) + Coal Tar (2% w/v),Treatment of Dandruff,Application site reactions burning irritation itching and redness,"https://onemg.gumlet.io/l_watermark_346,w_480,h_480/a_ignore,w_480,h_480,c_fit,q_auto,f_auto/7952504e07664637923af76aaa997997.jpg",Talent India ,17,16,67
Ktc Medicated Shampoo,Ketoconazole (2% w/v) + Zinc pyrithione (1% w/v),Treatment of Dandruff,Application site reactions burning irritation itching and redness,"https://onemg.gumlet.io/l_watermark_346,w_480,h_480/a_ignore,w_480,h_480,c_fit,q_auto,f_auto/9aef913ed7c84c4aab0efce4ba8f7d5f.jpg",Yash Pharma Laboratories Pvt Ltd,39,34,27
K-Ion 10mg Tablet,Nicorandil (10mg),Treatment of Angina (heart-related chest pain),Headache Nausea Vomiting Weakness Dizziness Flushing sense of warmth in the face ears neck and trunk,"https://onemg.gumlet.io/l_watermark_346,w_480,h_480/a_ignore,w_480,h_480,c_fit,q_auto,f_auto/cropped/uafsmdo8fnsyv2e3vqnt.jpg",Nouveau Medicament Pvt Ltd,33,34,33
Kimet XL 25 Tablet,Metoprolol Succinate (23.75mg),Treatment of Hypertension (high blood pressure)Treatment of Angina (heart-related chest pain)Treatment of ArrhythmiaPrevention of Heart attackPrevention of Migraine,Fatigue Headache Slow heart rate Dizziness Nausea Breathlessness Rash Diarrhea Depression,"https://onemg.gumlet.io/l_watermark_346,w_480,h_480/a_ignore,w_480,h_480,c_fit,q_auto,f_auto/dkd5mqwj02vj1jfyhsj9.jpg",Zuventus Healthcare Ltd,67,8,25
Keto Gold Soap,Ketoconazole (2% w/w), Fungal skin infections,Skin peeling Application site reactions burning irritation itching and redness Nausea Vomiting Abdominal pain Increased liver enzymes Application site redness Itching Diarrhea Abnormal liver function tests Adrenal insufficiency Application site burning,"https://onemg.gumlet.io/l_watermark_346,w_480,h_480/a_ignore,w_480,h_480,c_fit,q_auto,f_auto/e252f76b6d4641f6abfcef32488ab2c2.jpg",Med Manor Organics Pvt Ltd,45,40,15
KZ-XL Cream,Ketoconazole (2% w/w), Fungal skin infections,Skin peeling Application site reactions burning irritation itching and redness Nausea Vomiting Abdominal pain Increased liver enzymes Application site redness Itching Diarrhea Abnormal liver function tests Adrenal insufficiency Application site burning,"https://onemg.gumlet.io/l_watermark_346,w_480,h_480/a_ignore,w_480,h_480,c_fit,q_auto,f_auto/cropped/bejvn33a11g5dkaems5i.jpg",Hegde and Hegde Pharmaceutical LLP,31,52,17
Kenz Lotion,Ketoconazole (2% w/v), Fungal skin infections,Skin peeling Application site reactions burning irritation itching and redness Nausea Vomiting Abdominal pain Increased liver enzymes Application site redness Itching Diarrhea Abnormal liver function tests Adrenal insufficiency Application site burning,"https://onemg.gumlet.io/l_watermark_346,w_480,h_480/a_ignore,w_480,h_480,c_fit,q_auto,f_auto/cropped/dqfpjduavhhu83mdvx63.jpg",KLM Laboratories Pvt Ltd,32,27,41
Keto SZ Hair Wash,Ketoconazole (2% w/v) + Zinc pyrithione (1% w/v),Treatment of Dandruff,Application site reactions burning irritation itching and redness,"https://onemg.gumlet.io/l_watermark_346,w_480,h_480/a_ignore,w_480,h_480,c_fit,q_auto,f_auto/cropped/yfgqpvib4my3tl2kehxs.jpg",Med Manor Organics Pvt Ltd,17,66,17
Kufril D Syrup,Phenylephrine (5mg/5ml) + Chlorpheniramine Maleate (2mg/5ml) + Dextromethorphan Hydrobromide (15mg/5ml),Treatment of Dry cough,Nausea Vomiting Loss of appetite Headache,"https://onemg.gumlet.io/l_watermark_346,w_480,h_480/a_ignore,w_480,h_480,c_fit,q_auto,f_auto/02f5196988cf48e580b64533faa5d55a.jpg",Med Manor Organics Pvt Ltd,25,25,50
K-Cor 10 Tablet,Nicorandil (10mg),Treatment of Angina (heart-related chest pain),Headache Nausea Vomiting Weakness Dizziness Flushing sense of warmth in the face ears neck and trunk,"https://onemg.gumlet.io/l_watermark_346,w_480,h_480/a_ignore,w_480,h_480,c_fit,q_auto,f_auto/cropped/mdespzm8pogvcy02wl7x.jpg",Macleods Pharmaceuticals Pvt Ltd,78,22,0
K-Glim 1mg Tablet,Glimepiride (1mg),Treatment of Type 2 diabetes mellitus,Hypoglycemia low blood glucose level Headache Nausea Dizziness Weakness,"https://onemg.gumlet.io/l_watermark_346,w_480,h_480/a_ignore,w_480,h_480,c_fit,q_auto,f_auto/2e1e84e126674161abe1a3209a9c1b2f.jpg",Blue Cross Laboratories Ltd,0,42,58
Kerashine-F  Tablet,Biotin (5mg) + Finasteride (1mg), Hair loss,Ejaculation disorder Impotence Low sexual desire,"https://onemg.gumlet.io/l_watermark_346,w_480,h_480/a_ignore,w_480,h_480,c_fit,q_auto,f_auto/a65524de4945433babac83e2171e15a9.jpg",Syscutis Healthcare,33,32,35
Ketoflox Ophthalmic Solution,Ofloxacin (3mg/ml) + Ketorolac (5mg/ml),Treatment of Eye infection,Eye discomfort Eye irritation Burning sensation in eye,"https://onemg.gumlet.io/l_watermark_346,w_480,h_480/a_ignore,w_480,h_480,c_fit,q_auto,f_auto/cropped/nyqlqamy3rcwkscpdt44.jpg",Allergan India Pvt Ltd,22,56,22
K-Pio-Gm Tablet ER,Glimepiride (2mg) + Metformin (500mg) + Pioglitazone (15mg),Treatment of Type 2 diabetes mellitus,Hypoglycemia low blood glucose level Dizziness Headache Nausea Vomiting Diarrhea Flatulence Bronchitis inflammation of the airways Anemia low number of red blood cells Edema swelling,"https://onemg.gumlet.io/l_watermark_346,w_480,h_480/a_ignore,w_480,h_480,c_fit,q_auto,f_auto/1ddbd35336fd444791ae5c0d33bbc807.jpg",Blue Cross Laboratories Ltd,20,53,27
KZ Dusting Powder,Ketoconazole (2% w/w), Fungal skin infections,Skin peeling Application site reactions burning irritation itching and redness Nausea Vomiting Abdominal pain Increased liver enzymes Application site redness Itching Diarrhea Abnormal liver function tests Adrenal insufficiency Application site burning,"https://onemg.gumlet.io/l_watermark_346,w_480,h_480/a_ignore,w_480,h_480,c_fit,q_auto,f_auto/mbb7mtbiy8tddbff0acn.jpg",Hegde and Hegde Pharmaceutical LLP,50,17,33
Ketograce Tablet,Alpha Ketoanalogue (NA),Treatment of Chronic kidney disease,Increased calcium level in blood,"https://onemg.gumlet.io/l_watermark_346,w_480,h_480/a_ignore,w_480,h_480,c_fit,q_auto,f_auto/5f6d7f00c1794843a55cc24e9b794d78.jpg",Biokindle Lifesciences Pvt Ltd,31,51,18
Kera XL M Solution,Minoxidil (5% w/v),Treatment of Hair loss,Itching Chest pain Headache Hypertrichosis excessive hair growth Rash Dermatitis Hypersensitivity Weight gain Fluid retention Tachycardia,"https://onemg.gumlet.io/l_watermark_346,w_480,h_480/a_ignore,w_480,h_480,c_fit,q_auto,f_auto/wvh99mdvdkx7f24tpayd.jpg",Ipca Laboratories Ltd,5,21,74
Kelfer 500 Capsule,Deferiprone (500mg),Treatment of Iron overload,Nausea Vomiting Abdominal pain Urine discoloration,"https://onemg.gumlet.io/l_watermark_346,w_480,h_480/a_ignore,w_480,h_480,c_fit,q_auto,f_auto/679e186a57a04e39bc9bba2d81cb78ba.jpg",Cipla Ltd,42,40,18
Ketorol Gel,Ketorolac (20mg), Pain relief,Application site irritation Burning sensation,"https://onemg.gumlet.io/l_watermark_346,w_480,h_480/a_ignore,w_480,h_480,c_fit,q_auto,f_auto/cropped/zzsorzuguyvewerl097g.jpg",Dr Reddy's Laboratories Ltd,43,37,20
Ketofly 200mg Tablet,Ketoconazole (200mg), Fungal infections,Nausea Vomiting Abdominal pain Increased liver enzymes Application site redness Itching Diarrhea Abnormal liver function tests Adrenal insufficiency Application site burning,"https://onemg.gumlet.io/l_watermark_346,w_480,h_480/a_ignore,w_480,h_480,c_fit,q_auto,f_auto/b8605dc44bd645999da7659198302ec5.jpg",Leeford Healthcare Ltd,29,42,29
Ketonate Cream,Ketoconazole (2% w/w) + Beclometasone (0.025% w/w) + Neomycin (0.5% w/w),Treatment of Skin infections,Application site reactions burning irritation itching and redness,"https://onemg.gumlet.io/l_watermark_346,w_480,h_480/a_ignore,w_480,h_480,c_fit,q_auto,f_auto/3b63127420474d99a1743a4c7ad31440.jpg",Med Manor Organics Pvt Ltd,10,66,24
K20 Cream,Ketoconazole (2% w/w), Fungal skin infections,Skin peeling Application site reactions burning irritation itching and redness Nausea Vomiting Abdominal pain Increased liver enzymes Application site redness Itching Diarrhea Abnormal liver function tests Adrenal insufficiency Application site burning,"https://onemg.gumlet.io/l_watermark_346,w_480,h_480/a_ignore,w_480,h_480,c_fit,q_auto,f_auto/bsmzjlp3z6sbpwusuibp.jpg",Sanstuti Pharmaceuticals Pvt Ltd,33,47,20
Kefpod Suspension Orange,Cefpodoxime Proxetil (50mg),Treatment of Bacterial infections,Abdominal pain Rash Nausea Diarrhea,"https://onemg.gumlet.io/l_watermark_346,w_480,h_480/a_ignore,w_480,h_480,c_fit,q_auto,f_auto/cropped/menhvjpeii9c33cctpdw.jpg",Glenmark Pharmaceuticals Ltd,83,17,0
Kinetozyme-D Tablet,Bromelain (90mg) + Diclofenac (50mg) + Rutoside (100mg) + Trypsin Chymotrypsin (50000AU), Pain relief,Nausea Vomiting Heartburn Diarrhea Stomach pain Loss of appetite Indigestion,"https://onemg.gumlet.io/l_watermark_346,w_480,h_480/a_ignore,w_480,h_480,c_fit,q_auto,f_auto/cropped/boxffznoqbdrtpswqcsx.jpg",Systopic Laboratories Pvt Ltd,72,28,0
Ketoflam T 4 Tablet,Flupirtine (100mg) + Thiocolchicoside (4mg), Pain due to muscle spasm,Nausea Dryness in mouth Drowsiness Itching Stomach fullness Tremors,"https://onemg.gumlet.io/l_watermark_346,w_480,h_480/a_ignore,w_480,h_480,c_fit,q_auto,f_auto/33f1b71d82b640f7902ac678aa97ac2a.jpg",Lupin Ltd,38,48,14
Kitmox-LD  Opthalmic Suspension,Loteprednol etabonate (0.5% w/v) + Moxifloxacin (0.5% w/v),Treatment of Eye infection with inflammation,Eye irritation Eye discomfort,"https://onemg.gumlet.io/l_watermark_346,w_480,h_480/a_ignore,w_480,h_480,c_fit,q_auto,f_auto/cropped/cwhx5ol6r4twikqmgdlm.jpg",Sentiss Pharma,33,17,50
Kipnol TR 40 Capsule,Propranolol (40mg),Treatment of PheochromocytomaTreatment of Hypertension (high blood pressure) Prevention of migraineTreatment of AnxietyTreatment of ArrhythmiaPrevention of Heart attackPrevention of Angina (heart-related chest pain)Treatment of Tremors,Tiredness Weakness Raynaud s phenomenon Arrhythmia irregular heartbeats Nausea Vomiting Diarrhea,"https://onemg.gumlet.io/l_watermark_346,w_480,h_480/a_ignore,w_480,h_480,c_fit,q_auto,f_auto/h9zyock8rnilznougcb6.jpg",Kivi Labs Ltd,48,33,19
Keppra 100mg Syrup,Levetiracetam (100mg/ml),Treatment of Epilepsy/Seizures,Sleepiness Dizziness Fatigue Headache Decreased appetite Behavioral changes Aggressive behavior Irritation Agitation Nasal congestion stuffy nose Infection Convulsion Nasopharyngitis inflammation of the throat and nasal passages Nausea Tremors Vertigo Lethargy,"https://onemg.gumlet.io/l_watermark_346,w_480,h_480/a_ignore,w_480,h_480,c_fit,q_auto,f_auto/kpl7kpbsbjrtjeqjk7wn.jpg",Dr Reddy's Laboratories Ltd,53,24,23
Kneejoint Care Tablet,Glucosamine (750mg) + Diacerein (50mg) + Methyl Sulfonyl Methane (250mg), Osteoarthritis,Nausea Diarrhea Constipation Indigestion Heartburn Urine discoloration,"https://onemg.gumlet.io/l_watermark_346,w_480,h_480/a_ignore,w_480,h_480,c_fit,q_auto,f_auto/98767baf7fbd4f888bb93435f5a7907a.jpg",Ronyd Healthcare Pvt Ltd,22,45,33
Kinpride SR Tablet,Cinitapride (3mg), Gastroesophageal reflux disease (Acid reflux) Indigestion,Headache Nausea Diarrhea,"https://onemg.gumlet.io/l_watermark_346,w_480,h_480/a_ignore,w_480,h_480,c_fit,q_auto,f_auto/0f3ef01f45454964bf1fdc8ce8f93086.jpg",Dr Reddy's Laboratories Ltd,33,48,19
Kofarest Drop,Ambroxol (7.5mg),Treatment of Cough with mucusTreatment of Acute Sore throatTreatment of Respiratory tract disorders associated with viscid mucus,Excessive salivation Taste change Dry throat Dryness in mouth Numbness in mouth Fatigue Nausea Vomiting Diarrhea Stomach pain Indigestion Skin rash,"https://onemg.gumlet.io/l_watermark_346,w_480,h_480/a_ignore,w_480,h_480,c_fit,q_auto,f_auto/davxzefopusjmjudpxul.jpg",Centaur Pharmaceuticals Pvt Ltd,0,78,22
Ktc Soap,Cetrimide (0.5% w/w) + Ketoconazole (2% w/w), Dandruff,Application site reactions burning irritation itching and redness,"https://onemg.gumlet.io/l_watermark_346,w_480,h_480/a_ignore,w_480,h_480,c_fit,q_auto,f_auto/s1tj3ho0nlt0m9hd5plt.jpg",Yash Pharma Laboratories Pvt Ltd,17,58,25
Kidodent Mouth Wash Bubble Fruit,Sodium Monofluorophosphate (0.05% w/v) + Triclosan (0.03% w/v) + Xylitol (5% w/v),Treatment of Dental cavities,Stinging sensation,"https://onemg.gumlet.io/l_watermark_346,w_480,h_480/a_ignore,w_480,h_480,c_fit,q_auto,f_auto/cropped/rnzhilijcwbfkkkcnzf8.jpg",Indoco Remedies Ltd,50,33,17
Kenz Tablet,Ketoconazole (200mg), Fungal infections,Nausea Vomiting Abdominal pain Increased liver enzymes Application site redness Itching Diarrhea Abnormal liver function tests Adrenal insufficiency Application site burning,"https://onemg.gumlet.io/l_watermark_346,w_480,h_480/a_ignore,w_480,h_480,c_fit,q_auto,f_auto/egvgjbxxqhvwpewsgyyh.jpg",KLM Laboratories Pvt Ltd,31,44,25
Kojiplus-TX Cream,Tranexamic Acid (10% w/w) + Kojic Acid (2% w/w) + Arbutin (1.5% w/w) + Magnesium (1% w/w) + Vitamin E (1% w/w) + Mulberry extract (1% w/w), Melasma,Dry skin Skin rash,"https://onemg.gumlet.io/l_watermark_346,w_480,h_480/a_ignore,w_480,h_480,c_fit,q_auto,f_auto/cropped/xn0h238oyyixlyac3oky.jpg",Organic Laboratories,0,57,43
Kenozole Shampoo,Ketoconazole (2% w/v) + Zinc pyrithione (1% w/v),Treatment of Dandruff,Application site reactions burning irritation itching and redness,"https://onemg.gumlet.io/l_watermark_346,w_480,h_480/a_ignore,w_480,h_480,c_fit,q_auto,f_auto/yc4ruvc0irgrxr9end0k.jpg",Brinton Pharmaceuticals Pvt Ltd,35,46,19
Ketoneph Tablet,Alpha Ketoanalogue (NA),Treatment of Chronic kidney disease,Increased calcium level in blood,"https://onemg.gumlet.io/l_watermark_346,w_480,h_480/a_ignore,w_480,h_480,c_fit,q_auto,f_auto/sgfbfbuhcu2nxmktcjlf.jpg",Rencord Life Sciences Pvt Ltd,50,50,0
Keto Dusting Powder,Ketoconazole (2% w/w), Fungal skin infections,Skin peeling Application site reactions burning irritation itching and redness Nausea Vomiting Abdominal pain Increased liver enzymes Application site redness Itching Diarrhea Abnormal liver function tests Adrenal insufficiency Application site burning,"https://onemg.gumlet.io/l_watermark_346,w_480,h_480/a_ignore,w_480,h_480,c_fit,q_auto,f_auto/er5br2hiz29kfki11vrj.jpg",Med Manor Organics Pvt Ltd,0,56,44
Ketoflam SR Tablet,Flupirtine (400mg), Pain relief,Fatigue Dizziness Nausea Dryness in mouth Tremors Heartburn Vomiting Abdominal pain Constipation Loss of appetite Depression Headache Abdominal discomfort Sleep disturbance Increased sweating Restlessness Nervousness Flatulence Diarrhea,"https://onemg.gumlet.io/l_watermark_346,w_480,h_480/a_ignore,w_480,h_480,c_fit,q_auto,f_auto/spad1ypbr8t2jfn7nwkj.jpg",Lupin Ltd,33,23,44
Ketodel Tablet,Alpha Ketoanalogue (NA),Treatment of Chronic kidney disease,No common side effects seen,"https://onemg.gumlet.io/l_watermark_346,w_480,h_480/a_ignore,w_480,h_480,c_fit,q_auto,f_auto/4befc1e6d47248969e9f8d9cfd707280.jpg",Oriva Lifesciences Pvt Ltd,0,47,53
Ketafung CT Lotion,Ketoconazole (2% w/v) + Coal Tar (2% w/v),Treatment of Dandruff,Application site reactions burning irritation itching and redness,"https://onemg.gumlet.io/l_watermark_346,w_480,h_480/a_ignore,w_480,h_480,c_fit,q_auto,f_auto/ubjy1zb68z34zb2epgfe.jpg",East West Pharma,33,38,29
Kosat Syrup Alcohol &amp; Sugar Free,Ambroxol (15mg) + Guaifenesin (50mg) + Menthol (1mg) + Terbutaline (1.25mg), Cough,Nausea Diarrhea Vomiting Dizziness Headache Rash Tremors Increased heart rate Upper abdominal pain Urticaria Itching Sweating Changes in serum aminotransferase levels Bloating Indigestion,"https://onemg.gumlet.io/l_watermark_346,w_480,h_480/a_ignore,w_480,h_480,c_fit,q_auto,f_auto/62f8a4d878f543819febc8d1e30825a2.jpg",Maestro Healthcare Pvt Ltd,58,42,0
Ketonext CT Shampoo,Ketoconazole (2% w/v) + Coal Tar (4% w/v),Treatment of Dandruff,Application site reactions burning irritation itching and redness,"https://onemg.gumlet.io/l_watermark_346,w_480,h_480/a_ignore,w_480,h_480,c_fit,q_auto,f_auto/cropped/udcxkiiaqm8f5teo9leg.jpg",Ethinext Pharma,29,48,23
Ketafung-Z Plus Lotion,Ketoconazole (2% w/v) + Zinc pyrithione (1% w/v),Treatment of Fungal skin infectionsTreatment of Dandruff,Application site reactions burning irritation itching and redness,"https://onemg.gumlet.io/l_watermark_346,w_480,h_480/a_ignore,w_480,h_480,c_fit,q_auto,f_auto/cropped/c0ejua6ogxnosaj7n1oz.png",East West Pharma,13,64,23
Klm Klin  Soap,Triclosan (0.5%), Skin infections,No common side effects seen,"https://onemg.gumlet.io/l_watermark_346,w_480,h_480/a_ignore,w_480,h_480,c_fit,q_auto,f_auto/cropped/lnqksntlgb4t6khe6box.jpg",KLM Laboratories Pvt Ltd,26,36,38
K-Stat-ET Tablet,Tranexamic Acid (500mg) + Ethamsylate (250mg), Heavy menstrual bleeding,Nausea Stomach pain Diarrhea Headache Nasal congestion stuffy nose Sinus pain Sinus inflammation Rash Tiredness Musculoskeletal bone muscle or joint pain Anemia low number of red blood cells,"https://onemg.gumlet.io/l_watermark_346,w_480,h_480/a_ignore,w_480,h_480,c_fit,q_auto,f_auto/7dd68166cabe41aba11fced2474cf38f.jpg",Mercury Laboratories Ltd,0,44,56
Kombiglyze  XR 5mg/1000mg Tablet,Saxagliptin (5mg) + Metformin (1000mg),Treatment of Type 2 diabetes mellitus,Hypoglycemia low blood glucose level Nausea Vomiting Diarrhea Decreased appetite Urinary tract infection,"https://onemg.gumlet.io/l_watermark_346,w_480,h_480/a_ignore,w_480,h_480,c_fit,q_auto,f_auto/11c00f0933d949d6bc83cddbc38443da.jpg",AstraZeneca,57,38,5
Kefpod O 200 mg/200 mg Tablet,Cefpodoxime Proxetil (200mg) + Ofloxacin (200mg), Bacterial infections,Nausea Vomiting Diarrhea Stomach pain Headache,"https://onemg.gumlet.io/l_watermark_346,w_480,h_480/a_ignore,w_480,h_480,c_fit,q_auto,f_auto/b45a5e67d5f94bd4835cf96b0e341d02.jpg",Glenmark Pharmaceuticals Ltd,17,16,67
Kansel -DS Gel,Clotrimazole (2% w/w),Treatment of Fungal skin infections,Blisters Skin peeling Swelling Application site irritation,"https://onemg.gumlet.io/l_watermark_346,w_480,h_480/a_ignore,w_480,h_480,c_fit,q_auto,f_auto/cropped/juzoodscndjaailtqbw3.jpg",Palsons Derma,28,22,50
K-Pio-Gm 1mg Tablet ER,Glimepiride (1mg) + Metformin (500mg) + Pioglitazone (15mg),Treatment of Type 2 diabetes mellitus,Hypoglycemia low blood glucose level Dizziness Headache Nausea Vomiting Diarrhea Flatulence Bronchitis inflammation of the airways Anemia low number of red blood cells Edema swelling,"https://onemg.gumlet.io/l_watermark_346,w_480,h_480/a_ignore,w_480,h_480,c_fit,q_auto,f_auto/w4yvce8mgirw3hoafhx1.jpg",Blue Cross Laboratories Ltd,33,54,13
Kleangut Plus Oral Emulsion Peppermint,Sodium Picosulfate (3.33mg) + Liquid Paraffin (1.25ml) + Milk Of Magnesia (3.75ml), Constipation,Abdominal pain Abdominal cramp Abdominal discomfort Diarrhea,"https://onemg.gumlet.io/l_watermark_346,w_480,h_480/a_ignore,w_480,h_480,c_fit,q_auto,f_auto/f02c09643e414d519e1d8f95e8196b76.jpg",Wallace Pharmaceuticals Pvt Ltd,33,34,33
Kansel-B Cream,Beclometasone (0.025% w/w) + Clotrimazole (1% w/w),Treatment of Fungal skin infections,Paresthesia tingling or pricking sensation Burning sensation Dry skin,"https://onemg.gumlet.io/l_watermark_346,w_480,h_480/a_ignore,w_480,h_480,c_fit,q_auto,f_auto/cropped/alnalk8tgkdrgnfguvci.jpg",Palsons Derma,44,39,17
Kiofiber Powder,Lactitol (10gm) + Ispaghula (3.5gm),Treatment of Constipation,Bloating Stomach cramp Flatulence,"https://onemg.gumlet.io/l_watermark_346,w_480,h_480/a_ignore,w_480,h_480,c_fit,q_auto,f_auto/s6ketdmsfsf3kiuyldpe.jpg",Corona Remedies Pvt Ltd,0,17,83
Kyrah Tablet,Ethinyl Estradiol (0.03mg) + Desogestrel (0.15mg), Contraception,Nausea Stomach pain Headache Irregular uterine bleeding Weight gain Breast pain,"https://onemg.gumlet.io/l_watermark_346,w_480,h_480/a_ignore,w_480,h_480,c_fit,q_auto,f_auto/cropped/r90wtuyfhvdeggnvucmj.jpg",Jagsonpal Pharmaceuticals Ltd,0,44,56
K2-Zole Soap,Ketoconazole (2% w/w), Fungal skin infections,Skin peeling Application site reactions burning irritation itching and redness Nausea Vomiting Abdominal pain Increased liver enzymes Application site redness Itching Diarrhea Abnormal liver function tests Adrenal insufficiency Application site burning,"https://onemg.gumlet.io/l_watermark_346,w_480,h_480/a_ignore,w_480,h_480,c_fit,q_auto,f_auto/n5guixryfzrccjtodav0.jpg",Salve Pharmaceuticals Pvt Ltd,27,40,33
Keppra 250mg Tablet,Levetiracetam (250mg),Treatment of Epilepsy/Seizures,Sleepiness Dizziness Fatigue Headache Decreased appetite Behavioral changes Aggressive behavior Irritation Agitation Nasal congestion stuffy nose Infection Convulsion Nasopharyngitis inflammation of the throat and nasal passages Nausea Tremors Vertigo Lethargy,"https://onemg.gumlet.io/l_watermark_346,w_480,h_480/a_ignore,w_480,h_480,c_fit,q_auto,f_auto/cropped/mq9ypju6kvu907imq4lf.jpg",Dr Reddy's Laboratories Ltd,56,44,0
Kimet XL 50 Tablet,Metoprolol Succinate (47.5mg),Treatment of Hypertension (high blood pressure)Treatment of Angina (heart-related chest pain)Treatment of ArrhythmiaPrevention of Heart attackPrevention of Migraine,Fatigue Headache Slow heart rate Dizziness Nausea Breathlessness Rash Diarrhea Depression,"https://onemg.gumlet.io/l_watermark_346,w_480,h_480/a_ignore,w_480,h_480,c_fit,q_auto,f_auto/afd6ac6924cd4a87b88d4e5705ba0f61.jpg",Zuventus Healthcare Ltd,67,33,0
Klean Tears Ultra Eye Drop,Carboxymethylcellulose (1% w/v),Treatment of Dry eyes,Eye irritation Burning eyes Eye discomfort Eye itching Eye pain,"https://onemg.gumlet.io/l_watermark_346,w_480,h_480/a_ignore,w_480,h_480,c_fit,q_auto,f_auto/od4tf0inj5tjpcqzmwwg.jpg",Doeshealth Systems Private Limited,67,33,0
Klinface-A Gel,Adapalene (0.1% w/w) + Clindamycin (1% w/w),Treatment of Acne,Skin peeling Erythema skin redness Itching Dry skin Burning sensation at the site of application,"https://onemg.gumlet.io/l_watermark_346,w_480,h_480/a_ignore,w_480,h_480,c_fit,q_auto,f_auto/cropped/abyimgxgl8ekouoidoh5.jpg",Kivi Labs Ltd,35,32,33
Kinlax Oral Suspension Mint Sugar Free,Milk of Magnesia (11.25ml) + Liquid Paraffin (3.75ml),Treatment of Constipation,Diarrhea,"https://onemg.gumlet.io/l_watermark_346,w_480,h_480/a_ignore,w_480,h_480,c_fit,q_auto,f_auto/ryegxgca6sie9znouocl.jpg",Saffron Therapeutics Pvt Ltd,42,33,25
Keppra 750mg Tablet,Levetiracetam (750mg),Treatment of Epilepsy/Seizures,Sleepiness Dizziness Fatigue Headache Decreased appetite Behavioral changes Aggressive behavior Irritation Agitation Nasal congestion stuffy nose Infection Convulsion Nasopharyngitis inflammation of the throat and nasal passages Nausea Tremors Vertigo Lethargy,"https://onemg.gumlet.io/l_watermark_346,w_480,h_480/a_ignore,w_480,h_480,c_fit,q_auto,f_auto/df7677e954ae43fcba626ac517c99206.jpg",Dr Reddy's Laboratories Ltd,52,38,10
K-Met 500mg Tablet PR,Metformin (500mg),Treatment of Type 2 diabetes mellitus,Diarrhea Nausea Vomiting Flatulence,"https://onemg.gumlet.io/l_watermark_346,w_480,h_480/a_ignore,w_480,h_480,c_fit,q_auto,f_auto/0437f9b39a74464ba19c2b4c6766e370.jpg",Blue Cross Laboratories Ltd,67,33,0
Kombiglyze  XR 5mg/500mg Tablet,Saxagliptin (5mg) + Metformin (500mg),Treatment of Type 2 diabetes mellitus,Hypoglycemia low blood glucose level Nausea Vomiting Diarrhea Decreased appetite Urinary tract infection,"https://onemg.gumlet.io/l_watermark_346,w_480,h_480/a_ignore,w_480,h_480,c_fit,q_auto,f_auto/453b1fa0cdb44c22baf8fd7d594552cc.jpg",AstraZeneca,70,30,0
Kansel -DS Lotion,Clotrimazole (2% w/v),Treatment of Fungal skin infections,Blisters Skin peeling Swelling Application site irritation,"https://onemg.gumlet.io/l_watermark_346,w_480,h_480/a_ignore,w_480,h_480,c_fit,q_auto,f_auto/cropped/yzqlkem6knkss0okombz.jpg",Palsons Derma,39,43,18
Ketamide Soap,Cetrimide (0.5% w/w) + Ketoconazole (2% w/w), Dandruff,Application site reactions burning irritation itching and redness,"https://onemg.gumlet.io/l_watermark_346,w_480,h_480/a_ignore,w_480,h_480,c_fit,q_auto,f_auto/fp7jp6e8xopsikalws2u.jpg",Sol Derma Pharmaceuiticals Pvt Ltd,25,47,28
K2-Zole Solution,Ketoconazole (2% w/v), Fungal skin infections,Skin peeling Application site reactions burning irritation itching and redness Nausea Vomiting Abdominal pain Increased liver enzymes Application site redness Itching Diarrhea Abnormal liver function tests Adrenal insufficiency Application site burning,"https://onemg.gumlet.io/l_watermark_346,w_480,h_480/a_ignore,w_480,h_480,c_fit,q_auto,f_auto/zdfti6ub8jygdkijd1x1.jpg",Salve Pharmaceuticals Pvt Ltd,24,24,52
Ksan Tablet,Methylcobalamin (1500mcg) + Alpha Lipoic Acid (100mg) + Vitamin B6 (Pyridoxine) (3mg) + Folic Acid (1.5mg) + Benfotiamine (50mg) + Biotin (5mg) + Chromium Picolinate (200mcg),Treatment of Nutritional deficiencies,No common side effects seen,"https://onemg.gumlet.io/l_watermark_346,w_480,h_480/a_ignore,w_480,h_480,c_fit,q_auto,f_auto/ba57b171c60b4325a9ca48f96f02f48c.jpg",Sanus Life Sciences,67,33,0
Ketovate Cream,Ketoconazole (2% w/w), Fungal skin infections,Skin peeling Application site reactions burning irritation itching and redness Nausea Vomiting Abdominal pain Increased liver enzymes Application site redness Itching Diarrhea Abnormal liver function tests Adrenal insufficiency Application site burning,"https://onemg.gumlet.io/l_watermark_346,w_480,h_480/a_ignore,w_480,h_480,c_fit,q_auto,f_auto/prdjax70hpeteocnoreq.jpg",Bal Pharma Ltd,33,34,33
K-Pio 15 Tablet,Pioglitazone (15mg),Treatment of Type 2 diabetes mellitus,Headache Sore throat Sinus inflammation Muscle pain,"https://onemg.gumlet.io/l_watermark_346,w_480,h_480/a_ignore,w_480,h_480,c_fit,q_auto,f_auto/v7kssfofiv3xt6rduyqt.jpg",Blue Cross Laboratories Ltd,0,0,100
Kevon Tablet,Ketoconazole (200mg), Fungal infections,Nausea Vomiting Abdominal pain Increased liver enzymes Application site redness Itching Diarrhea Abnormal liver function tests Adrenal insufficiency Application site burning,"https://onemg.gumlet.io/l_watermark_346,w_480,h_480/a_ignore,w_480,h_480,c_fit,q_auto,f_auto/19cc29d119044cac9f332bf3a8942cb0.jpg",Glowderma Labs Pvt Ltd,27,26,47
Kanamac 1000 Injection,Kanamycin (1gm), Bacterial infections Tuberculosis (TB),Hearing loss Balance disorder loss of balance Injection site pain Renal impairment,"https://onemg.gumlet.io/l_watermark_346,w_480,h_480/a_ignore,w_480,h_480,c_fit,q_auto,f_auto/cropped/rc9lfvjdjlo5s0fmtnux.jpg",Macleods Pharmaceuticals Pvt Ltd,33,27,40
Kilfat Tablet,Cetilistat (60mg), Obesity,Fat in stool Abdominal cramp Flatus with discharge Oily spotting Flatulence Abdominal pain Diarrhea Soft stools,"https://onemg.gumlet.io/l_watermark_346,w_480,h_480/a_ignore,w_480,h_480,c_fit,q_auto,f_auto/cropped/ksjpygadptc0vmz52ifx.jpg",Akumentis Healthcare Ltd,17,33,50
Kofover Expectorant Raspberry Strawberry,Levosalbutamol (1mg/5ml) + Ambroxol (30mg/ml) + Guaifenesin (50mg/ml), Chronic obstructive pulmonary disease (COPD),Bronchitis inflammation of the airways Dizziness Vomiting Inflammation of the nose Pain Asthma Pharyngitis,"https://onemg.gumlet.io/l_watermark_346,w_480,h_480/a_ignore,w_480,h_480,c_fit,q_auto,f_auto/nlzrqkw6nmq0dmi0klu8.jpg",Brinton Pharmaceuticals Pvt Ltd,50,0,50
Ketafung Cream,Ketoconazole (2% w/w), Fungal skin infections,Skin peeling Application site reactions burning irritation itching and redness Nausea Vomiting Abdominal pain Increased liver enzymes Application site redness Itching Diarrhea Abnormal liver function tests Adrenal insufficiency Application site burning,"https://onemg.gumlet.io/l_watermark_346,w_480,h_480/a_ignore,w_480,h_480,c_fit,q_auto,f_auto/wf8yyqyatwkumcb142wu.png",East West Pharma,49,33,18
Ketograce Sachet,Alpha Ketoanalogue (NA),Treatment of Chronic kidney disease,Increased calcium level in blood,"https://onemg.gumlet.io/l_watermark_346,w_480,h_480/a_ignore,w_480,h_480,c_fit,q_auto,f_auto/3eea5e0a2cab40d4a835ba5937f360f9.jpg",Biokindle Lifesciences Pvt Ltd,36,56,8
Keto Cream,Ketoconazole (2% w/w), Fungal skin infections,Skin peeling Application site reactions burning irritation itching and redness Nausea Vomiting Abdominal pain Increased liver enzymes Application site redness Itching Diarrhea Abnormal liver function tests Adrenal insufficiency Application site burning,"https://onemg.gumlet.io/l_watermark_346,w_480,h_480/a_ignore,w_480,h_480,c_fit,q_auto,f_auto/cropped/ej35yvenirko1gy7kqdl.jpg",Med Manor Organics Pvt Ltd,27,46,27
Klox-D 500 Capsule,Dicloxacillin (500mg), Bacterial infections,Vomiting Nausea Skin rash Gastrointestinal disturbance Urticaria Abdominal pain Flatulence Loose stools,"https://onemg.gumlet.io/l_watermark_346,w_480,h_480/a_ignore,w_480,h_480,c_fit,q_auto,f_auto/cropped/zqcmbreqnghemxsmfryu.jpg",Hetero Drugs Ltd,20,60,20
Ktl-Plus Eye Drops,Ofloxacin (0.3% w/v) + Ketorolac (0.5% w/v),Treatment of Eye infection,Eye discomfort Eye irritation Burning sensation in eye,"https://onemg.gumlet.io/l_watermark_346,w_480,h_480/a_ignore,w_480,h_480,c_fit,q_auto,f_auto/cropped/zu7c9lcwfofjyl0hdwoj.jpg",Sapient Laboratories Pvt Ltd,0,33,67
Keto Lotion,Ketoconazole (2% w/v), Fungal skin infections,Skin peeling Application site reactions burning irritation itching and redness Nausea Vomiting Abdominal pain Increased liver enzymes Application site redness Itching Diarrhea Abnormal liver function tests Adrenal insufficiency Application site burning,"https://onemg.gumlet.io/l_watermark_346,w_480,h_480/a_ignore,w_480,h_480,c_fit,q_auto,f_auto/fvmtukkvr4rgnluu2oh0.jpg",Med Manor Organics Pvt Ltd,27,13,60
Kanamac 750 Injection,Kanamycin (750mg), Bacterial infections Tuberculosis (TB),Hearing loss Balance disorder loss of balance Injection site pain Renal impairment,"https://onemg.gumlet.io/l_watermark_346,w_480,h_480/a_ignore,w_480,h_480,c_fit,q_auto,f_auto/cropped/lxbrhci9fcojmdlny9yw.jpg",Macleods Pharmaceuticals Pvt Ltd,18,49,33
Keppra 1000mg Tablet,Levetiracetam (1000mg),Treatment of Epilepsy/Seizures,Sleepiness Dizziness Fatigue Headache Decreased appetite Behavioral changes Aggressive behavior Irritation Agitation Nasal congestion stuffy nose Infection Convulsion Nasopharyngitis inflammation of the throat and nasal passages Nausea Tremors Vertigo Lethargy,"https://onemg.gumlet.io/l_watermark_346,w_480,h_480/a_ignore,w_480,h_480,c_fit,q_auto,f_auto/cropped/i21lggv8ckatup5zwc3v.jpg",Dr Reddy's Laboratories Ltd,54,34,12
Kerashine-CT Anti-Dandruff Lotion,Ketoconazole (2% w/v) + Coal Tar (4% w/v),Treatment of Dandruff,Application site reactions burning irritation itching and redness,"https://onemg.gumlet.io/l_watermark_346,w_480,h_480/a_ignore,w_480,h_480,c_fit,q_auto,f_auto/cropped/yiwdefi7f3gx7gllqwgl.jpg",Syscutis Healthcare,46,50,4
Ketol DT Tablet,Ketorolac (10mg), Pain relief,Vomiting Stomach pain epigastric pain Nausea Indigestion Diarrhea Heartburn Loss of appetite,"https://onemg.gumlet.io/l_watermark_346,w_480,h_480/a_ignore,w_480,h_480,c_fit,q_auto,f_auto/cropped/zxvidqygvuo4xmifpmz7.jpg",Sonika Life Sciences Ltd,100,0,0
K-Glim 2mg Tablet,Glimepiride (2mg),Treatment of Type 2 diabetes mellitus,Hypoglycemia low blood glucose level Headache Nausea Dizziness Weakness,"https://onemg.gumlet.io/l_watermark_346,w_480,h_480/a_ignore,w_480,h_480,c_fit,q_auto,f_auto/831e93a88044458c80fcc846879470e7.jpg",Blue Cross Laboratories Ltd,33,67,0
Kchek 15gm Sachet,Calcium Polystyrene Sulphonate (15gm),Treatment of Increased potassium levels in blood,Vomiting Nausea Constipation Fecal impaction hardened stool that stays stuck in the rectum or lower colon Gastric irritation Decreased appetite,"https://onemg.gumlet.io/l_watermark_346,w_480,h_480/a_ignore,w_480,h_480,c_fit,q_auto,f_auto/0b9288725b9343e59b9ff104860c3aeb.jpg",La Renon Healthcare Pvt Ltd,0,17,83
Kitnor Shampoo,Ketoconazole (2% w/v) + Zinc pyrithione (1% w/v),Treatment of Dandruff,Application site reactions burning irritation itching and redness,"https://onemg.gumlet.io/l_watermark_346,w_480,h_480/a_ignore,w_480,h_480,c_fit,q_auto,f_auto/cropped/ek0irra8ejjuai7jvnx9.jpg",Lyra Laboratories Pvt Ltd,41,45,14
Kelvin 500mg Tablet,Paracetamol (500mg), Pain reliefTreatment of Fever,Stomach pain Nausea Vomiting,"https://onemg.gumlet.io/l_watermark_346,w_480,h_480/a_ignore,w_480,h_480,c_fit,q_auto,f_auto/jg7o3vxocjmbp4rofcff.jpg",Leben Life Sciences Pvt Ltd,0,0,100
Keto-B Lotion,Beclometasone (0.025% w/v) + Ketoconazole (2% w/v),Treatment of Fungal skin infections,Application site reactions burning irritation itching and redness,"https://onemg.gumlet.io/l_watermark_346,w_480,h_480/a_ignore,w_480,h_480,c_fit,q_auto,f_auto/sv2zqlmrk8d6aoots2mp.jpg",Med Manor Organics Pvt Ltd,26,31,43
Ketafung Lotion,Ketoconazole (2% w/v), Fungal skin infections,Skin peeling Application site reactions burning irritation itching and redness Nausea Vomiting Abdominal pain Increased liver enzymes Application site redness Itching Diarrhea Abnormal liver function tests Adrenal insufficiency Application site burning,"https://onemg.gumlet.io/l_watermark_346,w_480,h_480/a_ignore,w_480,h_480,c_fit,q_auto,f_auto/w5llhf7xzxfxocbljgaa.jpg",East West Pharma,33,39,28
K-Glim-M Forte 1mg Tablet PR,Glimepiride (1mg) + Metformin (1000mg),Treatment of Type 2 diabetes mellitus,Hypoglycemia low blood glucose level Headache Nausea Diarrhea Flatulence,"https://onemg.gumlet.io/l_watermark_346,w_480,h_480/a_ignore,w_480,h_480,c_fit,q_auto,f_auto/hfs5stkaofamtccblfa4.jpg",Blue Cross Laboratories Ltd,0,33,67
Ketofast Shampoo,Ketoconazole (2% w/v) + Zinc pyrithione (1% w/v),Treatment of Dandruff,Application site reactions burning irritation itching and redness,"https://onemg.gumlet.io/l_watermark_346,w_480,h_480/a_ignore,w_480,h_480,c_fit,q_auto,f_auto/cropped/iednrqj9ijqmbe7nbcf0.jpg",Cutis Dermacare,17,75,8
Kevon Cream,Ketoconazole (2% w/w), Fungal skin infections,Skin peeling Application site reactions burning irritation itching and redness Nausea Vomiting Abdominal pain Increased liver enzymes Application site redness Itching Diarrhea Abnormal liver function tests Adrenal insufficiency Application site burning,"https://onemg.gumlet.io/l_watermark_346,w_480,h_480/a_ignore,w_480,h_480,c_fit,q_auto,f_auto/cropped/h8huw5jijooldtlabwik.jpg",Glowderma Labs Pvt Ltd,25,25,50
Ketzz 2% Cream,Ketoconazole (2% w/w), Fungal skin infections,Skin peeling Application site reactions burning irritation itching and redness Nausea Vomiting Abdominal pain Increased liver enzymes Application site redness Itching Diarrhea Abnormal liver function tests Adrenal insufficiency Application site burning,"https://onemg.gumlet.io/l_watermark_346,w_480,h_480/a_ignore,w_480,h_480,c_fit,q_auto,f_auto/cropped/agcsfzxep6uysg2bmh5r.jpg",Velite Pharmaceuticals,0,67,33
Ketar Scalp Solution,Ketoconazole (2% w/v) + Coal Tar (4% w/v),Treatment of Dandruff,Application site reactions burning irritation itching and redness,"https://onemg.gumlet.io/l_watermark_346,w_480,h_480/a_ignore,w_480,h_480,c_fit,q_auto,f_auto/1ef6aa19be0348d8ba697cc3bd138e80.jpg",Mohrish Pharmaceuticals,46,37,17
Kevon Zip Hair Conditioner,Ketoconazole (2% w/v) + Zinc pyrithione (1% w/v),Treatment of Dandruff,Application site reactions burning irritation itching and redness,"https://onemg.gumlet.io/l_watermark_346,w_480,h_480/a_ignore,w_480,h_480,c_fit,q_auto,f_auto/cropped/u69spxmfopiptnullae3.jpg",Glowderma Labs Pvt Ltd,14,39,47
Ketonext Shampoo,Ketoconazole (2% w/v),Treatment of Fungal infections,Dryness Hair discoloration Abnormal hair texture Nausea Vomiting Abdominal pain Increased liver enzymes Application site redness Itching Diarrhea Abnormal liver function tests Adrenal insufficiency Application site burning,"https://onemg.gumlet.io/l_watermark_346,w_480,h_480/a_ignore,w_480,h_480,c_fit,q_auto,f_auto/e86sjoxewpmtdqnz337k.jpg",Ethinext Pharma,56,44,0
Kevon Zip Hair Conditioner,Ketoconazole (2% w/v) + Zinc pyrithione (1% w/v),Treatment of Dandruff,Application site reactions burning irritation itching and redness,"https://onemg.gumlet.io/l_watermark_346,w_480,h_480/a_ignore,w_480,h_480,c_fit,q_auto,f_auto/cropped/jhmbwdcwjrow4pb0rgwo.png",Glowderma Labs Pvt Ltd,0,11,89
Ketotreat Tablet,Alpha Ketoanalogue (NA),Treatment of Chronic kidney disease,Increased calcium level in blood,"https://onemg.gumlet.io/l_watermark_346,w_480,h_480/a_ignore,w_480,h_480,c_fit,q_auto,f_auto/9ec7df6c53f148ac8c8d688469779d5b.jpg",Genix Lifescience Pvt Ltd,50,0,50
Ketobact Cream,Ketoconazole (2% w/w), Fungal skin infections,Skin peeling Application site reactions burning irritation itching and redness Nausea Vomiting Abdominal pain Increased liver enzymes Application site redness Itching Diarrhea Abnormal liver function tests Adrenal insufficiency Application site burning,"https://onemg.gumlet.io/l_watermark_346,w_480,h_480/a_ignore,w_480,h_480,c_fit,q_auto,f_auto/cropped/cvkw1t73c5bbowoelvtp.jpg",Invision Medi Sciences Pvt Ltd,8,21,71
Kimet XL 12.5 Tablet,Metoprolol Succinate (11.8mg),Treatment of Hypertension (high blood pressure)Treatment of Angina (heart-related chest pain)Treatment of ArrhythmiaPrevention of Heart attackPrevention of Migraine,Fatigue Headache Slow heart rate Dizziness Nausea Breathlessness Rash Diarrhea Depression,"https://onemg.gumlet.io/l_watermark_346,w_480,h_480/a_ignore,w_480,h_480,c_fit,q_auto,f_auto/8d615c1ef14746da8dbc2bba8b74fead.jpg",Zuventus Healthcare Ltd,50,50,0
Ketol-Z Lotion,Ketoconazole (2% w/v) + Zinc pyrithione (1% w/v),Treatment of Fungal skin infectionsTreatment of Dandruff,Application site reactions burning irritation itching and redness,"https://onemg.gumlet.io/l_watermark_346,w_480,h_480/a_ignore,w_480,h_480,c_fit,q_auto,f_auto/cropped/azzwo8bgxx6n9xqnvtdb.jpg",Intas Pharmaceuticals Ltd,53,14,33
Klarim 250mg Tablet,Clarithromycin (250mg),Treatment of Bacterial infections,Abdominal pain Diarrhea Nausea Vomiting Headache Rash Injection site phlebitis Insomnia difficulty in sleeping Abnormal taste Dyspepsia Taste change Abnormal liver function tests,"https://onemg.gumlet.io/l_watermark_346,w_480,h_480/a_ignore,w_480,h_480,c_fit,q_auto,f_auto/5c137d0359cb4dcb92c4bcdfc92f0135.jpg",Morepen Laboratories Ltd,67,33,0
Ketofine Cream,Ketoconazole (2% w/w), Fungal skin infections,Skin peeling Application site reactions burning irritation itching and redness Nausea Vomiting Abdominal pain Increased liver enzymes Application site redness Itching Diarrhea Abnormal liver function tests Adrenal insufficiency Application site burning,"https://onemg.gumlet.io/l_watermark_346,w_480,h_480/a_ignore,w_480,h_480,c_fit,q_auto,f_auto/cropped/wibzwza2k3xtsbzn3mvl.jpg",Dermakare Pharmaceuticals Pvt Ltd,33,29,38
Ketofast Soap,Ketoconazole (1% w/w), Fungal skin infections,Skin peeling Application site reactions burning irritation itching and redness Nausea Vomiting Abdominal pain Increased liver enzymes Application site redness Itching Diarrhea Abnormal liver function tests Adrenal insufficiency Application site burning,"https://onemg.gumlet.io/l_watermark_346,w_480,h_480/a_ignore,w_480,h_480,c_fit,q_auto,f_auto/cropped/oklasjdfzdqp4p3zjgaj.jpg",Cutis Dermacare,45,37,18
Kanamac 500 Injection,Kanamycin (500mg), Bacterial infections Tuberculosis (TB),Hearing loss Balance disorder loss of balance Injection site pain Renal impairment,"https://onemg.gumlet.io/l_watermark_346,w_480,h_480/a_ignore,w_480,h_480,c_fit,q_auto,f_auto/cropped/jrboodsmxesuvdvvlgxp.jpg",Macleods Pharmaceuticals Pvt Ltd,13,47,40
Kurazol Shampoo,Ketoconazole (NA),Treatment of Fungal infections,Dryness Hair discoloration Abnormal hair texture Nausea Vomiting Abdominal pain Increased liver enzymes Application site redness Itching Diarrhea Abnormal liver function tests Adrenal insufficiency Application site burning,"https://onemg.gumlet.io/l_watermark_346,w_480,h_480/a_ignore,w_480,h_480,c_fit,q_auto,f_auto/cropped/sr31fszx7x3r8bjryvov.jpg",Prism Life Sciences Ltd,27,53,20
Kamrab Injection,Human Rabies Immunoglobulin (300IU), Prevention of Rabies,Nephrotic syndrome Pain Anaphylactic reaction Angioedema swelling of deeper layers of skin Injection site stiffness Soreness Tenderness,"https://onemg.gumlet.io/l_watermark_346,w_480,h_480/a_ignore,w_480,h_480,c_fit,q_auto,f_auto/xoinfbkfvfcsfyvaxjh6.jpg",Synergy Diagnostics Pvt Ltd,67,33,0
Ktl  Eye Drop,Ketorolac (0.4% w/v) + Hydroxypropylmethylcellulose (0.25% w/v),Treatment of Dry eyes,Burning sensation in eye Stinging in the eyes Blurred vision,"https://onemg.gumlet.io/l_watermark_346,w_480,h_480/a_ignore,w_480,h_480,c_fit,q_auto,f_auto/cropped/hnx19jvu7tu8hg3myvsg.jpg",Sapient Laboratories Pvt Ltd,0,11,89
Kozol Lotion,Ketoconazole (2% w/v), Fungal skin infections,Skin peeling Application site reactions burning irritation itching and redness Nausea Vomiting Abdominal pain Increased liver enzymes Application site redness Itching Diarrhea Abnormal liver function tests Adrenal insufficiency Application site burning,"https://onemg.gumlet.io/l_watermark_346,w_480,h_480/a_ignore,w_480,h_480,c_fit,q_auto,f_auto/cropped/enrxeclz5ntajgamcj7i.jpg",Forman Medics Pvt Ltd,56,44,0
Ketonext AF Lotion,Ketoconazole (2% w/v), Fungal skin infections,Skin peeling Application site reactions burning irritation itching and redness Nausea Vomiting Abdominal pain Increased liver enzymes Application site redness Itching Diarrhea Abnormal liver function tests Adrenal insufficiency Application site burning,"https://onemg.gumlet.io/l_watermark_346,w_480,h_480/a_ignore,w_480,h_480,c_fit,q_auto,f_auto/n9edfkcgrdthiwl2fklj.jpg",Ethinext Pharma,0,0,100
Kitnor Soap,Ketoconazole (1% w/w), Fungal skin infections,Skin peeling Application site reactions burning irritation itching and redness Nausea Vomiting Abdominal pain Increased liver enzymes Application site redness Itching Diarrhea Abnormal liver function tests Adrenal insufficiency Application site burning,"https://onemg.gumlet.io/l_watermark_346,w_480,h_480/a_ignore,w_480,h_480,c_fit,q_auto,f_auto/cropped/gmta4yzvyguyzuyhrcls.jpg",Lyra Laboratories Pvt Ltd,33,34,33
Ketofine-B Cream,Beclometasone (0.025% w/w) + Ketoconazole (2% w/w),Treatment of Fungal skin infections,Application site reactions burning irritation itching and redness,"https://onemg.gumlet.io/l_watermark_346,w_480,h_480/a_ignore,w_480,h_480,c_fit,q_auto,f_auto/cropped/yh0ecnmpzevuvktvbvgz.jpg",Dermakare Pharmaceuticals Pvt Ltd,67,33,0
Ktc 2% Cream,Ketoconazole (2% w/w), Fungal skin infections,Skin peeling Application site reactions burning irritation itching and redness Nausea Vomiting Abdominal pain Increased liver enzymes Application site redness Itching Diarrhea Abnormal liver function tests Adrenal insufficiency Application site burning,"https://onemg.gumlet.io/l_watermark_346,w_480,h_480/a_ignore,w_480,h_480,c_fit,q_auto,f_auto/jobqb2pgbuzhau3lervn.jpg",Yash Pharma Laboratories Pvt Ltd,0,11,89
Kaycut Powder,Calcium Polystyrene Sulphonate (15gm),Treatment of Increased potassium levels in blood,Vomiting Nausea Constipation Fecal impaction hardened stool that stays stuck in the rectum or lower colon Gastric irritation Decreased appetite,"https://onemg.gumlet.io/l_watermark_346,w_480,h_480/a_ignore,w_480,h_480,c_fit,q_auto,f_auto/0e5e91287f834f04aa26c4321d6f0f99.jpg",Steadfast Medishield Pvt Ltd,0,67,33
Kalzin 6L Injection,Vitamin D3 (600000IU),Treatment of Vitamin D deficiencyTreatment of Osteoporosis,Injection site reactions pain swelling redness Weakness Muscle pain Metallic taste,"https://onemg.gumlet.io/l_watermark_346,w_480,h_480/a_ignore,w_480,h_480,c_fit,q_auto,f_auto/gejl1tszetwnjvpeu7b6.jpg",Unimarck Pharma India Ltd,67,33,0
Ketovate Tablet,Ketoconazole (200mg), Fungal infections,Nausea Vomiting Abdominal pain Increased liver enzymes Application site redness Itching Diarrhea Abnormal liver function tests Adrenal insufficiency Application site burning,"https://onemg.gumlet.io/l_watermark_346,w_480,h_480/a_ignore,w_480,h_480,c_fit,q_auto,f_auto/cropped/osduhxjb5nxiv97daylf.png",Bal Pharma Ltd,33,67,0
Ketosh Shampoo,Ketoconazole (2% w/v),Treatment of Fungal infections,Dryness Hair discoloration Abnormal hair texture Nausea Vomiting Abdominal pain Increased liver enzymes Application site redness Itching Diarrhea Abnormal liver function tests Adrenal insufficiency Application site burning,"https://onemg.gumlet.io/l_watermark_346,w_480,h_480/a_ignore,w_480,h_480,c_fit,q_auto,f_auto/cropped/me5twicisuztw7almlsq.jpg",Bionova Lifesciences,25,25,50
Ketonext Cream,Ketoconazole (2% w/w), Fungal skin infections,Skin peeling Application site reactions burning irritation itching and redness Nausea Vomiting Abdominal pain Increased liver enzymes Application site redness Itching Diarrhea Abnormal liver function tests Adrenal insufficiency Application site burning,"https://onemg.gumlet.io/l_watermark_346,w_480,h_480/a_ignore,w_480,h_480,c_fit,q_auto,f_auto/cropped/astmzgghsvamj2346io0.jpg",Ethinext Pharma,61,22,17
Kozol ZP Shampoo,Ketoconazole (2%) + Zinc pyrithione (1%),Treatment of Dandruff,Application site reactions burning irritation itching and redness,"https://onemg.gumlet.io/l_watermark_346,w_480,h_480/a_ignore,w_480,h_480,c_fit,q_auto,f_auto/cropped/hpkgrhgrhvemeumg1b3z.jpg",Forman Medics Pvt Ltd,0,0,100
Kidnymax Tablet,Alpha Ketoanalogue (NA),Treatment of Chronic kidney disease,Increased calcium level in blood,"https://onemg.gumlet.io/l_watermark_346,w_480,h_480/a_ignore,w_480,h_480,c_fit,q_auto,f_auto/6afba9af01234a8cb25c692c06f7e8e1.jpg",Radicool Pharmaceutical Pvt Ltd,50,0,50
K2-Ziv Shampoo,Ketoconazole (2% w/v) + Zinc pyrithione (1% w/v),Treatment of Dandruff,Application site reactions burning irritation itching and redness,"https://onemg.gumlet.io/l_watermark_346,w_480,h_480/a_ignore,w_480,h_480,c_fit,q_auto,f_auto/cropped/ugxi1ion8vpum82ldycg.png",Kuresys Labs,20,40,40
Ketomed Plus Soap,Ketoconazole (2% w/w), Fungal skin infections,Skin peeling Application site reactions burning irritation itching and redness Nausea Vomiting Abdominal pain Increased liver enzymes Application site redness Itching Diarrhea Abnormal liver function tests Adrenal insufficiency Application site burning,"https://onemg.gumlet.io/l_watermark_346,w_480,h_480/a_ignore,w_480,h_480,c_fit,q_auto,f_auto/cropped/zh5ioueqgf4qvfw04v5v.jpg",Med Manor Organics Pvt Ltd,29,57,14
Ketoliz 2% Cream,Ketoconazole (2% w/w), Fungal skin infections,Skin peeling Application site reactions burning irritation itching and redness Nausea Vomiting Abdominal pain Increased liver enzymes Application site redness Itching Diarrhea Abnormal liver function tests Adrenal insufficiency Application site burning,"https://onemg.gumlet.io/l_watermark_346,w_480,h_480/a_ignore,w_480,h_480,c_fit,q_auto,f_auto/zcgylwjiny57dyigpnzx.jpg",Regaliz India Ltd,0,11,89
Keycept S 360 Tablet,Mycophenolate sodium (360mg), Prevention of organ rejection in transplant patients,Nausea Vomiting Diarrhea Abdominal pain Headache High blood pressure Decreased white blood cell count neutrophils Bacterial infection Fungal infection Pneumonia Increased uric acid level in blood Electrolyte imbalance Anxiety Breathlessness Increased creatinine level in blood Anemia low number of red blood cells Acne Muscle pain,"https://onemg.gumlet.io/l_watermark_346,w_480,h_480/a_ignore,w_480,h_480,c_fit,q_auto,f_auto/ehpxlt55qvkiu7s8cfu3.jpg",Anthem Biopharma,13,47,40
Kronostar 300 Tablet CR,Sodium Valproate (200mg) + Valproic Acid (87mg), Epilepsy,Nausea Vomiting Weight gain Loss of appetite Gum swelling Headache Sleepiness Tremors Hair loss Liver injury,"https://onemg.gumlet.io/l_watermark_346,w_480,h_480/a_ignore,w_480,h_480,c_fit,q_auto,f_auto/5d753ac1144e4e039a07ab60d5497ab1.jpg",Lupin Ltd,33,67,0
Kayavate S Lotion,Clobetasol (0.05% w/w) + Salicylic Acid (3% w/w),Treatment of EczemaTreatment of Psoriasis,Skin peeling Thinning of skin Application site reactions burning irritation itching and redness,"https://onemg.gumlet.io/l_watermark_346,w_480,h_480/a_ignore,w_480,h_480,c_fit,q_auto,f_auto/cropped/xo0tznhczuhx52afqpki.jpg",Maverick Pharma Pvt Ltd,100,0,0
K Shine Lotion,Ketoconazole (2% w/v), Fungal skin infections,Skin peeling Application site reactions burning irritation itching and redness Nausea Vomiting Abdominal pain Increased liver enzymes Application site redness Itching Diarrhea Abnormal liver function tests Adrenal insufficiency Application site burning,"https://onemg.gumlet.io/l_watermark_346,w_480,h_480/a_ignore,w_480,h_480,c_fit,q_auto,f_auto/w4zer5cgzpdamlxkeucc.jpg",Inex Medicaments Pvt Ltd,24,45,31
Kozol Zpto Lotion,Ketoconazole (2% w/v) + Zinc pyrithione (1% w/v),Treatment of Fungal skin infectionsTreatment of Dandruff,Application site reactions burning irritation itching and redness,"https://onemg.gumlet.io/l_watermark_346,w_480,h_480/a_ignore,w_480,h_480,c_fit,q_auto,f_auto/cropped/eprttelxceqa5kfocrt9.jpg",Forman Medics Pvt Ltd,17,41,42
Kronostar 500 Tablet CR,Sodium Valproate (333mg) + Valproic Acid (145mg), Epilepsy,Nausea Vomiting Weight gain Loss of appetite Gum swelling Headache Sleepiness Tremors Hair loss Liver injury,"https://onemg.gumlet.io/l_watermark_346,w_480,h_480/a_ignore,w_480,h_480,c_fit,q_auto,f_auto/74c80e15d1a74c3bac68f98bfeb54b15.jpg",Lupin Ltd,33,67,0
Ketonext Soap,Ketoconazole (2% w/w), Fungal skin infections,Skin peeling Application site reactions burning irritation itching and redness Nausea Vomiting Abdominal pain Increased liver enzymes Application site redness Itching Diarrhea Abnormal liver function tests Adrenal insufficiency Application site burning,"https://onemg.gumlet.io/l_watermark_346,w_480,h_480/a_ignore,w_480,h_480,c_fit,q_auto,f_auto/vgxoiz42nqpjcwacwb85.jpg",Ethinext Pharma,13,27,60
Ketomega Tablet,Alpha Ketoanalogue (NA),Treatment of Chronic kidney disease,Increased calcium level in blood,"https://onemg.gumlet.io/l_watermark_346,w_480,h_480/a_ignore,w_480,h_480,c_fit,q_auto,f_auto/7d9e1fd42d764c11b71d8f9d29d908e1.jpg",Arjan Biotech,33,17,50
Ketox Cream,Ketoconazole (2% w/w), Fungal skin infections,Skin peeling Application site reactions burning irritation itching and redness Nausea Vomiting Abdominal pain Increased liver enzymes Application site redness Itching Diarrhea Abnormal liver function tests Adrenal insufficiency Application site burning,"https://onemg.gumlet.io/l_watermark_346,w_480,h_480/a_ignore,w_480,h_480,c_fit,q_auto,f_auto/fevd431jwntoizgsa3cc.jpg",Will Impex,0,0,100
Ketonol Shampoo,Ketoconazole (2% w/v),Treatment of Fungal infections,Dryness Hair discoloration Abnormal hair texture Nausea Vomiting Abdominal pain Increased liver enzymes Application site redness Itching Diarrhea Abnormal liver function tests Adrenal insufficiency Application site burning,"https://onemg.gumlet.io/l_watermark_346,w_480,h_480/a_ignore,w_480,h_480,c_fit,q_auto,f_auto/cropped/ssoyry98ynkitdz5ynx2.jpg",Nanz Med Science Pharma Ltd,0,50,50
Ketoff Lotion,Ketoconazole (2% w/v) + Zinc pyrithione (1% w/v),Treatment of Fungal skin infectionsTreatment of Dandruff,Application site reactions burning irritation itching and redness,"https://onemg.gumlet.io/l_watermark_346,w_480,h_480/a_ignore,w_480,h_480,c_fit,q_auto,f_auto/cropped/xyzizqbrndllwqrath8s.jpg",Eskon Pharma,42,37,21
Ketogold Medicated Soap,Ketoconazole (2% w/w), Fungal skin infections,Skin peeling Application site reactions burning irritation itching and redness Nausea Vomiting Abdominal pain Increased liver enzymes Application site redness Itching Diarrhea Abnormal liver function tests Adrenal insufficiency Application site burning,"https://onemg.gumlet.io/l_watermark_346,w_480,h_480/a_ignore,w_480,h_480,c_fit,q_auto,f_auto/vrd2n14ywbvqebvzxsfp.png",Rockmed Pharma Pvt. Ltd.,33,34,33
Ketogold Medicated Soap,Ketoconazole (2% w/w), Fungal skin infections,Skin peeling Application site reactions burning irritation itching and redness Nausea Vomiting Abdominal pain Increased liver enzymes Application site redness Itching Diarrhea Abnormal liver function tests Adrenal insufficiency Application site burning,"https://onemg.gumlet.io/l_watermark_346,w_480,h_480/a_ignore,w_480,h_480,c_fit,q_auto,f_auto/vrd2n14ywbvqebvzxsfp.png",Rockmed Pharma Pvt. Ltd.,33,34,33
Ketral  2% Scalp Solution,Ketoconazole (2% w/v), Fungal skin infections,Skin peeling Application site reactions burning irritation itching and redness Nausea Vomiting Abdominal pain Increased liver enzymes Application site redness Itching Diarrhea Abnormal liver function tests Adrenal insufficiency Application site burning,"https://onemg.gumlet.io/l_watermark_346,w_480,h_480/a_ignore,w_480,h_480,c_fit,q_auto,f_auto/cropped/z76ekjyqzv5qrypcdi5l.jpg",Mohrish Pharmaceuticals,44,28,28
Ketoberg Soap,Ketoconazole (2% w/w), Fungal skin infections,Skin peeling Application site reactions burning irritation itching and redness Nausea Vomiting Abdominal pain Increased liver enzymes Application site redness Itching Diarrhea Abnormal liver function tests Adrenal insufficiency Application site burning,"https://onemg.gumlet.io/l_watermark_346,w_480,h_480/a_ignore,w_480,h_480,c_fit,q_auto,f_auto/cropped/ptib4a3t6wmwgqybac59.jpg",Iceberg Healthcare Pvt Ltd,78,22,0
Ketofine Soap,Ketoconazole (1% w/w), Fungal skin infections,Skin peeling Application site reactions burning irritation itching and redness Nausea Vomiting Abdominal pain Increased liver enzymes Application site redness Itching Diarrhea Abnormal liver function tests Adrenal insufficiency Application site burning,"https://onemg.gumlet.io/l_watermark_346,w_480,h_480/a_ignore,w_480,h_480,c_fit,q_auto,f_auto/cropped/os0ztqgkhhrlxwqywwwr.jpg",Dermakare Pharmaceuticals Pvt Ltd,28,44,28
K Terbimax Cream,Terbinafine (1% w/w), Fungal skin infections,Application site reactions burning irritation itching and redness Skin peeling Headache Diarrhea Rash Indigestion Abnormal liver enzyme Itching Taste change Nausea Abdominal pain Flatulence,"https://onemg.gumlet.io/l_watermark_346,w_480,h_480/a_ignore,w_480,h_480,c_fit,q_auto,f_auto/qonauw16nkmripfq9rru.jpg",Eskon Pharma,100,0,0
Ketodust 200mg Tablet,Ketoconazole (200mg), Fungal infections,Nausea Vomiting Abdominal pain Increased liver enzymes Application site redness Itching Diarrhea Abnormal liver function tests Adrenal insufficiency Application site burning,"https://onemg.gumlet.io/l_watermark_346,w_480,h_480/a_ignore,w_480,h_480,c_fit,q_auto,f_auto/cropped/vnxtzaggknmzvxtuspzh.png",Rockmed Pharma Pvt. Ltd.,0,33,67
Ketovate Soap,Ketoconazole (2% w/w), Fungal skin infections,Skin peeling Application site reactions burning irritation itching and redness Nausea Vomiting Abdominal pain Increased liver enzymes Application site redness Itching Diarrhea Abnormal liver function tests Adrenal insufficiency Application site burning,"https://onemg.gumlet.io/l_watermark_346,w_480,h_480/a_ignore,w_480,h_480,c_fit,q_auto,f_auto/cropped/qkt2agmritdg4kofswel.png",Bal Pharma Ltd,33,0,67
Ketofine Lotion,Ketoconazole (2% w/v) + Zinc pyrithione (1% w/v),Treatment of Fungal skin infectionsTreatment of Dandruff,Application site reactions burning irritation itching and redness,"https://onemg.gumlet.io/l_watermark_346,w_480,h_480/a_ignore,w_480,h_480,c_fit,q_auto,f_auto/cropped/twjyvg5prvwmto59c9sg.jpg",Dermakare Pharmaceuticals Pvt Ltd,20,0,80
Kozol-B Cream,Beclometasone (0.025% w/w) + Ketoconazole (2% w/w),Treatment of Fungal skin infections,Application site reactions burning irritation itching and redness,"https://onemg.gumlet.io/l_watermark_346,w_480,h_480/a_ignore,w_480,h_480,c_fit,q_auto,f_auto/cropped/yajj2fqjn0bovfpwuqfd.jpg",Forman Medics Pvt Ltd,0,0,100
Ketotek Soap,Ketoconazole (2% w/w), Fungal skin infections,Skin peeling Application site reactions burning irritation itching and redness Nausea Vomiting Abdominal pain Increased liver enzymes Application site redness Itching Diarrhea Abnormal liver function tests Adrenal insufficiency Application site burning,"https://onemg.gumlet.io/l_watermark_346,w_480,h_480/a_ignore,w_480,h_480,c_fit,q_auto,f_auto/cropped/mjqtihb0a7muho2xoqv4.jpg",Ektek Pharma,33,34,33
Ketopan Soap,Ketoconazole (NA), Fungal skin infections,Skin peeling Application site reactions burning irritation itching and redness Nausea Vomiting Abdominal pain Increased liver enzymes Application site redness Itching Diarrhea Abnormal liver function tests Adrenal insufficiency Application site burning,"https://onemg.gumlet.io/l_watermark_346,w_480,h_480/a_ignore,w_480,h_480,c_fit,q_auto,f_auto/cropped/cow8wrudmyqoo864be2r.jpg",Panzer Pharmaceuticals Pvt Ltd,27,53,20
Ketzi Cream,Ketoconazole (2% w/w), Fungal skin infections,Skin peeling Application site reactions burning irritation itching and redness Nausea Vomiting Abdominal pain Increased liver enzymes Application site redness Itching Diarrhea Abnormal liver function tests Adrenal insufficiency Application site burning,"https://onemg.gumlet.io/l_watermark_346,w_480,h_480/a_ignore,w_480,h_480,c_fit,q_auto,f_auto/87f593af2a3d4bc0a11971e6a1061222.jpg",Inex Medicaments Pvt Ltd,33,34,33
Klinique Shampoo,Ketoconazole (1% w/v),Treatment of Fungal infections,Dryness Hair discoloration Abnormal hair texture Nausea Vomiting Abdominal pain Increased liver enzymes Application site redness Itching Diarrhea Abnormal liver function tests Adrenal insufficiency Application site burning,"https://onemg.gumlet.io/l_watermark_346,w_480,h_480/a_ignore,w_480,h_480,c_fit,q_auto,f_auto/88ec0eed456243a7915aa1fbdcaced6e.jpg",Maxamus Pharma Pvt Ltd,75,17,8
Kozol Soap,Ketoconazole (2%), Fungal skin infections,Skin peeling Application site reactions burning irritation itching and redness Nausea Vomiting Abdominal pain Increased liver enzymes Application site redness Itching Diarrhea Abnormal liver function tests Adrenal insufficiency Application site burning,"https://onemg.gumlet.io/l_watermark_346,w_480,h_480/a_ignore,w_480,h_480,c_fit,q_auto,f_auto/cropped/hwc0nrl7dfjhtntolyru.png",Forman Medics Pvt Ltd,0,0,100
Kneesafe-GM Tablet,Glucosamine (750mg) + Diacerein (50mg) + Methyl Sulfonyl Methane (250mg), Osteoarthritis,Nausea Diarrhea Constipation Indigestion Heartburn Urine discoloration,"https://onemg.gumlet.io/l_watermark_346,w_480,h_480/a_ignore,w_480,h_480,c_fit,q_auto,f_auto/cropped/syweksfmxdbtt2fkrq53.png",Maverick Pharma Pvt Ltd,50,17,33
K2-Zole LD Solution,Ketoconazole (1% w/v), Fungal skin infections,Skin peeling Application site reactions burning irritation itching and redness Nausea Vomiting Abdominal pain Increased liver enzymes Application site redness Itching Diarrhea Abnormal liver function tests Adrenal insufficiency Application site burning,"https://onemg.gumlet.io/l_watermark_346,w_480,h_480/a_ignore,w_480,h_480,c_fit,q_auto,f_auto/cropped/cwxquvp8xkibfhfudvl8.jpg",Salve Pharmaceuticals Pvt Ltd,33,42,25
Kudzuflam 100mg/325mg/15mg Tablet,Aceclofenac (100mg) + Paracetamol (325mg) + Serratiopeptidase (15mg), Pain relief,Nausea Vomiting Stomach pain Indigestion Heartburn Loss of appetite Diarrhea,"https://onemg.gumlet.io/l_watermark_346,w_480,h_480/a_ignore,w_480,h_480,c_fit,q_auto,f_auto/970232c65ff344f4a3f73f95be21078b.jpg",Viilbery Healthcare Pvt Ltd,22,45,33
Klinique Forte  Anti-Dandruff Shampoo,Ketoconazole (2% w/v) + Zinc pyrithione (1% w/v),Treatment of Dandruff,Application site reactions burning irritation itching and redness,"https://onemg.gumlet.io/l_watermark_346,w_480,h_480/a_ignore,w_480,h_480,c_fit,q_auto,f_auto/cropped/khjfxmg7oq16k209y3g3.jpg",Maxamus Pharma Pvt Ltd,17,58,25
Keyzol Cream,Ketoconazole (2% w/w), Fungal skin infections,Skin peeling Application site reactions burning irritation itching and redness Nausea Vomiting Abdominal pain Increased liver enzymes Application site redness Itching Diarrhea Abnormal liver function tests Adrenal insufficiency Application site burning,"https://onemg.gumlet.io/l_watermark_346,w_480,h_480/a_ignore,w_480,h_480,c_fit,q_auto,f_auto/ohojqlikl20kqpj8wdux.jpg",Dermont Pharmaceuticals Pvt Ltd,0,0,100
Ketodust Soap,Ketoconazole (1% w/w), Fungal skin infections,Skin peeling Application site reactions burning irritation itching and redness Nausea Vomiting Abdominal pain Increased liver enzymes Application site redness Itching Diarrhea Abnormal liver function tests Adrenal insufficiency Application site burning,"https://onemg.gumlet.io/l_watermark_346,w_480,h_480/a_ignore,w_480,h_480,c_fit,q_auto,f_auto/cropped/eu6aaeyv7dsttjhjbwfu.png",Rockmed Pharma Pvt. Ltd.,0,0,100
Klinique Plus  Lotion,Ketoconazole (2% w/v) + Coal Tar (4% w/v),Treatment of Dandruff,Application site reactions burning irritation itching and redness,"https://onemg.gumlet.io/l_watermark_346,w_480,h_480/a_ignore,w_480,h_480,c_fit,q_auto,f_auto/21832832914446f89c697d31f894677a.jpg",Maxamus Pharma Pvt Ltd,67,33,0
Ketonex Shampoo,Ketoconazole (2% w/v),Treatment of Fungal infections,Dryness Hair discoloration Abnormal hair texture Nausea Vomiting Abdominal pain Increased liver enzymes Application site redness Itching Diarrhea Abnormal liver function tests Adrenal insufficiency Application site burning,"https://onemg.gumlet.io/l_watermark_346,w_480,h_480/a_ignore,w_480,h_480,c_fit,q_auto,f_auto/cropped/rsoalnsztom4euy8idbm.jpg",Zytras Life Sciences,0,33,67
Kerashine-K Lotion,Ketoconazole (2% w/v) + Zinc pyrithione (1% w/v),Treatment of Fungal skin infectionsTreatment of Dandruff,Application site reactions burning irritation itching and redness,"https://onemg.gumlet.io/l_watermark_346,w_480,h_480/a_ignore,w_480,h_480,c_fit,q_auto,f_auto/cropped/rnpnyashlqdrb0ilz7us.jpg",Syscutis Healthcare,29,59,12
Kansel-IT 200 Capsule,Itraconazole (200mg),Treatment of Fungal infections,Nausea Abdominal pain Constipation Dizziness Headache Indigestion Vomiting,"https://onemg.gumlet.io/l_watermark_346,w_480,h_480/a_ignore,w_480,h_480,c_fit,q_auto,f_auto/cropped/ksgkbzzcrgzulmzdy69i.jpg",Palsons Derma,67,0,33
Ketoday Shampoo,Ketoconazole (NA),Treatment of Fungal infections,Dryness Hair discoloration Abnormal hair texture Nausea Vomiting Abdominal pain Increased liver enzymes Application site redness Itching Diarrhea Abnormal liver function tests Adrenal insufficiency Application site burning,"https://onemg.gumlet.io/l_watermark_346,w_480,h_480/a_ignore,w_480,h_480,c_fit,q_auto,f_auto/cropped/kutdepobs4rklf96galp.jpg",Organic Laboratories,0,67,33
Kneox Tablet,Oxaceprol (200mg), Osteoarthritis Rheumatoid arthritis,Headache Dizziness Nausea Vomiting Diarrhea,"https://onemg.gumlet.io/l_watermark_346,w_480,h_480/a_ignore,w_480,h_480,c_fit,q_auto,f_auto/vsoxc1rtfq9lzjomh35y.jpg",Pulse Pharmaceuticals,0,33,67
Ketodust Cream,Ketoconazole (2% w/w), Fungal skin infections,Skin peeling Application site reactions burning irritation itching and redness Nausea Vomiting Abdominal pain Increased liver enzymes Application site redness Itching Diarrhea Abnormal liver function tests Adrenal insufficiency Application site burning,"https://onemg.gumlet.io/l_watermark_346,w_480,h_480/a_ignore,w_480,h_480,c_fit,q_auto,f_auto/cropped/xxqbpwvarinrfprzeibs.png",Rockmed Pharma Pvt. Ltd.,0,11,89
Ketoya 2% Cream,Ketoconazole (2% w/w), Fungal skin infections,Skin peeling Application site reactions burning irritation itching and redness Nausea Vomiting Abdominal pain Increased liver enzymes Application site redness Itching Diarrhea Abnormal liver function tests Adrenal insufficiency Application site burning,"https://onemg.gumlet.io/l_watermark_346,w_480,h_480/a_ignore,w_480,h_480,c_fit,q_auto,f_auto/ox10djspwezteyifyigm.jpg",Yaher Pharma,100,0,0
Ketodust Cream,Ketoconazole (2% w/w), Fungal skin infections,Skin peeling Application site reactions burning irritation itching and redness Nausea Vomiting Abdominal pain Increased liver enzymes Application site redness Itching Diarrhea Abnormal liver function tests Adrenal insufficiency Application site burning,"https://onemg.gumlet.io/l_watermark_346,w_480,h_480/a_ignore,w_480,h_480,c_fit,q_auto,f_auto/cropped/xxqbpwvarinrfprzeibs.png",Rockmed Pharma Pvt. Ltd.,0,11,89
Ketonite Cream,Ketoconazole (1% w/w), Fungal skin infections,Skin peeling Application site reactions burning irritation itching and redness Nausea Vomiting Abdominal pain Increased liver enzymes Application site redness Itching Diarrhea Abnormal liver function tests Adrenal insufficiency Application site burning,"https://onemg.gumlet.io/l_watermark_346,w_480,h_480/a_ignore,w_480,h_480,c_fit,q_auto,f_auto/vmemdwrcoxzeqjikqkob.jpg",Indiabulls pharmaceutical ltd,0,50,50
Ketoya 2% Cream,Ketoconazole (2% w/w), Fungal skin infections,Skin peeling Application site reactions burning irritation itching and redness Nausea Vomiting Abdominal pain Increased liver enzymes Application site redness Itching Diarrhea Abnormal liver function tests Adrenal insufficiency Application site burning,"https://onemg.gumlet.io/l_watermark_346,w_480,h_480/a_ignore,w_480,h_480,c_fit,q_auto,f_auto/ox10djspwezteyifyigm.jpg",Yaher Pharma,100,0,0
Keyzol Soap,Ketoconazole (2% w/w), Fungal skin infections,Skin peeling Application site reactions burning irritation itching and redness Nausea Vomiting Abdominal pain Increased liver enzymes Application site redness Itching Diarrhea Abnormal liver function tests Adrenal insufficiency Application site burning,"https://onemg.gumlet.io/l_watermark_346,w_480,h_480/a_ignore,w_480,h_480,c_fit,q_auto,f_auto/cropped/hykbhv1ztrczcrfpuzvh.jpg",Dermont Pharmaceuticals Pvt Ltd,25,8,67
Kayavate  Lotion,Clobetasol (0.05% w/v),Treatment of Allergic skin conditions,Skin atrophy Telangiectasia Skin irritation Dry skin,"https://onemg.gumlet.io/l_watermark_346,w_480,h_480/a_ignore,w_480,h_480,c_fit,q_auto,f_auto/cropped/ovvyxrnzdgrlq27wmdha.jpg",Maverick Pharma Pvt Ltd,33,34,33
Ketofine Lotion,Ketoconazole (2% w/v) + Zinc pyrithione (1% w/v),Treatment of Fungal skin infectionsTreatment of Dandruff,Application site reactions burning irritation itching and redness,"https://onemg.gumlet.io/l_watermark_346,w_480,h_480/a_ignore,w_480,h_480,c_fit,q_auto,f_auto/c1uxamyfiux19jmltz7h.jpg",Dermakare Pharmaceuticals Pvt Ltd,50,50,0
Kezop Soap,Ketoconazole (2% w/w), Fungal skin infections,Skin peeling Application site reactions burning irritation itching and redness Nausea Vomiting Abdominal pain Increased liver enzymes Application site redness Itching Diarrhea Abnormal liver function tests Adrenal insufficiency Application site burning,"https://onemg.gumlet.io/l_watermark_346,w_480,h_480/a_ignore,w_480,h_480,c_fit,q_auto,f_auto/cropped/jeidzatf2vdsid7wnngo.jpg",Floreat Medica Pvt Ltd,0,33,67
Ketocaa Soap,Ketoconazole (2% w/w) + Zinc pyrithione (1% w/w),Treatment of Fungal skin infectionsTreatment of Dandruff,Application site reactions burning irritation itching and redness,"https://onemg.gumlet.io/l_watermark_346,w_480,h_480/a_ignore,w_480,h_480,c_fit,q_auto,f_auto/cropped/heeynylvsxbmmlykuxdg.jpg",Scinticaa Pharma,100,0,0
Lasilactone  50 Tablet,Furosemide (20mg) + Spironolactone (50mg),Treatment of Edema,Breast enlargement in male Electrolyte imbalance Volume depletion,"https://onemg.gumlet.io/l_watermark_346,w_480,h_480/a_ignore,w_480,h_480,c_fit,q_auto,f_auto/cropped/il4wyqhfvlhjugtcdltm.jpg",Sanofi India Ltd,31,41,28
Levoflox 500 Tablet,Levofloxacin (500mg),Treatment of Bacterial infections,Headache Dizziness Nausea Constipation Diarrhea,"https://onemg.gumlet.io/l_watermark_346,w_480,h_480/a_ignore,w_480,h_480,c_fit,q_auto,f_auto/cropped/twmkx9d51xn6hc77fhov.jpg",Cipla Ltd,27,46,27
Lubrex Eye Drop,Carboxymethylcellulose (0.5% w/v),Treatment of Dry eyes,Eye irritation Burning eyes Eye discomfort Eye itching Eye pain,"https://onemg.gumlet.io/l_watermark_346,w_480,h_480/a_ignore,w_480,h_480,c_fit,q_auto,f_auto/cropped/c436uvbbglvz7v740yy0.jpg",Micro Labs Ltd,41,37,22
Levolin 1mg Syrup,Levosalbutamol (1mg/5ml),Treatment of Chronic obstructive pulmonary disease (COPD),Tremors Headache Palpitations Increased heart rate Muscle cramp,"https://onemg.gumlet.io/l_watermark_346,w_480,h_480/a_ignore,w_480,h_480,c_fit,q_auto,f_auto/bewn13bcxkyunlpifst7.jpg",Cipla Ltd,24,41,35
Lasix Tablet,Furosemide (40mg),Treatment of Hypertension (high blood pressure)Treatment of Edema,Dehydration Decreased potassium level in blood Decreased magnesium level in blood Decreased blood pressure Electrolyte imbalance Decreased sodium level in blood,"https://onemg.gumlet.io/l_watermark_346,w_480,h_480/a_ignore,w_480,h_480,c_fit,q_auto,f_auto/cropped/pmvxhtdtxl1vjonvjdlx.jpg",Sanofi India Ltd,38,45,17
Lipaglyn Tablet,Saroglitazar (4mg),Treatment of Noncirrhotic Non-Alcoholic SteatohepatitisTreatment of Non-alcoholic fatty liver diseaseTreatment of Diabetic dyslipidemia (high cholesterol in diabetes),Flatulence Indigestion Abdominal distension Weakness Increased body temperature,"https://onemg.gumlet.io/l_watermark_346,w_480,h_480/a_ignore,w_480,h_480,c_fit,q_auto,f_auto/cropped/gzr3optezb9xkpakpxje.jpg",Zydus Cadila,39,48,13
Levocet Tablet,Levocetirizine (5mg),Treatment of Allergic conditions,Sleepiness Fatigue Dryness in mouth Headache Vomiting Nasopharyngitis inflammation of the throat and nasal passages,"https://onemg.gumlet.io/l_watermark_346,w_480,h_480/a_ignore,w_480,h_480,c_fit,q_auto,f_auto/cropped/upq3dejiuxesus1jqcom.jpg",Hetero Healthcare Limited,36,45,19
Lanol ER Tablet,Paracetamol (650mg), Pain reliefTreatment of Fever,Stomach pain Nausea Vomiting,"https://onemg.gumlet.io/l_watermark_346,w_480,h_480/a_ignore,w_480,h_480,c_fit,q_auto,f_auto/cropped/nl15osvg3kdrftsvas1m.jpg",Hetero Drugs Ltd,34,43,23
Levocet M Tablet,Levocetirizine (5mg) + Montelukast (10mg),Treatment of Sneezing and runny nose due to allergiesTreatment of Hay feverTreatment of Allergic skin conditions,Nausea Diarrhea Dryness in mouth Fatigue Headache Skin rash Sleepiness Vomiting,"https://onemg.gumlet.io/l_watermark_346,w_480,h_480/a_ignore,w_480,h_480,c_fit,q_auto,f_auto/cropped/gvzaa8w1kcdkwqoaxkfh.jpg",Hetero Drugs Ltd,42,39,19
Levera 500 Tablet,Levetiracetam (500mg),Treatment of Epilepsy/Seizures,Sleepiness Dizziness Fatigue Headache Decreased appetite Behavioral changes Aggressive behavior Irritation Agitation Nasal congestion stuffy nose Infection Convulsion Nasopharyngitis inflammation of the throat and nasal passages Nausea Tremors Vertigo Lethargy,"https://onemg.gumlet.io/l_watermark_346,w_480,h_480/a_ignore,w_480,h_480,c_fit,q_auto,f_auto/cropped/omttcoifzascinyjbtqf.jpg",Intas Pharmaceuticals Ltd,42,42,16
Lizolid 600 Tablet,Linezolid (600mg),Treatment of Severe bacterial infections,Vomiting Headache Nausea Decreased blood cells red cells white cells and platelets Diarrhea,"https://onemg.gumlet.io/l_watermark_346,w_480,h_480/a_ignore,w_480,h_480,c_fit,q_auto,f_auto/kcl3qxh3fbrbik9zstpo.jpg",Integrace Pvt Ltd,46,33,21
Liofen 10 Tablet,Baclofen (10mg), Muscle relaxation,Dizziness Convulsion Nausea Headache Sedation Hypotension low blood pressure Hypotonia decreased muscle tone Agitation Constipation Increased white blood cell count Chills Urinary retention,"https://onemg.gumlet.io/l_watermark_346,w_480,h_480/a_ignore,w_480,h_480,c_fit,q_auto,f_auto/cropped/wxq1tmxvwcqp7eynkku7.jpg",Sun Pharmaceutical Industries Ltd,24,38,38
Letroz Tablet,Letrozole (2.5mg),Treatment of Breast cancerTreatment of Infertility due to anovulation,Fatigue Hypercholesterolemia high cholesterol Increased sweating Hot flashes Bone pain Dizziness Joint pain Edema swelling Flushing sense of warmth in the face ears neck and trunk,"https://onemg.gumlet.io/l_watermark_346,w_480,h_480/a_ignore,w_480,h_480,c_fit,q_auto,f_auto/cropped/ljneqhzuackwakuct6ir.jpg",Sun Pharmaceutical Industries Ltd,36,31,33
Lox 2% Jelly,Lidocaine (2% w/v), Local anesthesia (Numb tissues in a specific area),Allergic reaction Application site reactions burning irritation itching and redness,"https://onemg.gumlet.io/l_watermark_346,w_480,h_480/a_ignore,w_480,h_480,c_fit,q_auto,f_auto/tonvfss7slsdp8pxe9uo.jpg",Neon Laboratories Ltd,28,43,29
Lulifin Cream,Luliconazole (1% w/w),Treatment of Fungal skin infections,Application site reactions burning irritation itching and redness Dry skin Skin peeling Blisters on skin,"https://onemg.gumlet.io/l_watermark_346,w_480,h_480/a_ignore,w_480,h_480,c_fit,q_auto,f_auto/cropped/i4ycjgmc4etqxyotrqod.jpg",Sun Pharmaceutical Industries Ltd,31,41,28
Lopamide Tablet,Loperamide (2mg), Diarrhea,Constipation Nausea Headache Stomach pain,"https://onemg.gumlet.io/l_watermark_346,w_480,h_480/a_ignore,w_480,h_480,c_fit,q_auto,f_auto/ao1jmfsa2yiknvmpuak9.jpg",Torrent Pharmaceuticals Ltd,49,32,19
Lumerax 80 Tablet,Artemether (80mg) + Lumefantrine (480mg),Treatment of Malaria,Headache Loss of appetite Dizziness Weakness Joint pain Muscle pain,"https://onemg.gumlet.io/l_watermark_346,w_480,h_480/a_ignore,w_480,h_480,c_fit,q_auto,f_auto/cropped/ourkqsrnhcatdjugexmb.jpg",Ipca Laboratories Ltd,45,30,25
Lyrica 75mg Capsule,Pregabalin (75mg),Treatment of Neuropathic painTreatment of Epilepsy/SeizuresTreatment of Fibromyalgia,Blurred vision Difficulty in paying attention Dizziness Dryness in mouth Edema swelling Sleepiness Weight gain,"https://onemg.gumlet.io/l_watermark_346,w_480,h_480/a_ignore,w_480,h_480,c_fit,q_auto,f_auto/cropped/u3xdyrws0qtncoziriam.jpg",Pfizer Ltd,29,51,20
Levolin 0.63mg Respules,Levosalbutamol (0.63mg), Chronic obstructive pulmonary disease (COPD)Treatment of Asthma,Accidental injury Bronchitis inflammation of the airways Dizziness Pain Pharyngitis Nasal congestion stuffy nose Vomiting Chest pain Palpitations Sore throat Tremors,"https://onemg.gumlet.io/l_watermark_346,w_480,h_480/a_ignore,w_480,h_480,c_fit,q_auto,f_auto/sdted8wxidyb1njgc7hz.jpg",Cipla Ltd,35,53,12
Lysoflam Tablet,Diclofenac (50mg) + Paracetamol (325mg) + Trypsin Chymotrypsin (50000AU), Pain relief,Nausea Vomiting Diarrhea Heartburn Stomach pain Indigestion Loss of appetite,"https://onemg.gumlet.io/l_watermark_346,w_480,h_480/a_ignore,w_480,h_480,c_fit,q_auto,f_auto/cropped/oqkz5pk2hheqaxzhnya9.png",Cachet Pharmaceuticals Pvt Ltd,28,43,29
Lantus 100IU/ml Solution for Injection,Insulin Glargine (100IU), Diabetes,Hypoglycemia low blood glucose level Peripheral edema Lipodystrophy skin thickening or pits at the injection site Allergic reaction Injection site reactions pain swelling redness Itching Rash Weight gain,"https://onemg.gumlet.io/l_watermark_346,w_480,h_480/a_ignore,w_480,h_480,c_fit,q_auto,f_auto/vghp0ufh2gv73pdj6wiw.jpg",Sanofi India Ltd,45,43,12
Lesuride Tablet,Levosulpiride (25mg), Gastroesophageal reflux disease (Acid reflux) Irritable bowel syndrome Heartburn,Increased prolactin level in blood Extrapyramidal symptoms Weight gain Akathisia inability to stay still Increased liver enzymes Constipation Insomnia difficulty in sleeping Sedation Maculopapular rash,"https://onemg.gumlet.io/l_watermark_346,w_480,h_480/a_ignore,w_480,h_480,c_fit,q_auto,f_auto/cropped/gm25ivckuhrixao2ex6u.jpg",Sun Pharmaceutical Industries Ltd,31,51,18
L-Cin 500 Tablet,Levofloxacin (500mg),Treatment of Bacterial infections,Headache Dizziness Nausea Constipation Diarrhea,"https://onemg.gumlet.io/l_watermark_346,w_480,h_480/a_ignore,w_480,h_480,c_fit,q_auto,f_auto/cropped/dv9xl8bz8eqylf5c4wof.jpg",Lupin Ltd,20,42,38
Lecope Tablet,Levocetirizine (5mg),Treatment of Allergic conditions,Sleepiness Fatigue Dryness in mouth Headache Vomiting Nasopharyngitis inflammation of the throat and nasal passages,"https://onemg.gumlet.io/l_watermark_346,w_480,h_480/a_ignore,w_480,h_480,c_fit,q_auto,f_auto/cropped/inaslvlt3n2rvadbgpb6.jpg",Mankind Pharma Ltd,25,61,14
Lariago 250mg Tablet,Chloroquine (250mg),Treatment of Malaria,Rash Headache Dizziness Vomiting Nausea Stomach pain Loss of appetite Diarrhea,"https://onemg.gumlet.io/l_watermark_346,w_480,h_480/a_ignore,w_480,h_480,c_fit,q_auto,f_auto/cropped/ctcjfpqs4yu6kpzefl48.jpg",Ipca Laboratories Ltd,38,32,30
Lactifiber  Granules,Lactitol (10gm) + Ispaghula (3.5gm),Treatment of Constipation,Bloating Stomach cramp Flatulence,"https://onemg.gumlet.io/l_watermark_346,w_480,h_480/a_ignore,w_480,h_480,c_fit,q_auto,f_auto/cropped/wnifb72ycanoczrkgtyd.jpg",Sun Pharmaceutical Industries Ltd,32,43,25
Levocet Syrup,Levocetirizine (2.5mg/5ml),Treatment of Allergic conditions,Nausea Constipation Dizziness Sleepiness Fatigue Dryness in mouth Headache Vomiting Nasopharyngitis inflammation of the throat and nasal passages,"https://onemg.gumlet.io/l_watermark_346,w_480,h_480/a_ignore,w_480,h_480,c_fit,q_auto,f_auto/cropped/xfvfbipbagb1euhdd9of.jpg",Hetero Healthcare Limited,17,66,17
Lariago-DS Tablet,Chloroquine (500mg),Treatment of Malaria,Rash Headache Dizziness Vomiting Nausea Stomach pain Loss of appetite Diarrhea,"https://onemg.gumlet.io/l_watermark_346,w_480,h_480/a_ignore,w_480,h_480,c_fit,q_auto,f_auto/cropped/zpdwizjk1z0soqnnrhla.jpg",Ipca Laboratories Ltd,38,27,35
L-Hist Mont Tablet,Levocetirizine (5mg) + Montelukast (10mg),Treatment of Sneezing and runny nose due to allergiesTreatment of Hay feverTreatment of Allergic skin conditions,Nausea Diarrhea Dryness in mouth Fatigue Headache Skin rash Sleepiness Vomiting,"https://onemg.gumlet.io/l_watermark_346,w_480,h_480/a_ignore,w_480,h_480,c_fit,q_auto,f_auto/1f7a53f5609946fdad7136ed8ca6b8c6.jpg",Alkem Laboratories Ltd,36,39,25
Lasix Injection,Furosemide (10mg/ml),Treatment of Hypertensive emergencyTreatment of Edema,Dizziness Weakness Dehydration Decreased potassium level in blood Increased blood uric acid Decreased magnesium level in blood Increased thirst,"https://onemg.gumlet.io/l_watermark_346,w_480,h_480/a_ignore,w_480,h_480,c_fit,q_auto,f_auto/cropped/lsggfcw0bo6qp2ainkdl.jpg",Sanofi India Ltd,48,41,11
LCZ Tablet,Levocetirizine (5mg),Treatment of Allergic conditions,Sleepiness Fatigue Dryness in mouth Headache Vomiting Nasopharyngitis inflammation of the throat and nasal passages,"https://onemg.gumlet.io/l_watermark_346,w_480,h_480/a_ignore,w_480,h_480,c_fit,q_auto,f_auto/cropped/iapywr778l7469dwxagj.jpg",Rapross Pharmaceuticals Pvt Ltd,29,37,34
Lupi-HCG 5000 Injection,Human chorionic gonadotropin (hCG) (5000IU),Treatment of Female infertilityTreatment of Male hypogonadism,Injection site pain Headache Fatigue Depression Irritation Restlessness,"https://onemg.gumlet.io/l_watermark_346,w_480,h_480/a_ignore,w_480,h_480,c_fit,q_auto,f_auto/6b5288655d9849c2ab70a38cd980ebfa.jpg",Lupin Ltd,36,43,21
Lubistar 0.5% Eye Drop,Carboxymethylcellulose (0.5% w/v) + Oxychloro Complex (0.005% w/v),Treatment of Dry eyes,Application site reactions burning irritation itching and redness Blurred vision,"https://onemg.gumlet.io/l_watermark_346,w_480,h_480/a_ignore,w_480,h_480,c_fit,q_auto,f_auto/2e0fe68e02414efaa699a7246066430b.jpg",Mankind Pharma Ltd,0,40,60
Lactihep Syrup,Lactitol (66.67% w/v), Constipation,Cramps Abdominal distension Flatulence,"https://onemg.gumlet.io/l_watermark_346,w_480,h_480/a_ignore,w_480,h_480,c_fit,q_auto,f_auto/cropped/jkrqkta2a25qbijah9n1.jpg",Sun Pharmaceutical Industries Ltd,30,40,30
Locula 20% Eye Drop,Sulphacetamide (20% w/v),Treatment of Bacterial eye infections,Eye irritation Stinging in the eyes,"https://onemg.gumlet.io/l_watermark_346,w_480,h_480/a_ignore,w_480,h_480,c_fit,q_auto,f_auto/cropped/dtl4ts7yatvnj8zrldav.jpg",East India Pharmaceutical Works Ltd,43,34,23
Linid Tablet,Linezolid (600mg),Treatment of Severe bacterial infections,Vomiting Headache Nausea Decreased blood cells red cells white cells and platelets Diarrhea,"https://onemg.gumlet.io/l_watermark_346,w_480,h_480/a_ignore,w_480,h_480,c_fit,q_auto,f_auto/nudbvqvzb8qoncxthwps.jpg",Zydus Cadila,32,30,38
Loxof 500mg Tablet,Levofloxacin (500mg),Treatment of Bacterial infections,Headache Dizziness Nausea Constipation Diarrhea,"https://onemg.gumlet.io/l_watermark_346,w_480,h_480/a_ignore,w_480,h_480,c_fit,q_auto,f_auto/cropped/rznk9fgzwsqhinkqoc1r.jpg",Sun Pharmaceutical Industries Ltd,38,43,19
Levosiz-M Tablet,Levocetirizine (5mg) + Montelukast (10mg),Treatment of Sneezing and runny nose due to allergiesTreatment of Hay feverTreatment of Allergic skin conditions,Nausea Diarrhea Dryness in mouth Fatigue Headache Skin rash Sleepiness Vomiting,"https://onemg.gumlet.io/l_watermark_346,w_480,h_480/a_ignore,w_480,h_480,c_fit,q_auto,f_auto/5663cf6e866845d0b7184c3275523b25.jpg",Systopic Laboratories Pvt Ltd,65,29,6
Lanoxin Tablet,Digoxin (0.25mg), Heart failure Arrhythmia,Visual impairment Skin rash Nausea Vomiting Diarrhea Dizziness Arrhythmia irregular heartbeats,"https://onemg.gumlet.io/l_watermark_346,w_480,h_480/a_ignore,w_480,h_480,c_fit,q_auto,f_auto/cropped/udpaqhpxf1vqc48mfnno.jpg",Glaxo SmithKline Pharmaceuticals Ltd,32,54,14
Lantus 100IU/ml Solution for Injection,Insulin Glargine (100IU), Diabetes,Hypoglycemia low blood glucose level Peripheral edema Lipodystrophy skin thickening or pits at the injection site Allergic reaction Injection site reactions pain swelling redness Itching Rash Weight gain,"https://onemg.gumlet.io/l_watermark_346,w_480,h_480/a_ignore,w_480,h_480,c_fit,q_auto,f_auto/cropped/qu5lsupnprdttitfaas4.jpg",Sanofi India Ltd,35,45,20
Lulican Cream,Luliconazole (1% w/w),Treatment of Fungal skin infections,Application site reactions burning irritation itching and redness Dry skin Skin peeling Blisters on skin,"https://onemg.gumlet.io/l_watermark_346,w_480,h_480/a_ignore,w_480,h_480,c_fit,q_auto,f_auto/cropped/hewd9clpc0n134kag2rm.jpg",Glenmark Pharmaceuticals Ltd,31,37,32
Levolin 50mcg Inhaler,Levosalbutamol (50mcg), Chronic obstructive pulmonary disease (COPD)Treatment of Asthma,Accidental injury Bronchitis inflammation of the airways Dizziness Pain Pharyngitis Nasal congestion stuffy nose Vomiting Chest pain Palpitations Sore throat Tremors,"https://onemg.gumlet.io/l_watermark_346,w_480,h_480/a_ignore,w_480,h_480,c_fit,q_auto,f_auto/cropped/nimrrccivlkapnxsstc4.jpg",Cipla Ltd,33,50,17
Lizoforce 600 Tablet,Linezolid (600mg),Treatment of Severe bacterial infections,Vomiting Headache Nausea Decreased blood cells red cells white cells and platelets Diarrhea,"https://onemg.gumlet.io/l_watermark_346,w_480,h_480/a_ignore,w_480,h_480,c_fit,q_auto,f_auto/cropped/kmwbaerywniey0yc78w4.jpg",Mankind Pharma Ltd,27,40,33
Lupituss Oral Suspension,Levocloperastine (20mg/5ml),Treatment of Dry cough,Palpitations Dizziness Fainting Fatigue Headache Sleepiness Gastrointestinal disturbance Confusion Numbness,"https://onemg.gumlet.io/l_watermark_346,w_480,h_480/a_ignore,w_480,h_480,c_fit,q_auto,f_auto/62a86e1866c843499f0a358a389abfe6.jpg",Lupin Ltd,24,51,25
Losar 50 Tablet,Losartan (50mg),Treatment of Hypertension (high blood pressure)Treatment of Heart failure Prevention of heart attack and stroke,Dizziness Decreased blood pressure Hypoglycemia low blood glucose level Increased potassium level in blood Increased blood urea,"https://onemg.gumlet.io/l_watermark_346,w_480,h_480/a_ignore,w_480,h_480,c_fit,q_auto,f_auto/cropped/u12vjvqax8qf7hqmizn5.jpg",Torrent Pharmaceuticals Ltd,47,40,13
Levolin Plus Syrup,Ambroxol (30mg/5ml) + Levosalbutamol (1mg/5ml) + Guaifenesin (50mg/5ml),Treatment of Cough with mucus,Nausea Vomiting Diarrhea Upset stomach Stomach pain Allergic reaction Dizziness Headache Rash Hives Tremors Palpitations Muscle cramp Increased heart rate,"https://onemg.gumlet.io/l_watermark_346,w_480,h_480/a_ignore,w_480,h_480,c_fit,q_auto,f_auto/d66089506a644ea39d7661a0ddecca83.jpg",Cipla Ltd,67,33,0
Losar-H Tablet,Losartan (50mg) + Hydrochlorothiazide (12.5mg),Treatment of Hypertension (high blood pressure),Nausea Taste change Upset stomach Diarrhea Headache Dizziness Weakness Decreased blood pressure Increased blood uric acid Increased blood lipid level Glucose intolerance Electrolyte imbalance,"https://onemg.gumlet.io/l_watermark_346,w_480,h_480/a_ignore,w_480,h_480,c_fit,q_auto,f_auto/cropped/hbi6aj5bq8pycuyg9ygv.jpg",Torrent Pharmaceuticals Ltd,37,44,19
Laveta M  Tablet,Levocetirizine (5mg) + Montelukast (10mg),Treatment of Sneezing and runny nose due to allergiesTreatment of Hay feverTreatment of Allergic skin conditions,Nausea Diarrhea Dryness in mouth Fatigue Headache Skin rash Sleepiness Vomiting,"https://onemg.gumlet.io/l_watermark_346,w_480,h_480/a_ignore,w_480,h_480,c_fit,q_auto,f_auto/cropped/w5suwdkghsehyav0yuss.jpg",Alembic Pharmaceuticals Ltd,38,41,21
Lecope-M Tablet,Levocetirizine (5mg) + Montelukast (10mg),Treatment of Sneezing and runny nose due to allergiesTreatment of Hay feverTreatment of Allergic skin conditions,Nausea Diarrhea Dryness in mouth Fatigue Headache Skin rash Sleepiness Vomiting,"https://onemg.gumlet.io/l_watermark_346,w_480,h_480/a_ignore,w_480,h_480,c_fit,q_auto,f_auto/3a7cd00eb5194849a3b9aa046ef22768.jpg",Mankind Pharma Ltd,44,43,13
Lipicard 160 Tablet,Fenofibrate (160mg), High cholesterol,Increased liver enzymes Nausea Vomiting Flatulence Abdominal pain Diarrhea Headache Back pain Increased creatine phosphokinase C P K level in blood Inflammation of the nose,"https://onemg.gumlet.io/l_watermark_346,w_480,h_480/a_ignore,w_480,h_480,c_fit,q_auto,f_auto/cropped/xllctwivor3pnyu5p5lh.jpg",USV Ltd,19,48,33
L Montus Tablet,Levocetirizine (5mg) + Montelukast (10mg),Treatment of Sneezing and runny nose due to allergiesTreatment of Hay feverTreatment of Allergic skin conditions,Nausea Diarrhea Dryness in mouth Fatigue Headache Skin rash Sleepiness Vomiting,"https://onemg.gumlet.io/l_watermark_346,w_480,h_480/a_ignore,w_480,h_480,c_fit,q_auto,f_auto/ca79e6cca95a46089ea8aae2fdbfd64d.jpg",Fourrts India Laboratories Pvt Ltd,47,39,14
Lecope-AD Tablet,Ambroxol (60mg) + Phenylephrine (5mg) + Levocetirizine (5mg), Common cold,Vomiting Dryness in mouth Headache Fatigue Sleepiness Constipation Diarrhea,"https://onemg.gumlet.io/l_watermark_346,w_480,h_480/a_ignore,w_480,h_480,c_fit,q_auto,f_auto/cropped/zy0w0uduep2rur5xxto3.jpg",Mankind Pharma Ltd,37,45,18
Lotepred T Eye Drop,Loteprednol etabonate (0.5% w/v) + Tobramycin (0.3% w/v),Treatment of Eye infection with inflammation,Blurred vision Superficial punctate keratitis Increased intraocular pressure Burning sensation in eye Stinging in the eyes Headache,"https://onemg.gumlet.io/l_watermark_346,w_480,h_480/a_ignore,w_480,h_480,c_fit,q_auto,f_auto/cropped/gjt63l3al4cxgpqlwd8w.jpg",Sun Pharmaceutical Industries Ltd,29,35,36
Lubimoist Eye Drop,Sodium Hyaluronate (0.1% w/v),Treatment of Dry eyes,Limited data available,"https://onemg.gumlet.io/l_watermark_346,w_480,h_480/a_ignore,w_480,h_480,c_fit,q_auto,f_auto/ikjv9ven9aphdzdflwwt.jpg",Mankind Pharma Ltd,33,50,17
Letoval Tablet,Letrozole (2.5mg),Treatment of Breast cancerTreatment of Infertility due to anovulation,Fatigue Hypercholesterolemia high cholesterol Increased sweating Hot flashes Bone pain Dizziness Joint pain Edema swelling Flushing sense of warmth in the face ears neck and trunk,"https://onemg.gumlet.io/l_watermark_346,w_480,h_480/a_ignore,w_480,h_480,c_fit,q_auto,f_auto/cropped/xmt8ogf9libteioizqoh.jpg",Sun Pharmaceutical Industries Ltd,25,33,42
Lipikind 10 Tablet,Atorvastatin (10mg), High cholesterolPrevention of Heart attack,Dyspepsia Abdominal pain Indigestion Diarrhea Joint pain Nasopharyngitis inflammation of the throat and nasal passages Nausea Pain in extremities Urinary tract infection Abnormal liver function tests,"https://onemg.gumlet.io/l_watermark_346,w_480,h_480/a_ignore,w_480,h_480,c_fit,q_auto,f_auto/745d1525cda64a248d751b2cb3a14397.jpg",Mankind Pharma Ltd,17,41,42
Lemolate Gold  Tablet,Caffeine (30mg) + Diphenhydramine (25mg) + Paracetamol (500mg) + Phenylephrine (5mg),Treatment of Common cold,Nausea Vomiting Insomnia difficulty in sleeping Dizziness Impaired coordination Headache Sedation Inability to concentrate Irritability Tremors Diarrhea Dryness in mouth Fatigue Blurred vision,"https://onemg.gumlet.io/l_watermark_346,w_480,h_480/a_ignore,w_480,h_480,c_fit,q_auto,f_auto/cropped/hn1ddi4vaicfxtrej3pf.jpg",Dr. Morepen Limited,46,37,17
Lactihep Plus Oral Emulsion,Sodium Picosulfate (3.33mg/5ml) + Liquid Paraffin (1.25ml/5ml) + Milk Of Magnesia (3.75ml/5ml),Treatment of Constipation,Diarrhea Stomach pain,"https://onemg.gumlet.io/l_watermark_346,w_480,h_480/a_ignore,w_480,h_480,c_fit,q_auto,f_auto/p3vj2rvre6oudbtnpzt2.jpg",Sun Pharmaceutical Industries Ltd,41,28,31
Liv-Cet 5 Tablet,Levocetirizine (5mg),Treatment of Allergic conditions,Sleepiness Fatigue Dryness in mouth Headache Vomiting Nasopharyngitis inflammation of the throat and nasal passages,"https://onemg.gumlet.io/l_watermark_346,w_480,h_480/a_ignore,w_480,h_480,c_fit,q_auto,f_auto/cropped/wc6k2azg2zbdardlso1z.jpg",Morepen Laboratories Ltd,30,34,36
Lantus Solostar 100IU/ml Solution for Injection,Insulin Glargine (100IU/ml), Diabetes,Hypoglycemia low blood glucose level Peripheral edema Lipodystrophy skin thickening or pits at the injection site Allergic reaction Injection site reactions pain swelling redness Itching Rash Weight gain,"https://onemg.gumlet.io/l_watermark_346,w_480,h_480/a_ignore,w_480,h_480,c_fit,q_auto,f_auto/cropped/uvmmlyoyc8ejaldlzbfk.jpg",Sanofi India Ltd,48,33,19
Linox 600 Tablet,Linezolid (600mg),Treatment of Severe bacterial infections,Vomiting Headache Nausea Decreased blood cells red cells white cells and platelets Diarrhea,"https://onemg.gumlet.io/l_watermark_346,w_480,h_480/a_ignore,w_480,h_480,c_fit,q_auto,f_auto/cropped/exgewwusqdpqopdl8knt.jpg",Torrent Pharmaceuticals Ltd,46,21,33
Lorfast Meltab Tablet,Loratadine (10mg),Treatment of Allergic conditions,Sleepiness Headache,"https://onemg.gumlet.io/l_watermark_346,w_480,h_480/a_ignore,w_480,h_480,c_fit,q_auto,f_auto/cropped/x0mxef0ndxwytttsd2lt.jpg",Cadila Pharmaceuticals Ltd,35,42,23
Lobet 100mg Tablet,Labetalol (100mg), Hypertension (high blood pressure) Angina (heart-related chest pain) Prevention of heart attack and stroke,Fatigue Nausea Dizziness Nasal congestion stuffy nose Ejaculation disorder Breathlessness,"https://onemg.gumlet.io/l_watermark_346,w_480,h_480/a_ignore,w_480,h_480,c_fit,q_auto,f_auto/627c076f05a34c06a869882c713e6890.jpg",Samarth Life Sciences Pvt Ltd,32,39,29
Labebet 100mg Tablet,Labetalol (100mg), Hypertension (high blood pressure) Angina (heart-related chest pain) Prevention of heart attack and stroke,Fatigue Nausea Dizziness Nasal congestion stuffy nose Ejaculation disorder Breathlessness,"https://onemg.gumlet.io/l_watermark_346,w_480,h_480/a_ignore,w_480,h_480,c_fit,q_auto,f_auto/k8qtytnvo3uz1wm4wenx.jpg",Sun Pharmaceutical Industries Ltd,44,39,17
Lesuride Injection,Levosulpiride (25mg),Treatment of Functional dyspepsiaTreatment of NauseaTreatment of VomitingTreatment of Diabetic gastroparesis (diabetic nerve disease affecting stomach),Menstrual disorder Breast enlargement in male Increased libido Increased prolactin level in blood Extrapyramidal symptoms Weight gain Akathisia inability to stay still Increased liver enzymes Constipation Insomnia difficulty in sleeping Sedation Maculopapular rash,"https://onemg.gumlet.io/l_watermark_346,w_480,h_480/a_ignore,w_480,h_480,c_fit,q_auto,f_auto/cropped/yfhsd7bv5bx7lt0p8jtm.jpg",Sun Pharmaceutical Industries Ltd,61,11,28
Lulimac Cream,Luliconazole (1% w/w),Treatment of Fungal skin infections,Application site reactions burning irritation itching and redness Dry skin Skin peeling Blisters on skin,"https://onemg.gumlet.io/l_watermark_346,w_480,h_480/a_ignore,w_480,h_480,c_fit,q_auto,f_auto/0b55e028401d4976a0a47a93705ba707.jpg",Macleods Pharmaceuticals Pvt Ltd,19,42,39
Lorfast-AM Tablet,Ambroxol (60mg) + Loratadine (5mg), Cough,Upset stomach Headache Sleepiness Allergic reaction,"https://onemg.gumlet.io/l_watermark_346,w_480,h_480/a_ignore,w_480,h_480,c_fit,q_auto,f_auto/cropped/dqfelrjgmj354cumd3e9.jpg",Cadila Pharmaceuticals Ltd,36,38,26
Livafin Cream,Amorolfine (0.25% w/w), Fungal nail infections,Blisters on skin Nail disorder Skin irritation Skin rash Erythema skin redness,"https://onemg.gumlet.io/l_watermark_346,w_480,h_480/a_ignore,w_480,h_480,c_fit,q_auto,f_auto/cropped/gd4grcomf56nyxjiizmd.jpg",Zydus Cadila,27,33,40
Lomofen Plus Tablet,Loperamide (2mg), Diarrhea,Constipation Nausea Headache Stomach pain,"https://onemg.gumlet.io/l_watermark_346,w_480,h_480/a_ignore,w_480,h_480,c_fit,q_auto,f_auto/cropped/i4oviuv0eoduntswc0ft.jpg",RPG Life Sciences Ltd,37,52,11
Levipil Injection,Levetiracetam (100mg),Treatment of Epilepsy/Seizures,Sleepiness Dizziness Decreased appetite Fatigue Headache Behavioral changes Irritation Aggressive behavior Agitation Infection Nasopharyngitis inflammation of the throat and nasal passages,"https://onemg.gumlet.io/l_watermark_346,w_480,h_480/a_ignore,w_480,h_480,c_fit,q_auto,f_auto/cropped/yfm5otnrv8y58ls1ww80.jpg",Sun Pharmaceutical Industries Ltd,58,30,12
Lipvas 10 Tablet,Atorvastatin (10mg), High cholesterolPrevention of Heart attack,Dyspepsia Abdominal pain Indigestion Diarrhea Joint pain Nasopharyngitis inflammation of the throat and nasal passages Nausea Pain in extremities Urinary tract infection Abnormal liver function tests,"https://onemg.gumlet.io/l_watermark_346,w_480,h_480/a_ignore,w_480,h_480,c_fit,q_auto,f_auto/789f376f39cd431b9a41d5dbe67bc0e2.jpg",Cipla Ltd,19,58,23
Levozet M Tablet,Levocetirizine (5mg) + Montelukast (10mg),Treatment of Sneezing and runny nose due to allergiesTreatment of Hay feverTreatment of Allergic skin conditions,Nausea Diarrhea Dryness in mouth Fatigue Headache Skin rash Sleepiness Vomiting,"https://onemg.gumlet.io/l_watermark_346,w_480,h_480/a_ignore,w_480,h_480,c_fit,q_auto,f_auto/510e03489f724d6c967b567b7a03c7d2.jpg",Cadila Pharmaceuticals Ltd,24,57,19
Lithosun SR Tablet,Lithium carbonate (400mg), Mania Bipolar disorder,Tremors Slurred speech Uncoordinated body movements Nausea Acne Increased white blood cell count Memory impairment Hair loss Goiter enlarged thyroid gland Skin rash Increased thirst Weight gain Polyuria Diarrhea,"https://onemg.gumlet.io/l_watermark_346,w_480,h_480/a_ignore,w_480,h_480,c_fit,q_auto,f_auto/cropped/hhq1yy5ypz8hfsxjyrv7.jpg",Sun Pharmaceutical Industries Ltd,31,43,26
Levipil Syrup,Levetiracetam (100mg/ml),Treatment of Epilepsy/Seizures,Sleepiness Dizziness Fatigue Headache Decreased appetite Behavioral changes Aggressive behavior Irritation Agitation Nasal congestion stuffy nose Infection Convulsion Nasopharyngitis inflammation of the throat and nasal passages Nausea Tremors Vertigo Lethargy,"https://onemg.gumlet.io/l_watermark_346,w_480,h_480/a_ignore,w_480,h_480,c_fit,q_auto,f_auto/cropped/mrzpjfksinfapw3khyie.jpg",Sun Pharmaceutical Industries Ltd,55,30,15
Levomac 500 Tablet,Levofloxacin (500mg),Treatment of Bacterial infections,Headache Dizziness Nausea Constipation Diarrhea,"https://onemg.gumlet.io/l_watermark_346,w_480,h_480/a_ignore,w_480,h_480,c_fit,q_auto,f_auto/cropped/z0bq5c8zxxq4eyd9oxpu.jpg",Macleods Pharmaceuticals Pvt Ltd,0,53,47
L Dio 1 Tablet,Levocetirizine (5mg),Treatment of Allergic conditions,Sleepiness Fatigue Dryness in mouth Headache Vomiting Nasopharyngitis inflammation of the throat and nasal passages,"https://onemg.gumlet.io/l_watermark_346,w_480,h_480/a_ignore,w_480,h_480,c_fit,q_auto,f_auto/4b94f3037ae245f99fb4fe8724550ff5.jpg",Unison Pharmaceuticals Pvt Ltd,57,20,23
Laveta M  Syrup,Levocetirizine (2.5mg/5ml) + Montelukast (4mg/5ml),Treatment of Sneezing and runny nose due to allergiesTreatment of Hay feverTreatment of Allergic skin conditions,Rash Nausea Diarrhea Dryness in mouth Fatigue Headache Skin rash Sleepiness Vomiting,"https://onemg.gumlet.io/l_watermark_346,w_480,h_480/a_ignore,w_480,h_480,c_fit,q_auto,f_auto/cropped/o9vwxvwxqcfdv0ft271a.jpg",Alembic Pharmaceuticals Ltd,48,35,17
Lyser D Tablet,Diclofenac (50mg) + Serratiopeptidase (10mg), Pain relief,Nausea Vomiting Heartburn Stomach pain Indigestion Diarrhea Loss of appetite,"https://onemg.gumlet.io/l_watermark_346,w_480,h_480/a_ignore,w_480,h_480,c_fit,q_auto,f_auto/72c68b5395814290923102916f8385ba.jpg",Comed Chemicals Ltd,31,52,17
Lupirtin-P Tablet,Flupirtine (100mg) + Paracetamol (325mg), Pain relief,Nausea Vomiting Constipation Dryness in mouth Dizziness Headache Sleepiness,"https://onemg.gumlet.io/l_watermark_346,w_480,h_480/a_ignore,w_480,h_480,c_fit,q_auto,f_auto/cropped/xoovctgm0bgdimps4ugj.jpg",Lupin Ltd,33,35,32
Lacrigel Ocular Lubricant,Hydroxypropylmethylcellulose (2% w/v), Dry eyes,Blurred vision Eye irritation Eye pain Eye redness Foreign body sensation in eyes,"https://onemg.gumlet.io/l_watermark_346,w_480,h_480/a_ignore,w_480,h_480,c_fit,q_auto,f_auto/cropped/ay1cjg55lpcaz3f7o9px.jpg",Sunways India Pvt Ltd,43,35,22
Levocet M Syrup,Levocetirizine (2.5mg/5ml) + Montelukast (4mg/5ml),Treatment of Sneezing and runny nose due to allergiesTreatment of Hay feverTreatment of Allergic skin conditions,Rash Nausea Diarrhea Dryness in mouth Fatigue Headache Skin rash Sleepiness Vomiting,"https://onemg.gumlet.io/l_watermark_346,w_480,h_480/a_ignore,w_480,h_480,c_fit,q_auto,f_auto/a36b863a202245168e2080bc028d8f08.jpg",Hetero Drugs Ltd,100,0,0
Loc Tears Fusion Eye Drop,Carboxymethylcellulose (1% w/v),Treatment of Dry eyes,Eye irritation Burning eyes Eye discomfort Eye itching Eye pain,"https://onemg.gumlet.io/l_watermark_346,w_480,h_480/a_ignore,w_480,h_480,c_fit,q_auto,f_auto/b4f6225c72444ef69a40d497c5673708.jpg",Entod Pharmaceuticals Ltd,52,40,8
Long Drive-Gold Tablet,Sildenafil (50mg) + Dapoxetine (30mg),Treatment of Premature ejaculation,Nausea Vomiting Indigestion Dryness in mouth Headache Flushing sense of warmth in the face ears neck and trunk Dizziness Nosebleeds,"https://onemg.gumlet.io/l_watermark_346,w_480,h_480/a_ignore,w_480,h_480,c_fit,q_auto,f_auto/e6d8313b647c47438fb8eedb31c3e9ad.jpg",Leeford Healthcare Ltd,21,41,38
Lulibet Cream,Luliconazole (1% w/w),Treatment of Fungal skin infections,Application site reactions burning irritation itching and redness Dry skin Skin peeling Blisters on skin,"https://onemg.gumlet.io/l_watermark_346,w_480,h_480/a_ignore,w_480,h_480,c_fit,q_auto,f_auto/cropped/prw5vrqzihjv4pgu8dck.jpg",Intas Pharmaceuticals Ltd,33,39,28
Lubrex-DS Eye Drop,Carboxymethylcellulose (1% w/v) + Oxychloro Complex (0.0075% w/v),Treatment of Dry eyes,Application site reactions burning irritation itching and redness Blurred vision,"https://onemg.gumlet.io/l_watermark_346,w_480,h_480/a_ignore,w_480,h_480,c_fit,q_auto,f_auto/cropped/oo6qbfmzkocfcq2zp7kq.jpg",Micro Labs Ltd,36,52,12
Lulilok Cream,Luliconazole (1% w/w),Treatment of Fungal skin infections,Application site reactions burning irritation itching and redness Dry skin Skin peeling Blisters on skin,"https://onemg.gumlet.io/l_watermark_346,w_480,h_480/a_ignore,w_480,h_480,c_fit,q_auto,f_auto/cropped/y3j8yxtgbvbojimgpm1h.jpg",Oaknet Healthcare Pvt Ltd,44,43,13
Lithosun 300 Tablet,Lithium carbonate (300mg), Mania Bipolar disorder,Tremors Slurred speech Uncoordinated body movements Nausea Acne Increased white blood cell count Memory impairment Hair loss Goiter enlarged thyroid gland Skin rash Increased thirst Weight gain Polyuria Diarrhea,"https://onemg.gumlet.io/l_watermark_346,w_480,h_480/a_ignore,w_480,h_480,c_fit,q_auto,f_auto/cropped/vmwamzm398tlvlc2west.jpg",Sun Pharmaceutical Industries Ltd,31,41,28
Loette Tablet,Ethinyl Estradiol (0.02mg) + Levonorgestrel (0.10mg), Contraception,Nausea Headache Breast pain Abdominal pain Weight gain Depression,"https://onemg.gumlet.io/l_watermark_346,w_480,h_480/a_ignore,w_480,h_480,c_fit,q_auto,f_auto/952a50f3bdfc422284a428f373473ea2.jpg",Pfizer Ltd,52,33,15
Lyser Forte Tablet,Serratiopeptidase (10mg), Pain relief Swelling,No common side effects seen,"https://onemg.gumlet.io/l_watermark_346,w_480,h_480/a_ignore,w_480,h_480,c_fit,q_auto,f_auto/6da1a7be48e6482d95fc6930bd3ee41b.jpg",Comed Chemicals Ltd,24,53,23
Lanzol 30 Capsule,Lansoprazole (30mg),Treatment of Gastroesophageal reflux disease (Acid reflux)Treatment of Peptic ulcer disease,Nausea Headache Flatulence Diarrhea,"https://onemg.gumlet.io/l_watermark_346,w_480,h_480/a_ignore,w_480,h_480,c_fit,q_auto,f_auto/a826d43918d34ef9b5a9cadd4081017c.jpg",Cipla Ltd,28,28,44
Lonopin 40mg Injection,Enoxaparin (40mg),Treatment and prevention of Blood clots,Bleeding Headache Low blood platelets Increased liver enzymes Anemia low number of red blood cells Fever Injection site pain Breathing problems Edema swelling Diarrhea,"https://onemg.gumlet.io/l_watermark_346,w_480,h_480/a_ignore,w_480,h_480,c_fit,q_auto,f_auto/uvoenioevaovsmgiuc3t.jpg",Bharat Serums & Vaccines Ltd,38,35,27
Lotegate Eye Drop,Gatifloxacin (3mg) + Loteprednol etabonate (5mg),Treatment of Bacterial eye infections,Stinging sensation Erythema skin redness Conjunctival irritation Increased lacrimation Corneal inflammation Papillary conjunctivitis,"https://onemg.gumlet.io/l_watermark_346,w_480,h_480/a_ignore,w_480,h_480,c_fit,q_auto,f_auto/5b555296f5cd47dca62cb7d8ecf4933b.jpg",Ajanta Pharma Ltd,33,67,0
Levozet Tablet,Levocetirizine (5mg),Treatment of Allergic conditions,Sleepiness Fatigue Dryness in mouth Headache Vomiting Nasopharyngitis inflammation of the throat and nasal passages,"https://onemg.gumlet.io/l_watermark_346,w_480,h_480/a_ignore,w_480,h_480,c_fit,q_auto,f_auto/31cf85e8875c46789abd2ea74747f6c1.jpg",Cadila Pharmaceuticals Ltd,35,43,22
Lipirose 10 Tablet,Rosuvastatin (10mg),Treatment of High cholesterol Prevention of heart attack and stroke,Muscle pain Weakness Headache Abdominal pain Dizziness Joint pain Nausea,"https://onemg.gumlet.io/l_watermark_346,w_480,h_480/a_ignore,w_480,h_480,c_fit,q_auto,f_auto/cropped/vp9fx1eaqbcjvd29sloe.jpg",Mankind Pharma Ltd,56,31,13
Lactihep Syrup,Lactitol (66.67% w/v), Constipation,Cramps Abdominal distension Flatulence,"https://onemg.gumlet.io/l_watermark_346,w_480,h_480/a_ignore,w_480,h_480,c_fit,q_auto,f_auto/cropped/dfia3kdj4c68opmmi9f6.jpg",Sun Pharmaceutical Industries Ltd,42,38,20
Levosiz 10 Tablet,Levocetirizine (10mg),Treatment of Allergic conditions,Sleepiness Fatigue Dryness in mouth Headache Vomiting Nasopharyngitis inflammation of the throat and nasal passages,"https://onemg.gumlet.io/l_watermark_346,w_480,h_480/a_ignore,w_480,h_480,c_fit,q_auto,f_auto/aaefbfda661540f3bee57730e18d5412.jpg",Systopic Laboratories Pvt Ltd,38,41,21
Lipvas 20 Tablet,Atorvastatin (20mg), High cholesterolPrevention of Heart attack,Dyspepsia Abdominal pain Indigestion Diarrhea Joint pain Nasopharyngitis inflammation of the throat and nasal passages Nausea Pain in extremities Urinary tract infection Abnormal liver function tests,"https://onemg.gumlet.io/l_watermark_346,w_480,h_480/a_ignore,w_480,h_480,c_fit,q_auto,f_auto/688e972d393b4517bb9e63da5bd59053.jpg",Cipla Ltd,17,71,12
Lacoset 100 Tablet,Lacosamide (100mg), Epilepsy/Seizures,Dizziness Headache Nausea Sleepiness Vomiting Visual disturbance Dryness in mouth Muscle spasm,"https://onemg.gumlet.io/l_watermark_346,w_480,h_480/a_ignore,w_480,h_480,c_fit,q_auto,f_auto/cropped/ncpimxab6yg9m2awtgrk.jpg",Sun Pharmaceutical Industries Ltd,44,38,18
Lubrijoint 500 Tablet,Glucosamine Sulfate Potassium Chloride (500mg), Osteoarthritis,No common side effects seen,"https://onemg.gumlet.io/l_watermark_346,w_480,h_480/a_ignore,w_480,h_480,c_fit,q_auto,f_auto/cropped/ayzczf6deyqncjmwkfnt.jpg",Wallace Pharmaceuticals Pvt Ltd,21,53,26
Leon 500 Tablet,Levofloxacin (500mg),Treatment of Bacterial infections,Headache Dizziness Nausea Constipation Diarrhea,"https://onemg.gumlet.io/l_watermark_346,w_480,h_480/a_ignore,w_480,h_480,c_fit,q_auto,f_auto/zfmiybzelpihb5ukvdtq.jpg",Dr Reddy's Laboratories Ltd,27,33,40
Lomela Cream,Hydroquinone (2% w/w) + Mometasone (0.1% w/w) + Tretinoin (0.025% w/w),Treatment of Melasma,Application site reactions burning irritation itching and redness,"https://onemg.gumlet.io/l_watermark_346,w_480,h_480/a_ignore,w_480,h_480,c_fit,q_auto,f_auto/cropped/g3dsomiyrymvvjffamcu.jpg",Intas Pharmaceuticals Ltd,47,30,23
Lulizol Cream,Luliconazole (1% w/w),Treatment of Fungal skin infections,Application site reactions burning irritation itching and redness Dry skin Skin peeling Blisters on skin,"https://onemg.gumlet.io/l_watermark_346,w_480,h_480/a_ignore,w_480,h_480,c_fit,q_auto,f_auto/cropped/jac0rzg5tpcsueacow1f.jpg",KLM Laboratories Pvt Ltd,33,36,31
Lexanox Plus Oral Paste Sugar Free,Amlexanox (50mg), Mouth ulcers,Application site pain,"https://onemg.gumlet.io/l_watermark_346,w_480,h_480/a_ignore,w_480,h_480,c_fit,q_auto,f_auto/cropped/rbkvbzxmkr2ygnidwpro.jpg",Macleods Pharmaceuticals Pvt Ltd,46,32,22
Lupi-HMG 150 Injection,Menotrophin (150i.u), Female infertility Male hypogonadism Male infertility,Headache Injection site pain Injection site allergic reaction Abdominal pain Abdominal cramp Nausea Ovarian hyperstimulation syndrome,"https://onemg.gumlet.io/l_watermark_346,w_480,h_480/a_ignore,w_480,h_480,c_fit,q_auto,f_auto/599301d0709f4c65bd33cb6f8bdc7830.jpg",Lupin Ltd,17,50,33
Levocetrizen 5mg Tablet,Levocetirizine (5mg),Treatment of Allergic conditions,Sleepiness Fatigue Dryness in mouth Headache Vomiting Nasopharyngitis inflammation of the throat and nasal passages,"https://onemg.gumlet.io/l_watermark_346,w_480,h_480/a_ignore,w_480,h_480,c_fit,q_auto,f_auto/0b3747a017724731a99599f36d7d6d6e.jpg",Leeford Healthcare Ltd,67,33,0
Losar 25 Tablet,Losartan (25mg),Treatment of Hypertension (high blood pressure)Treatment of Heart failure Prevention of heart attack and stroke,Dizziness Decreased blood pressure Hypoglycemia low blood glucose level Increased potassium level in blood Increased blood urea,"https://onemg.gumlet.io/l_watermark_346,w_480,h_480/a_ignore,w_480,h_480,c_fit,q_auto,f_auto/cropped/rnha4c1sgoiqzabe2kdo.jpg",Torrent Pharmaceuticals Ltd,23,55,22
Lysatone Plus Syrup Sugar Free,Lysine (200mg),Treatment of Nutritional deficiencies,Stomach pain Nausea Vomiting Diarrhea,"https://onemg.gumlet.io/l_watermark_346,w_480,h_480/a_ignore,w_480,h_480,c_fit,q_auto,f_auto/eunxnpcko5phpx3upbjg.jpg",Veritaz Healthcare Ltd,23,44,33
Lefno 10 Tablet,Leflunomide (10mg), Rheumatoid arthritis Psoriatic arthritis,Nausea Headache Rash Diarrhea Increased liver enzymes Dyspepsia Dizziness Loss of appetite Hair loss Weight loss Bronchitis inflammation of the airways,"https://onemg.gumlet.io/l_watermark_346,w_480,h_480/a_ignore,w_480,h_480,c_fit,q_auto,f_auto/cropped/amvubqdhuccv6j1qmjn9.jpg",Ipca Laboratories Ltd,36,31,33
Lefno 20 Tablet,Leflunomide (20mg), Rheumatoid arthritis Psoriatic arthritis,Nausea Headache Rash Diarrhea Increased liver enzymes Dyspepsia Dizziness Loss of appetite Hair loss Weight loss Bronchitis inflammation of the airways,"https://onemg.gumlet.io/l_watermark_346,w_480,h_480/a_ignore,w_480,h_480,c_fit,q_auto,f_auto/cropped/xohml4v6ybg3xhhpf7hx.jpg",Ipca Laboratories Ltd,31,46,23
Larinject 50mg Injection,Ferric Carboxymaltose (50mg),Treatment of Iron deficiency anemia,Vomiting Nausea Dark colored stool Headache Dizziness High blood pressure Injection site reactions pain swelling redness,"https://onemg.gumlet.io/l_watermark_346,w_480,h_480/a_ignore,w_480,h_480,c_fit,q_auto,f_auto/wmttva0lpt2wudlr0ukg.jpg",La Renon Healthcare Pvt Ltd,33,34,33
Lycor 1% Cream,Hydrocortisone (1% w/w),Treatment of Eczema Severe allergic reactionsTreatment of Allergic conditionsTreatment of CancerTreatment of Skin disordersTreatment of Eye disorders,Application site reactions burning irritation itching and redness,"https://onemg.gumlet.io/l_watermark_346,w_480,h_480/a_ignore,w_480,h_480,c_fit,q_auto,f_auto/cropped/ihjpfkbfmdgwopgbqlxu.jpg",Micro Labs Ltd,33,28,39
Levoday 500 Tablet,Levofloxacin (500mg),Treatment of Bacterial infections,Headache Dizziness Nausea Constipation Diarrhea,"https://onemg.gumlet.io/l_watermark_346,w_480,h_480/a_ignore,w_480,h_480,c_fit,q_auto,f_auto/da1328b3cec74deca4ddfd76dd6b5199.jpg",Zydus Cadila,26,51,23
Levoflox 750 Tablet,Levofloxacin (750mg),Treatment of Bacterial infections,Headache Dizziness Nausea Constipation Diarrhea,"https://onemg.gumlet.io/l_watermark_346,w_480,h_480/a_ignore,w_480,h_480,c_fit,q_auto,f_auto/cropped/ozbkoyfxpf8rz0ibv3vk.jpg",Cipla Ltd,41,59,0
Lubrijoint OD Tablet,Glucosamine Sulfate Potassium Chloride (1500mg), Osteoarthritis,No common side effects seen,"https://onemg.gumlet.io/l_watermark_346,w_480,h_480/a_ignore,w_480,h_480,c_fit,q_auto,f_auto/aihbrhuofjleiuzaqizc.jpg",Wallace Pharmaceuticals Pvt Ltd,16,52,32
Lizomac Tablet,Linezolid (600mg),Treatment of Severe bacterial infections,Vomiting Headache Nausea Decreased blood cells red cells white cells and platelets Diarrhea,"https://onemg.gumlet.io/l_watermark_346,w_480,h_480/a_ignore,w_480,h_480,c_fit,q_auto,f_auto/rkybf2nrm282wiu87lum.jpg",Macleods Pharmaceuticals Pvt Ltd,14,38,48
L-Sys Cream,Luliconazole (1% w/w),Treatment of Fungal skin infections,Application site reactions burning irritation itching and redness Dry skin Skin peeling Blisters on skin,"https://onemg.gumlet.io/l_watermark_346,w_480,h_480/a_ignore,w_480,h_480,c_fit,q_auto,f_auto/cropped/kepabx3joftiysocclue.jpg",Systopic Laboratories Pvt Ltd,38,33,29
L-Cin OZ Tablet,Levofloxacin (250mg) + Ornidazole (500mg), Diarrhea Dysentery,Nausea Loss of appetite Dizziness Headache,"https://onemg.gumlet.io/l_watermark_346,w_480,h_480/a_ignore,w_480,h_480,c_fit,q_auto,f_auto/cropped/giqgwvryrbcp2alxgs0m.jpg",Lupin Ltd,36,40,24
Luliderm Cream,Luliconazole (1% w/w),Treatment of Fungal skin infections,Application site reactions burning irritation itching and redness Dry skin Skin peeling Blisters on skin,"https://onemg.gumlet.io/l_watermark_346,w_480,h_480/a_ignore,w_480,h_480,c_fit,q_auto,f_auto/cropped/q7unxrzowefjek1in72e.jpg",Aristo Pharmaceuticals Pvt Ltd,28,26,46
Lefra 20 Tablet,Leflunomide (20mg), Rheumatoid arthritis Psoriatic arthritis,Nausea Headache Rash Diarrhea Increased liver enzymes Dyspepsia Dizziness Loss of appetite Hair loss Weight loss Bronchitis inflammation of the airways,"https://onemg.gumlet.io/l_watermark_346,w_480,h_480/a_ignore,w_480,h_480,c_fit,q_auto,f_auto/cropped/yaxyrmnvcrjpdczzdxpf.jpg",Torrent Pharmaceuticals Ltd,21,49,30
Laretol Capsule,Calcitriol (0.25mcg),Treatment of Calcium deficiencyTreatment of Metabolic Bone disease,No common side effects seen,"https://onemg.gumlet.io/l_watermark_346,w_480,h_480/a_ignore,w_480,h_480,c_fit,q_auto,f_auto/b863e336e573421a8476185dfaaad920.jpg",La Renon Healthcare Pvt Ltd,40,60,0
Lukotas HD Tablet SR,Ambroxol (75mg) + Levocetirizine (5mg) + Montelukast (10mg),Treatment of Respiratory tract disorders associated with viscid mucus,Nausea Upset stomach Dryness in mouth Headache Fatigue Allergic reaction Sleepiness Flu like symptoms,"https://onemg.gumlet.io/l_watermark_346,w_480,h_480/a_ignore,w_480,h_480,c_fit,q_auto,f_auto/cropped/fu2p29zfzsgvnod5bgbe.jpg",Intas Pharmaceuticals Ltd,40,53,7
Levoflox 250 Tablet,Levofloxacin (250mg),Treatment of Bacterial infections,Headache Dizziness Nausea Constipation Diarrhea,"https://onemg.gumlet.io/l_watermark_346,w_480,h_480/a_ignore,w_480,h_480,c_fit,q_auto,f_auto/cropped/bcqhmfzxflhdtuezb9ew.jpg",Cipla Ltd,33,34,33
Lotepred LS Eye Drop,Loteprednol etabonate (0.2% w/v), Redness and swelling in the eye,Eye irritation Watery eyes Burning sensation,"https://onemg.gumlet.io/l_watermark_346,w_480,h_480/a_ignore,w_480,h_480,c_fit,q_auto,f_auto/cropped/a2i0rcvzgynvfk3mxdpr.jpg",Sun Pharmaceutical Industries Ltd,38,43,19
Lupi-HMG 75 Injection,Menotrophin (75IU), Female infertility Male hypogonadism Male infertility,Headache Injection site pain Injection site allergic reaction Abdominal pain Abdominal cramp Nausea Ovarian hyperstimulation syndrome,"https://onemg.gumlet.io/l_watermark_346,w_480,h_480/a_ignore,w_480,h_480,c_fit,q_auto,f_auto/0f209a545cc04f19a39cddc7130a4878.jpg",Lupin Ltd,0,48,52
Lupi-HCG 10000 Injection,Human chorionic gonadotropin (hCG) (10000IU),Treatment of Female infertilityTreatment of Male hypogonadism,Injection site pain Headache Fatigue Depression Irritation Restlessness,"https://onemg.gumlet.io/l_watermark_346,w_480,h_480/a_ignore,w_480,h_480,c_fit,q_auto,f_auto/ebed515b08a24bb583c861d18ed3f537.jpg",Lupin Ltd,41,33,26
Looz Oral Solution,Lactulose (10gm),Treatment of ConstipationTreatment of Hepatic encephalopathy,Abdominal pain Nausea Vomiting Diarrhea,"https://onemg.gumlet.io/l_watermark_346,w_480,h_480/a_ignore,w_480,h_480,c_fit,q_auto,f_auto/iwmujkkjlwfdcosgt7p7.jpg",Intas Pharmaceuticals Ltd,41,36,23
L-pred Ophthalmic Suspension,Loteprednol etabonate (0.5% w/v), Redness and swelling in the eye,Eye irritation Watery eyes Burning sensation,"https://onemg.gumlet.io/l_watermark_346,w_480,h_480/a_ignore,w_480,h_480,c_fit,q_auto,f_auto/cropped/tcvhxe1b5d3rx7x2nvbn.jpg",Allergan India Pvt Ltd,26,48,26
Lupizol-ZS Anti-dandruff Shampoo,Luliconazole (1% w/v) + Salicylic Acid (3% w/v) + Zinc pyrithione (1% w/v),Treatment of Dandruff,Itching Burning sensation Stinging sensation,"https://onemg.gumlet.io/l_watermark_346,w_480,h_480/a_ignore,w_480,h_480,c_fit,q_auto,f_auto/lgfj2nt57gdbop7xafc9.jpg",Lupin Ltd,27,33,40
Levolin 0.31mg Respules,Levosalbutamol (0.31mg), Chronic obstructive pulmonary disease (COPD)Treatment of Asthma,Accidental injury Bronchitis inflammation of the airways Dizziness Pain Pharyngitis Nasal congestion stuffy nose Vomiting Chest pain Palpitations Sore throat Tremors,"https://onemg.gumlet.io/l_watermark_346,w_480,h_480/a_ignore,w_480,h_480,c_fit,q_auto,f_auto/qtnqq0qi7y5udqeqsgho.jpg",Cipla Ltd,24,47,29
L-Sys Lotion,Luliconazole (1% w/v),Treatment of Fungal skin infections,Application site reactions burning irritation itching and redness Dry skin Skin peeling Blisters on skin,"https://onemg.gumlet.io/l_watermark_346,w_480,h_480/a_ignore,w_480,h_480,c_fit,q_auto,f_auto/cropped/o3flccybimtbzxobpqsc.jpg",Systopic Laboratories Pvt Ltd,25,42,33
Lipirose-F 10 Tablet,Fenofibrate (145mg) + Rosuvastatin (10mg),Treatment of High cholesterolPrevention of Heart attack,Headache Muscle pain Constipation Abnormal liver function tests Joint pain Elevated creatine kinase Diabetes,"https://onemg.gumlet.io/l_watermark_346,w_480,h_480/a_ignore,w_480,h_480,c_fit,q_auto,f_auto/cropped/ddzcsj9amf0mrxr3bdmq.jpg",Mankind Pharma Ltd,37,52,11
Lodoz 2.5 Tablet,Bisoprolol (2.5mg) + Hydrochlorothiazide (6.25mg), Hypertension (high blood pressure),Nausea Constipation Fatigue Headache Diarrhea Dizziness Cold extremities Slow heart rate Increased blood uric acid Decreased potassium level in blood Glucose intolerance Altered blood lipid level Decreased magnesium level in blood Increased calcium level in blood,"https://onemg.gumlet.io/l_watermark_346,w_480,h_480/a_ignore,w_480,h_480,c_fit,q_auto,f_auto/cropped/a8ebwjczl11lvsqmwmec.jpg",Merck Ltd,43,44,13
Levoflox 500 Infusion,Levofloxacin (500mg),Treatment of Bacterial infections,Injection site reactions pain swelling redness Headache Dizziness Nausea Constipation Diarrhea,"https://onemg.gumlet.io/l_watermark_346,w_480,h_480/a_ignore,w_480,h_480,c_fit,q_auto,f_auto/cropped/m2x06ip4wwkts4kmvoym.jpg",Cipla Ltd,29,47,24
Looz Enema,Lactulose (20% w/v),Treatment of ConstipationTreatment of Hepatic encephalopathy,Abdominal pain Diarrhea Nausea Vomiting Application site irritation,"https://onemg.gumlet.io/l_watermark_346,w_480,h_480/a_ignore,w_480,h_480,c_fit,q_auto,f_auto/cropped/hrdxmt2fnponx2q4lnnu.jpg",Intas Pharmaceuticals Ltd,14,45,41
Levipil 250 Tablet,Levetiracetam (250mg),Treatment of Epilepsy/Seizures,Sleepiness Dizziness Fatigue Headache Decreased appetite Behavioral changes Aggressive behavior Irritation Agitation Nasal congestion stuffy nose Infection Convulsion Nasopharyngitis inflammation of the throat and nasal passages Nausea Tremors Vertigo Lethargy,"https://onemg.gumlet.io/l_watermark_346,w_480,h_480/a_ignore,w_480,h_480,c_fit,q_auto,f_auto/cropped/gg4lu3mwusrudfhftloq.jpg",Sun Pharmaceutical Industries Ltd,40,35,25
Laxitol Syrup,Lactitol (3.33gm/5ml), Constipation,Cramps Abdominal distension Flatulence,"https://onemg.gumlet.io/l_watermark_346,w_480,h_480/a_ignore,w_480,h_480,c_fit,q_auto,f_auto/cropped/prjzcevtplcxadlvius3.jpg",Macleods Pharmaceuticals Pvt Ltd,35,33,32
Lubistar 1% Eye Drop,Carboxymethylcellulose (1% w/v) + Oxychloro Complex (0.0075% w/v),Treatment of Dry eyes,Application site reactions burning irritation itching and redness Blurred vision,"https://onemg.gumlet.io/l_watermark_346,w_480,h_480/a_ignore,w_480,h_480,c_fit,q_auto,f_auto/d0a4281f63084f6699a74d4293141830.jpg",Mankind Pharma Ltd,50,33,17
Lobate Cream,Clobetasol (0.05% w/w),Treatment of Allergic skin conditions,Skin atrophy Telangiectasia Skin irritation Dry skin,"https://onemg.gumlet.io/l_watermark_346,w_480,h_480/a_ignore,w_480,h_480,c_fit,q_auto,f_auto/cropped/ir55z8yq4oan3q3gwjtk.jpg",Abbott,25,46,29
Levigress 500 Tablet,Levetiracetam (500mg),Treatment of Epilepsy/Seizures,Sleepiness Dizziness Fatigue Headache Decreased appetite Behavioral changes Aggressive behavior Irritation Agitation Nasal congestion stuffy nose Infection Convulsion Nasopharyngitis inflammation of the throat and nasal passages Nausea Tremors Vertigo Lethargy,"https://onemg.gumlet.io/l_watermark_346,w_480,h_480/a_ignore,w_480,h_480,c_fit,q_auto,f_auto/cropped/adpt7ccpn5ejl5ate3qa.jpg",La Renon Healthcare Pvt Ltd,38,33,29
Long Drive 30mg Tablet,Dapoxetine (30mg),Treatment of Premature ejaculation,Drowsiness Nausea Tremors Vomiting Dizziness Erectile dysfunction Fatigue Headache Increased sweating Indigestion Restlessness Insomnia difficulty in sleeping Eye pain Agitation,"https://onemg.gumlet.io/l_watermark_346,w_480,h_480/a_ignore,w_480,h_480,c_fit,q_auto,f_auto/85fefed87a1e419a95b6b12f0acf5934.jpg",Leeford Healthcare Ltd,36,31,33
Lipikind 20 Tablet,Atorvastatin (20mg), High cholesterolPrevention of Heart attack,Dyspepsia Abdominal pain Indigestion Diarrhea Joint pain Nasopharyngitis inflammation of the throat and nasal passages Nausea Pain in extremities Urinary tract infection Abnormal liver function tests,"https://onemg.gumlet.io/l_watermark_346,w_480,h_480/a_ignore,w_480,h_480,c_fit,q_auto,f_auto/cropped/kebkfx6eyfranahpp23s.jpg",Mankind Pharma Ltd,20,62,18
Lozivate-MF Ointment,Clobetasol (0.05% w/w) + Salicylic Acid (3% w/w) + Lactic Acid (3% w/w) + Urea (10% w/w), Eczema Psoriasis,Application site reactions burning irritation itching and redness,"https://onemg.gumlet.io/l_watermark_346,w_480,h_480/a_ignore,w_480,h_480,c_fit,q_auto,f_auto/75c6d67894074e64b7041ac617c131c4.jpg",Canixa Life Sciences Pvt,35,37,28
Lefra 10 Tablet,Leflunomide (10mg), Rheumatoid arthritis Psoriatic arthritis,Nausea Headache Rash Diarrhea Increased liver enzymes Dyspepsia Dizziness Loss of appetite Hair loss Weight loss Bronchitis inflammation of the airways,"https://onemg.gumlet.io/l_watermark_346,w_480,h_480/a_ignore,w_480,h_480,c_fit,q_auto,f_auto/cropped/jyqejgmg5ybhzt4uulw6.jpg",Torrent Pharmaceuticals Ltd,19,42,39
Laregab NT 400mg/10mg Tablet,Gabapentin (400mg) + Nortriptyline (10mg),Treatment of Neuropathic pain,Constipation Difficulty in urination Weight gain Sleepiness Dizziness Tiredness Blurred vision Dryness in mouth Orthostatic hypotension sudden lowering of blood pressure on standing Increased heart rate Uncoordinated body movements,"https://onemg.gumlet.io/l_watermark_346,w_480,h_480/a_ignore,w_480,h_480,c_fit,q_auto,f_auto/8a29e876cac64675ba5860666faab3b5.jpg",La Renon Healthcare Pvt Ltd,33,20,47
Liofen XL 10 Capsule,Baclofen (10mg), Muscle relaxation,Dizziness Convulsion Nausea Headache Sedation Hypotension low blood pressure Hypotonia decreased muscle tone Agitation Constipation Increased white blood cell count Chills Urinary retention,"https://onemg.gumlet.io/l_watermark_346,w_480,h_480/a_ignore,w_480,h_480,c_fit,q_auto,f_auto/cropped/hcsejhrpnciiuovspyou.jpg",Sun Pharmaceutical Industries Ltd,39,34,27
Levipil 750 Tablet,Levetiracetam (750mg),Treatment of Epilepsy/Seizures,Sleepiness Dizziness Fatigue Headache Decreased appetite Behavioral changes Aggressive behavior Irritation Agitation Nasal congestion stuffy nose Infection Convulsion Nasopharyngitis inflammation of the throat and nasal passages Nausea Tremors Vertigo Lethargy,"https://onemg.gumlet.io/l_watermark_346,w_480,h_480/a_ignore,w_480,h_480,c_fit,q_auto,f_auto/cropped/l5ldkkcl0ry9zsc9bilb.jpg",Sun Pharmaceutical Industries Ltd,46,36,18
Levepsy 500 Tablet,Levetiracetam (500mg),Treatment of Epilepsy/Seizures,Sleepiness Dizziness Fatigue Headache Decreased appetite Behavioral changes Aggressive behavior Irritation Agitation Nasal congestion stuffy nose Infection Convulsion Nasopharyngitis inflammation of the throat and nasal passages Nausea Tremors Vertigo Lethargy,"https://onemg.gumlet.io/l_watermark_346,w_480,h_480/a_ignore,w_480,h_480,c_fit,q_auto,f_auto/ee4bcb5e50d0418ebd12f22613403318.jpg",Cipla Ltd,46,37,17
Latoprost RT BKC Free Eye Drop,Latanoprost (0.005% w/v), Glaucoma Ocular hypertension,Eyelash changes Eye pain Increased sensitivity to light Burning sensation in eye Eye itching Foreign body sensation Itching Stinging in the eyes Conjunctival hyperemia,"https://onemg.gumlet.io/l_watermark_346,w_480,h_480/a_ignore,w_480,h_480,c_fit,q_auto,f_auto/cropped/wtdsx23ampdunnvqton5.jpg",Sun Pharmaceutical Industries Ltd,44,42,14
Lexanox Oral Paste,Amlexanox (50mg), Mouth ulcers,Application site pain,"https://onemg.gumlet.io/l_watermark_346,w_480,h_480/a_ignore,w_480,h_480,c_fit,q_auto,f_auto/cropped/up8uedl3degu80xfhqvn.jpg",Macleods Pharmaceuticals Pvt Ltd,25,42,33
Lacosam 100 Tablet,Lacosamide (100mg), Epilepsy/Seizures,Dizziness Headache Nausea Sleepiness Vomiting Visual disturbance Dryness in mouth Muscle spasm,"https://onemg.gumlet.io/l_watermark_346,w_480,h_480/a_ignore,w_480,h_480,c_fit,q_auto,f_auto/czu3ukyuf640p6aagpk8.jpg",Torrent Pharmaceuticals Ltd,73,27,0
Lipvas 40 Tablet,Atorvastatin (40mg), High cholesterolPrevention of Heart attack,Dyspepsia Abdominal pain Indigestion Diarrhea Joint pain Nasopharyngitis inflammation of the throat and nasal passages Nausea Pain in extremities Urinary tract infection Abnormal liver function tests,"https://onemg.gumlet.io/l_watermark_346,w_480,h_480/a_ignore,w_480,h_480,c_fit,q_auto,f_auto/8a349472aad54f2b9d62813adc8b6832.jpg",Cipla Ltd,53,27,20
Lobak  Tablet,Chlorzoxazone (250mg) + Diclofenac (50mg) + Paracetamol (325mg),Treatment of Pain due to muscle spasm,Nausea Vomiting Heartburn Stomach pain Diarrhea Loss of appetite Dryness in mouth,"https://onemg.gumlet.io/l_watermark_346,w_480,h_480/a_ignore,w_480,h_480,c_fit,q_auto,f_auto/cropped/fwmpicdd2s9adf88z6s7.jpg",Geno Pharmaceuticals Ltd,33,45,22
Lobate GN Skin Cream,Clobetasol (0.05% w/w) + Neomycin (0.5% w/w),Treatment of Bacterial skin infections,Burning sensation Stinging sensation Itching,"https://onemg.gumlet.io/l_watermark_346,w_480,h_480/a_ignore,w_480,h_480,c_fit,q_auto,f_auto/cropped/jxeie51hqlfzthu8gtyu.jpg",Abbott,25,29,46
Lupase 10000 Tablet,Pancreatin (150mg),Treatment of Pancreatic enzyme deficiency,Stomach pain Bloating Diarrhea,"https://onemg.gumlet.io/l_watermark_346,w_480,h_480/a_ignore,w_480,h_480,c_fit,q_auto,f_auto/28e6c1b61dda47fdadc860823982351c.jpg",Lupin Ltd,44,45,11
Loftair Capsule,Indacaterol (110mcg) + Glycopyrrolate (50mcg), Chronic obstructive pulmonary disease (COPD),Indigestion High blood pressure Nasopharyngitis inflammation of the throat and nasal passages Chest pain Fever Urinary retention Sore throat Cough Headache Dizziness Allergic reaction Increased glucose level in blood Inflammation of the nose Sinus inflammation Urinary tract infection,"https://onemg.gumlet.io/l_watermark_346,w_480,h_480/a_ignore,w_480,h_480,c_fit,q_auto,f_auto/veg6707ttqnisjk4svee.jpg",Lupin Ltd,100,0,0
Linokem 600 Tablet,Linezolid (600mg),Treatment of Severe bacterial infections,Vomiting Headache Nausea Decreased blood cells red cells white cells and platelets Diarrhea,"https://onemg.gumlet.io/l_watermark_346,w_480,h_480/a_ignore,w_480,h_480,c_fit,q_auto,f_auto/049699605b3b4ed9914d0043fd9fedc9.jpg",Alkem Laboratories Ltd,38,38,24
Lenteclin LB 100mg Capsule,Doxycycline (100mg) + Lactobacillus (5Billion Spores),Treatment of Bacterial infections,Nausea Vomiting Photosensitivity Anaphylactic reaction Rash Headache Fast heart rate Hypotension low blood pressure,"https://onemg.gumlet.io/l_watermark_346,w_480,h_480/a_ignore,w_480,h_480,c_fit,q_auto,f_auto/3a1c83d2d50841a98f3b12401d3631fe.jpg",Aristo Pharmaceuticals Pvt Ltd,67,33,0
Lipikind-AS Capsule,Atorvastatin (10mg) + Aspirin (75mg),Treatment of Prevention of heart attack and stroke,Abdominal pain Constipation Flatulence Increased liver enzymes Hepatitis viral infection of liver Reye s syndrome like symptoms,"https://onemg.gumlet.io/l_watermark_346,w_480,h_480/a_ignore,w_480,h_480,c_fit,q_auto,f_auto/ttzalgokswhqibyb4otr.jpg",Mankind Pharma Ltd,0,33,67
Lactomed Suspension,Lactulose (3.3gm/5ml),Treatment of ConstipationTreatment of Hepatic encephalopathy,Abdominal pain Nausea Vomiting Diarrhea,"https://onemg.gumlet.io/l_watermark_346,w_480,h_480/a_ignore,w_480,h_480,c_fit,q_auto,f_auto/iw3kzgasnksiovgpmtmz.jpg",Leeford Healthcare Ltd,0,0,100
Loceryl Nail Lacquer,Amorolfine (5% w/v), Fungal nail infections,Blisters on skin Nail disorder Skin irritation Skin rash Erythema skin redness,"https://onemg.gumlet.io/l_watermark_346,w_480,h_480/a_ignore,w_480,h_480,c_fit,q_auto,f_auto/wtstsvyhr9atcsm1k6wx.jpg",Galderma India Pvt Ltd,18,48,34
Levera Solution,Levetiracetam (100mg/ml),Treatment of Epilepsy/Seizures,Sleepiness Dizziness Fatigue Headache Decreased appetite Behavioral changes Aggressive behavior Irritation Agitation Nasal congestion stuffy nose Infection Convulsion Nasopharyngitis inflammation of the throat and nasal passages Nausea Tremors Vertigo Lethargy,"https://onemg.gumlet.io/l_watermark_346,w_480,h_480/a_ignore,w_480,h_480,c_fit,q_auto,f_auto/cropped/s9iskfarrxpstnfq72pe.jpg",Intas Pharmaceuticals Ltd,37,36,27
Liofen 5 Tablet,Baclofen (5mg), Muscle relaxation,Dizziness Convulsion Nausea Headache Sedation Hypotension low blood pressure Hypotonia decreased muscle tone Agitation Constipation Increased white blood cell count Chills Urinary retention,"https://onemg.gumlet.io/l_watermark_346,w_480,h_480/a_ignore,w_480,h_480,c_fit,q_auto,f_auto/cropped/fhcwcos19ichrt1fobgt.jpg",Sun Pharmaceutical Industries Ltd,0,0,100
Luprodex Depot 3.75mg Injection,Leuprolide (3.75mg),Treatment of Prostate cancerTreatment of EndometriosisTreatment of Uterine fibroidsTreatment of Precocious puberty (premature puberty),Decreased libido Testicular atrophy Increased sweating Fatigue Muscle weakness Erectile dysfunction Bone pain Injection site reaction Hot flashes,"https://onemg.gumlet.io/l_watermark_346,w_480,h_480/a_ignore,w_480,h_480,c_fit,q_auto,f_auto/5a03d846a1dd4f04b45991bf5356dfcf.jpg",Bharat Serums & Vaccines Ltd,31,42,27
Lmwx 40 Injection,Enoxaparin (40mg),Treatment and prevention of Blood clots,Bleeding Headache Low blood platelets Increased liver enzymes Anemia low number of red blood cells Fever Injection site pain Breathing problems Edema swelling Diarrhea,"https://onemg.gumlet.io/l_watermark_346,w_480,h_480/a_ignore,w_480,h_480,c_fit,q_auto,f_auto/3c668776aa334cfa8130f1530819a54d.jpg",Abbott,28,28,44
Lulifin Lotion,Luliconazole (1% w/v),Treatment of Fungal skin infections,Application site reactions burning irritation itching and redness Dry skin Skin peeling Blisters on skin,"https://onemg.gumlet.io/l_watermark_346,w_480,h_480/a_ignore,w_480,h_480,c_fit,q_auto,f_auto/cropped/id1eeoamcbewb9vzlgpt.jpg",Sun Pharmaceutical Industries Ltd,33,29,38
Laregab-AT Tablet,Gabapentin (300mg) + Amitriptyline (10mg), Neuropathic pain,Constipation Difficulty in urination Weight gain Sleepiness Dizziness Tiredness Uncoordinated body movements Increased heart rate Orthostatic hypotension sudden lowering of blood pressure on standing Blurred vision Dryness in mouth,"https://onemg.gumlet.io/l_watermark_346,w_480,h_480/a_ignore,w_480,h_480,c_fit,q_auto,f_auto/cropped/u0uxjh9h3y0hhql6xx5f.jpg",La Renon Healthcare Pvt Ltd,17,41,42
Lubowel 24 Soft Gelatin Capsule,Lubiprostone (24mcg), Constipation Irritable bowel syndrome,Nausea Headache Abdominal pain Abdominal distension Diarrhea Flatulence,"https://onemg.gumlet.io/l_watermark_346,w_480,h_480/a_ignore,w_480,h_480,c_fit,q_auto,f_auto/cropped/qfze0irl4vncrtywlt2f.jpg",Sun Pharmaceutical Industries Ltd,42,45,13
Liquid Parafin,Liquid Paraffin (NA), Dry Skin,No common side effects seen,"https://onemg.gumlet.io/l_watermark_346,w_480,h_480/a_ignore,w_480,h_480,c_fit,q_auto,f_auto/cropped/ymqz6d0juqttg0zegkti.jpg",General Pharmaceuticals Pvt Ltd,23,56,21
Lincotus DX  Dry Cough Formula,Ambroxol (15mg/5ml) + Dextromethorphan Hydrobromide (10mg/5ml) + Phenylephrine (5mg/5ml) + Chlorpheniramine Maleate (2mg/5ml) + Menthol (1.5mg/5ml),Treatment of Cough,Headache Nausea Vomiting Upset stomach Sleepiness,"https://onemg.gumlet.io/l_watermark_346,w_480,h_480/a_ignore,w_480,h_480,c_fit,q_auto,f_auto/zs01ulmu0adfncfoeris.jpg",Macleods Pharmaceuticals Pvt Ltd,58,17,25
Lumigan 0.01% Ophthalmic Solution,Bimatoprost (0.01% w/v), Ocular hypertension Glaucoma,Conjunctival hyperemia Eye itching,"https://onemg.gumlet.io/l_watermark_346,w_480,h_480/a_ignore,w_480,h_480,c_fit,q_auto,f_auto/3b54ad998329477ba60a5b758892024a.jpg",Allergan India Pvt Ltd,55,37,8
Lizoforce Dry Syrup,Linezolid (100mg/5ml),Treatment of Resistant Tuberculosis (TB)Treatment of Severe bacterial infections,Decreased blood pressure Vomiting Headache Nausea Decreased blood cells red cells white cells and platelets Diarrhea,"https://onemg.gumlet.io/l_watermark_346,w_480,h_480/a_ignore,w_480,h_480,c_fit,q_auto,f_auto/cropped/ob1r3niqzuploql0j3rf.jpg",Mankind Pharma Ltd,33,34,33
Liofen XL 20 Capsule,Baclofen (20mg), Muscle relaxation,Dizziness Convulsion Nausea Headache Sedation Hypotension low blood pressure Hypotonia decreased muscle tone Agitation Constipation Increased white blood cell count Chills Urinary retention,"https://onemg.gumlet.io/l_watermark_346,w_480,h_480/a_ignore,w_480,h_480,c_fit,q_auto,f_auto/cropped/la6auyb78ntgp7zq4rtc.jpg",Sun Pharmaceutical Industries Ltd,25,31,44
Lulibrut Cream,Luliconazole (1% w/w),Treatment of Fungal skin infections,Application site reactions burning irritation itching and redness Dry skin Skin peeling Blisters on skin,"https://onemg.gumlet.io/l_watermark_346,w_480,h_480/a_ignore,w_480,h_480,c_fit,q_auto,f_auto/j0bq8m7ezmsprtbuebbv.jpg",Mankind Pharma Ltd,19,67,14
Lipicard Capsule,Fenofibrate (200mg), High cholesterol,Increased liver enzymes Nausea Vomiting Flatulence Abdominal pain Diarrhea Headache Back pain Increased creatine phosphokinase C P K level in blood Inflammation of the nose,"https://onemg.gumlet.io/l_watermark_346,w_480,h_480/a_ignore,w_480,h_480,c_fit,q_auto,f_auto/cropped/ycv2a3jpek53wfvuj9j4.jpg",USV Ltd,20,35,45
Lysoflam-MR Tablet,Diclofenac (50mg) + Metaxalone (400mg),Treatment of Pain due to muscle spasm,Nausea Vomiting Stomach pain epigastric pain Heartburn Diarrhea Sleepiness Loss of appetite,"https://onemg.gumlet.io/l_watermark_346,w_480,h_480/a_ignore,w_480,h_480,c_fit,q_auto,f_auto/77af133ad1d44bf78acd1c75be7ac92b.jpg",Cachet Pharmaceuticals Pvt Ltd,26,37,37
Lupisulin M 30 Solution for Injection 40IU/ml,Insulin Isophane/NPH   (70%) +   Human Insulin/Soluble Insulin (30%), Diabetes,Hypoglycemia low blood glucose level Injection site reactions pain swelling redness Weight gain,"https://onemg.gumlet.io/l_watermark_346,w_480,h_480/a_ignore,w_480,h_480,c_fit,q_auto,f_auto/qr3pzwuatsrapuv0phmg.jpg",Lupin Ltd,19,45,36
Livafin Cream,Amorolfine (0.25% w/w), Fungal nail infections,Blisters on skin Nail disorder Skin irritation Skin rash Erythema skin redness,"https://onemg.gumlet.io/l_watermark_346,w_480,h_480/a_ignore,w_480,h_480,c_fit,q_auto,f_auto/c4991mkfkiuawbeitjrq.jpg",Zydus Cadila,33,40,27
Losar-A Tablet,Losartan (50mg) + Amlodipine (5mg), Hypertension (high blood pressure),Sleepiness Ankle swelling Headache Flushing sense of warmth in the face ears neck and trunk Dizziness Palpitations Increased potassium level in blood Fatigue Nausea Edema swelling Abdominal pain Visual disturbance Breathlessness Change in bowel habits Nasal congestion stuffy nose Upper respiratory tract infection,"https://onemg.gumlet.io/l_watermark_346,w_480,h_480/a_ignore,w_480,h_480,c_fit,q_auto,f_auto/271a0423c3ca46d7bd7a5131830bcf6f.jpg",Torrent Pharmaceuticals Ltd,55,29,16
Lulitec Cream,Luliconazole (1% w/w),Treatment of Fungal skin infections,Application site reactions burning irritation itching and redness Dry skin Skin peeling Blisters on skin,"https://onemg.gumlet.io/l_watermark_346,w_480,h_480/a_ignore,w_480,h_480,c_fit,q_auto,f_auto/cropped/g8bxvfohvcavnlvsqq39.jpg",Dermakare Pharmaceuticals Pvt Ltd,50,0,50
Long Drive 60mg Tablet,Dapoxetine (60mg),Treatment of Premature ejaculation,Drowsiness Nausea Tremors Vomiting Dizziness Erectile dysfunction Fatigue Headache Increased sweating Indigestion Restlessness Insomnia difficulty in sleeping Eye pain Agitation,"https://onemg.gumlet.io/l_watermark_346,w_480,h_480/a_ignore,w_480,h_480,c_fit,q_auto,f_auto/07d04599f7fb4cf499123815beb9d501.jpg",Leeford Healthcare Ltd,29,42,29
Lesuride OD 75 Tablet,Levosulpiride (75mg), Gastroesophageal reflux disease (Acid reflux) Irritable bowel syndrome Heartburn,Increased prolactin level in blood Extrapyramidal symptoms Weight gain Akathisia inability to stay still Increased liver enzymes Constipation Insomnia difficulty in sleeping Sedation Maculopapular rash,"https://onemg.gumlet.io/l_watermark_346,w_480,h_480/a_ignore,w_480,h_480,c_fit,q_auto,f_auto/cropped/lqanhycnmtqttxstlahr.jpg",Sun Pharmaceutical Industries Ltd,11,48,41
Levocet-D Tablet,Levocetirizine (5mg) + Phenylephrine (10mg), Sneezing and runny nose due to allergies,Headache Dryness in mouth Nausea Vomiting Tiredness Sleepiness Restlessness,"https://onemg.gumlet.io/l_watermark_346,w_480,h_480/a_ignore,w_480,h_480,c_fit,q_auto,f_auto/952cd7a4ddb44f318d16de71ec072a09.jpg",Hetero Drugs Ltd,42,58,0
Laveta-A Capsule SR,Levocetirizine (5mg) + Ambroxol (75mg), Cough,Upset stomach Dryness in mouth Headache Fatigue Sleepiness Allergic reaction,"https://onemg.gumlet.io/l_watermark_346,w_480,h_480/a_ignore,w_480,h_480,c_fit,q_auto,f_auto/csmtlmyfhhxcj1clotbt.jpg",Alembic Pharmaceuticals Ltd,54,25,21
Levosiz Tablet,Levocetirizine (5mg),Treatment of Allergic conditions,Sleepiness Fatigue Dryness in mouth Headache Vomiting Nasopharyngitis inflammation of the throat and nasal passages,"https://onemg.gumlet.io/l_watermark_346,w_480,h_480/a_ignore,w_480,h_480,c_fit,q_auto,f_auto/jqeifh2gxojd5rabxvkw.jpg",Systopic Laboratories Pvt Ltd,35,40,25
Livoluk Kid Oral Solution,Lactulose (10gm),Treatment of ConstipationTreatment of Hepatic encephalopathy,Abdominal pain Nausea Vomiting Diarrhea,"https://onemg.gumlet.io/l_watermark_346,w_480,h_480/a_ignore,w_480,h_480,c_fit,q_auto,f_auto/cropped/xfxq1zzpfuxpvzfweicw.jpg",Panacea Biotec Ltd,17,20,63
Ldio 1 M 5mg/10mg Tablet,Levocetirizine (5mg) + Montelukast (10mg),Treatment of Sneezing and runny nose due to allergiesTreatment of Hay feverTreatment of Allergic skin conditions,Nausea Diarrhea Dryness in mouth Fatigue Headache Skin rash Sleepiness Vomiting,"https://onemg.gumlet.io/l_watermark_346,w_480,h_480/a_ignore,w_480,h_480,c_fit,q_auto,f_auto/b36b96ffb75f47f2b9253c9a6453763e.jpg",Unison Pharmaceuticals Pvt Ltd,52,38,10
L-Cin Syrup,Levofloxacin (125mg),Treatment of Bacterial infections,Headache Dizziness Nausea Constipation Diarrhea,"https://onemg.gumlet.io/l_watermark_346,w_480,h_480/a_ignore,w_480,h_480,c_fit,q_auto,f_auto/cropped/dkh0hltd9axqqdq9qqe1.jpg",Lupin Ltd,33,67,0
Lizomed 600 Tablet,Linezolid (600mg),Treatment of Severe bacterial infections,Vomiting Headache Nausea Decreased blood cells red cells white cells and platelets Diarrhea,"https://onemg.gumlet.io/l_watermark_346,w_480,h_480/a_ignore,w_480,h_480,c_fit,q_auto,f_auto/ky7lot9oesevptxlispi.jpg",Aglowmed Limited,50,0,50
Larinate 200 Kit Tablet,Artesunate (200mg) + Sulphadoxine (500mg) + Pyrimethamine (25mg),Treatment of Malaria,Nausea Vomiting Diarrhea Feeling of fullness Mouth sore Skin rash Fatigue Headache Dizziness Upset stomach E C G changes,"https://onemg.gumlet.io/l_watermark_346,w_480,h_480/a_ignore,w_480,h_480,c_fit,q_auto,f_auto/84a2190546eb44b2ba7c1290e4e86ff4.jpg",Ipca Laboratories Ltd,42,22,36
Laxit Plus Syrup,Sodium Picosulfate (3.33mg) + Liquid Paraffin (1.25ml) + Milk Of Magnesia (3.75ml),Treatment of Constipation,Diarrhea Stomach pain,"https://onemg.gumlet.io/l_watermark_346,w_480,h_480/a_ignore,w_480,h_480,c_fit,q_auto,f_auto/fazbqwaybrrlahkcgbw9.jpg",Duckbill Drugs Pvt Ltd,67,33,0
Livoluk Oral Solution,Lactulose (10gm),Treatment of ConstipationTreatment of Hepatic encephalopathy,Abdominal pain Nausea Vomiting Diarrhea,"https://onemg.gumlet.io/l_watermark_346,w_480,h_480/a_ignore,w_480,h_480,c_fit,q_auto,f_auto/cropped/jkisxiu7pq4ger8oigzc.jpg",Panacea Biotec Ltd,33,17,50
Lupi-Fsh 75 Injection,Urofollitropin (75IU), Female infertility,Abdominal pain Headache Bloating Pelvic pain Abdominal cramp Nausea Respiratory disorder Hot flushes,"https://onemg.gumlet.io/l_watermark_346,w_480,h_480/a_ignore,w_480,h_480,c_fit,q_auto,f_auto/7e6e45c5c26f4e6aae99b04de323b570.jpg",Lupin Ltd,33,37,30
Lariago Suspension,Chloroquine (50mg),Treatment of AmoebiasisTreatment of Malaria,Upset stomach Photosensitivity Rash Headache Dizziness Vomiting Nausea Stomach pain Loss of appetite Diarrhea,"https://onemg.gumlet.io/l_watermark_346,w_480,h_480/a_ignore,w_480,h_480,c_fit,q_auto,f_auto/cropped/v6nqzf6vywt9t3mb4ily.jpg",Ipca Laboratories Ltd,28,44,28
Locula 10% Eye Drop,Sulphacetamide (10% w/v),Treatment of Bacterial eye infections,Eye irritation Stinging in the eyes,"https://onemg.gumlet.io/l_watermark_346,w_480,h_480/a_ignore,w_480,h_480,c_fit,q_auto,f_auto/cropped/hlofwsnnwwcsb4ocr5vt.jpg",East India Pharmaceutical Works Ltd,17,50,33
Linid IV 600mg Infusion,Linezolid (600mg),Treatment of Severe bacterial infections,Vomiting Headache Nausea Decreased blood cells red cells white cells and platelets Diarrhea,"https://onemg.gumlet.io/l_watermark_346,w_480,h_480/a_ignore,w_480,h_480,c_fit,q_auto,f_auto/a0cb0398dcc24efab3791964875daa96.jpg",Zydus Cadila,53,7,40
Lupirtin Capsule,Flupirtine (100mg), Pain relief,Fatigue Dizziness Nausea Dryness in mouth Tremors Heartburn Vomiting Abdominal pain Constipation Loss of appetite Depression Headache Abdominal discomfort Sleep disturbance Increased sweating Restlessness Nervousness Flatulence Diarrhea,"https://onemg.gumlet.io/l_watermark_346,w_480,h_480/a_ignore,w_480,h_480,c_fit,q_auto,f_auto/cropped/x3p0l32inctymtl8bquu.jpg",Lupin Ltd,44,39,17
Lidozone  Ear Drop,Lidocaine (1% w/v) + Phenazone (4% w/v),Treatment of Ear pain,Application site reactions burning irritation itching and redness,"https://onemg.gumlet.io/l_watermark_346,w_480,h_480/a_ignore,w_480,h_480,c_fit,q_auto,f_auto/416e6e7a-4a62-4152-a547-8020c7d0a9f3.jpeg",Delcure Life Sciences,28,21,51
L Montus Oral Suspension,Levocetirizine (2.5mg/5ml) + Montelukast (4mg/5ml),Treatment of Sneezing and runny nose due to allergiesTreatment of Hay feverTreatment of Allergic skin conditions,Rash Nausea Diarrhea Dryness in mouth Fatigue Headache Skin rash Sleepiness Vomiting,"https://onemg.gumlet.io/l_watermark_346,w_480,h_480/a_ignore,w_480,h_480,c_fit,q_auto,f_auto/cropped/jotupmhslaeidw0kdwdi.jpg",Fourrts India Laboratories Pvt Ltd,27,49,24
Logidruf Shampoo,Ketoconazole (2% w/v) + Piroctone Olamine (0.5% w/v),Treatment of Dandruff,Application site reactions burning irritation itching and redness,"https://onemg.gumlet.io/l_watermark_346,w_480,h_480/a_ignore,w_480,h_480,c_fit,q_auto,f_auto/cropped/xmsebvnlg0lyvuyqkehx.jpg",Canixa Life Sciences Pvt,26,45,29
Lodoz 5 Tablet,Bisoprolol (5mg) + Hydrochlorothiazide (6.25mg), Hypertension (high blood pressure),Nausea Constipation Fatigue Headache Diarrhea Dizziness Cold extremities Slow heart rate Increased blood uric acid Decreased potassium level in blood Glucose intolerance Altered blood lipid level Decreased magnesium level in blood Increased calcium level in blood,"https://onemg.gumlet.io/l_watermark_346,w_480,h_480/a_ignore,w_480,h_480,c_fit,q_auto,f_auto/cropped/gvwkxylmfubby4rul0ri.jpg",Merck Ltd,54,40,6
Lmwx 60 Injection,Enoxaparin (60mg),Treatment and prevention of Blood clots,Bleeding Headache Low blood platelets Increased liver enzymes Anemia low number of red blood cells Fever Injection site pain Breathing problems Edema swelling Diarrhea,"https://onemg.gumlet.io/l_watermark_346,w_480,h_480/a_ignore,w_480,h_480,c_fit,q_auto,f_auto/8e09a1b08d824b299e2558cd04d966bb.jpg",Abbott,36,52,12
Lubrifresh Eye Drop,Carboxymethylcellulose (0.5% w/v) + Oxychloro Complex (0.005% w/v),Treatment of Dry eyes,Application site reactions burning irritation itching and redness Blurred vision,"https://onemg.gumlet.io/l_watermark_346,w_480,h_480/a_ignore,w_480,h_480,c_fit,q_auto,f_auto/cropped/cdsxiayw9rklzgp1bayx.jpg",Sapient Laboratories Pvt Ltd,67,33,0
L-Cin 750 Tablet,Levofloxacin (750mg),Treatment of Bacterial infections,Headache Dizziness Nausea Constipation Diarrhea,"https://onemg.gumlet.io/l_watermark_346,w_480,h_480/a_ignore,w_480,h_480,c_fit,q_auto,f_auto/cropped/xdobu39nvl9k6iqmb2vu.jpg",Lupin Ltd,25,48,27
Levacetam 500 Tablet,Levetiracetam (500mg),Treatment of Epilepsy/Seizures,Sleepiness Dizziness Fatigue Headache Decreased appetite Behavioral changes Aggressive behavior Irritation Agitation Nasal congestion stuffy nose Infection Convulsion Nasopharyngitis inflammation of the throat and nasal passages Nausea Tremors Vertigo Lethargy,"https://onemg.gumlet.io/l_watermark_346,w_480,h_480/a_ignore,w_480,h_480,c_fit,q_auto,f_auto/cropped/af5ejfvcfgorrbacalkk.jpg",Micro Labs Ltd,42,25,33
Livcare Syrup,L-Ornithine L-Aspartate (150mg) + Pancreatin (100mg),Treatment of Indigestion,Nausea Stomach pain Bloating Diarrhea Constipation,"https://onemg.gumlet.io/l_watermark_346,w_480,h_480/a_ignore,w_480,h_480,c_fit,q_auto,f_auto/c7f86955acf9459c99b116de9583cc71.jpg",Sun Pharmaceutical Industries Ltd,0,33,67
Ludura Cream,Luliconazole (1% w/w),Treatment of Fungal skin infections,Application site reactions burning irritation itching and redness Dry skin Skin peeling Blisters on skin,"https://onemg.gumlet.io/l_watermark_346,w_480,h_480/a_ignore,w_480,h_480,c_fit,q_auto,f_auto/cropped/lxsdz3xa5hvwe624f0nj.jpg",Cipla Ltd,21,55,24
Lariago 40mg Injection,Chloroquine (40mg),Treatment of Malaria,Weakness Rash Headache Dizziness Vomiting Nausea Stomach pain Loss of appetite Diarrhea,"https://onemg.gumlet.io/l_watermark_346,w_480,h_480/a_ignore,w_480,h_480,c_fit,q_auto,f_auto/cropped/januqcs5dv7nhhkpu0cf.jpg",Ipca Laboratories Ltd,44,28,28
Lobet 20mg Injection,Labetalol (20mg),Treatment of Hypertensive emergency,Dizziness Ejaculation disorder Vomiting Fatigue Impotence Paresthesia tingling or pricking sensation Nausea Indigestion Nasal congestion stuffy nose Edema swelling,"https://onemg.gumlet.io/l_watermark_346,w_480,h_480/a_ignore,w_480,h_480,c_fit,q_auto,f_auto/6d7a26c20627408382784ae317224ff5.jpg",Samarth Life Sciences Pvt Ltd,56,44,0
Lupase 25000 Tablet,Pancreatin (300mg),Treatment of Pancreatic enzyme deficiency,Stomach pain Bloating Diarrhea,"https://onemg.gumlet.io/l_watermark_346,w_480,h_480/a_ignore,w_480,h_480,c_fit,q_auto,f_auto/22068fdd1aaf41a9b92a30a12985717c.jpg",Lupin Ltd,41,49,10
Lacoset 50 Tablet,Lacosamide (50mg), Epilepsy/Seizures,Dizziness Headache Nausea Sleepiness Vomiting Visual disturbance Dryness in mouth Muscle spasm,"https://onemg.gumlet.io/l_watermark_346,w_480,h_480/a_ignore,w_480,h_480,c_fit,q_auto,f_auto/cropped/d5dzvbgtuxwgbpe0pwc0.jpg",Sun Pharmaceutical Industries Ltd,36,55,9
Lamitor DT 100 Tablet,Lamotrigine (100mg), Epilepsy/Seizures Bipolar disorder,Skin rash Headache Nausea Vomiting Dryness in mouth Insomnia difficulty in sleeping Sleepiness Dizziness Back pain Abdominal pain Blurred vision Double vision Impaired coordination Nasal congestion stuffy nose Infection,"https://onemg.gumlet.io/l_watermark_346,w_480,h_480/a_ignore,w_480,h_480,c_fit,q_auto,f_auto/cropped/jxqkwobp2l4wglm42ty9.jpg",Torrent Pharmaceuticals Ltd,48,40,12
Levipil 1g Tablet,Levetiracetam (1000mg),Treatment of Epilepsy/Seizures,Sleepiness Dizziness Fatigue Headache Decreased appetite Behavioral changes Aggressive behavior Irritation Agitation Nasal congestion stuffy nose Infection Convulsion Nasopharyngitis inflammation of the throat and nasal passages Nausea Tremors Vertigo Lethargy,"https://onemg.gumlet.io/l_watermark_346,w_480,h_480/a_ignore,w_480,h_480,c_fit,q_auto,f_auto/cropped/zmxgijdb7eg0jy34axyp.jpg",Sun Pharmaceutical Industries Ltd,38,36,26
Lotemox Eye Drop,Loteprednol etabonate (0.5% w/v) + Moxifloxacin (0.5% w/v),Treatment of Eye infection with inflammation,Eye irritation Eye discomfort,"https://onemg.gumlet.io/l_watermark_346,w_480,h_480/a_ignore,w_480,h_480,c_fit,q_auto,f_auto/v32r7qyp337b7o4zidvs.jpg",Optho Pharma Pvt Ltd,47,33,20
Lulican XL Cream,Luliconazole (1% w/w),Treatment of Fungal skin infections,Application site reactions burning irritation itching and redness Dry skin Skin peeling Blisters on skin,"https://onemg.gumlet.io/l_watermark_346,w_480,h_480/a_ignore,w_480,h_480,c_fit,q_auto,f_auto/w91kefzcwtubttvn9gqv.jpg",Glenmark Pharmaceuticals Ltd,39,39,22
Lacrimos 0.5% Eye Drop,Carboxymethylcellulose (0.5% w/v) + Oxychloro Complex (0.005% w/v),Treatment of Dry eyes,Application site reactions burning irritation itching and redness Blurred vision,"https://onemg.gumlet.io/l_watermark_346,w_480,h_480/a_ignore,w_480,h_480,c_fit,q_auto,f_auto/cropped/hiqzbusbwvizfolbmqcx.jpg",Lupin Ltd,23,40,37
Laveta Tablet DT,Levocetirizine (5mg),Treatment of Allergic conditions,Sleepiness Fatigue Dryness in mouth Headache Vomiting Nasopharyngitis inflammation of the throat and nasal passages,"https://onemg.gumlet.io/l_watermark_346,w_480,h_480/a_ignore,w_480,h_480,c_fit,q_auto,f_auto/6422929582154144965756b486709876.jpg",Alembic Pharmaceuticals Ltd,31,43,26
Lecet 5mg Tablet,Levocetirizine (5mg),Treatment of Allergic conditions,Sleepiness Fatigue Dryness in mouth Headache Vomiting Nasopharyngitis inflammation of the throat and nasal passages,"https://onemg.gumlet.io/l_watermark_346,w_480,h_480/a_ignore,w_480,h_480,c_fit,q_auto,f_auto/22a8778f97704731b415075bf569d730.jpg",Biochem Pharmaceutical Industries,33,21,46
Losakind-H Tablet,Losartan (50mg) + Hydrochlorothiazide (12.5mg),Treatment of Hypertension (high blood pressure),Nausea Taste change Upset stomach Diarrhea Headache Dizziness Weakness Decreased blood pressure Increased blood uric acid Increased blood lipid level Glucose intolerance Electrolyte imbalance,"https://onemg.gumlet.io/l_watermark_346,w_480,h_480/a_ignore,w_480,h_480,c_fit,q_auto,f_auto/cropped/tnfhszmy83fzjc25jew4.jpg",Mankind Pharma Ltd,35,28,37
Lobate S Ointment,Clobetasol (0.05% w/w) + Salicylic Acid (3% w/w) + Lactic Acid (3% w/w) + Urea (10% w/w), Eczema Psoriasis,Application site reactions burning irritation itching and redness,"https://onemg.gumlet.io/l_watermark_346,w_480,h_480/a_ignore,w_480,h_480,c_fit,q_auto,f_auto/cropped/lsowcv0jnhqkxays826p.jpg",Abbott,16,51,33
Lulifin Cream,Luliconazole (1% w/w),Treatment of Fungal skin infections,Application site reactions burning irritation itching and redness Dry skin Skin peeling Blisters on skin,"https://onemg.gumlet.io/l_watermark_346,w_480,h_480/a_ignore,w_480,h_480,c_fit,q_auto,f_auto/cropped/gulrqsro9plvyewd5y3j.jpg",Sun Pharmaceutical Industries Ltd,34,31,35
Lynx Active Gel,Lincomycin (2% w/w), Acne,Application site reactions burning irritation itching and redness,"https://onemg.gumlet.io/l_watermark_346,w_480,h_480/a_ignore,w_480,h_480,c_fit,q_auto,f_auto/cropped/rm8vswskpkb8irshllev.jpg",Wallace Pharmaceuticals Pvt Ltd,35,34,31
Lazine M Tablet,Levocetirizine (5mg) + Montelukast (10mg),Treatment of Sneezing and runny nose due to allergiesTreatment of Hay feverTreatment of Allergic skin conditions,Nausea Diarrhea Dryness in mouth Fatigue Headache Skin rash Sleepiness Vomiting,"https://onemg.gumlet.io/l_watermark_346,w_480,h_480/a_ignore,w_480,h_480,c_fit,q_auto,f_auto/352f0428ae47442ab3eddf7f12750dd6.jpg",Hetero Drugs Ltd,36,43,21
Levolin 100mcg Rotacap,Levosalbutamol (100mcg), Chronic obstructive pulmonary disease (COPD)Treatment of Asthma,Accidental injury Bronchitis inflammation of the airways Dizziness Pain Pharyngitis Nasal congestion stuffy nose Vomiting Chest pain Palpitations Sore throat Tremors,"https://onemg.gumlet.io/l_watermark_346,w_480,h_480/a_ignore,w_480,h_480,c_fit,q_auto,f_auto/cropped/gg5aaz03dqjazjx5uu7e.jpg",Cipla Ltd,48,35,17
Labmox 250mg Capsule,Amoxycillin (250mg),Treatment of Bacterial infections,Nausea Diarrhea Skin rash Vomiting,"https://onemg.gumlet.io/l_watermark_346,w_480,h_480/a_ignore,w_480,h_480,c_fit,q_auto,f_auto/95c99a27c2224d53afc16775a225123a.jpg",Laborate Pharmaceuticals India Ltd,0,33,67
Levera 750 Tablet,Levetiracetam (750mg),Treatment of Epilepsy/Seizures,Sleepiness Dizziness Fatigue Headache Decreased appetite Behavioral changes Aggressive behavior Irritation Agitation Nasal congestion stuffy nose Infection Convulsion Nasopharyngitis inflammation of the throat and nasal passages Nausea Tremors Vertigo Lethargy,"https://onemg.gumlet.io/l_watermark_346,w_480,h_480/a_ignore,w_480,h_480,c_fit,q_auto,f_auto/cropped/pvkr3a6utlnv4hrfehol.jpg",Intas Pharmaceuticals Ltd,44,54,2
Lutiderm Cream,Fluticasone Propionate (0.05% w/w),Treatment of Skin conditions with inflammation & itching,Application site reactions burning irritation itching and redness,"https://onemg.gumlet.io/l_watermark_346,w_480,h_480/a_ignore,w_480,h_480,c_fit,q_auto,f_auto/cropped/glx9gs7lb1o9mj5mzndv.jpg",Canixa Life Sciences Pvt,25,42,33
Levazeo 25 Tablet,Levosulpiride (25mg), Gastroesophageal reflux disease (Acid reflux) Irritable bowel syndrome Heartburn,Increased prolactin level in blood Extrapyramidal symptoms Weight gain Akathisia inability to stay still Increased liver enzymes Constipation Insomnia difficulty in sleeping Sedation Maculopapular rash,"https://onemg.gumlet.io/l_watermark_346,w_480,h_480/a_ignore,w_480,h_480,c_fit,q_auto,f_auto/cropped/uk1srnczouatekcz0mlr.jpg",Torrent Pharmaceuticals Ltd,56,22,22
Looz Peg Oral Solution Orange,Polyethylene Glycol (13.125gm), Constipation Intestine preparation before any surgery,Stomach pain Nausea Diarrhea,"https://onemg.gumlet.io/l_watermark_346,w_480,h_480/a_ignore,w_480,h_480,c_fit,q_auto,f_auto/cropped/hapayvdj4wyy3zih8eif.jpg",Intas Pharmaceuticals Ltd,33,45,22
Lubrijoint Pro Tablet,Diacerein (50mg) + Glucosamine Sulfate Potassium Chloride (750mg) + Methyl Sulfonyl Methane (250mg), Osteoarthritis,Nausea Diarrhea Constipation Indigestion Heartburn Urine discoloration,"https://onemg.gumlet.io/l_watermark_346,w_480,h_480/a_ignore,w_480,h_480,c_fit,q_auto,f_auto/cropped/jo6dycuv6bytrlzgutzu.jpg",Wallace Pharmaceuticals Pvt Ltd,50,0,50
Levokast Tablet,Levocetirizine (5mg) + Montelukast (10mg),Treatment of Sneezing and runny nose due to allergiesTreatment of Hay feverTreatment of Allergic skin conditions,Nausea Diarrhea Dryness in mouth Fatigue Headache Skin rash Sleepiness Vomiting,"https://onemg.gumlet.io/l_watermark_346,w_480,h_480/a_ignore,w_480,h_480,c_fit,q_auto,f_auto/fe3f984cf4704185b2cdbd9f7f09e6f1.jpg",TTK Healthcare Ltd,29,46,25
Lipikind 40 Tablet,Atorvastatin (40mg), High cholesterolPrevention of Heart attack,Dyspepsia Abdominal pain Indigestion Diarrhea Joint pain Nasopharyngitis inflammation of the throat and nasal passages Nausea Pain in extremities Urinary tract infection Abnormal liver function tests,"https://onemg.gumlet.io/l_watermark_346,w_480,h_480/a_ignore,w_480,h_480,c_fit,q_auto,f_auto/cropped/ndi65sgyurqlhfqbidht.jpg",Mankind Pharma Ltd,0,67,33
Linospan 600 Tablet,Linezolid (600mg),Treatment of Severe bacterial infections,Vomiting Headache Nausea Decreased blood cells red cells white cells and platelets Diarrhea,"https://onemg.gumlet.io/l_watermark_346,w_480,h_480/a_ignore,w_480,h_480,c_fit,q_auto,f_auto/06c23b0f439f422fbdd967934fd6fdd6.jpg",Cipla Ltd,22,45,33
Lumerax 40mg/240mg Tablet,Artemether (40mg) + Lumefantrine (240mg),Treatment of Malaria,Headache Loss of appetite Dizziness Weakness Joint pain Muscle pain,"https://onemg.gumlet.io/l_watermark_346,w_480,h_480/a_ignore,w_480,h_480,c_fit,q_auto,f_auto/36e51dea92494f0f99752034eb7d9734.jpg",Ipca Laboratories Ltd,40,20,40
Loratin 10mg Tablet,Loratadine (10mg),Treatment of Allergic conditions,Sleepiness Headache,"https://onemg.gumlet.io/l_watermark_346,w_480,h_480/a_ignore,w_480,h_480,c_fit,q_auto,f_auto/7cffe6b6857149078add27bbfdcc7094.jpg",Cipla Ltd,30,37,33
Lonitab 5 Tablet,Minoxidil (5mg),Treatment of Hypertension (high blood pressure),Hypotension low blood pressure Headache Hypertrichosis excessive hair growth Weight gain Tachycardia Decreased white blood cell count E C G changes,"https://onemg.gumlet.io/l_watermark_346,w_480,h_480/a_ignore,w_480,h_480,c_fit,q_auto,f_auto/cropped/o35byjtegpvkzbmsioht.jpg",Intas Pharmaceuticals Ltd,43,43,14
Lamitor DT 50 Tablet,Lamotrigine (50mg), Epilepsy/Seizures Bipolar disorder,Skin rash Headache Nausea Vomiting Dryness in mouth Insomnia difficulty in sleeping Sleepiness Dizziness Back pain Abdominal pain Blurred vision Double vision Impaired coordination Nasal congestion stuffy nose Infection,"https://onemg.gumlet.io/l_watermark_346,w_480,h_480/a_ignore,w_480,h_480,c_fit,q_auto,f_auto/cropped/pptzxe2ybmqh6apcojti.jpg",Torrent Pharmaceuticals Ltd,43,35,22
Lupilyzer Oral Solution,Magnesium Citrate (375mg/5ml) + Potassium Citrate (1100mg/5ml), Kidney stone,Diarrhea Nausea Vomiting Stomach pain,"https://onemg.gumlet.io/l_watermark_346,w_480,h_480/a_ignore,w_480,h_480,c_fit,q_auto,f_auto/cropped/ugpzlxs8qrecu5y15r6n.jpg",Lupin Ltd,100,0,0
Lactifiber  Granules,Lactitol (10gm) + Ispaghula (3.5gm),Treatment of Constipation,Bloating Stomach cramp Flatulence,"https://onemg.gumlet.io/l_watermark_346,w_480,h_480/a_ignore,w_480,h_480,c_fit,q_auto,f_auto/cropped/zxvuxpzuhxve6zrww2t9.jpg",Sun Pharmaceutical Industries Ltd,38,22,40
Lipitas 10 Tablet,Rosuvastatin (10mg),Treatment of High cholesterol Prevention of heart attack and stroke,Muscle pain Weakness Headache Abdominal pain Dizziness Joint pain Nausea,"https://onemg.gumlet.io/l_watermark_346,w_480,h_480/a_ignore,w_480,h_480,c_fit,q_auto,f_auto/mejkbdfpetkxzmxov5mq.jpg",Intas Pharmaceuticals Ltd,17,83,0
Lupride Depot 22.5mg Injection,Leuprolide (22.5mg),Treatment of Prostate cancerTreatment of EndometriosisTreatment of Uterine fibroidsTreatment of Precocious puberty (premature puberty),Decreased libido Testicular atrophy Increased sweating Fatigue Muscle weakness Erectile dysfunction Bone pain Injection site reaction Hot flashes,"https://onemg.gumlet.io/l_watermark_346,w_480,h_480/a_ignore,w_480,h_480,c_fit,q_auto,f_auto/eed726c329c5423f9d5613e8521ce246.jpg",Sun Pharmaceutical Industries Ltd,67,33,0
Latoprost Eye Drop,Latanoprost (0.005% w/v), Glaucoma Ocular hypertension,Eyelash changes Eye pain Increased sensitivity to light Burning sensation in eye Eye itching Foreign body sensation Itching Stinging in the eyes Conjunctival hyperemia,"https://onemg.gumlet.io/l_watermark_346,w_480,h_480/a_ignore,w_480,h_480,c_fit,q_auto,f_auto/cropped/ssu4ihs1p4p7ar8l83fw.jpg",Sun Pharmaceutical Industries Ltd,47,39,14
Lupride Depot 11.25mg Injection,Leuprolide (11.25mg),Treatment of Prostate cancerTreatment of EndometriosisTreatment of Uterine fibroidsTreatment of Precocious puberty (premature puberty),Decreased libido Testicular atrophy Increased sweating Fatigue Muscle weakness Erectile dysfunction Bone pain Injection site reaction Hot flashes,"https://onemg.gumlet.io/l_watermark_346,w_480,h_480/a_ignore,w_480,h_480,c_fit,q_auto,f_auto/ro79wsvzld3muq44qwvw.jpg",Sun Pharmaceutical Industries Ltd,33,19,48
Lasma LC Tablet,Levocetirizine (5mg) + Montelukast (10mg),Treatment of Sneezing and runny nose due to allergiesTreatment of Hay feverTreatment of Allergic skin conditions,Nausea Diarrhea Dryness in mouth Fatigue Headache Skin rash Sleepiness Vomiting,"https://onemg.gumlet.io/l_watermark_346,w_480,h_480/a_ignore,w_480,h_480,c_fit,q_auto,f_auto/cropped/ifs5qb7xybyfimcgtcxp.jpg",Apex Laboratories Pvt Ltd,33,56,11
Lasma LC Tablet,Levocetirizine (5mg) + Montelukast (10mg),Treatment of Sneezing and runny nose due to allergiesTreatment of Hay feverTreatment of Allergic skin conditions,Nausea Diarrhea Dryness in mouth Fatigue Headache Skin rash Sleepiness Vomiting,"https://onemg.gumlet.io/l_watermark_346,w_480,h_480/a_ignore,w_480,h_480,c_fit,q_auto,f_auto/cropped/ifs5qb7xybyfimcgtcxp.jpg",Apex Laboratories Pvt Ltd,33,56,11
Low-Dex Eye Drops,Dexamethasone (0.05% w/v), Eye infectionTreatment of Inflammatory conditionsTreatment of Autoimmune conditions,Eye irritation Bitter taste,"https://onemg.gumlet.io/l_watermark_346,w_480,h_480/a_ignore,w_480,h_480,c_fit,q_auto,f_auto/cropped/uobmrsjp1xqtfa8gwgku.jpg",Syntho Pharmaceuticals Pvt Ltd,75,25,0
Lumet 80 Tablet,Artemether (80mg) + Lumefantrine (480mg),Treatment of Malaria,Headache Loss of appetite Dizziness Weakness Joint pain Muscle pain,"https://onemg.gumlet.io/l_watermark_346,w_480,h_480/a_ignore,w_480,h_480,c_fit,q_auto,f_auto/3f5d6e84a87240f986e17141e29e4c0d.jpg",Cipla Ltd,20,53,27
Lipicure Gold 40 Capsule,Aspirin (75mg) + Atorvastatin (40mg) + Clopidogrel (75mg),Prevention of Heart attack,Increased bleeding tendency Abdominal pain Indigestion Bruise Nosebleeds Gastrointestinal bleeding Diarrhea,"https://onemg.gumlet.io/l_watermark_346,w_480,h_480/a_ignore,w_480,h_480,c_fit,q_auto,f_auto/qs6gwmu2dmockvo3ksg1.jpg",Intas Pharmaceuticals Ltd,42,33,25
Letrohope 2.5 Tablet,Letrozole (2.5mg),Treatment of Breast cancerTreatment of Infertility due to anovulation,Fatigue Hypercholesterolemia high cholesterol Increased sweating Hot flashes Bone pain Dizziness Joint pain Edema swelling Flushing sense of warmth in the face ears neck and trunk,"https://onemg.gumlet.io/l_watermark_346,w_480,h_480/a_ignore,w_480,h_480,c_fit,q_auto,f_auto/cropped/uugd3ytkawk1xtaw6ov1.jpg",Mankind Pharma Ltd,15,27,58
Levolin 1 Tablet,Levosalbutamol (1mg),Treatment of Chronic obstructive pulmonary disease (COPD),Tremors Headache Palpitations Increased heart rate Muscle cramp,"https://onemg.gumlet.io/l_watermark_346,w_480,h_480/a_ignore,w_480,h_480,c_fit,q_auto,f_auto/cropped/czdyovbsgbzqbjnmzaca.jpg",Cipla Ltd,28,55,17
Loceryl Cream,Amorolfine (0.25% w/w), Fungal nail infections,Blisters on skin Nail disorder Skin irritation Skin rash Erythema skin redness,"https://onemg.gumlet.io/l_watermark_346,w_480,h_480/a_ignore,w_480,h_480,c_fit,q_auto,f_auto/cropped/wlmgai4qm0wlkthavvrh.jpg",Galderma India Pvt Ltd,50,30,20
Levera 250 Tablet,Levetiracetam (250mg),Treatment of Epilepsy/Seizures,Sleepiness Dizziness Fatigue Headache Decreased appetite Behavioral changes Aggressive behavior Irritation Agitation Nasal congestion stuffy nose Infection Convulsion Nasopharyngitis inflammation of the throat and nasal passages Nausea Tremors Vertigo Lethargy,"https://onemg.gumlet.io/l_watermark_346,w_480,h_480/a_ignore,w_480,h_480,c_fit,q_auto,f_auto/cropped/vpyrfolbr3mz6lcpanze.jpg",Intas Pharmaceuticals Ltd,35,36,29
Lulifin Cream,Luliconazole (1% w/w),Treatment of Fungal skin infections,Application site reactions burning irritation itching and redness Dry skin Skin peeling Blisters on skin,"https://onemg.gumlet.io/l_watermark_346,w_480,h_480/a_ignore,w_480,h_480,c_fit,q_auto,f_auto/cropped/n1ruxy0ci6gzbtz6xiqg.jpg",Sun Pharmaceutical Industries Ltd,47,33,20
Lox 2% Injection,Lidocaine (2%), Local anesthesia (Numb tissues in a specific area),Injection site reactions pain swelling redness,"https://onemg.gumlet.io/l_watermark_346,w_480,h_480/a_ignore,w_480,h_480,c_fit,q_auto,f_auto/5d38e7a566904c599e6ff311cc42c412.jpg",Neon Laboratories Ltd,100,0,0
Lupin Mira 25 Tablet ER,Mirabegron (25mg),Treatment of Overactive bladder (OAB) symptoms,Constipation Headache High blood pressure Nasal inflammation Urinary tract infection Fast heart rate Joint pain,"https://onemg.gumlet.io/l_watermark_346,w_480,h_480/a_ignore,w_480,h_480,c_fit,q_auto,f_auto/smqdmnoldwwjxdt9lzfm.jpg",Lupin Ltd,50,50,0
LCF LS Syrup,Ambroxol (30mg/5ml) + Levosalbutamol (1mg/5ml) + Guaifenesin (50mg/5ml),Treatment of Cough with mucus,Nausea Vomiting Diarrhea Upset stomach Stomach pain Allergic reaction Dizziness Headache Rash Hives Tremors Palpitations Muscle cramp Increased heart rate,"https://onemg.gumlet.io/l_watermark_346,w_480,h_480/a_ignore,w_480,h_480,c_fit,q_auto,f_auto/tmgjkfso67lzujfmoefb.jpg",Lupin Ltd,29,50,21
Lubrijoint Activ Tablet,Glucosamine (500mg) + Chondroitin (400mg), Osteoarthritis,Nausea Diarrhea Constipation Heartburn,"https://onemg.gumlet.io/l_watermark_346,w_480,h_480/a_ignore,w_480,h_480,c_fit,q_auto,f_auto/icgg242nadv5xye59g5q.jpg",Wallace Pharmaceuticals Pvt Ltd,42,25,33
Lipocut 120 Capsule,Orlistat (120mg), Obesity,Fat in stool Bowel incontinence Flatus with discharge Oily spotting Increased urge to pass bowels Oily evacuation Increased bowel movements,"https://onemg.gumlet.io/l_watermark_346,w_480,h_480/a_ignore,w_480,h_480,c_fit,q_auto,f_auto/cropped/wprlwuvppejqahjg0jk8.jpg",Lupin Ltd,13,40,47
Loxof 750mg Tablet,Levofloxacin (750mg),Treatment of Bacterial infections,Headache Dizziness Nausea Constipation Diarrhea,"https://onemg.gumlet.io/l_watermark_346,w_480,h_480/a_ignore,w_480,h_480,c_fit,q_auto,f_auto/cropped/myyoac6ygqeers32ahp8.jpg",Sun Pharmaceutical Industries Ltd,22,56,22
Lupisoz-D Capsule SR,Domperidone (30mg) + Esomeprazole (40mg),Treatment of Gastroesophageal reflux disease (Acid reflux)Treatment of Functional dyspepsia,Diarrhea Flatulence Stomach pain Dryness in mouth Headache,"https://onemg.gumlet.io/l_watermark_346,w_480,h_480/a_ignore,w_480,h_480,c_fit,q_auto,f_auto/lttoxcnmzrx9xcrl85nz.jpg",Lupin Ltd,58,42,0
Levorid D Tablet,Levocetirizine (2.5mg) + Phenylephrine (10mg), Sneezing and runny nose due to allergies,Headache Dryness in mouth Nausea Vomiting Tiredness Sleepiness Restlessness,"https://onemg.gumlet.io/l_watermark_346,w_480,h_480/a_ignore,w_480,h_480,c_fit,q_auto,f_auto/cropped/jzwnanwswyjsendd8b5c.jpg",Cipla Ltd,52,30,18
Levolin Plus Jr Expectorant,Ambroxol (15mg) + Levosalbutamol (0.5mg) + Guaifenesin (50mg),Treatment of Cough with mucus,Nausea Vomiting Diarrhea Upset stomach Stomach pain Allergic reaction Dizziness Headache Rash Hives Tremors Palpitations Muscle cramp Increased heart rate,"https://onemg.gumlet.io/l_watermark_346,w_480,h_480/a_ignore,w_480,h_480,c_fit,q_auto,f_auto/30f8e9448ad94b889c62bd9310d55612.jpg",Cipla Ltd,80,20,0
Levorid Tablet,Levocetirizine (5mg),Treatment of Allergic conditions,Sleepiness Fatigue Dryness in mouth Headache Vomiting Nasopharyngitis inflammation of the throat and nasal passages,"https://onemg.gumlet.io/l_watermark_346,w_480,h_480/a_ignore,w_480,h_480,c_fit,q_auto,f_auto/lta73mz6tlkushfxl2i4.jpg",Cipla Ltd,42,50,8
Lecope Syrup,Levocetirizine (2.5mg/5ml),Treatment of Allergic conditions,Nausea Constipation Dizziness Sleepiness Fatigue Dryness in mouth Headache Vomiting Nasopharyngitis inflammation of the throat and nasal passages,"https://onemg.gumlet.io/l_watermark_346,w_480,h_480/a_ignore,w_480,h_480,c_fit,q_auto,f_auto/cropped/wbxzxi0pu2i7edcvernu.jpg",Mankind Pharma Ltd,17,83,0
Licab Tablet,Lithium carbonate (300mg), Mania Bipolar disorder,Tremors Slurred speech Uncoordinated body movements Nausea Acne Increased white blood cell count Memory impairment Hair loss Goiter enlarged thyroid gland Skin rash Increased thirst Weight gain Polyuria Diarrhea,"https://onemg.gumlet.io/l_watermark_346,w_480,h_480/a_ignore,w_480,h_480,c_fit,q_auto,f_auto/cropped/httdtxglxsq2ht8zslpf.jpg",Torrent Pharmaceuticals Ltd,33,53,14
Lac Soft C Gel,Clobetasol (0.05% w/w) + Lactic Acid (12% w/w), Eczema Psoriasis,Application site reactions burning irritation itching and redness,"https://onemg.gumlet.io/l_watermark_346,w_480,h_480/a_ignore,w_480,h_480,c_fit,q_auto,f_auto/yztgoskg9mhu2tsc0eg5.jpg",Ipca Laboratories Ltd,17,61,22
Levocetrizen 10mg Tablet,Levocetirizine (10mg),Treatment of Allergic conditions,Sleepiness Fatigue Dryness in mouth Headache Vomiting Nasopharyngitis inflammation of the throat and nasal passages,"https://onemg.gumlet.io/l_watermark_346,w_480,h_480/a_ignore,w_480,h_480,c_fit,q_auto,f_auto/0d2d0498063047bcb6555b6429cdb9b3.jpg",Leeford Healthcare Ltd,33,47,20
Lipicure 20 Tablet,Atorvastatin (20mg), High cholesterolPrevention of Heart attack,Dyspepsia Abdominal pain Indigestion Diarrhea Joint pain Nasopharyngitis inflammation of the throat and nasal passages Nausea Pain in extremities Urinary tract infection Abnormal liver function tests,"https://onemg.gumlet.io/l_watermark_346,w_480,h_480/a_ignore,w_480,h_480,c_fit,q_auto,f_auto/cropped/hgfwa2q7cfyhyyoubkks.jpg",Intas Pharmaceuticals Ltd,40,27,33
Licab XL Tablet,Lithium carbonate (400mg), Mania Bipolar disorder,Tremors Slurred speech Uncoordinated body movements Nausea Acne Increased white blood cell count Memory impairment Hair loss Goiter enlarged thyroid gland Skin rash Increased thirst Weight gain Polyuria Diarrhea,"https://onemg.gumlet.io/l_watermark_346,w_480,h_480/a_ignore,w_480,h_480,c_fit,q_auto,f_auto/cropped/ahpmv4eyudmmrgqlnmse.jpg",Torrent Pharmaceuticals Ltd,38,38,24
Lacarnit Injection,Levo-carnitine (1gm/5ml), Carnitine deficiency,Vomiting Nausea Injection site reactions pain swelling redness Diarrhea Abdominal pain,"https://onemg.gumlet.io/l_watermark_346,w_480,h_480/a_ignore,w_480,h_480,c_fit,q_auto,f_auto/cropped/kde37nkmuo2hh8pz0eqn.jpg",La Renon Healthcare Pvt Ltd,11,67,22
Leeford Clinsol Anti Acne Soap,Clindamycin (NA),Treatment of Bacterial infections,Application site reactions burning irritation itching and redness Skin rash Stomach pain Nausea Vomiting Diarrhea,"https://onemg.gumlet.io/l_watermark_346,w_480,h_480/a_ignore,w_480,h_480,c_fit,q_auto,f_auto/skavdqugu1bqie1hwj9p.jpg",Leeford Healthcare Ltd,37,25,38
Lamez 100 Tablet,Lamotrigine (100mg), Epilepsy/Seizures Bipolar disorder,Skin rash Headache Nausea Vomiting Dryness in mouth Insomnia difficulty in sleeping Sleepiness Dizziness Back pain Abdominal pain Blurred vision Double vision Impaired coordination Nasal congestion stuffy nose Infection,"https://onemg.gumlet.io/l_watermark_346,w_480,h_480/a_ignore,w_480,h_480,c_fit,q_auto,f_auto/cropped/mbgouaxzcmvuw87t1hl7.jpg",Intas Pharmaceuticals Ltd,33,38,29
Lamitor OD 100 Tablet SR,Lamotrigine (100mg), Epilepsy/Seizures Bipolar disorder,Skin rash Headache Nausea Vomiting Dryness in mouth Insomnia difficulty in sleeping Sleepiness Dizziness Back pain Abdominal pain Blurred vision Double vision Impaired coordination Nasal congestion stuffy nose Infection,"https://onemg.gumlet.io/l_watermark_346,w_480,h_480/a_ignore,w_480,h_480,c_fit,q_auto,f_auto/cropped/efvsu3sgksm2ugj5iq5n.jpg",Torrent Pharmaceuticals Ltd,40,44,16
L-Cin 250 Tablet,Levofloxacin (250mg),Treatment of Bacterial infections,Headache Dizziness Nausea Constipation Diarrhea,"https://onemg.gumlet.io/l_watermark_346,w_480,h_480/a_ignore,w_480,h_480,c_fit,q_auto,f_auto/eplma61g1e4gu9qtuih6.jpg",Lupin Ltd,100,0,0
Lipicure 40 Tablet,Atorvastatin (40mg), High cholesterolPrevention of Heart attack,Dyspepsia Abdominal pain Indigestion Diarrhea Joint pain Nasopharyngitis inflammation of the throat and nasal passages Nausea Pain in extremities Urinary tract infection Abnormal liver function tests,"https://onemg.gumlet.io/l_watermark_346,w_480,h_480/a_ignore,w_480,h_480,c_fit,q_auto,f_auto/cropped/fdy6zksni6iyj8a5iv3e.jpg",Intas Pharmaceuticals Ltd,40,29,31
Lotesol-M Eye Drop,Loteprednol etabonate (0.5% w/v) + Moxifloxacin (0.5% w/v),Treatment of Eye infection with inflammation,Eye irritation Eye discomfort,"https://onemg.gumlet.io/l_watermark_346,w_480,h_480/a_ignore,w_480,h_480,c_fit,q_auto,f_auto/cropped/hlxxtssey7titmffxgop.jpg",Nri Vision Care India Limited,25,25,50
Lulibet Cream,Luliconazole (1% w/w),Treatment of Fungal skin infections,Application site reactions burning irritation itching and redness Dry skin Skin peeling Blisters on skin,"https://onemg.gumlet.io/l_watermark_346,w_480,h_480/a_ignore,w_480,h_480,c_fit,q_auto,f_auto/cropped/dy8n0byb2mflhoaouizd.jpg",Intas Pharmaceuticals Ltd,32,41,27
Lezyncet Tablet,Levocetirizine (5mg),Treatment of Allergic conditions,Sleepiness Fatigue Dryness in mouth Headache Vomiting Nasopharyngitis inflammation of the throat and nasal passages,"https://onemg.gumlet.io/l_watermark_346,w_480,h_480/a_ignore,w_480,h_480,c_fit,q_auto,f_auto/kpmoggine7oj0k9djfcj.jpg",Torrent Pharmaceuticals Ltd,33,17,50
Lilituf Cream,Luliconazole (1% w/w),Treatment of Fungal skin infections,Application site reactions burning irritation itching and redness Dry skin Skin peeling Blisters on skin,"https://onemg.gumlet.io/l_watermark_346,w_480,h_480/a_ignore,w_480,h_480,c_fit,q_auto,f_auto/060f2cc6c47544168dcfc4853ffec814.jpg",Alkem Laboratories Ltd,19,45,36
LAN 30 Capsule,Lansoprazole (30mg),Treatment of Gastroesophageal reflux disease (Acid reflux)Treatment of Peptic ulcer disease,Nausea Headache Flatulence Diarrhea,"https://onemg.gumlet.io/l_watermark_346,w_480,h_480/a_ignore,w_480,h_480,c_fit,q_auto,f_auto/cropped/vun4czsznbkqhn5s9g0f.jpg",Intas Pharmaceuticals Ltd,33,59,8
Loteflam Eye Drop,Loteprednol etabonate (0.5% w/v), Redness and swelling in the eye,Eye irritation Watery eyes Burning sensation,"https://onemg.gumlet.io/l_watermark_346,w_480,h_480/a_ignore,w_480,h_480,c_fit,q_auto,f_auto/cropped/qdmsoc4dkuui7mxdfhi0.jpg",Cipla Ltd,67,33,0
Levocet M Kid Tablet MD,Levocetirizine (2.5mg) + Montelukast (4mg),Treatment of Sneezing and runny nose due to allergiesTreatment of Hay feverTreatment of Allergic skin conditions,Rash Nausea Diarrhea Dryness in mouth Fatigue Headache Skin rash Sleepiness Vomiting,"https://onemg.gumlet.io/l_watermark_346,w_480,h_480/a_ignore,w_480,h_480,c_fit,q_auto,f_auto/c303cd26897243a481dbcd7faba10b91.jpg",Hetero Drugs Ltd,75,25,0
Luly Cream,Luliconazole (1% w/w),Treatment of Fungal skin infections,Application site reactions burning irritation itching and redness Dry skin Skin peeling Blisters on skin,"https://onemg.gumlet.io/l_watermark_346,w_480,h_480/a_ignore,w_480,h_480,c_fit,q_auto,f_auto/784cef54c9594c4cb1501c848c5029ed.jpg",Brinton Pharmaceuticals Pvt Ltd,29,59,12
Letpro 2.5mg Tablet,Letrozole (2.5mg),Treatment of Breast cancerTreatment of Infertility due to anovulation,Fatigue Hypercholesterolemia high cholesterol Increased sweating Hot flashes Bone pain Dizziness Joint pain Edema swelling Flushing sense of warmth in the face ears neck and trunk,"https://onemg.gumlet.io/l_watermark_346,w_480,h_480/a_ignore,w_480,h_480,c_fit,q_auto,f_auto/fa8fdee2d1a3449fa6f7bc00a39d9c53.jpg",Aristo Pharmaceuticals Pvt Ltd,50,8,42
Levotac-M Tablet,Levocetirizine (5mg) + Montelukast (10mg),Treatment of Sneezing and runny nose due to allergiesTreatment of Hay feverTreatment of Allergic skin conditions,Nausea Diarrhea Dryness in mouth Fatigue Headache Skin rash Sleepiness Vomiting,"https://onemg.gumlet.io/l_watermark_346,w_480,h_480/a_ignore,w_480,h_480,c_fit,q_auto,f_auto/cropped/ngvifqzzebwoda0p3gop.jpg",Seagull Pharmaceutical Pvt Ltd,41,44,15
Lyrica 150mg Capsule,Pregabalin (150mg),Treatment of Neuropathic painTreatment of Epilepsy/SeizuresTreatment of Fibromyalgia,Blurred vision Difficulty in paying attention Dizziness Dryness in mouth Edema swelling Sleepiness Weight gain,"https://onemg.gumlet.io/l_watermark_346,w_480,h_480/a_ignore,w_480,h_480,c_fit,q_auto,f_auto/cropped/xlw8f1kunzlme9mampdh.jpg",Pfizer Ltd,40,31,29
Luray Cream,Luliconazole (1% w/w),Treatment of Fungal skin infections,Application site reactions burning irritation itching and redness Dry skin Skin peeling Blisters on skin,"https://onemg.gumlet.io/l_watermark_346,w_480,h_480/a_ignore,w_480,h_480,c_fit,q_auto,f_auto/a8c0006c8b3a486da01e877f47fae48b.jpg",Prism Life Sciences Ltd,27,44,29
Lulican Forte 5% Lotion,Luliconazole (5% w/v),Treatment of Fungal skin infections,Application site reactions burning irritation itching and redness Dry skin Skin peeling Blisters on skin,"https://onemg.gumlet.io/l_watermark_346,w_480,h_480/a_ignore,w_480,h_480,c_fit,q_auto,f_auto/cropped/wh6m3crezppuriqarlyw.jpg",Glenmark Pharmaceuticals Ltd,13,60,27
Luramax 40 Tablet,Lurasidone (40mg), Schizophrenia,Nausea Vomiting Weight gain Sleepiness Dryness in mouth Indigestion Parkinsonism Akathisia inability to stay still Anxiety Stomach discomfort Restlessness Upper abdominal pain Agitation Insomnia difficulty in sleeping Increased saliva production,"https://onemg.gumlet.io/l_watermark_346,w_480,h_480/a_ignore,w_480,h_480,c_fit,q_auto,f_auto/cropped/hdkqxdelp5yqnfqzqfvh.jpg",Sun Pharmaceutical Industries Ltd,30,48,22
Lupinem 500mg Injection,Imipenem (500mg) + Cilastatin (500mg), Severe bacterial infections,Nausea Vomiting Diarrhea Rash,"https://onemg.gumlet.io/l_watermark_346,w_480,h_480/a_ignore,w_480,h_480,c_fit,q_auto,f_auto/df01f628080745eaacaeb8074ac3e864.jpg",Lupin Ltd,43,47,10
Levenue 500 Tablet,Levetiracetam (500mg),Treatment of Epilepsy/Seizures,Sleepiness Dizziness Fatigue Headache Decreased appetite Behavioral changes Aggressive behavior Irritation Agitation Nasal congestion stuffy nose Infection Convulsion Nasopharyngitis inflammation of the throat and nasal passages Nausea Tremors Vertigo Lethargy,"https://onemg.gumlet.io/l_watermark_346,w_480,h_480/a_ignore,w_480,h_480,c_fit,q_auto,f_auto/60384bd8ec8041d09e14751d243becf4.jpg",Alkem Laboratories Ltd,57,43,0
L Cetriver 5mg Tablet,Levocetirizine (5mg),Treatment of Allergic conditions,Sleepiness Fatigue Dryness in mouth Headache Vomiting Nasopharyngitis inflammation of the throat and nasal passages,"https://onemg.gumlet.io/l_watermark_346,w_480,h_480/a_ignore,w_480,h_480,c_fit,q_auto,f_auto/76ac262e64de44c280b4f2e295c21521.jpg",Leeford Healthcare Ltd,25,29,46
LUCEE CREAM,Luliconazole (1% w/w),Treatment of Fungal skin infections,Application site reactions burning irritation itching and redness Dry skin Skin peeling Blisters on skin,"https://onemg.gumlet.io/l_watermark_346,w_480,h_480/a_ignore,w_480,h_480,c_fit,q_auto,f_auto/cropped/bggmrzfqvpuyvdkou549.png",Talent India ,37,26,37
Lulifin Cream,Luliconazole (1% w/w),Treatment of Fungal skin infections,Application site reactions burning irritation itching and redness Dry skin Skin peeling Blisters on skin,"https://onemg.gumlet.io/l_watermark_346,w_480,h_480/a_ignore,w_480,h_480,c_fit,q_auto,f_auto/qlof71h7yk9eflhtorse.jpg",Sun Pharmaceutical Industries Ltd,40,40,20
Lornit 150 Tablet,L-Ornithine L-Aspartate (150mg),Treatment of Liver  disease,Injection site reactions pain swelling redness,"https://onemg.gumlet.io/l_watermark_346,w_480,h_480/a_ignore,w_480,h_480,c_fit,q_auto,f_auto/ri7t5afheo1x5jjlvzmd.jpg",Zuventus Healthcare Ltd,33,34,33
Luliderm Lotion,Luliconazole (1% w/v),Treatment of Fungal skin infections,Application site reactions burning irritation itching and redness Dry skin Skin peeling Blisters on skin,"https://onemg.gumlet.io/l_watermark_346,w_480,h_480/a_ignore,w_480,h_480,c_fit,q_auto,f_auto/cropped/yudyk6dnerfru7dklmt0.jpg",Aristo Pharmaceuticals Pvt Ltd,22,30,48
Leezole VG Vaginal Softgel Capsule,Clindamycin (100mg) + Clotrimazole (200mg), Syndromic treatment of vaginal discharge,Vaginal burning sensation Itching Irritation,"https://onemg.gumlet.io/l_watermark_346,w_480,h_480/a_ignore,w_480,h_480,c_fit,q_auto,f_auto/35d30b0ea5274a1b8dd63842d052ab7c.jpg",Leeford Healthcare Ltd,53,30,17
Lobate M Cream,Clobetasol (0.05% w/w) + Miconazole (2% w/w),Treatment of Skin infections,Burning sensation Itching Skin pain,"https://onemg.gumlet.io/l_watermark_346,w_480,h_480/a_ignore,w_480,h_480,c_fit,q_auto,f_auto/cropped/aowqqjmb7mhmsfd0yzfl.jpg",Abbott,36,53,11
Lipirose 20 Tablet,Rosuvastatin (20mg),Treatment of High cholesterol Prevention of heart attack and stroke,Muscle pain Weakness Headache Abdominal pain Dizziness Joint pain Nausea,"https://onemg.gumlet.io/l_watermark_346,w_480,h_480/a_ignore,w_480,h_480,c_fit,q_auto,f_auto/dn3e9ocjzjnin7g2pavl.jpg",Mankind Pharma Ltd,50,17,33
Lotefast Ophthalmic Suspension,Loteprednol etabonate (0.5% w/v), Redness and swelling in the eye,Eye irritation Watery eyes Burning sensation,"https://onemg.gumlet.io/l_watermark_346,w_480,h_480/a_ignore,w_480,h_480,c_fit,q_auto,f_auto/cropped/iww8l9glypkgizbyvkqo.jpg",Intas Pharmaceuticals Ltd,100,0,0
LCZ 10 Tablet,Levocetirizine (10mg),Treatment of Allergic conditions,Sleepiness Fatigue Dryness in mouth Headache Vomiting Nasopharyngitis inflammation of the throat and nasal passages,"https://onemg.gumlet.io/l_watermark_346,w_480,h_480/a_ignore,w_480,h_480,c_fit,q_auto,f_auto/cropped/rygwwcchonhkufyn6myw.jpg",Rapross Pharmaceuticals Pvt Ltd,40,47,13
Laxil Oral Solution,Lactulose (10gm),Treatment of ConstipationTreatment of Hepatic encephalopathy,Abdominal pain Nausea Vomiting Diarrhea,"https://onemg.gumlet.io/l_watermark_346,w_480,h_480/a_ignore,w_480,h_480,c_fit,q_auto,f_auto/cropped/nvce3scqpeu5odnap8n5.jpg",Mapra Laboratories Pvt Ltd,17,8,75
Lotel Gel,Loteprednol etabonate (0.5% w/v), Redness and swelling in the eye,Eye irritation Watery eyes Burning sensation,"https://onemg.gumlet.io/l_watermark_346,w_480,h_480/a_ignore,w_480,h_480,c_fit,q_auto,f_auto/rxa8tgtcdscsqmxzbw1l.jpg",Ajanta Pharma Ltd,17,35,48
Lot Eye Drop,Loteprednol etabonate (5mg), Redness and swelling in the eye,Eye irritation Watery eyes Burning sensation,"https://onemg.gumlet.io/l_watermark_346,w_480,h_480/a_ignore,w_480,h_480,c_fit,q_auto,f_auto/ac375392f7854128b8bdbd530eb9f6dc.jpg",Entod Pharmaceuticals Ltd,0,33,67
Levomac 750 Tablet,Levofloxacin (750mg),Treatment of Bacterial infections,Headache Dizziness Nausea Constipation Diarrhea,"https://onemg.gumlet.io/l_watermark_346,w_480,h_480/a_ignore,w_480,h_480,c_fit,q_auto,f_auto/cropped/hkh8ckfml3xutw6zmjur.jpg",Macleods Pharmaceuticals Pvt Ltd,33,17,50
Lipirose-Gold 10 Capsule,Aspirin (75mg) + Rosuvastatin (10mg) + Clopidogrel (75mg), Heart attack,Increased bleeding tendency Abdominal pain Indigestion Bruise Nosebleeds Gastrointestinal bleeding Weakness Headache Muscle pain Diarrhea Nausea,"https://onemg.gumlet.io/l_watermark_346,w_480,h_480/a_ignore,w_480,h_480,c_fit,q_auto,f_auto/114916feed5143e9af72ce72de532228.jpg",Mankind Pharma Ltd,44,56,0
Lox 10% Spray,Lidocaine (10% w/v), Local anesthesia (Numb tissues in a specific area),Allergic reaction Application site reactions burning irritation itching and redness,"https://onemg.gumlet.io/l_watermark_346,w_480,h_480/a_ignore,w_480,h_480,c_fit,q_auto,f_auto/cropped/bjahkcadc2khhaghdoyj.jpg",Neon Laboratories Ltd,27,21,52
Losakind 50 Tablet,Losartan (50mg),Treatment of Hypertension (high blood pressure)Treatment of Heart failure Prevention of heart attack and stroke,Dizziness Decreased blood pressure Hypoglycemia low blood glucose level Increased potassium level in blood Increased blood urea,"https://onemg.gumlet.io/l_watermark_346,w_480,h_480/a_ignore,w_480,h_480,c_fit,q_auto,f_auto/cropped/t0vpj82tsztwu48nxx0v.jpg",Mankind Pharma Ltd,61,32,7
Lupituss SF Suspension,Levocloperastine (20mg/5ml),Treatment of Dry cough,Palpitations Dizziness Fainting Fatigue Headache Sleepiness Gastrointestinal disturbance Confusion Numbness,"https://onemg.gumlet.io/l_watermark_346,w_480,h_480/a_ignore,w_480,h_480,c_fit,q_auto,f_auto/e609d709fce148c2bb1db25016eb3114.jpg",Lupin Ltd,0,17,83
Levolin 1.25mg Respules,Levosalbutamol (1.25mg), Chronic obstructive pulmonary disease (COPD)Treatment of Asthma,Accidental injury Bronchitis inflammation of the airways Dizziness Pain Pharyngitis Nasal congestion stuffy nose Vomiting Chest pain Palpitations Sore throat Tremors,"https://onemg.gumlet.io/l_watermark_346,w_480,h_480/a_ignore,w_480,h_480,c_fit,q_auto,f_auto/z8jiwf3rkczkrhddgdw7.jpg",Cipla Ltd,28,50,22
Lorsaid SD 8 Tablet,Lornoxicam (8mg), Pain relief,Dizziness Headache Stomach pain Upset stomach Diarrhea Nausea Vomiting Indigestion,"https://onemg.gumlet.io/l_watermark_346,w_480,h_480/a_ignore,w_480,h_480,c_fit,q_auto,f_auto/cropped/bp4jv8i1ic8t4qsgaoej.jpg",Abbott,39,39,22
Locipil Tablet,Ethinyl Estradiol (0.02mg) + Desogestrel (0.15mg), Contraception,Nausea Stomach pain Headache Irregular uterine bleeding Weight gain Breast pain,"https://onemg.gumlet.io/l_watermark_346,w_480,h_480/a_ignore,w_480,h_480,c_fit,q_auto,f_auto/wfvz6sy5yub42oehondp.jpg",Corona Remedies Pvt Ltd,20,67,13
Looz Fibre Granules,Lactitol (10gm) + Ispaghula (3.5gm),Treatment of Constipation,Bloating Stomach cramp Flatulence,"https://onemg.gumlet.io/l_watermark_346,w_480,h_480/a_ignore,w_480,h_480,c_fit,q_auto,f_auto/cropped/pxmdlompmft6cqepd2gp.jpg",Intas Pharmaceuticals Ltd,33,45,22
Loxof OZ Tablet,Levofloxacin (250mg) + Ornidazole (500mg), Diarrhea Dysentery,Nausea Loss of appetite Dizziness Headache,"https://onemg.gumlet.io/l_watermark_346,w_480,h_480/a_ignore,w_480,h_480,c_fit,q_auto,f_auto/cropped/q6ryxq3we3bg6mnhii3d.jpg",Sun Pharmaceutical Industries Ltd,42,16,42
Loprin 75 Tablet,Aspirin (75mg),Prevention of Angina (heart-related chest pain)Treatment and prevention of Heart attackTreatment and prevention of Stroke,Heartburn Increased bleeding tendency Nausea Upset stomach Vomiting,"https://onemg.gumlet.io/l_watermark_346,w_480,h_480/a_ignore,w_480,h_480,c_fit,q_auto,f_auto/cvntyxp7wisahbhphxua.jpg",Torrent Pharmaceuticals Ltd,26,54,20
Lulimac Lotion,Luliconazole (1% w/v),Treatment of Fungal skin infections,Application site reactions burning irritation itching and redness Dry skin Skin peeling Blisters on skin,"https://onemg.gumlet.io/l_watermark_346,w_480,h_480/a_ignore,w_480,h_480,c_fit,q_auto,f_auto/hkvzqkhmsixvhu9phrtb.jpg",Macleods Pharmaceuticals Pvt Ltd,11,37,52
Lizomac DS Dry Syrup,Linezolid (100mg/5ml),Treatment of Resistant Tuberculosis (TB)Treatment of Severe bacterial infections,Decreased blood pressure Vomiting Headache Nausea Decreased blood cells red cells white cells and platelets Diarrhea,"https://onemg.gumlet.io/l_watermark_346,w_480,h_480/a_ignore,w_480,h_480,c_fit,q_auto,f_auto/cropped/xdakfoydpaifipwoqngo.jpg",Macleods Pharmaceuticals Pvt Ltd,0,33,67
LzHH Cream,Luliconazole (1% w/w),Treatment of Fungal skin infections,Application site reactions burning irritation itching and redness Dry skin Skin peeling Blisters on skin,"https://onemg.gumlet.io/l_watermark_346,w_480,h_480/a_ignore,w_480,h_480,c_fit,q_auto,f_auto/cropped/x32d6htrb7b2cauwojwc.jpg",Hegde and Hegde Pharmaceutical LLP,29,33,38
Levemir 100IU/ml Flexpen,Insulin detemir (100IU),Treatment of Diabetes,Hypoglycemia low blood glucose level Injection site allergic reaction,"https://onemg.gumlet.io/l_watermark_346,w_480,h_480/a_ignore,w_480,h_480,c_fit,q_auto,f_auto/7f594d0428db42a48cde600c9abfe2ab.jpg",Novo Nordisk India Pvt Ltd,58,33,9
Lafaxid 10 Tablet,Lafutidine (10mg), Heartburn Gastroesophageal reflux disease (Acid reflux) Peptic ulcer disease,Fatigue Drowsiness Headache Increased liver enzymes Constipation Increased uric acid level in blood Diarrhea Muscle pain Protein in urine,"https://onemg.gumlet.io/l_watermark_346,w_480,h_480/a_ignore,w_480,h_480,c_fit,q_auto,f_auto/ca68280575284871b5cb9e595ead68c1.jpg",Zuventus Healthcare Ltd,29,38,33
Lidocam Mouth Wash,Benzoxonium Chloride (2.5mg/5ml) + Lidocaine (2.5mg/5ml), Inflammation of gums Mouth ulcers Mouth infection,No common side effects seen,"https://onemg.gumlet.io/l_watermark_346,w_480,h_480/a_ignore,w_480,h_480,c_fit,q_auto,f_auto/c511b1f9c6334810b6a9c5dd50ca38ec.jpg",Ajanta Pharma Ltd,43,57,0
Lupisulin R 40IU/ml Solution for Injection,Human insulin (40IU), Diabetes,Hypoglycemia low blood glucose level Weight gain Injection site reactions pain swelling redness Cold sweat Anxiety Shakiness Hunger pangs Fast heart rate Headache Nervousness,"https://onemg.gumlet.io/l_watermark_346,w_480,h_480/a_ignore,w_480,h_480,c_fit,q_auto,f_auto/mrklrka9cg5pgf0rvyg6.jpg",Lupin Ltd,22,45,33
Lupigest 200 Soft Gelatin Capsule,Progesterone (Natural Micronized) (200mg), Hormone replacement therapyTreatment of Female infertility,Abdominal pain Nausea Abnormal vaginal bleeding Edema swelling Hair loss Abdominal bloating Headache Breast pain Vomiting Vaginal yeast infection,"https://onemg.gumlet.io/l_watermark_346,w_480,h_480/a_ignore,w_480,h_480,c_fit,q_auto,f_auto/cropped/tarfabbnsyyyrxla5wbq.jpg",Lupin Ltd,21,37,42
Leezole Mouth Paint,Clotrimazole (1% w/v), Fungal infections of mouth (Thrush)Treatment of Fungal infections,No common side effects seen Blisters Skin peeling Swelling Application site irritation,"https://onemg.gumlet.io/l_watermark_346,w_480,h_480/a_ignore,w_480,h_480,c_fit,q_auto,f_auto/fede963cc48148a8a54edbebd468deb9.jpg",Leeford Healthcare Ltd,33,28,39
Leucorin Tablet,Calcium Leucovorin (15mg),Prevention of Harmful effects of methotrexate,No common side effects seen,"https://onemg.gumlet.io/l_watermark_346,w_480,h_480/a_ignore,w_480,h_480,c_fit,q_auto,f_auto/f4ea336bd6764027988582b4be6a9b0b.jpg",Samarth Life Sciences Pvt Ltd,83,17,0
Lotel Eye Ointment,Loteprednol etabonate (5mg), Redness and swelling in the eye,Eye irritation Watery eyes Burning sensation,"https://onemg.gumlet.io/l_watermark_346,w_480,h_480/a_ignore,w_480,h_480,c_fit,q_auto,f_auto/a68a245602aa4e349176c5d7a121b15d.jpg",Ajanta Pharma Ltd,25,33,42
Lamitor DT 25 Tablet,Lamotrigine (25mg), Epilepsy/Seizures Bipolar disorder,Skin rash Headache Nausea Vomiting Dryness in mouth Insomnia difficulty in sleeping Sleepiness Dizziness Back pain Abdominal pain Blurred vision Double vision Impaired coordination Nasal congestion stuffy nose Infection,"https://onemg.gumlet.io/l_watermark_346,w_480,h_480/a_ignore,w_480,h_480,c_fit,q_auto,f_auto/cropped/m4uluuqd4s087pf1kh0l.jpg",Torrent Pharmaceuticals Ltd,20,80,0
Levera XR 500 Tablet,Levetiracetam (500mg),Treatment of Epilepsy/Seizures,Sleepiness Dizziness Fatigue Headache Decreased appetite Behavioral changes Aggressive behavior Irritation Agitation Nasal congestion stuffy nose Infection Convulsion Nasopharyngitis inflammation of the throat and nasal passages Nausea Tremors Vertigo Lethargy,"https://onemg.gumlet.io/l_watermark_346,w_480,h_480/a_ignore,w_480,h_480,c_fit,q_auto,f_auto/cropped/mgxlnxnamlyzsz7d1k15.jpg",Intas Pharmaceuticals Ltd,51,39,10
Lasma LC kid Syrup,Levocetirizine (2.5mg/5ml) + Montelukast (4mg/5ml),Treatment of Sneezing and runny nose due to allergiesTreatment of Hay feverTreatment of Allergic skin conditions,Rash Nausea Diarrhea Dryness in mouth Fatigue Headache Skin rash Sleepiness Vomiting,"https://onemg.gumlet.io/l_watermark_346,w_480,h_480/a_ignore,w_480,h_480,c_fit,q_auto,f_auto/9bf6a567b1754dbc8cbd0a81e69b71b0.jpg",Apex Laboratories Pvt Ltd,13,54,33
Lozivate Cream,Clobetasol (0.05% w/w),Treatment of Allergic skin conditions,Skin atrophy Telangiectasia Skin irritation Dry skin,"https://onemg.gumlet.io/l_watermark_346,w_480,h_480/a_ignore,w_480,h_480,c_fit,q_auto,f_auto/cropped/ffnzgui66xnhxdc4bhuk.jpg",Canixa Life Sciences Pvt,52,19,29
Luligee Cream,Luliconazole (1% w/w),Treatment of Fungal skin infections,Application site reactions burning irritation itching and redness Dry skin Skin peeling Blisters on skin,"https://onemg.gumlet.io/l_watermark_346,w_480,h_480/a_ignore,w_480,h_480,c_fit,q_auto,f_auto/cropped/e3xvalgsqrvuvq0q9dwi.jpg",Glenmark Pharmaceuticals Ltd,52,39,9
Laregab 100 Capsule,Gabapentin (100mg),Treatment of Neuropathic painTreatment of Epilepsy/Seizures,Viral infection Sleepiness Dizziness Impaired coordination Fatigue Fever,"https://onemg.gumlet.io/l_watermark_346,w_480,h_480/a_ignore,w_480,h_480,c_fit,q_auto,f_auto/cropped/uak7x35kszaxjsm7xjwg.jpg",La Renon Healthcare Pvt Ltd,0,0,100
LCD 110 Tablet,Levodopa (100mg) + Carbidopa (10mg),Treatment of Parkinson's disease,Nausea Vomiting Dryness in mouth Constipation Dizziness Sleepiness Headache Abnormal dreams Anxiety Insomnia difficulty in sleeping Abnormality of voluntary movements Orthostatic hypotension sudden lowering of blood pressure on standing,"https://onemg.gumlet.io/l_watermark_346,w_480,h_480/a_ignore,w_480,h_480,c_fit,q_auto,f_auto/c175e3c5042f4f5490edd3c529194c5c.jpg",Intas Pharmaceuticals Ltd,56,44,0
Lorfast-AM Syrup,Loratadine (5mg/5ml) + Guaifenesin (50mg/5ml) + Ambroxol (30mg/5ml), Cough with mucus,Nausea Diarrhea Vomiting Stomach pain Rash Hives Dizziness Headache Allergic reaction Sleepiness,"https://onemg.gumlet.io/l_watermark_346,w_480,h_480/a_ignore,w_480,h_480,c_fit,q_auto,f_auto/cropped/sblctvxaqsyeqfslfgcp.jpg",Cadila Pharmaceuticals Ltd,33,0,67
Lacoset 200 Tablet,Lacosamide (200mg), Epilepsy/Seizures,Dizziness Headache Nausea Sleepiness Vomiting Visual disturbance Dryness in mouth Muscle spasm,"https://onemg.gumlet.io/l_watermark_346,w_480,h_480/a_ignore,w_480,h_480,c_fit,q_auto,f_auto/cropped/pwmq2aez5oygztixgsqh.jpg",Sun Pharmaceutical Industries Ltd,52,39,9
Lamez 50 Tablet DT,Lamotrigine (50mg), Epilepsy/Seizures Bipolar disorder,Skin rash Headache Nausea Vomiting Dryness in mouth Insomnia difficulty in sleeping Sleepiness Dizziness Back pain Abdominal pain Blurred vision Double vision Impaired coordination Nasal congestion stuffy nose Infection,"https://onemg.gumlet.io/l_watermark_346,w_480,h_480/a_ignore,w_480,h_480,c_fit,q_auto,f_auto/cropped/bqrtwkdhkdmvvgkju0t9.jpg",Intas Pharmaceuticals Ltd,57,29,14
LTK-H Tablet,Losartan (50mg) + Hydrochlorothiazide (12.5mg),Treatment of Hypertension (high blood pressure),Nausea Taste change Upset stomach Diarrhea Headache Dizziness Weakness Decreased blood pressure Increased blood uric acid Increased blood lipid level Glucose intolerance Electrolyte imbalance,"https://onemg.gumlet.io/l_watermark_346,w_480,h_480/a_ignore,w_480,h_480,c_fit,q_auto,f_auto/c029653d9c504937b133274033f98493.jpg",Unison Pharmaceuticals Pvt Ltd,40,45,15
Lipigo 10 Tablet,Rosuvastatin (10mg),Treatment of High cholesterol Prevention of heart attack and stroke,Muscle pain Weakness Headache Abdominal pain Dizziness Joint pain Nausea,"https://onemg.gumlet.io/l_watermark_346,w_480,h_480/a_ignore,w_480,h_480,c_fit,q_auto,f_auto/cropped/yjmt0hjgxkbbz5gzoxxr.jpg",Merck Ltd,22,45,33
Lazine Tablet,Levocetirizine (5mg),Treatment of Allergic conditions,Sleepiness Fatigue Dryness in mouth Headache Vomiting Nasopharyngitis inflammation of the throat and nasal passages,"https://onemg.gumlet.io/l_watermark_346,w_480,h_480/a_ignore,w_480,h_480,c_fit,q_auto,f_auto/d4b92b51b0cf48b99aa9915ffa538ae4.jpg",Hetero Drugs Ltd,0,22,78
Levipil XR 500 Tablet,Levetiracetam (500mg),Treatment of Epilepsy/Seizures,Sleepiness Dizziness Fatigue Headache Decreased appetite Behavioral changes Aggressive behavior Irritation Agitation Nasal congestion stuffy nose Infection Convulsion Nasopharyngitis inflammation of the throat and nasal passages Nausea Tremors Vertigo Lethargy,"https://onemg.gumlet.io/l_watermark_346,w_480,h_480/a_ignore,w_480,h_480,c_fit,q_auto,f_auto/pxkzqq7rp8svcjkjaae0.jpg",Sun Pharmaceutical Industries Ltd,43,40,17
Lipirose 5 Tablet,Rosuvastatin (5mg),Treatment of High cholesterol Prevention of heart attack and stroke,Muscle pain Weakness Headache Abdominal pain Dizziness Joint pain Nausea,"https://onemg.gumlet.io/l_watermark_346,w_480,h_480/a_ignore,w_480,h_480,c_fit,q_auto,f_auto/cropped/ysmy3p3da2n3d24hdtfp.jpg",Mankind Pharma Ltd,50,39,11
LT-Mac  Lotion,Luliconazole (1% w/v),Treatment of Fungal skin infections,Application site reactions burning irritation itching and redness Dry skin Skin peeling Blisters on skin,"https://onemg.gumlet.io/l_watermark_346,w_480,h_480/a_ignore,w_480,h_480,c_fit,q_auto,f_auto/qdzej2kcutwo8syydpxa.jpg",Macleods Pharmaceuticals Pvt Ltd,32,43,25
Lipicure-TG Tablet,Atorvastatin (10mg) + Fenofibrate (160mg),Treatment of High cholesterolPrevention of Heart attack,Nausea Stomach pain Constipation Flatulence Headache Muscle pain Increased liver enzymes Increased glucose level in blood,"https://onemg.gumlet.io/l_watermark_346,w_480,h_480/a_ignore,w_480,h_480,c_fit,q_auto,f_auto/cropped/pplbetefyborkdy6jfqd.jpg",Intas Pharmaceuticals Ltd,50,0,50
Locula 30% Eye Drop,Sulphacetamide (30% w/v),Treatment of Bacterial eye infections,Eye irritation Stinging in the eyes,"https://onemg.gumlet.io/l_watermark_346,w_480,h_480/a_ignore,w_480,h_480,c_fit,q_auto,f_auto/cropped/mnzqotmp2he3mapova7r.jpg",East India Pharmaceutical Works Ltd,33,45,22
Lulibor Cream,Luliconazole (1% w/w),Treatment of Fungal skin infections,Application site reactions burning irritation itching and redness Dry skin Skin peeling Blisters on skin,"https://onemg.gumlet.io/l_watermark_346,w_480,h_480/a_ignore,w_480,h_480,c_fit,q_auto,f_auto/cropped/h1h2fwmqhgnmsyvp32n4.jpg",Hetero Drugs Ltd,19,57,24
LP-Mox Eye Drop,Loteprednol etabonate (0.5% w/v) + Moxifloxacin (0.5% w/v),Treatment of Eye infection with inflammation,Eye irritation Eye discomfort,"https://onemg.gumlet.io/l_watermark_346,w_480,h_480/a_ignore,w_480,h_480,c_fit,q_auto,f_auto/cropped/clx9kuy7spfpwqrf7vvn.jpg",Sanogen Pharma Private Limited,67,33,0
Lasma LC Kid Tablet,Levocetirizine (2.5mg) + Montelukast (4mg),Treatment of Sneezing and runny nose due to allergiesTreatment of Hay feverTreatment of Allergic skin conditions,Rash Nausea Diarrhea Dryness in mouth Fatigue Headache Skin rash Sleepiness Vomiting,"https://onemg.gumlet.io/l_watermark_346,w_480,h_480/a_ignore,w_480,h_480,c_fit,q_auto,f_auto/cropped/aneybkxqvbsmwyg1nhpy.jpg",Apex Laboratories Pvt Ltd,41,22,37
Lyser DP Tablet,Diclofenac (50mg) + Paracetamol (325mg) + Serratiopeptidase (10mg), Pain relief,Nausea Vomiting Stomach pain Indigestion Heartburn Loss of appetite Diarrhea,"https://onemg.gumlet.io/l_watermark_346,w_480,h_480/a_ignore,w_480,h_480,c_fit,q_auto,f_auto/b4fd39c12b11424fa62e408e25e14ed2.jpg",Comed Chemicals Ltd,56,27,17
Lipi EZ 40 Tablet,Atorvastatin (40mg) + Ezetimibe (10mg), High cholesterol,Nausea Muscle pain Increased transaminase level in blood Upper respiratory tract infection,"https://onemg.gumlet.io/l_watermark_346,w_480,h_480/a_ignore,w_480,h_480,c_fit,q_auto,f_auto/7bd555037a8246f3a34cf8c1a092e0cd.jpg",Intas Pharmaceuticals Ltd,44,34,22
Loftair-L Capsule with Inhaler,Indacaterol (110mcg) + Glycopyrrolate (50mcg), Chronic obstructive pulmonary disease (COPD),Indigestion High blood pressure Nasopharyngitis inflammation of the throat and nasal passages Chest pain Fever Urinary retention Sore throat Cough Headache Dizziness Allergic reaction Increased glucose level in blood Inflammation of the nose Sinus inflammation Urinary tract infection,"https://onemg.gumlet.io/l_watermark_346,w_480,h_480/a_ignore,w_480,h_480,c_fit,q_auto,f_auto/d4f6d9e1099c4264910284205b0fba15.jpg",Lupin Ltd,42,41,17
Livoluk Fibre  Granules Lemon,Lactulose (10gm) + Ispaghula (3.5gm), Constipation,Flatulence Stomach pain,"https://onemg.gumlet.io/l_watermark_346,w_480,h_480/a_ignore,w_480,h_480,c_fit,q_auto,f_auto/cropped/fxxyb1m3k0sjnybfbhir.jpg",Panacea Biotec Ltd,54,20,26
Lopid Capsule,Gemfibrozil (300mg), High cholesterol,Abdominal pain Diarrhea Rash Dyspepsia,"https://onemg.gumlet.io/l_watermark_346,w_480,h_480/a_ignore,w_480,h_480,c_fit,q_auto,f_auto/cropped/jmipltybnwd43nty0nar.jpg",Pfizer Ltd,36,64,0
Lumerax Dry Syrup,Arteether (20mg/5ml) + Lumefantrine (120mg/5ml),Treatment of Malaria,Headache Loss of appetite Dizziness Weakness Muscle pain Joint pain,"https://onemg.gumlet.io/l_watermark_346,w_480,h_480/a_ignore,w_480,h_480,c_fit,q_auto,f_auto/cropped/f3t4vj5wr0u0sypv6bm2.jpg",Ipca Laboratories Ltd,50,50,0
L-Cin OZ Suspension,Levofloxacin (125mg/5ml) + Ornidazole (125mg/5ml), Diarrhea Dysentery,Nausea Loss of appetite Dizziness Headache,"https://onemg.gumlet.io/l_watermark_346,w_480,h_480/a_ignore,w_480,h_480,c_fit,q_auto,f_auto/cropped/aitegykl93rgnwc0y10h.jpg",Lupin Ltd,17,41,42
Lesuride MPS Chewable Tablet,Levosulpiride (25mg), Gastroesophageal reflux disease (Acid reflux) Irritable bowel syndrome Heartburn,Increased prolactin level in blood Extrapyramidal symptoms Weight gain Akathisia inability to stay still Increased liver enzymes Constipation Insomnia difficulty in sleeping Sedation Maculopapular rash,"https://onemg.gumlet.io/l_watermark_346,w_480,h_480/a_ignore,w_480,h_480,c_fit,q_auto,f_auto/cropped/xvsl1tz4gtrnryw94ykd.jpg",Sun Pharmaceutical Industries Ltd,19,29,52
Lupigest SR 200 Tablet,Progesterone (Natural Micronized) (200mg), Hormone replacement therapyTreatment of Female infertility,Abdominal pain Nausea Abnormal vaginal bleeding Edema swelling Hair loss Abdominal bloating Headache Breast pain Vomiting Vaginal yeast infection,"https://onemg.gumlet.io/l_watermark_346,w_480,h_480/a_ignore,w_480,h_480,c_fit,q_auto,f_auto/cropped/u33u1bbfb0lyehug50ub.jpg",Lupin Ltd,20,53,27
Livafin CP Cream,Amorolfine (0.25% w/v), Fungal nail infections,Blisters on skin Nail disorder Skin irritation Skin rash Erythema skin redness,"https://onemg.gumlet.io/l_watermark_346,w_480,h_480/a_ignore,w_480,h_480,c_fit,q_auto,f_auto/w7vluw3o4hzhfxbgjstn.jpg",Zydus Cadila,27,29,44
Lorsaid P 8 Tablet,Lornoxicam (8mg) + Paracetamol (325mg), Pain relief,Nausea Vomiting Indigestion Stomach pain Diarrhea,"https://onemg.gumlet.io/l_watermark_346,w_480,h_480/a_ignore,w_480,h_480,c_fit,q_auto,f_auto/cropped/aqg7fvbj4bl3lbwjewqo.jpg",Abbott,0,50,50
Lee Dott Capsule,Racecadotril (100mg),Treatment of Diarrhea,Vomiting Dizziness General discomfort Headache,"https://onemg.gumlet.io/l_watermark_346,w_480,h_480/a_ignore,w_480,h_480,c_fit,q_auto,f_auto/824fd41bdb2b4b44b0ea978bdb0f3d98.jpg",Leeford Healthcare Ltd,11,45,44
Lacrimos-G Eye Drop,Carboxymethylcellulose (0.5% w/v) + Oxychloro Complex (0.005% w/v),Treatment of Dry eyes,Application site reactions burning irritation itching and redness Blurred vision,"https://onemg.gumlet.io/l_watermark_346,w_480,h_480/a_ignore,w_480,h_480,c_fit,q_auto,f_auto/5dda413f0477478394bc3deac40b50c8.jpg",Lupin Ltd,50,50,0
Loceryl Cream,Amorolfine (0.25% w/w), Fungal nail infections,Blisters on skin Nail disorder Skin irritation Skin rash Erythema skin redness,"https://onemg.gumlet.io/l_watermark_346,w_480,h_480/a_ignore,w_480,h_480,c_fit,q_auto,f_auto/2050bc03f5ff45f3b553d3d4c429bd92.jpg",Galderma India Pvt Ltd,30,57,13
Lotel LS Gel,Loteprednol etabonate (0.3% w/v), Redness and swelling in the eye,Eye irritation Watery eyes Burning sensation,"https://onemg.gumlet.io/l_watermark_346,w_480,h_480/a_ignore,w_480,h_480,c_fit,q_auto,f_auto/a277ff55617747ab9a9c400c548e863d.jpg",Ajanta Pharma Ltd,33,67,0
Lacotide 100mg Tablet,Lacosamide (100mg), Epilepsy/Seizures,Dizziness Headache Nausea Sleepiness Vomiting Visual disturbance Dryness in mouth Muscle spasm,"https://onemg.gumlet.io/l_watermark_346,w_480,h_480/a_ignore,w_480,h_480,c_fit,q_auto,f_auto/m9jula6r0tkehtblz8hr.jpg",Intas Pharmaceuticals Ltd,67,33,0
Liponorm F Tablet,Atorvastatin (10mg) + Fenofibrate (160mg),Treatment of High cholesterolPrevention of Heart attack,Nausea Stomach pain Constipation Flatulence Headache Muscle pain Increased liver enzymes Increased glucose level in blood,"https://onemg.gumlet.io/l_watermark_346,w_480,h_480/a_ignore,w_480,h_480,c_fit,q_auto,f_auto/hsoiiau8qvnmrs6e9mev.jpg",Blue Cross Laboratories Ltd,0,67,33
Livial Tablet,Tibolone (2.5mg), Hormone replacement therapy Post menopausal osteoporosis,Breast pain Vaginal bleeding Weight gain Abnormal hair growth Breast tenderness Cervical thickening Endometrial hyperplasia Genital itching Lower abdominal pain Pelvic pain Vaginal discharge,"https://onemg.gumlet.io/l_watermark_346,w_480,h_480/a_ignore,w_480,h_480,c_fit,q_auto,f_auto/pjigbnroyu4invnkt3oq.jpg",Organon (India) Ltd,79,21,0
Liofen 25 Tablet,Baclofen (25mg), Muscle relaxation,Dizziness Convulsion Nausea Headache Sedation Hypotension low blood pressure Hypotonia decreased muscle tone Agitation Constipation Increased white blood cell count Chills Urinary retention,"https://onemg.gumlet.io/l_watermark_346,w_480,h_480/a_ignore,w_480,h_480,c_fit,q_auto,f_auto/cropped/dt4jlrqggz7dwsintugp.jpg",Sun Pharmaceutical Industries Ltd,78,22,0
Lysoflam Forte 100000AU Tablet,Trypsin Chymotrypsin (100000AU), Pain reliefTreatment of Swelling,Limited data available,"https://onemg.gumlet.io/l_watermark_346,w_480,h_480/a_ignore,w_480,h_480,c_fit,q_auto,f_auto/cba05767e64a4528abfb4d2c7426bf6d.jpg",Cachet Pharmaceuticals Pvt Ltd,50,0,50
Lipi EZ 20 Tablet,Atorvastatin (20mg) + Ezetimibe (10mg), High cholesterol,Nausea Muscle pain Increased transaminase level in blood Upper respiratory tract infection,"https://onemg.gumlet.io/l_watermark_346,w_480,h_480/a_ignore,w_480,h_480,c_fit,q_auto,f_auto/cropped/r6lailsijp07cya5zscb.jpg",Intas Pharmaceuticals Ltd,22,78,0
Lucoz Cream,Luliconazole (1% w/w),Treatment of Fungal skin infections,Application site reactions burning irritation itching and redness Dry skin Skin peeling Blisters on skin,"https://onemg.gumlet.io/l_watermark_346,w_480,h_480/a_ignore,w_480,h_480,c_fit,q_auto,f_auto/6485d5ff8385471188f0347bfda4403d.jpg",Ajanta Pharma Ltd,50,8,42
Lametec 25 DT Tablet,Lamotrigine (25mg), Epilepsy/Seizures Bipolar disorder,Skin rash Headache Nausea Vomiting Dryness in mouth Insomnia difficulty in sleeping Sleepiness Dizziness Back pain Abdominal pain Blurred vision Double vision Impaired coordination Nasal congestion stuffy nose Infection,"https://onemg.gumlet.io/l_watermark_346,w_480,h_480/a_ignore,w_480,h_480,c_fit,q_auto,f_auto/cropped/hxffkyn3hxpjmlibnowu.jpg",Cipla Ltd,27,46,27
L Montus Kid Tablet,Levocetirizine (2.5mg) + Montelukast (4mg),Treatment of Sneezing and runny nose due to allergiesTreatment of Hay feverTreatment of Allergic skin conditions,Rash Nausea Diarrhea Dryness in mouth Fatigue Headache Skin rash Sleepiness Vomiting,"https://onemg.gumlet.io/l_watermark_346,w_480,h_480/a_ignore,w_480,h_480,c_fit,q_auto,f_auto/cropped/lkuwc81gsk7tuvqbfoaz.jpg",Fourrts India Laboratories Pvt Ltd,47,20,33
Lozivate-S Ointment,Clobetasol (0.05% w/w) + Salicylic Acid (6% w/w),Treatment of EczemaTreatment of Psoriasis,Skin peeling Thinning of skin Application site reactions burning irritation itching and redness,"https://onemg.gumlet.io/l_watermark_346,w_480,h_480/a_ignore,w_480,h_480,c_fit,q_auto,f_auto/cropped/mugg9jcfxzae9wu6td84.jpg",Canixa Life Sciences Pvt,40,43,17
Lipocut 60 Capsule,Orlistat (60mg), Obesity,Fat in stool Bowel incontinence Flatus with discharge Oily spotting Increased urge to pass bowels Oily evacuation Increased bowel movements,"https://onemg.gumlet.io/l_watermark_346,w_480,h_480/a_ignore,w_480,h_480,c_fit,q_auto,f_auto/cropped/szty4ddhr95zivxelt8h.jpg",Lupin Ltd,38,29,33
Lupisulin M 30 Injection 100IU/ml,Insulin Isophane/NPH   (70%) +   Human Insulin/Soluble Insulin (30%), Diabetes,Hypoglycemia low blood glucose level Injection site reactions pain swelling redness Weight gain,"https://onemg.gumlet.io/l_watermark_346,w_480,h_480/a_ignore,w_480,h_480,c_fit,q_auto,f_auto/155624cebf82406d89063b42ee237ac0.jpg",Lupin Ltd,56,44,0
Levomac OZ Tablet,Levofloxacin (250mg) + Ornidazole (500mg), Diarrhea Dysentery,Nausea Loss of appetite Dizziness Headache,"https://onemg.gumlet.io/l_watermark_346,w_480,h_480/a_ignore,w_480,h_480,c_fit,q_auto,f_auto/cropped/icuzofrdzkdmuwiatspu.jpg",Macleods Pharmaceuticals Pvt Ltd,53,27,20
Livoluk Oral Solution,Lactulose (10gm),Treatment of ConstipationTreatment of Hepatic encephalopathy,Abdominal pain Nausea Vomiting Diarrhea,"https://onemg.gumlet.io/l_watermark_346,w_480,h_480/a_ignore,w_480,h_480,c_fit,q_auto,f_auto/cropped/vtuv9udjkg4u8kkxlods.jpg",Panacea Biotec Ltd,22,56,22
Lulibor Lotion,Luliconazole (1% w/w),Treatment of Fungal skin infections,Application site reactions burning irritation itching and redness Dry skin Skin peeling Blisters on skin,"https://onemg.gumlet.io/l_watermark_346,w_480,h_480/a_ignore,w_480,h_480,c_fit,q_auto,f_auto/08907d79db2f4b8d8edda61c925383b6.jpg",Hetero Drugs Ltd,28,41,31
Laxobig  Syrup,Sodium Picosulfate (3.33mg) + Liquid Paraffin (1.25ml) + Milk Of Magnesia (3.75ml),Treatment of Constipation,Diarrhea Stomach pain,"https://onemg.gumlet.io/l_watermark_346,w_480,h_480/a_ignore,w_480,h_480,c_fit,q_auto,f_auto/e7d699122f9d4802b56cd9d789a90b9b.jpg",Foregen Healthcare Ltd,83,17,0
Lactolook Oral Solution Sugar Free,Lactulose (10gm),Treatment of ConstipationTreatment of Hepatic encephalopathy,Abdominal pain Nausea Vomiting Diarrhea,"https://onemg.gumlet.io/l_watermark_346,w_480,h_480/a_ignore,w_480,h_480,c_fit,q_auto,f_auto/cropped/ew38bdlrnw53v7jlymsc.jpg",Knoll Pharmaceuticals Ltd,25,46,29
Lizomed Oral Suspension,Linezolid (100mg/5ml),Treatment of Resistant Tuberculosis (TB)Treatment of Severe bacterial infections,Decreased blood pressure Vomiting Headache Nausea Decreased blood cells red cells white cells and platelets Diarrhea,"https://onemg.gumlet.io/l_watermark_346,w_480,h_480/a_ignore,w_480,h_480,c_fit,q_auto,f_auto/f0rovxexppvoj0hflzha.jpg",Aglowmed Limited,33,45,22
Lozivate-F Cream,Clobetasol (0.05% w/w) + Fusidic Acid (2% w/w),Treatment of Skin infections,Application site reactions burning irritation itching and redness Thinning of skin,"https://onemg.gumlet.io/l_watermark_346,w_480,h_480/a_ignore,w_480,h_480,c_fit,q_auto,f_auto/cropped/qvu0xwdu2mklqmiv5psr.jpg",Canixa Life Sciences Pvt,17,53,30
Lonopin MD 300mg Injection,Enoxaparin (300mg),Treatment and prevention of Blood clots,Bleeding Headache Low blood platelets Increased liver enzymes Anemia low number of red blood cells Fever Injection site pain Breathing problems Edema swelling Diarrhea,"https://onemg.gumlet.io/l_watermark_346,w_480,h_480/a_ignore,w_480,h_480,c_fit,q_auto,f_auto/gehloqiukkxemuy8wdbf.jpg",Bharat Serums & Vaccines Ltd,40,20,40
Lidogab Gel,Gabapentin (6% w/w) + Lidocaine (5% w/w), Neuropathic pain,Application site reactions burning irritation itching and redness,"https://onemg.gumlet.io/l_watermark_346,w_480,h_480/a_ignore,w_480,h_480,c_fit,q_auto,f_auto/wmfclqmorl8azpucfo7z.jpg",Akumentis Healthcare Ltd,19,57,24
Lobate-GM Neo Lotion,Clobetasol (0.05% w/w) + Miconazole (2% w/w) + Neomycin (0.5% w/w),Treatment of Skin infections,Application site reactions burning irritation itching and redness Thinning of skin,"https://onemg.gumlet.io/l_watermark_346,w_480,h_480/a_ignore,w_480,h_480,c_fit,q_auto,f_auto/b09267c804a74031a9434d8a00759301.jpg",Abbott,39,40,21
Lubrifresh Gel Eye Drop,Carboxymethylcellulose (1% w/v),Treatment of Dry eyes,Eye irritation Burning eyes Eye discomfort Eye itching Eye pain,"https://onemg.gumlet.io/l_watermark_346,w_480,h_480/a_ignore,w_480,h_480,c_fit,q_auto,f_auto/cropped/r9vbxn9p9zy25yrfbh5r.jpg",Sapient Laboratories Pvt Ltd,33,34,33
Laxitol Husk  Granules Sugar Free,Lactitol (10gm) + Ispaghula (3.5gm),Treatment of Constipation,Bloating Stomach cramp Flatulence,"https://onemg.gumlet.io/l_watermark_346,w_480,h_480/a_ignore,w_480,h_480,c_fit,q_auto,f_auto/kji2x8u09vpw5xoxnrkp.jpg",Macleods Pharmaceuticals Pvt Ltd,60,27,13
Lipicard-AV Tablet,Atorvastatin (10mg) + Fenofibrate (160mg),Treatment of High cholesterolPrevention of Heart attack,Nausea Stomach pain Constipation Flatulence Headache Muscle pain Increased liver enzymes Increased glucose level in blood,"https://onemg.gumlet.io/l_watermark_346,w_480,h_480/a_ignore,w_480,h_480,c_fit,q_auto,f_auto/cropped/u0bt1gbnysyxvefzrjhp.jpg",USV Ltd,52,41,7
Lorexane Spray,Lindane (NA), Scabies,Hair loss Rash Erythematous rash Drowsiness Headache Dizziness Convulsion Itching Dry skin Paresthesia tingling or pricking sensation Numbness Tremors,"https://onemg.gumlet.io/l_watermark_346,w_480,h_480/a_ignore,w_480,h_480,c_fit,q_auto,f_auto/cropped/ennk9g32qy9vf8mht8l8.jpg",Glaxo SmithKline Pharmaceuticals Ltd,13,54,33
Lornit 500 Tablet,L-Ornithine L-Aspartate (500mg),Treatment of Liver  disease,Injection site reactions pain swelling redness,"https://onemg.gumlet.io/l_watermark_346,w_480,h_480/a_ignore,w_480,h_480,c_fit,q_auto,f_auto/xst3nzp5b2dx0phbsfrm.jpg",Zuventus Healthcare Ltd,0,50,50
Lupin Bepogra Tablet,Bepotastine (10mg), Sneezing and runny nose due to allergies,Sleepiness Eye irritation Headache Nasopharyngitis inflammation of the throat and nasal passages Taste change Feeling thirsty Nausea Abdominal pain Diarrhea Stomach discomfort Fatigue Abnormal liver function tests,"https://onemg.gumlet.io/l_watermark_346,w_480,h_480/a_ignore,w_480,h_480,c_fit,q_auto,f_auto/cropped/pqijj5e8hyrplst3clun.jpg",Lupin Ltd,19,57,24
Lamitor OD 50 Tablet SR,Lamotrigine (50mg), Epilepsy/Seizures Bipolar disorder,Skin rash Headache Nausea Vomiting Dryness in mouth Insomnia difficulty in sleeping Sleepiness Dizziness Back pain Abdominal pain Blurred vision Double vision Impaired coordination Nasal congestion stuffy nose Infection,"https://onemg.gumlet.io/l_watermark_346,w_480,h_480/a_ignore,w_480,h_480,c_fit,q_auto,f_auto/cropped/j9e0ehimue5oxaazrl0p.jpg",Torrent Pharmaceuticals Ltd,55,30,15
L-Hist Mont FX Tablet,Montelukast (10mg) + Fexofenadine (120mg),Treatment of Sneezing and runny nose due to allergies,Nausea Diarrhea Vomiting Skin rash Flu like symptoms Headache Drowsiness Dizziness,"https://onemg.gumlet.io/l_watermark_346,w_480,h_480/a_ignore,w_480,h_480,c_fit,q_auto,f_auto/4028b8220cfe4b348ec38de66137afa4.jpg",Alkem Laboratories Ltd,33,54,13
Lipi EZ 10 Tablet,Atorvastatin (10mg) + Ezetimibe (10mg), High cholesterol,Nausea Muscle pain Increased transaminase level in blood Upper respiratory tract infection,"https://onemg.gumlet.io/l_watermark_346,w_480,h_480/a_ignore,w_480,h_480,c_fit,q_auto,f_auto/cropped/nwfww1boto0ktyfgm8gm.jpg",Intas Pharmaceuticals Ltd,50,50,0
Lubrijoint 750 Tablet,Glucosamine Sulfate Potassium Chloride (750mg), Osteoarthritis,No common side effects seen,"https://onemg.gumlet.io/l_watermark_346,w_480,h_480/a_ignore,w_480,h_480,c_fit,q_auto,f_auto/cropped/t9zp8nrtzcfbsrzc5wbk.jpg",Wallace Pharmaceuticals Pvt Ltd,25,40,35
Levogastrol Tablet,Levosulpiride (25mg), Gastroesophageal reflux disease (Acid reflux) Irritable bowel syndrome Heartburn,Increased prolactin level in blood Extrapyramidal symptoms Weight gain Akathisia inability to stay still Increased liver enzymes Constipation Insomnia difficulty in sleeping Sedation Maculopapular rash,"https://onemg.gumlet.io/l_watermark_346,w_480,h_480/a_ignore,w_480,h_480,c_fit,q_auto,f_auto/cropped/hk4bts39l58kka5cnrrv.jpg",Alembic Pharmaceuticals Ltd,28,72,0
Levilex 500 Tablet,Levetiracetam (500mg),Treatment of Epilepsy/Seizures,Sleepiness Dizziness Fatigue Headache Decreased appetite Behavioral changes Aggressive behavior Irritation Agitation Nasal congestion stuffy nose Infection Convulsion Nasopharyngitis inflammation of the throat and nasal passages Nausea Tremors Vertigo Lethargy,"https://onemg.gumlet.io/l_watermark_346,w_480,h_480/a_ignore,w_480,h_480,c_fit,q_auto,f_auto/cropped/toyhukvmuyj27glqlhvx.jpg",MSN Laboratories,59,34,7
Loy D3 Capsule,Vitamin D3 (60000IU),Treatment of Vitamin D deficiencyTreatment of Osteoporosis,No common side effects seen,"https://onemg.gumlet.io/l_watermark_346,w_480,h_480/a_ignore,w_480,h_480,c_fit,q_auto,f_auto/ofyxmj9pvfxnrcrh9s5h.jpg",Lloyd Healthcare Pvt Ltd,50,0,50
Leezole Gel,Clotrimazole (2% w/w), Fungal infections of vaginaTreatment of Fungal infections,Blisters Skin peeling Swelling Application site irritation,"https://onemg.gumlet.io/l_watermark_346,w_480,h_480/a_ignore,w_480,h_480,c_fit,q_auto,f_auto/62677148f9d0447196c673fdb33fe711.jpg",Leeford Healthcare Ltd,0,50,50
Listril 5 Tablet,Lisinopril (5mg), Hypertension (high blood pressure) Prevention of heart attack and stroke Heart failure,Decreased blood pressure Cough Increased potassium level in blood Fatigue Weakness Dizziness,"https://onemg.gumlet.io/l_watermark_346,w_480,h_480/a_ignore,w_480,h_480,c_fit,q_auto,f_auto/df695d40c64249689854eb5dd9b9aac4.jpg",Torrent Pharmaceuticals Ltd,62,17,21
Lupirtin -SR Tablet,Flupirtine (400mg), Pain relief,Fatigue Dizziness Nausea Dryness in mouth Tremors Heartburn Vomiting Abdominal pain Constipation Loss of appetite Depression Headache Abdominal discomfort Sleep disturbance Increased sweating Restlessness Nervousness Flatulence Diarrhea,"https://onemg.gumlet.io/l_watermark_346,w_480,h_480/a_ignore,w_480,h_480,c_fit,q_auto,f_auto/6655b48de5a741f9babbc253ed84503e.jpg",Lupin Ltd,38,29,33
Lupoxa OD Tablet SR,Oxaceprol (600mg), Osteoarthritis Rheumatoid arthritis,Headache Dizziness Nausea Vomiting Diarrhea,"https://onemg.gumlet.io/l_watermark_346,w_480,h_480/a_ignore,w_480,h_480,c_fit,q_auto,f_auto/b6acfc9383274ebfa3a504f15431b1b8.jpg",Lupin Ltd,17,50,33
Lupin Acp 100mg/325mg Tablet,Aceclofenac (100mg) + Paracetamol (325mg), Pain relief,Nausea Vomiting Stomach pain epigastric pain Loss of appetite Heartburn Diarrhea,"https://onemg.gumlet.io/l_watermark_346,w_480,h_480/a_ignore,w_480,h_480,c_fit,q_auto,f_auto/iqonmfwase77eztsnwxz.jpg",Lupin Ltd,100,0,0
Lamifin Cream,Terbinafine (1% w/w), Fungal skin infections,Application site reactions burning irritation itching and redness Skin peeling Headache Diarrhea Rash Indigestion Abnormal liver enzyme Itching Taste change Nausea Abdominal pain Flatulence,"https://onemg.gumlet.io/l_watermark_346,w_480,h_480/a_ignore,w_480,h_480,c_fit,q_auto,f_auto/c56cd9fa388844d8be305a0da28cbf28.jpg",Canixa Life Sciences Pvt,22,39,39
Looz Fibre Granules,Lactitol (10gm) + Ispaghula (3.5gm),Treatment of Constipation,Bloating Stomach cramp Flatulence,"https://onemg.gumlet.io/l_watermark_346,w_480,h_480/a_ignore,w_480,h_480,c_fit,q_auto,f_auto/cropped/dgr6y5wzyclcovaty2vd.jpg",Intas Pharmaceuticals Ltd,29,38,33
Lamivir HBV Tablet,Lamivudine (100mg), Chronic hepatitis B virus (HBV) infection,Headache Nausea Diarrhea Vomiting Fatigue Stomach pain Rash,"https://onemg.gumlet.io/l_watermark_346,w_480,h_480/a_ignore,w_480,h_480,c_fit,q_auto,f_auto/cropped/ysbjj1krvyz0unayud9l.jpg",Cipla Ltd,26,37,37
Lookbrite  Cream,Hydroquinone (2% w/w) + Mometasone (0.1% w/w) + Tretinoin (0.025% w/w),Treatment of Melasma,Application site reactions burning irritation itching and redness,"https://onemg.gumlet.io/l_watermark_346,w_480,h_480/a_ignore,w_480,h_480,c_fit,q_auto,f_auto/cropped/fltnlhroptzyb9qjhzyc.jpg",Torrent Pharmaceuticals Ltd,44,19,37
Levera 1000 Tablet,Levetiracetam (1000mg),Treatment of Epilepsy/Seizures,Sleepiness Dizziness Fatigue Headache Decreased appetite Behavioral changes Aggressive behavior Irritation Agitation Nasal congestion stuffy nose Infection Convulsion Nasopharyngitis inflammation of the throat and nasal passages Nausea Tremors Vertigo Lethargy,"https://onemg.gumlet.io/l_watermark_346,w_480,h_480/a_ignore,w_480,h_480,c_fit,q_auto,f_auto/bae0ab3ada634032819a758431ed3beb.jpg",Intas Pharmaceuticals Ltd,53,39,8
Lametec 100 DT Tablet,Lamotrigine (100mg), Epilepsy/Seizures Bipolar disorder,Skin rash Headache Nausea Vomiting Dryness in mouth Insomnia difficulty in sleeping Sleepiness Dizziness Back pain Abdominal pain Blurred vision Double vision Impaired coordination Nasal congestion stuffy nose Infection,"https://onemg.gumlet.io/l_watermark_346,w_480,h_480/a_ignore,w_480,h_480,c_fit,q_auto,f_auto/cropped/imygniiw2ryilpmu3pix.jpg",Cipla Ltd,45,55,0
Lucrush Cream,Luliconazole (1% w/w),Treatment of Fungal skin infections,Application site reactions burning irritation itching and redness Dry skin Skin peeling Blisters on skin,"https://onemg.gumlet.io/l_watermark_346,w_480,h_480/a_ignore,w_480,h_480,c_fit,q_auto,f_auto/8fcbde57802d4f12b9852abe8789e3eb.jpg",Dr Reddy's Laboratories Ltd,50,25,25
Lametec 50 DT Tablet,Lamotrigine (50mg), Epilepsy/Seizures Bipolar disorder,Skin rash Headache Nausea Vomiting Dryness in mouth Insomnia difficulty in sleeping Sleepiness Dizziness Back pain Abdominal pain Blurred vision Double vision Impaired coordination Nasal congestion stuffy nose Infection,"https://onemg.gumlet.io/l_watermark_346,w_480,h_480/a_ignore,w_480,h_480,c_fit,q_auto,f_auto/cropped/c1iqgtfdorsrllvrz5fz.jpg",Cipla Ltd,53,7,40
Lefive M Tablet,Levocetirizine (NA) + Montelukast (NA),Treatment of Sneezing and runny nose due to allergiesTreatment of Hay feverTreatment of Allergic skin conditions,Nausea Diarrhea Dryness in mouth Fatigue Headache Skin rash Sleepiness Vomiting,"https://onemg.gumlet.io/l_watermark_346,w_480,h_480/a_ignore,w_480,h_480,c_fit,q_auto,f_auto/b25743208cec4dafa946f2d57cf65f26.jpg",Eright Healthcare,0,0,100
Lornit Sachet,L-Ornithine L-Aspartate (3gm),Treatment of Liver  disease,Injection site reactions pain swelling redness,"https://onemg.gumlet.io/l_watermark_346,w_480,h_480/a_ignore,w_480,h_480,c_fit,q_auto,f_auto/cropped/dmglidjp3g17xrcighbl.jpg",Zuventus Healthcare Ltd,48,33,19
Lekast Tablet,Levocetirizine (5mg) + Montelukast (10mg),Treatment of Sneezing and runny nose due to allergiesTreatment of Hay feverTreatment of Allergic skin conditions,Nausea Diarrhea Dryness in mouth Fatigue Headache Skin rash Sleepiness Vomiting,"https://onemg.gumlet.io/l_watermark_346,w_480,h_480/a_ignore,w_480,h_480,c_fit,q_auto,f_auto/gdgsfnyspvphruqwl8o3.jpg",Unimarck Healthcare Ltd,75,25,0
L Montus Abl Tablet SR,Ambroxol (75mg) + Levocetirizine (5mg) + Montelukast (10mg),Treatment of Respiratory tract disorders associated with viscid mucus,Nausea Upset stomach Dryness in mouth Headache Fatigue Allergic reaction Sleepiness Flu like symptoms,"https://onemg.gumlet.io/l_watermark_346,w_480,h_480/a_ignore,w_480,h_480,c_fit,q_auto,f_auto/vccinsebtgxwmoc1oqgh.jpg",Fourrts India Laboratories Pvt Ltd,33,57,10
Lacne Gel,Adapalene (0.1% w/w) + Clindamycin (1% w/w),Treatment of Acne,Skin peeling Erythema skin redness Itching Dry skin Burning sensation at the site of application,"https://onemg.gumlet.io/l_watermark_346,w_480,h_480/a_ignore,w_480,h_480,c_fit,q_auto,f_auto/6a789a22959e46beb250fed9fffd6308.jpg",La Pristine Bioceuticals Pvt Ltd,39,37,24
Lotensyl 10 Tablet,Lercanidipine (10mg), Hypertension (high blood pressure),Dizziness Edema swelling Fatigue Flushing sense of warmth in the face ears neck and trunk Headache Palpitations,"https://onemg.gumlet.io/l_watermark_346,w_480,h_480/a_ignore,w_480,h_480,c_fit,q_auto,f_auto/cropped/ii0jw4pnpluqqvfr8a0l.jpg",Sun Pharmaceutical Industries Ltd,33,67,0
Lamifin Lotion,Terbinafine (1% w/v), Fungal skin infections,Application site reactions burning irritation itching and redness Skin peeling Headache Diarrhea Rash Indigestion Abnormal liver enzyme Itching Taste change Nausea Abdominal pain Flatulence,"https://onemg.gumlet.io/l_watermark_346,w_480,h_480/a_ignore,w_480,h_480,c_fit,q_auto,f_auto/cropped/riun5capayvycr0rcmvb.jpg",Canixa Life Sciences Pvt,37,29,34
Lurasid 40 Tablet,Lurasidone (40mg), Schizophrenia,Nausea Vomiting Weight gain Sleepiness Dryness in mouth Indigestion Parkinsonism Akathisia inability to stay still Anxiety Stomach discomfort Restlessness Upper abdominal pain Agitation Insomnia difficulty in sleeping Increased saliva production,"https://onemg.gumlet.io/l_watermark_346,w_480,h_480/a_ignore,w_480,h_480,c_fit,q_auto,f_auto/cropped/ehx9hploo5syorjwthkm.jpg",Intas Pharmaceuticals Ltd,26,48,26
Lumycan Cream,Luliconazole (1% w/w),Treatment of Fungal skin infections,Application site reactions burning irritation itching and redness Dry skin Skin peeling Blisters on skin,"https://onemg.gumlet.io/l_watermark_346,w_480,h_480/a_ignore,w_480,h_480,c_fit,q_auto,f_auto/cropped/obh6rh5ysdknxxa022rw.jpg",Glowderma Labs Pvt Ltd,32,27,41
Lipitas 20 Tablet,Rosuvastatin (20mg),Treatment of High cholesterol Prevention of heart attack and stroke,Muscle pain Weakness Headache Abdominal pain Dizziness Joint pain Nausea,"https://onemg.gumlet.io/l_watermark_346,w_480,h_480/a_ignore,w_480,h_480,c_fit,q_auto,f_auto/9dc90289818c47d79f1c5f5e721de944.jpg",Intas Pharmaceuticals Ltd,0,67,33
Laz 250mg Tablet,Azithromycin (250mg),Treatment of Bacterial infections,Nausea Abdominal pain Diarrhea,"https://onemg.gumlet.io/l_watermark_346,w_480,h_480/a_ignore,w_480,h_480,c_fit,q_auto,f_auto/5bc53b078db14f0f82f3b7d2744a468c.jpg",Hetero Drugs Ltd,38,43,19
Lignox 2 % A Injection,Lidocaine (24.64mg) + Adrenaline (0.0125mg), Local anesthesia (Numb tissues in a specific area),Pale skin Burning sensation Stinging sensation Erythema skin redness Itching Pain Petechiae red or purple spot caused by bleeding into the skin,"https://onemg.gumlet.io/l_watermark_346,w_480,h_480/a_ignore,w_480,h_480,c_fit,q_auto,f_auto/16631acac0b34e00b1bc3ac81a6ee068.jpg",Indoco Remedies Ltd,67,11,22
Lupisera D Tablet,Diclofenac (50mg) + Serratiopeptidase (10mg), Pain relief,Nausea Vomiting Heartburn Stomach pain Indigestion Diarrhea Loss of appetite,"https://onemg.gumlet.io/l_watermark_346,w_480,h_480/a_ignore,w_480,h_480,c_fit,q_auto,f_auto/cdfeadf925e34a3ea74e5e81efa2e5f9.jpg",Lupin Ltd,0,11,89
LT-Mac Cream,Luliconazole (1% w/w),Treatment of Fungal skin infections,Application site reactions burning irritation itching and redness Dry skin Skin peeling Blisters on skin,"https://onemg.gumlet.io/l_watermark_346,w_480,h_480/a_ignore,w_480,h_480,c_fit,q_auto,f_auto/kghte1keusdnh7xr97qb.jpg",Macleods Pharmaceuticals Pvt Ltd,52,33,15
Lizomed 300 Tablet,Linezolid (300mg),Treatment of Severe bacterial infections,Vomiting Headache Nausea Decreased blood cells red cells white cells and platelets Diarrhea,"https://onemg.gumlet.io/l_watermark_346,w_480,h_480/a_ignore,w_480,h_480,c_fit,q_auto,f_auto/lq9ukzivwdj8nemgrvlz.jpg",Aglowmed Limited,100,0,0
Lamez 25 Tablet DT,Lamotrigine (25mg), Epilepsy/Seizures Bipolar disorder,Skin rash Headache Nausea Vomiting Dryness in mouth Insomnia difficulty in sleeping Sleepiness Dizziness Back pain Abdominal pain Blurred vision Double vision Impaired coordination Nasal congestion stuffy nose Infection,"https://onemg.gumlet.io/l_watermark_346,w_480,h_480/a_ignore,w_480,h_480,c_fit,q_auto,f_auto/cropped/qpzxnpbsrg70vblr0zp3.jpg",Intas Pharmaceuticals Ltd,0,50,50
Laxoclear Tablet,Sodium Picosulfate (10mg),Treatment of Constipation,Abdominal pain Abdominal cramp Abdominal discomfort Diarrhea,"https://onemg.gumlet.io/l_watermark_346,w_480,h_480/a_ignore,w_480,h_480,c_fit,q_auto,f_auto/40f011f0e73d4d73847d5b5b08923785.jpg",Leeford Healthcare Ltd,0,33,67
Losar-Beta Tablet,Atenolol (50mg) + Losartan (50mg), Hypertension (high blood pressure),Nausea Taste change Constipation Diarrhea Headache Weakness Dizziness Cold extremities Upset stomach Increased potassium level in blood Slow heart rate Numbness of extremity Decreased blood pressure,"https://onemg.gumlet.io/l_watermark_346,w_480,h_480/a_ignore,w_480,h_480,c_fit,q_auto,f_auto/30135e75505640d8afcf84aafb73be5e.jpg",Torrent Pharmaceuticals Ltd,100,0,0
Lopres  0.5% Eye Drop,Timolol (0.5% w/v), Glaucoma Ocular hypertension,Burning eyes Stinging in the eyes,"https://onemg.gumlet.io/l_watermark_346,w_480,h_480/a_ignore,w_480,h_480,c_fit,q_auto,f_auto/cropped/c5qxt12qijnxzqdgme0l.jpg",Micro Labs Ltd,27,60,13
Lostat-H Tablet,Losartan (50mg) + Hydrochlorothiazide (12.5mg),Treatment of Hypertension (high blood pressure),Nausea Taste change Upset stomach Diarrhea Headache Dizziness Weakness Decreased blood pressure Increased blood uric acid Increased blood lipid level Glucose intolerance Electrolyte imbalance,"https://onemg.gumlet.io/l_watermark_346,w_480,h_480/a_ignore,w_480,h_480,c_fit,q_auto,f_auto/8f4b1fbcf7554052899d5031954ee64d.jpg",Blue Cross Laboratories Ltd,50,50,0
Laxday Syrup,Lactulose (10gm),Treatment of ConstipationTreatment of Hepatic encephalopathy,Abdominal pain Nausea Vomiting Diarrhea,"https://onemg.gumlet.io/l_watermark_346,w_480,h_480/a_ignore,w_480,h_480,c_fit,q_auto,f_auto/pju2m2w8i8897wkwssbt.jpg",Overseas Healthcare Pvt Ltd,17,16,67
Lotesurge Ophthalmic Suspension,Loteprednol etabonate (0.5% w/v), Redness and swelling in the eye,Eye irritation Watery eyes Burning sensation,"https://onemg.gumlet.io/l_watermark_346,w_480,h_480/a_ignore,w_480,h_480,c_fit,q_auto,f_auto/cropped/su5qcpcryty8y5wbbkf9.png",Ipca Laboratories Ltd,100,0,0
Losacar 50 Tablet,Losartan (50mg),Treatment of Hypertension (high blood pressure)Treatment of Heart failure Prevention of heart attack and stroke,Dizziness Decreased blood pressure Hypoglycemia low blood glucose level Increased potassium level in blood Increased blood urea,"https://onemg.gumlet.io/l_watermark_346,w_480,h_480/a_ignore,w_480,h_480,c_fit,q_auto,f_auto/cropped/ontxlra49akx425fkg8s.jpg",Zydus Cadila,50,50,0
Lupigest SR 300 Tablet,Progesterone (Natural Micronized) (300mg), Hormone replacement therapyTreatment of Female infertility,Abdominal pain Nausea Abnormal vaginal bleeding Edema swelling Hair loss Abdominal bloating Headache Breast pain Vomiting Vaginal yeast infection,"https://onemg.gumlet.io/l_watermark_346,w_480,h_480/a_ignore,w_480,h_480,c_fit,q_auto,f_auto/chhrpy7nkny9vcuvzm1e.jpg",Lupin Ltd,28,22,50
Lupin Mira 50 Tablet ER,Mirabegron (50mg),Treatment of Overactive bladder (OAB) symptoms,Constipation Headache High blood pressure Nasal inflammation Urinary tract infection Fast heart rate Joint pain,"https://onemg.gumlet.io/l_watermark_346,w_480,h_480/a_ignore,w_480,h_480,c_fit,q_auto,f_auto/3ab92ca5535e48c8b53ce20bc6c93629.jpg",Lupin Ltd,50,17,33
L-Hist Mont Syrup,Levocetirizine (5mg) + Montelukast (10mg),Treatment of Sneezing and runny nose due to allergiesTreatment of Hay feverTreatment of Allergic skin conditions,Nausea Diarrhea Dryness in mouth Fatigue Headache Skin rash Sleepiness Vomiting,"https://onemg.gumlet.io/l_watermark_346,w_480,h_480/a_ignore,w_480,h_480,c_fit,q_auto,f_auto/10d2303f63584e07929ad514d9d89e01.jpg",Alkem Laboratories Ltd,67,33,0
Laregab 300mg Capsule,Gabapentin (300mg),Treatment of Neuropathic painTreatment of Epilepsy/Seizures,Viral infection Sleepiness Dizziness Impaired coordination Fatigue Fever,"https://onemg.gumlet.io/l_watermark_346,w_480,h_480/a_ignore,w_480,h_480,c_fit,q_auto,f_auto/ob1tlhllk4dowprhcbfb.jpg",La Renon Healthcare Pvt Ltd,0,50,50
Liofen XL 30 Capsule,Baclofen (30mg), Muscle relaxation,Dizziness Convulsion Nausea Headache Sedation Hypotension low blood pressure Hypotonia decreased muscle tone Agitation Constipation Increased white blood cell count Chills Urinary retention,"https://onemg.gumlet.io/l_watermark_346,w_480,h_480/a_ignore,w_480,h_480,c_fit,q_auto,f_auto/cropped/cij1kt1xqom1x9egitjf.jpg",Sun Pharmaceutical Industries Ltd,42,58,0
Lupisulin R 100IU/ml Cartridge,Human insulin (100IU), Diabetes,Hypoglycemia low blood glucose level Weight gain Injection site reactions pain swelling redness Cold sweat Anxiety Shakiness Hunger pangs Fast heart rate Headache Nervousness,"https://onemg.gumlet.io/l_watermark_346,w_480,h_480/a_ignore,w_480,h_480,c_fit,q_auto,f_auto/kek2xbeqqdmm9apdvmzd.jpg",Lupin Ltd,42,33,25
Livopill -DS Tablet,Metadoxine (500mg) + Silymarin (140mg) + L-Ornithine L-Aspartate (150mg), Liver disease,Limited data available,"https://onemg.gumlet.io/l_watermark_346,w_480,h_480/a_ignore,w_480,h_480,c_fit,q_auto,f_auto/d70956404923404b9a179a59993063e3.jpg",Ordain Health Care Global Pvt Ltd,14,38,48
Lipigo F 10 Tablet,Fenofibrate (160mg) + Rosuvastatin (10mg),Treatment of High cholesterolPrevention of Heart attack,Headache Muscle pain Constipation Abnormal liver function tests Joint pain Elevated creatine kinase Diabetes,"https://onemg.gumlet.io/l_watermark_346,w_480,h_480/a_ignore,w_480,h_480,c_fit,q_auto,f_auto/cropped/keztsbbhdwnyvp3pd3hp.jpg",Merck Ltd,17,41,42
Lumigan 0.03% Ophthalmic Solution,Bimatoprost (0.03% w/v), Ocular hypertension Glaucoma,Conjunctival hyperemia Eye itching,"https://onemg.gumlet.io/l_watermark_346,w_480,h_480/a_ignore,w_480,h_480,c_fit,q_auto,f_auto/cropped/tfb5clzibuhazcuiucui.png",Allergan India Pvt Ltd,49,41,10
Lacarnit 330 Tablet,Levo-carnitine (330mg), Carnitine deficiency,Vomiting Nausea,"https://onemg.gumlet.io/l_watermark_346,w_480,h_480/a_ignore,w_480,h_480,c_fit,q_auto,f_auto/81942a5abf594953a0c13d14f70d8a15.jpg",La Renon Healthcare Pvt Ltd,50,0,50
Lorox P Tablet,Lornoxicam (8mg) + Paracetamol (325mg), Pain relief,Nausea Vomiting Indigestion Stomach pain Diarrhea,"https://onemg.gumlet.io/l_watermark_346,w_480,h_480/a_ignore,w_480,h_480,c_fit,q_auto,f_auto/irypgegex0ywrnhmbkky.jpg",Sundyota Numandis Probioceuticals Pvt Ltd,22,45,33
Lupiflex 4 Tablet,Ketoprofen (50mg) + Thiocolchicoside (4mg), Pain due to muscle spasm,Nausea Indigestion Heartburn Stomach pain,"https://onemg.gumlet.io/l_watermark_346,w_480,h_480/a_ignore,w_480,h_480,c_fit,q_auto,f_auto/cropped/m9fdbk3tg8ku0hyofuls.jpg",Lupin Ltd,21,34,45
Lukotas LC Tablet,Levocetirizine (5mg) + Montelukast (10mg),Treatment of Sneezing and runny nose due to allergiesTreatment of Hay feverTreatment of Allergic skin conditions,Nausea Diarrhea Dryness in mouth Fatigue Headache Skin rash Sleepiness Vomiting,"https://onemg.gumlet.io/l_watermark_346,w_480,h_480/a_ignore,w_480,h_480,c_fit,q_auto,f_auto/cropped/smtb7o97k4hnalhv9usf.jpg",Intas Pharmaceuticals Ltd,39,50,11
Lubistar-CMC 1% Eye Drop,Carboxymethylcellulose (1% w/v),Treatment of Dry eyes,Eye irritation Burning eyes Eye discomfort Eye itching Eye pain,"https://onemg.gumlet.io/l_watermark_346,w_480,h_480/a_ignore,w_480,h_480,c_fit,q_auto,f_auto/zhd5no7ies1eyi3nfsvl.jpg",Mankind Pharma Ltd,33,59,8
Lamrest 10 Tablet,Melatonin (10mg),Treatment of InsomniaTreatment of Jet lag,Headache Drowsiness,"https://onemg.gumlet.io/l_watermark_346,w_480,h_480/a_ignore,w_480,h_480,c_fit,q_auto,f_auto/695f662d31424889818c176e510981cf.jpg",Tas Med India Pvt Ltd,50,50,0
Locula TR Eye Drop,Carboxymethylcellulose (0.5% w/v),Treatment of Dry eyes,Eye irritation Burning eyes Eye discomfort Eye itching Eye pain,"https://onemg.gumlet.io/l_watermark_346,w_480,h_480/a_ignore,w_480,h_480,c_fit,q_auto,f_auto/cropped/sji6vrqnipa3i97xy12z.jpg",East India Pharmaceutical Works Ltd,0,33,67
LTK 50 Tablet,Losartan (50mg),Treatment of Hypertension (high blood pressure)Treatment of Heart failure Prevention of heart attack and stroke,Dizziness Decreased blood pressure Hypoglycemia low blood glucose level Increased potassium level in blood Increased blood urea,"https://onemg.gumlet.io/l_watermark_346,w_480,h_480/a_ignore,w_480,h_480,c_fit,q_auto,f_auto/8100640bd26b4546829265d1937ac224.jpg",Unison Pharmaceuticals Pvt Ltd,47,23,30
Lupoxa Capsule,Oxaceprol (200mg), Osteoarthritis Rheumatoid arthritis,Headache Dizziness Nausea Vomiting Diarrhea,"https://onemg.gumlet.io/l_watermark_346,w_480,h_480/a_ignore,w_480,h_480,c_fit,q_auto,f_auto/cropped/zo2ztvjbj8ne4xwwbtbm.jpg",Lupin Ltd,29,47,24
Lipril 5 Tablet,Lisinopril (5mg), Hypertension (high blood pressure) Prevention of heart attack and stroke Heart failure,Decreased blood pressure Cough Increased potassium level in blood Fatigue Weakness Dizziness,"https://onemg.gumlet.io/l_watermark_346,w_480,h_480/a_ignore,w_480,h_480,c_fit,q_auto,f_auto/cropped/ghzexroxlspcvrsfd9vr.jpg",Lupin Ltd,60,40,0
Lupihist  Syrup,Diphenhydramine (15mg/5ml) + Sodium Citrate (80mg/5ml) + Ammonium Chloride (150mg/5ml) + Pseudoephedrine (30mg/5ml), Cough,Nausea Stomach pain epigastric pain Sleepiness Dizziness Impaired coordination Nervousness Insomnia difficulty in sleeping Restlessness Headache,"https://onemg.gumlet.io/l_watermark_346,w_480,h_480/a_ignore,w_480,h_480,c_fit,q_auto,f_auto/ceb9da5756a946dc9d842ae0d72427b7.jpg",Lupin Ltd,17,54,29
Lukotrap Tablet,Levocetirizine (5mg) + Montelukast (10mg),Treatment of Sneezing and runny nose due to allergiesTreatment of Hay feverTreatment of Allergic skin conditions,Nausea Diarrhea Dryness in mouth Fatigue Headache Skin rash Sleepiness Vomiting,"https://onemg.gumlet.io/l_watermark_346,w_480,h_480/a_ignore,w_480,h_480,c_fit,q_auto,f_auto/cropped/pswuwnet8joagzqxxm2f.jpg",Indchemie Health Specialities Pvt Ltd,22,22,56
Lupifos Powder,Fosfomycin (3gm), Bacterial infections of urinary tract,Headache Dizziness Vaginal inflammation Indigestion,"https://onemg.gumlet.io/l_watermark_346,w_480,h_480/a_ignore,w_480,h_480,c_fit,q_auto,f_auto/dc32941f5407491d9aba637975ec5cad.jpg",Lupin Ltd,0,33,67
Lizoforce IV Injection,Linezolid (600mg),Treatment of Severe bacterial infections,Vomiting Headache Nausea Decreased blood cells red cells white cells and platelets Diarrhea,"https://onemg.gumlet.io/l_watermark_346,w_480,h_480/a_ignore,w_480,h_480,c_fit,q_auto,f_auto/cropped/g2oioubufwcw2pjcyn9x.jpg",Mankind Pharma Ltd,33,25,42
Lukotas FX Tablet,Montelukast (10mg) + Fexofenadine (120mg),Treatment of Sneezing and runny nose due to allergies,Nausea Diarrhea Vomiting Skin rash Flu like symptoms Headache Drowsiness Dizziness,"https://onemg.gumlet.io/l_watermark_346,w_480,h_480/a_ignore,w_480,h_480,c_fit,q_auto,f_auto/cropped/odjsvel3fysib525xrbq.jpg",Intas Pharmaceuticals Ltd,39,50,11
Lymzit 408mg Capsule,Lymecycline (408mg), Bacterial infections,Nausea Diarrhea Headache Abdominal pain,"https://onemg.gumlet.io/l_watermark_346,w_480,h_480/a_ignore,w_480,h_480,c_fit,q_auto,f_auto/3d0316032ff8421195afa47089d50793.jpg",Brinton Pharmaceuticals Pvt Ltd,36,45,19
Looz Enema Mini,Lactulose (20% w/v),Treatment of ConstipationTreatment of Hepatic encephalopathy,Abdominal pain Diarrhea Nausea Vomiting Application site irritation,"https://onemg.gumlet.io/l_watermark_346,w_480,h_480/a_ignore,w_480,h_480,c_fit,q_auto,f_auto/cropped/kwzh28nswi6glrzjsp3g.jpg",Intas Pharmaceuticals Ltd,29,38,33
Levosiz-M Kid Tablet,Levocetirizine (2.5mg) + Montelukast (4mg),Treatment of Sneezing and runny nose due to allergiesTreatment of Hay feverTreatment of Allergic skin conditions,Rash Nausea Diarrhea Dryness in mouth Fatigue Headache Skin rash Sleepiness Vomiting,"https://onemg.gumlet.io/l_watermark_346,w_480,h_480/a_ignore,w_480,h_480,c_fit,q_auto,f_auto/cropped/q85qewx8hvflzjgjkk7w.jpg",Systopic Laboratories Pvt Ltd,22,67,11
Losacar-H Tablet,Losartan (50mg) + Hydrochlorothiazide (12.5mg),Treatment of Hypertension (high blood pressure),Nausea Taste change Upset stomach Diarrhea Headache Dizziness Weakness Decreased blood pressure Increased blood uric acid Increased blood lipid level Glucose intolerance Electrolyte imbalance,"https://onemg.gumlet.io/l_watermark_346,w_480,h_480/a_ignore,w_480,h_480,c_fit,q_auto,f_auto/cropped/yguqryqt0wyx6wnx0m9z.jpg",Zydus Cadila,71,29,0
Levotac  5mg Tablet,Levocetirizine (5mg),Treatment of Allergic conditions,Sleepiness Fatigue Dryness in mouth Headache Vomiting Nasopharyngitis inflammation of the throat and nasal passages,"https://onemg.gumlet.io/l_watermark_346,w_480,h_480/a_ignore,w_480,h_480,c_fit,q_auto,f_auto/e66991f6449c47c2bef79316238284dd.jpg",Seagull Pharmaceutical Pvt Ltd,33,42,25
Lostat 50 Tablet,Losartan (50mg),Treatment of Hypertension (high blood pressure)Treatment of Heart failure Prevention of heart attack and stroke,Dizziness Decreased blood pressure Hypoglycemia low blood glucose level Increased potassium level in blood Increased blood urea,"https://onemg.gumlet.io/l_watermark_346,w_480,h_480/a_ignore,w_480,h_480,c_fit,q_auto,f_auto/d8cfc2447b984382a3aed0f65181b3ec.jpg",Blue Cross Laboratories Ltd,22,78,0
Loparin 40 Injection,Enoxaparin (40mg),Treatment and prevention of Blood clots,Bleeding Headache Low blood platelets Increased liver enzymes Anemia low number of red blood cells Fever Injection site pain Breathing problems Edema swelling Diarrhea,"https://onemg.gumlet.io/l_watermark_346,w_480,h_480/a_ignore,w_480,h_480,c_fit,q_auto,f_auto/69a2ada29ec042c9a79061f7ac372099.jpg",Intas Pharmaceuticals Ltd,78,22,0
Levocet-D Plus Tablet,Levocetirizine (5mg) + Phenylephrine (10mg), Sneezing and runny nose due to allergies,Headache Dryness in mouth Nausea Vomiting Tiredness Sleepiness Restlessness,"https://onemg.gumlet.io/l_watermark_346,w_480,h_480/a_ignore,w_480,h_480,c_fit,q_auto,f_auto/c350814525de403b9ff1dc051a204c0b.jpg",Hetero Drugs Ltd,62,25,13
Lasma 4 Tablet,Montelukast (4mg),Treatment of Sneezing and runny nose due to allergies,Headache Diarrhea Abdominal pain Fever Upper respiratory tract infection,"https://onemg.gumlet.io/l_watermark_346,w_480,h_480/a_ignore,w_480,h_480,c_fit,q_auto,f_auto/dqeeezovjlcncvcf3wee.jpg",Apex Laboratories Pvt Ltd,25,50,25
Lorvas Tablet,Indapamide (2.5mg), Hypertension (high blood pressure)Treatment of Edema,Dizziness Headache Fatigue Nausea Gastrointesinal symptoms Muscle cramp Rash,"https://onemg.gumlet.io/l_watermark_346,w_480,h_480/a_ignore,w_480,h_480,c_fit,q_auto,f_auto/euxxt0a623iylozjjr1s.jpg",Torrent Pharmaceuticals Ltd,17,50,33
Lox 5% Ointment,Lidocaine (5% w/w), Local anesthesia (Numb tissues in a specific area),Allergic reaction Application site reactions burning irritation itching and redness,"https://onemg.gumlet.io/l_watermark_346,w_480,h_480/a_ignore,w_480,h_480,c_fit,q_auto,f_auto/cropped/za844lksbkh2bu9s8sdp.jpg",Neon Laboratories Ltd,44,56,0
Lorvas SR Tablet,Indapamide (1.5mg), Hypertension (high blood pressure)Treatment of Edema,Dizziness Headache Fatigue Nausea Gastrointesinal symptoms Muscle cramp Rash,"https://onemg.gumlet.io/l_watermark_346,w_480,h_480/a_ignore,w_480,h_480,c_fit,q_auto,f_auto/cropped/dncepru9kttwwlhhfvhy.jpg",Torrent Pharmaceuticals Ltd,75,8,17
Leset 5 Tablet,Levocetirizine (5mg),Treatment of Allergic conditions,Sleepiness Fatigue Dryness in mouth Headache Vomiting Nasopharyngitis inflammation of the throat and nasal passages,"https://onemg.gumlet.io/l_watermark_346,w_480,h_480/a_ignore,w_480,h_480,c_fit,q_auto,f_auto/cropped/ikderjeukfc6hegrjk5s.jpg",Ipca Laboratories Ltd,10,52,38
Levroxa 500mg Tablet,Levetiracetam (500mg),Treatment of Epilepsy/Seizures,Sleepiness Dizziness Fatigue Headache Decreased appetite Behavioral changes Aggressive behavior Irritation Agitation Nasal congestion stuffy nose Infection Convulsion Nasopharyngitis inflammation of the throat and nasal passages Nausea Tremors Vertigo Lethargy,"https://onemg.gumlet.io/l_watermark_346,w_480,h_480/a_ignore,w_480,h_480,c_fit,q_auto,f_auto/cropped/jypauj3dixbukahvrevf.jpg",Eris Lifesciences Ltd,57,23,20
Lupitros-Z Eye Drop BKC Free,Travoprost (0.004% w/v),Treatment of GlaucomaTreatment of Ocular hypertension,Eye pain Foreign body sensation Eye discomfort Eye itching Ocular hyperemia Decreased vision,"https://onemg.gumlet.io/l_watermark_346,w_480,h_480/a_ignore,w_480,h_480,c_fit,q_auto,f_auto/925018dca3ee47b4a5d619ecdbc81842.jpg",Lupin Ltd,20,67,13
Luliact Cream,Luliconazole (1% w/w),Treatment of Fungal skin infections,Application site reactions burning irritation itching and redness Dry skin Skin peeling Blisters on skin,"https://onemg.gumlet.io/l_watermark_346,w_480,h_480/a_ignore,w_480,h_480,c_fit,q_auto,f_auto/3214f07ebb8f4f1589d0822567a96b5e.jpg",Leeford Healthcare Ltd,62,19,19
Lozee M Cream,Clobetasone (0.05% w/w) + Miconazole (2% w/w),Treatment of Skin infections,Application site reactions burning irritation itching and redness,"https://onemg.gumlet.io/l_watermark_346,w_480,h_480/a_ignore,w_480,h_480,c_fit,q_auto,f_auto/adaf3da5f29041bea45eede9cfff65f1.jpg",Apex Laboratories Pvt Ltd,17,58,25
Levexx 500 Tablet,Levetiracetam (500mg),Treatment of Epilepsy/Seizures,Sleepiness Dizziness Fatigue Headache Decreased appetite Behavioral changes Aggressive behavior Irritation Agitation Nasal congestion stuffy nose Infection Convulsion Nasopharyngitis inflammation of the throat and nasal passages Nausea Tremors Vertigo Lethargy,"https://onemg.gumlet.io/l_watermark_346,w_480,h_480/a_ignore,w_480,h_480,c_fit,q_auto,f_auto/ef132b3387864c87ba1050dd6c190513.jpg",Zydus Healthcare Limited,17,25,58
Losium 50 Tablet,Losartan (50mg),Treatment of Hypertension (high blood pressure)Treatment of Heart failure Prevention of heart attack and stroke,Dizziness Decreased blood pressure Hypoglycemia low blood glucose level Increased potassium level in blood Increased blood urea,"https://onemg.gumlet.io/l_watermark_346,w_480,h_480/a_ignore,w_480,h_480,c_fit,q_auto,f_auto/7ece4069ac0e4cbeb82d5d37223e62c0.jpg",Cadila Pharmaceuticals Ltd,100,0,0
Lipitas 40mg Tablet,Rosuvastatin (40mg),Treatment of High cholesterol Prevention of heart attack and stroke,Muscle pain Weakness Headache Abdominal pain Dizziness Joint pain Nausea,"https://onemg.gumlet.io/l_watermark_346,w_480,h_480/a_ignore,w_480,h_480,c_fit,q_auto,f_auto/zwzgdslgyzbzvvzmowwo.jpg",Intas Pharmaceuticals Ltd,13,60,27
Levoquin 500mg Tablet,Levofloxacin (500mg),Treatment of Bacterial infections,Headache Dizziness Nausea Constipation Diarrhea,"https://onemg.gumlet.io/l_watermark_346,w_480,h_480/a_ignore,w_480,h_480,c_fit,q_auto,f_auto/61b72fbfdebb42ea866fda1ebb890c1f.jpg",Cipla Ltd,33,17,50
Lubrifresh Gel,Carboxymethylcellulose (1% w/v),Treatment of Dry eyes,Eye irritation Burning eyes Eye discomfort Eye itching Eye pain,"https://onemg.gumlet.io/l_watermark_346,w_480,h_480/a_ignore,w_480,h_480,c_fit,q_auto,f_auto/cropped/axax74kfyte6yy7whwmd.jpg",Sapient Laboratories Pvt Ltd,31,41,28
Latocom   Eye Drops,Timolol (5mg/ml) + Latanoprost (50mcg/ml),Treatment of GlaucomaTreatment of Ocular hypertension,Burning sensation Eye irritation Stinging sensation Blurred vision,"https://onemg.gumlet.io/l_watermark_346,w_480,h_480/a_ignore,w_480,h_480,c_fit,q_auto,f_auto/25abd5bc2bae4a1eb41701d37325aa62.jpg",Sun Pharmaceutical Industries Ltd,35,45,20
L-Sys Cream,Luliconazole (1% w/w),Treatment of Fungal skin infections,Application site reactions burning irritation itching and redness Dry skin Skin peeling Blisters on skin,"https://onemg.gumlet.io/l_watermark_346,w_480,h_480/a_ignore,w_480,h_480,c_fit,q_auto,f_auto/240994a15f094bb687d0cd72e28603e8.jpg",Systopic Laboratories Pvt Ltd,44,33,23
Levazeo SR 75 Tablet,Levosulpiride (75mg), Gastroesophageal reflux disease (Acid reflux) Irritable bowel syndrome Heartburn,Increased prolactin level in blood Extrapyramidal symptoms Weight gain Akathisia inability to stay still Increased liver enzymes Constipation Insomnia difficulty in sleeping Sedation Maculopapular rash,"https://onemg.gumlet.io/l_watermark_346,w_480,h_480/a_ignore,w_480,h_480,c_fit,q_auto,f_auto/db67b2e447404819978ba71d88d04d40.jpg",Torrent Pharmaceuticals Ltd,0,33,67
Lethyrox 25 Tablet,Thyroxine (25mcg),Treatment of Hypothyroidism,Palpitations Vomiting Anxiety Diarrhea Weight loss Nervousness Increased appetite Tremors,"https://onemg.gumlet.io/l_watermark_346,w_480,h_480/a_ignore,w_480,h_480,c_fit,q_auto,f_auto/6aecec78fac648348ba2f705a172c3ab.jpg",Intas Pharmaceuticals Ltd,67,33,0
Lubrigel Ocular Lubricant,Hydroxypropylmethylcellulose (2% w/w), Dry eyes,Blurred vision Eye irritation Eye pain Eye redness Foreign body sensation in eyes,"https://onemg.gumlet.io/l_watermark_346,w_480,h_480/a_ignore,w_480,h_480,c_fit,q_auto,f_auto/cropped/y1backnywu051hnygui0.png",Pharmtak Ophtalmics India Pvt Ltd,33,11,56
Lamifin Tablet,Terbinafine (250mg), Fungal infections,Headache Diarrhea Rash Indigestion Abnormal liver enzyme Itching Taste change Nausea Abdominal pain Flatulence,"https://onemg.gumlet.io/l_watermark_346,w_480,h_480/a_ignore,w_480,h_480,c_fit,q_auto,f_auto/cropped/ctuji16bi33nfpgt8cnq.jpg",Canixa Life Sciences Pvt,29,59,12
Livopill Tablet,Metadoxine (250mg) + Silymarin (70mg) + L-Ornithine L-Aspartate (75mg), Liver disease,Limited data available,"https://onemg.gumlet.io/l_watermark_346,w_480,h_480/a_ignore,w_480,h_480,c_fit,q_auto,f_auto/s9gllgrmmz8ryme0jy7y.jpg",Ordain Health Care Global Pvt Ltd,27,40,33
Lacsyp  Syrup,Lactitol (66.67% w/v), Constipation,Cramps Abdominal distension Flatulence,"https://onemg.gumlet.io/l_watermark_346,w_480,h_480/a_ignore,w_480,h_480,c_fit,q_auto,f_auto/cropped/extfmrca9pbale8btkmi.jpg",Cipla Ltd,47,40,13
Logifin CL 1% Lotion,Luliconazole (1% w/v),Treatment of Fungal skin infections,Application site reactions burning irritation itching and redness Dry skin Skin peeling Blisters on skin,"https://onemg.gumlet.io/l_watermark_346,w_480,h_480/a_ignore,w_480,h_480,c_fit,q_auto,f_auto/62bb3a9aac6c4af9a398a2410c6221f9.jpg",Canixa Life Sciences Pvt,20,47,33
Lamifin-M Cream,Mometasone (0.1% w/w) + Terbinafine (1% w/w),Treatment of Fungal skin infections,Application site reactions burning irritation itching and redness Burning sensation Skin atrophy Skin exfoliation,"https://onemg.gumlet.io/l_watermark_346,w_480,h_480/a_ignore,w_480,h_480,c_fit,q_auto,f_auto/cropped/cz7f137g8sawfbew7x5w.jpg",Canixa Life Sciences Pvt,36,31,33
Lox 2% Jelly,Lidocaine (2% w/v), Local anesthesia (Numb tissues in a specific area),Allergic reaction Application site reactions burning irritation itching and redness,"https://onemg.gumlet.io/l_watermark_346,w_480,h_480/a_ignore,w_480,h_480,c_fit,q_auto,f_auto/cropped/sdzu49hbzixr5gy174jz.jpg",Neon Laboratories Ltd,31,41,28
Lonopin 20mg Injection,Enoxaparin (20mg),Treatment and prevention of Blood clots,Bleeding Headache Low blood platelets Increased liver enzymes Anemia low number of red blood cells Fever Injection site pain Breathing problems Edema swelling Diarrhea,"https://onemg.gumlet.io/l_watermark_346,w_480,h_480/a_ignore,w_480,h_480,c_fit,q_auto,f_auto/t55ku8msvquekqgrc5tg.jpg",Bharat Serums & Vaccines Ltd,0,33,67
Latobest Eye Drop,Latanoprost (0.005% w/v), Glaucoma Ocular hypertension,Eyelash changes Eye pain Increased sensitivity to light Burning sensation in eye Eye itching Foreign body sensation Itching Stinging in the eyes Conjunctival hyperemia,"https://onemg.gumlet.io/l_watermark_346,w_480,h_480/a_ignore,w_480,h_480,c_fit,q_auto,f_auto/cropped/poyhjvhnzxwjpegeiabi.jpg",Zivira Labs Pvt Ltd,17,66,17
Logisil Capsule,Calcium Dobesilate (500mg),Treatment of PilesTreatment of Varicose veins,Skin rash Fever Nausea Vomiting,"https://onemg.gumlet.io/l_watermark_346,w_480,h_480/a_ignore,w_480,h_480,c_fit,q_auto,f_auto/d4rsvpyeuczp3sii9mq9.jpg",Canixa Life Sciences Pvt,0,17,83
Losanorm 50 Tablet,Losartan (50mg),Treatment of Hypertension (high blood pressure)Treatment of Heart failure Prevention of heart attack and stroke,Dizziness Decreased blood pressure Hypoglycemia low blood glucose level Increased potassium level in blood Increased blood urea,"https://onemg.gumlet.io/l_watermark_346,w_480,h_480/a_ignore,w_480,h_480,c_fit,q_auto,f_auto/cropped/ebkrxjbirqfwcv88qddl.jpg",Ipca Laboratories Ltd,78,22,0
Lofecam 8 Tablet,Lornoxicam (8mg), Pain relief,Dizziness Headache Stomach pain Upset stomach Diarrhea Nausea Vomiting Indigestion,"https://onemg.gumlet.io/l_watermark_346,w_480,h_480/a_ignore,w_480,h_480,c_fit,q_auto,f_auto/cropped/pj8gjghznohgcbscloxy.jpg",Sun Pharmaceutical Industries Ltd,37,19,44
Liofen Liquid,Baclofen (5mg), Muscle relaxation,Dizziness Convulsion Nausea Headache Sedation Hypotension low blood pressure Hypotonia decreased muscle tone Agitation Constipation Increased white blood cell count Chills Urinary retention,"https://onemg.gumlet.io/l_watermark_346,w_480,h_480/a_ignore,w_480,h_480,c_fit,q_auto,f_auto/8c340710c2234fa1845b0f4d9e184f8c.jpg",Sun Pharmaceutical Industries Ltd,0,0,100
Lamitor OD 200 Tablet SR,Lamotrigine (200mg), Epilepsy/Seizures Bipolar disorder,Skin rash Headache Nausea Vomiting Dryness in mouth Insomnia difficulty in sleeping Sleepiness Dizziness Back pain Abdominal pain Blurred vision Double vision Impaired coordination Nasal congestion stuffy nose Infection,"https://onemg.gumlet.io/l_watermark_346,w_480,h_480/a_ignore,w_480,h_480,c_fit,q_auto,f_auto/vojqpdq3kkicvjio5vr7.jpg",Torrent Pharmaceuticals Ltd,56,24,20
Livodox Plus Tablet,Metadoxine (250mg) + Silymarin (70mg) + L-Ornithine L-Aspartate (75mg) + Vitamin B6 (Pyridoxine) (3mg) + Folic Acid (1mg),Treatment of Liver  disease,Nausea Fatigue Headache,"https://onemg.gumlet.io/l_watermark_346,w_480,h_480/a_ignore,w_480,h_480,c_fit,q_auto,f_auto/x7tj9luqihds1aciyz7n.jpg",Icon Life Sciences,22,56,22
Lubrinac  Eye Drop,Carboxymethylcellulose (3mg/ml) + Glycerin (10mg/ml) + n-acetylcarnosine (10mg/ml),Treatment of Dry eyes,Application site reactions burning irritation itching and redness,"https://onemg.gumlet.io/l_watermark_346,w_480,h_480/a_ignore,w_480,h_480,c_fit,q_auto,f_auto/s6k5gcvsqowkjpi7rwce.jpg",Optho Pharma Pvt Ltd,21,54,25
LCZ-Cold Tablet,Caffeine (30mg) + Diphenhydramine (25mg) + Paracetamol (500mg) + Phenylephrine (5mg),Treatment of Common cold,Nausea Vomiting Insomnia difficulty in sleeping Dizziness Impaired coordination Headache Sedation Inability to concentrate Irritability Tremors Diarrhea Dryness in mouth Fatigue Blurred vision,"https://onemg.gumlet.io/l_watermark_346,w_480,h_480/a_ignore,w_480,h_480,c_fit,q_auto,f_auto/cropped/bdmrmmky9e2y3thsb5aa.jpg",Rapross Pharmaceuticals Pvt Ltd,33,56,11
LCZ Plus New Tablet,Chlorpheniramine Maleate (2mg) + Paracetamol (500mg) + Phenylephrine (10mg),Treatment of Common cold,Nausea Headache Insomnia difficulty in sleeping Dizziness Tachycardia Palpitations Fear Anxiety Restlessness Tremors Weakness Discomfort when urinating Hallucination Convulsion,"https://onemg.gumlet.io/l_watermark_346,w_480,h_480/a_ignore,w_480,h_480,c_fit,q_auto,f_auto/cropped/utfz0rvrmnviqxtaxuy6.jpg",Rapross Pharmaceuticals Pvt Ltd,67,33,0
Lupisoz Tablet,Esomeprazole (40mg),Treatment of Gastroesophageal reflux disease (Acid reflux)Treatment of Peptic ulcer diseaseTreatment of Zollinger-Ellison syndrome,Headache Dryness in mouth Nausea Abdominal pain Constipation Flatulence Diarrhea,"https://onemg.gumlet.io/l_watermark_346,w_480,h_480/a_ignore,w_480,h_480,c_fit,q_auto,f_auto/b8194400272b458da0265f456519ccdd.jpg",Lupin Ltd,100,0,0
Lindox-L Capsule,Doxycycline (100mg) + Lactobacillus (5Billion Spores),Treatment of Bacterial infections,Nausea Vomiting Photosensitivity Anaphylactic reaction Rash Headache Fast heart rate Hypotension low blood pressure,"https://onemg.gumlet.io/l_watermark_346,w_480,h_480/a_ignore,w_480,h_480,c_fit,q_auto,f_auto/lpiowjnwgoi2cobwbvig.jpg",Lincoln Pharmaceuticals Ltd,50,17,33
Lincotus EX  Syrup,Guaifenesin (50mg) + Terbutaline (1.25mg) + Bromhexine (4mg),Treatment of Cough with mucus,Nausea Diarrhea Bloating Indigestion Vomiting Stomach pain Sweating Dizziness Headache Skin rash Hives Tremors Increased heart rate,"https://onemg.gumlet.io/l_watermark_346,w_480,h_480/a_ignore,w_480,h_480,c_fit,q_auto,f_auto/64ae23d471324b55b8a60d23050d2c6b.jpg",Macleods Pharmaceuticals Pvt Ltd,0,78,22
Levolin 2 Tablet,Levosalbutamol (2mg),Treatment of Chronic obstructive pulmonary disease (COPD),Tremors Headache Palpitations Increased heart rate Muscle cramp,"https://onemg.gumlet.io/l_watermark_346,w_480,h_480/a_ignore,w_480,h_480,c_fit,q_auto,f_auto/cropped/qlvpvuj9teieicrogen2.jpg",Cipla Ltd,50,17,33
Listril 10 Tablet,Lisinopril (10mg), Hypertension (high blood pressure) Prevention of heart attack and stroke Heart failure,Decreased blood pressure Cough Increased potassium level in blood Fatigue Weakness Dizziness,"https://onemg.gumlet.io/l_watermark_346,w_480,h_480/a_ignore,w_480,h_480,c_fit,q_auto,f_auto/1da0398958be40f5936a1b641509c18b.jpg",Torrent Pharmaceuticals Ltd,50,0,50
Lilituf Cream,Luliconazole (1% w/w),Treatment of Fungal skin infections,Application site reactions burning irritation itching and redness Dry skin Skin peeling Blisters on skin,"https://onemg.gumlet.io/l_watermark_346,w_480,h_480/a_ignore,w_480,h_480,c_fit,q_auto,f_auto/b9d36fcbd1b04a42a1547503e1249c3b.jpg",Alkem Laboratories Ltd,31,50,19
Lipirose-F 5 Tablet,Fenofibrate (145mg) + Rosuvastatin (5mg),Treatment of High cholesterolPrevention of Heart attack,Headache Muscle pain Constipation Abnormal liver function tests Joint pain Elevated creatine kinase Diabetes,"https://onemg.gumlet.io/l_watermark_346,w_480,h_480/a_ignore,w_480,h_480,c_fit,q_auto,f_auto/cropped/qrqkcvwiajprjls1sc7q.jpg",Mankind Pharma Ltd,44,34,22
Levera Solution,Levetiracetam (100mg/ml),Treatment of Epilepsy/Seizures,Sleepiness Dizziness Fatigue Headache Decreased appetite Behavioral changes Aggressive behavior Irritation Agitation Nasal congestion stuffy nose Infection Convulsion Nasopharyngitis inflammation of the throat and nasal passages Nausea Tremors Vertigo Lethargy,"https://onemg.gumlet.io/l_watermark_346,w_480,h_480/a_ignore,w_480,h_480,c_fit,q_auto,f_auto/cropped/c5xknoopr9rkmuylnd6k.jpg",Intas Pharmaceuticals Ltd,33,50,17
Latocom CF Eye Drop,Timolol (5mg/ml) + Latanoprost (50mcg/ml),Treatment of GlaucomaTreatment of Ocular hypertension,Burning sensation Eye irritation Stinging sensation Blurred vision,"https://onemg.gumlet.io/l_watermark_346,w_480,h_480/a_ignore,w_480,h_480,c_fit,q_auto,f_auto/dkrsn4vtqyeaauhfdtal.jpg",Sun Pharmaceutical Industries Ltd,22,56,22
Livolexin Suspension,Lecithin (125mg/5ml) + Silymarin (35mg/5ml) + Vitamin B6 (Pyridoxine) (1mg/5ml) + Glutathione (0.1mg/5ml), Nutritional deficiencies,Limited data available,"https://onemg.gumlet.io/l_watermark_346,w_480,h_480/a_ignore,w_480,h_480,c_fit,q_auto,f_auto/cropped/zy5obi5wwl16j37jgyry.png",SAF Fermion Ltd,58,42,0
Lizerton B6 Oral Solution Orange Sugar Free,Potassium Citrate (1100mg/5ml) + Magnesium Citrate (375mg/5ml) + Vitamin B6 (Pyridoxine) (20mg/5ml),Treatment and prevention of Kidney stone,Diarrhea Nausea Vomiting Stomach pain,"https://onemg.gumlet.io/l_watermark_346,w_480,h_480/a_ignore,w_480,h_480,c_fit,q_auto,f_auto/7c7baad75da442ccabb50a703f4c8258.jpg",Samarth Life Sciences Pvt Ltd,47,20,33
Losakind 25 Tablet,Losartan (25mg),Treatment of Hypertension (high blood pressure)Treatment of Heart failure Prevention of heart attack and stroke,Dizziness Decreased blood pressure Hypoglycemia low blood glucose level Increased potassium level in blood Increased blood urea,"https://onemg.gumlet.io/l_watermark_346,w_480,h_480/a_ignore,w_480,h_480,c_fit,q_auto,f_auto/w3nyzuhcobyf2okbx7vg.jpg",Mankind Pharma Ltd,44,45,11
Lonopin 60mg Injection,Enoxaparin (60mg),Treatment and prevention of Blood clots,Bleeding Headache Low blood platelets Increased liver enzymes Anemia low number of red blood cells Fever Injection site pain Breathing problems Edema swelling Diarrhea,"https://onemg.gumlet.io/l_watermark_346,w_480,h_480/a_ignore,w_480,h_480,c_fit,q_auto,f_auto/dd453b3582c344088b0088e263adbefe.jpg",Bharat Serums & Vaccines Ltd,33,45,22
L-Cin A Tablet,Levofloxacin (500mg) + Ambroxol (75mg),Treatment of Respiratory tract infection,Nausea Vomiting Diarrhea Headache Dizziness Insomnia difficulty in sleeping Allergic reaction,"https://onemg.gumlet.io/l_watermark_346,w_480,h_480/a_ignore,w_480,h_480,c_fit,q_auto,f_auto/4e9bd8d9508d46deab424ab6d20750f3.jpg",Lupin Ltd,61,39,0
Latina RT Eye Drop,Latanoprost (0.005% w/v), Glaucoma Ocular hypertension,Eyelash changes Eye pain Increased sensitivity to light Burning sensation in eye Eye itching Foreign body sensation Itching Stinging in the eyes Conjunctival hyperemia,"https://onemg.gumlet.io/l_watermark_346,w_480,h_480/a_ignore,w_480,h_480,c_fit,q_auto,f_auto/59c48e43a4a843f98da14c4ed79c87a8.jpg",Zydus Cadila,41,18,41
Lotiviz 0.5% Eye Drop,Loteprednol etabonate (0.5% w/v), Redness and swelling in the eye,Eye irritation Watery eyes Burning sensation,"https://onemg.gumlet.io/l_watermark_346,w_480,h_480/a_ignore,w_480,h_480,c_fit,q_auto,f_auto/cropped/a5wow4hdqdefy5ahnejb.jpg",Zivira Labs Pvt Ltd,33,67,0
Larentine D 5mg/5mg Tablet,Donepezil (5mg) + Memantine (5mg), Alzheimer's disease,Nausea Vomiting Loss of appetite Diarrhea Headache Dizziness Bleeding under the skin,"https://onemg.gumlet.io/l_watermark_346,w_480,h_480/a_ignore,w_480,h_480,c_fit,q_auto,f_auto/ec56c1c68f344b55b1c64510311845e2.jpg",La Renon Healthcare Pvt Ltd,33,67,0
Lupenox 40mg Injection,Enoxaparin (40mg),Treatment and prevention of Blood clots,Bleeding Headache Low blood platelets Increased liver enzymes Anemia low number of red blood cells Fever Injection site pain Breathing problems Edema swelling Diarrhea,"https://onemg.gumlet.io/l_watermark_346,w_480,h_480/a_ignore,w_480,h_480,c_fit,q_auto,f_auto/cropped/pz6dg9kjpzxgztaej0ix.jpg",Lupin Ltd,44,23,33
Levera XR 750 Tablet,Levetiracetam (750mg),Treatment of Epilepsy/Seizures,Sleepiness Dizziness Fatigue Headache Decreased appetite Behavioral changes Aggressive behavior Irritation Agitation Nasal congestion stuffy nose Infection Convulsion Nasopharyngitis inflammation of the throat and nasal passages Nausea Tremors Vertigo Lethargy,"https://onemg.gumlet.io/l_watermark_346,w_480,h_480/a_ignore,w_480,h_480,c_fit,q_auto,f_auto/mpdlcklutilhodgwvdv5.jpg",Intas Pharmaceuticals Ltd,45,55,0
Levesam Oral Solution,Levetiracetam (500mg/5ml),Treatment of Epilepsy/Seizures,Sleepiness Dizziness Fatigue Headache Decreased appetite Behavioral changes Aggressive behavior Irritation Agitation Nasal congestion stuffy nose Infection Convulsion Nasopharyngitis inflammation of the throat and nasal passages Nausea Tremors Vertigo Lethargy,"https://onemg.gumlet.io/l_watermark_346,w_480,h_480/a_ignore,w_480,h_480,c_fit,q_auto,f_auto/cropped/dmxirg37xfyctp2ruhtd.jpg",Abbott,44,45,11
Lasma 10 Tablet,Montelukast (10mg),Prevention of Asthma,Headache Diarrhea Abdominal pain Fever Upper respiratory tract infection Cough Sore throat Runny nose Sinus inflammation Ear inflammation,"https://onemg.gumlet.io/l_watermark_346,w_480,h_480/a_ignore,w_480,h_480,c_fit,q_auto,f_auto/u5ldyjmqq5zvmysrp8av.jpg",Apex Laboratories Pvt Ltd,42,8,50
Lafaxid-D  Tablet,Lafutidine (10mg) + Domperidone (30mg), Gastroesophageal reflux disease (Acid reflux) Peptic ulcer disease,Nausea Diarrhea Dryness in mouth Fatigue Headache Muscle pain Drowsiness Dizziness Increased liver enzymes Protein in urine Increased uric acid level in blood,"https://onemg.gumlet.io/l_watermark_346,w_480,h_480/a_ignore,w_480,h_480,c_fit,q_auto,f_auto/cropped/gdtz4lebsnjz9kobj3id.jpg",Zuventus Healthcare Ltd,100,0,0
Levepsy 750 Tablet,Levetiracetam (750mg),Treatment of Epilepsy/Seizures,Sleepiness Dizziness Fatigue Headache Decreased appetite Behavioral changes Aggressive behavior Irritation Agitation Nasal congestion stuffy nose Infection Convulsion Nasopharyngitis inflammation of the throat and nasal passages Nausea Tremors Vertigo Lethargy,"https://onemg.gumlet.io/l_watermark_346,w_480,h_480/a_ignore,w_480,h_480,c_fit,q_auto,f_auto/cropped/tk2ybzpokbxiosscdgle.jpg",Cipla Ltd,36,55,9
Letero Tablet,Letrozole (2.5mg),Treatment of Breast cancerTreatment of Infertility due to anovulation,Fatigue Hypercholesterolemia high cholesterol Increased sweating Hot flashes Bone pain Dizziness Joint pain Edema swelling Flushing sense of warmth in the face ears neck and trunk,"https://onemg.gumlet.io/l_watermark_346,w_480,h_480/a_ignore,w_480,h_480,c_fit,q_auto,f_auto/f6600c23d5fe44dcbf5ec16323fc9c82.jpg",Hetero Drugs Ltd,36,51,13
Lupibose 62.5 Tablet,Bosentan (62.5mg), Pulmonary arterial hypertension (PAH),Headache Ankle swelling Edema swelling Diarrhea Anemia low number of red blood cells Respiratory tract infection,"https://onemg.gumlet.io/l_watermark_346,w_480,h_480/a_ignore,w_480,h_480,c_fit,q_auto,f_auto/cropped/l2ym8vylxzlxrfrf84t1.jpg",Lupin Ltd,42,29,29
Lulimac XL Cream,Luliconazole (1% w/w),Treatment of Fungal skin infections,Application site reactions burning irritation itching and redness Dry skin Skin peeling Blisters on skin,"https://onemg.gumlet.io/l_watermark_346,w_480,h_480/a_ignore,w_480,h_480,c_fit,q_auto,f_auto/djklpmhb6nillj9zqisj.jpg",Macleods Pharmaceuticals Pvt Ltd,33,59,8
Laxiwal Solution,Lactulose (10gm),Treatment of ConstipationTreatment of Hepatic encephalopathy,Abdominal pain Nausea Vomiting Diarrhea,"https://onemg.gumlet.io/l_watermark_346,w_480,h_480/a_ignore,w_480,h_480,c_fit,q_auto,f_auto/cropped/gqtbmjpbtpj0ugu8ouc4.jpg",Wallace Pharmaceuticals Pvt Ltd,41,29,30
Lurata 40 Tablet,Lurasidone (40mg), Schizophrenia,Nausea Vomiting Weight gain Sleepiness Dryness in mouth Indigestion Parkinsonism Akathisia inability to stay still Anxiety Stomach discomfort Restlessness Upper abdominal pain Agitation Insomnia difficulty in sleeping Increased saliva production,"https://onemg.gumlet.io/l_watermark_346,w_480,h_480/a_ignore,w_480,h_480,c_fit,q_auto,f_auto/cropped/bs12jsjjdsvkn5oyo2f9.jpg",MSN Laboratories,13,27,60
Lulibet Lotion,Luliconazole (1% w/v),Treatment of Fungal skin infections,Application site reactions burning irritation itching and redness Dry skin Skin peeling Blisters on skin,"https://onemg.gumlet.io/l_watermark_346,w_480,h_480/a_ignore,w_480,h_480,c_fit,q_auto,f_auto/bc51e83f2361487f85d72c74e61ebb0a.jpg",Intas Pharmaceuticals Ltd,53,27,20
LTK-AM Tablet,Losartan (50mg) + Amlodipine (5mg), Hypertension (high blood pressure),Sleepiness Ankle swelling Headache Flushing sense of warmth in the face ears neck and trunk Dizziness Palpitations Increased potassium level in blood Fatigue Nausea Edema swelling Abdominal pain Visual disturbance Breathlessness Change in bowel habits Nasal congestion stuffy nose Upper respiratory tract infection,"https://onemg.gumlet.io/l_watermark_346,w_480,h_480/a_ignore,w_480,h_480,c_fit,q_auto,f_auto/d89cfb0c82cf4ab98b220150c88c097a.jpg",Unison Pharmaceuticals Pvt Ltd,51,43,6
Lefumide 20 Tablet,Leflunomide (20mg), Rheumatoid arthritis Psoriatic arthritis,Nausea Headache Rash Diarrhea Increased liver enzymes Dyspepsia Dizziness Loss of appetite Hair loss Weight loss Bronchitis inflammation of the airways,"https://onemg.gumlet.io/l_watermark_346,w_480,h_480/a_ignore,w_480,h_480,c_fit,q_auto,f_auto/nhoxyrmtf4wa2pmper3g.jpg",Cipla Ltd,25,33,42
Lulihalt Cream,Luliconazole (1% w/w),Treatment of Fungal skin infections,Application site reactions burning irritation itching and redness Dry skin Skin peeling Blisters on skin,"https://onemg.gumlet.io/l_watermark_346,w_480,h_480/a_ignore,w_480,h_480,c_fit,q_auto,f_auto/cropped/i0fqojeazbuukitxrdcx.jpg",Alkem Laboratories Ltd,11,39,50
Lipicure 80 Tablet,Atorvastatin (80mg), High cholesterolPrevention of Heart attack,Dyspepsia Abdominal pain Indigestion Diarrhea Joint pain Nasopharyngitis inflammation of the throat and nasal passages Nausea Pain in extremities Urinary tract infection Abnormal liver function tests,"https://onemg.gumlet.io/l_watermark_346,w_480,h_480/a_ignore,w_480,h_480,c_fit,q_auto,f_auto/08fb10a6809d4bf5b4bff3dd71a7b6a7.jpg",Intas Pharmaceuticals Ltd,0,0,100
Labecor 100mg Tablet,Labetalol (100mg), Hypertension (high blood pressure) Angina (heart-related chest pain) Prevention of heart attack and stroke,Fatigue Nausea Dizziness Nasal congestion stuffy nose Ejaculation disorder Breathlessness,"https://onemg.gumlet.io/l_watermark_346,w_480,h_480/a_ignore,w_480,h_480,c_fit,q_auto,f_auto/f2083dc07d4d4c32b4bf63df9f95bd16.jpg",Corona Remedies Pvt Ltd,0,67,33
Lotesol 5 Eye Drop,Loteprednol etabonate (0.5% w/v), Redness and swelling in the eye,Eye irritation Watery eyes Burning sensation,"https://onemg.gumlet.io/l_watermark_346,w_480,h_480/a_ignore,w_480,h_480,c_fit,q_auto,f_auto/lkbj9do9qug13l3frddu.jpg",Nri Vision Care India Limited,0,33,67
L-Sys Cream,Luliconazole (1% w/w),Treatment of Fungal skin infections,Application site reactions burning irritation itching and redness Dry skin Skin peeling Blisters on skin,"https://onemg.gumlet.io/l_watermark_346,w_480,h_480/a_ignore,w_480,h_480,c_fit,q_auto,f_auto/cropped/vlz0knykyi9avktudueh.jpg",Systopic Laboratories Pvt Ltd,35,47,18
Lipril 10 Tablet,Lisinopril (10mg), Hypertension (high blood pressure) Prevention of heart attack and stroke Heart failure,Decreased blood pressure Cough Increased potassium level in blood Fatigue Weakness Dizziness,"https://onemg.gumlet.io/l_watermark_346,w_480,h_480/a_ignore,w_480,h_480,c_fit,q_auto,f_auto/cropped/epo8ddkdpp7nhg3mlkjh.jpg",Lupin Ltd,50,50,0
Levipil XR 1g Tablet,Levetiracetam (1000mg),Treatment of Epilepsy/Seizures,Sleepiness Dizziness Fatigue Headache Decreased appetite Behavioral changes Aggressive behavior Irritation Agitation Nasal congestion stuffy nose Infection Convulsion Nasopharyngitis inflammation of the throat and nasal passages Nausea Tremors Vertigo Lethargy,"https://onemg.gumlet.io/l_watermark_346,w_480,h_480/a_ignore,w_480,h_480,c_fit,q_auto,f_auto/cropped/mv7ftfq1ydd4dsxdxilc.jpg",Sun Pharmaceutical Industries Ltd,51,44,5
Lupila 10 Tablet,Ilaprazole (10mg), Gastroesophageal reflux disease (Acid reflux) Peptic ulcer disease,Nausea Headache Flatulence Diarrhea,"https://onemg.gumlet.io/l_watermark_346,w_480,h_480/a_ignore,w_480,h_480,c_fit,q_auto,f_auto/o3twzxti40e95xbsgfm2.jpg",Lupin Ltd,0,44,56
Lacotide 50 Tablet,Lacosamide (50mg), Epilepsy/Seizures,Dizziness Headache Nausea Sleepiness Vomiting Visual disturbance Dryness in mouth Muscle spasm,"https://onemg.gumlet.io/l_watermark_346,w_480,h_480/a_ignore,w_480,h_480,c_fit,q_auto,f_auto/9f21a1db5e5a4ca9af87936f0d34dd93.jpg",Intas Pharmaceuticals Ltd,0,67,33
Lupitros-TZ Eye Drop,Timolol (5mg) + Travoprost (40mcg),Treatment of GlaucomaTreatment of Ocular hypertension,Stinging sensation Eye irritation Burning sensation Blurred vision,"https://onemg.gumlet.io/l_watermark_346,w_480,h_480/a_ignore,w_480,h_480,c_fit,q_auto,f_auto/c34cda1a76884f3aa3201ca59d120c96.jpg",Lupin Ltd,67,33,0
Lulizol Cream,Luliconazole (1% w/w),Treatment of Fungal skin infections,Application site reactions burning irritation itching and redness Dry skin Skin peeling Blisters on skin,"https://onemg.gumlet.io/l_watermark_346,w_480,h_480/a_ignore,w_480,h_480,c_fit,q_auto,f_auto/36dba76e49044755808a5bee0b387c89.jpg",KLM Laboratories Pvt Ltd,39,37,24
Lamictal 50mg Tablet DT,Lamotrigine (50mg), Epilepsy/Seizures Bipolar disorder,Skin rash Headache Nausea Vomiting Dryness in mouth Insomnia difficulty in sleeping Sleepiness Dizziness Back pain Abdominal pain Blurred vision Double vision Impaired coordination Nasal congestion stuffy nose Infection,"https://onemg.gumlet.io/l_watermark_346,w_480,h_480/a_ignore,w_480,h_480,c_fit,q_auto,f_auto/cropped/zgvonn36l4nmu9s3c4fo.jpg",Glaxo SmithKline Pharmaceuticals Ltd,56,22,22
Lofatin Cream,Luliconazole (1% w/w),Treatment of Fungal skin infections,Application site reactions burning irritation itching and redness Dry skin Skin peeling Blisters on skin,"https://onemg.gumlet.io/l_watermark_346,w_480,h_480/a_ignore,w_480,h_480,c_fit,q_auto,f_auto/cropped/kjk3sau4nhhzbki9oik4.jpg",Abbott,17,54,29
Luliz 1% Cream,Luliconazole (1% w/w),Treatment of Fungal skin infections,Application site reactions burning irritation itching and redness Dry skin Skin peeling Blisters on skin,"https://onemg.gumlet.io/l_watermark_346,w_480,h_480/a_ignore,w_480,h_480,c_fit,q_auto,f_auto/8ac2233c597d47dfa5a7f5eb72df55e4.jpg",Ipca Laboratories Ltd,33,34,33
Lamivir 150 Tablet,Lamivudine (150mg), Chronic hepatitis B virus (HBV) infection,Headache Nausea Diarrhea Vomiting Fatigue Stomach pain Rash,"https://onemg.gumlet.io/l_watermark_346,w_480,h_480/a_ignore,w_480,h_480,c_fit,q_auto,f_auto/0cc016a5207c4cb3964cfa80b1f04dee.jpg",Cipla Ltd,33,34,33
Lulirx Cream,Luliconazole (1% w/w),Treatment of Fungal skin infections,Application site reactions burning irritation itching and redness Dry skin Skin peeling Blisters on skin,"https://onemg.gumlet.io/l_watermark_346,w_480,h_480/a_ignore,w_480,h_480,c_fit,q_auto,f_auto/cropped/a4zy2kq16lb7kvhw9n36.png",Cadila Pharmaceuticals Ltd,41,59,0
Lamosyn 50 Tablet,Lamotrigine (50mg), Epilepsy/Seizures Bipolar disorder,Skin rash Headache Nausea Vomiting Dryness in mouth Insomnia difficulty in sleeping Sleepiness Dizziness Back pain Abdominal pain Blurred vision Double vision Impaired coordination Nasal congestion stuffy nose Infection,"https://onemg.gumlet.io/l_watermark_346,w_480,h_480/a_ignore,w_480,h_480,c_fit,q_auto,f_auto/cropped/oedmz7qppr86d4usvfq9.jpg",Sun Pharmaceutical Industries Ltd,33,67,0
Lamez OD 100 Tablet SR,Lamotrigine (100mg), Epilepsy/Seizures Bipolar disorder,Skin rash Headache Nausea Vomiting Dryness in mouth Insomnia difficulty in sleeping Sleepiness Dizziness Back pain Abdominal pain Blurred vision Double vision Impaired coordination Nasal congestion stuffy nose Infection,"https://onemg.gumlet.io/l_watermark_346,w_480,h_480/a_ignore,w_480,h_480,c_fit,q_auto,f_auto/cropped/g3eepmpcnldfdjnnkdoq.jpg",Intas Pharmaceuticals Ltd,52,37,11
Luhon Cream,Luliconazole (1% w/w),Treatment of Fungal skin infections,Application site reactions burning irritation itching and redness Dry skin Skin peeling Blisters on skin,"https://onemg.gumlet.io/l_watermark_346,w_480,h_480/a_ignore,w_480,h_480,c_fit,q_auto,f_auto/cropped/aduzcby9kww0wqxkvhmu.jpg",A. Menarini India Pvt Ltd,0,67,33
Lulimac Cream,Luliconazole (1% w/w),Treatment of Fungal skin infections,Application site reactions burning irritation itching and redness Dry skin Skin peeling Blisters on skin,"https://onemg.gumlet.io/l_watermark_346,w_480,h_480/a_ignore,w_480,h_480,c_fit,q_auto,f_auto/cropped/ma6xjhb048gt9xocazmt.jpg",Macleods Pharmaceuticals Pvt Ltd,27,38,35
Lupidium Tablet,Loperamide (2mg), Diarrhea,Constipation Nausea Headache Stomach pain,"https://onemg.gumlet.io/l_watermark_346,w_480,h_480/a_ignore,w_480,h_480,c_fit,q_auto,f_auto/4fd6c5c197804eef854b2817ac6a7a41.jpg",Lupin Ltd,0,50,50
Livoluk Fibre  Granules,Lactulose (10gm) + Ispaghula (3.5gm), Constipation,Flatulence Stomach pain,"https://onemg.gumlet.io/l_watermark_346,w_480,h_480/a_ignore,w_480,h_480,c_fit,q_auto,f_auto/cropped/soppot5coxie5jf39pwy.png",Panacea Biotec Ltd,67,33,0
Lamosyn 100 Tablet,Lamotrigine (100mg), Epilepsy/Seizures Bipolar disorder,Skin rash Headache Nausea Vomiting Dryness in mouth Insomnia difficulty in sleeping Sleepiness Dizziness Back pain Abdominal pain Blurred vision Double vision Impaired coordination Nasal congestion stuffy nose Infection,"https://onemg.gumlet.io/l_watermark_346,w_480,h_480/a_ignore,w_480,h_480,c_fit,q_auto,f_auto/cropped/rtpf4zjnft7ce3dgvv6z.jpg",Sun Pharmaceutical Industries Ltd,62,28,10
Lactifem Itch Vaginal Cream Vaginal Cream,Lidocaine (2% w/v) + Clotrimazole (1% w/v), Fungal infections,Application site reactions burning irritation itching and redness,"https://onemg.gumlet.io/l_watermark_346,w_480,h_480/a_ignore,w_480,h_480,c_fit,q_auto,f_auto/cropped/icmes0iujor81cjeuehl.jpg",Protech Biosystems,39,44,17
Lamitor DT 50 Tablet,Lamotrigine (50mg), Epilepsy/Seizures Bipolar disorder,Skin rash Headache Nausea Vomiting Dryness in mouth Insomnia difficulty in sleeping Sleepiness Dizziness Back pain Abdominal pain Blurred vision Double vision Impaired coordination Nasal congestion stuffy nose Infection,"https://onemg.gumlet.io/l_watermark_346,w_480,h_480/a_ignore,w_480,h_480,c_fit,q_auto,f_auto/kijvyp9rmoex26vxbdz2.jpg",Torrent Pharmaceuticals Ltd,67,33,0
Luray Cream,Luliconazole (1% w/w),Treatment of Fungal skin infections,Application site reactions burning irritation itching and redness Dry skin Skin peeling Blisters on skin,"https://onemg.gumlet.io/l_watermark_346,w_480,h_480/a_ignore,w_480,h_480,c_fit,q_auto,f_auto/d2i31qzt7lztopyjbdti.jpg",Prism Life Sciences Ltd,17,44,39
Losar Beta-H Tablet,Losartan (50mg) + Atenolol (50mg) + Hydrochlorothiazide (12.5mg), Hypertension (high blood pressure),Nausea Taste change Diarrhea Upset stomach Headache Dizziness Cold extremities Weakness Numbness of extremity Increased uric acid level in blood Increased blood lipid level Decreased magnesium level in blood Slow heart rate Decreased sodium level in blood Decreased blood pressure,"https://onemg.gumlet.io/l_watermark_346,w_480,h_480/a_ignore,w_480,h_480,c_fit,q_auto,f_auto/50ed886b090642539ce402ef29211fa4.jpg",Torrent Pharmaceuticals Ltd,33,67,0
Lezyncet-M Tablet,Levocetirizine (5mg) + Montelukast (10mg),Treatment of Sneezing and runny nose due to allergiesTreatment of Hay feverTreatment of Allergic skin conditions,Nausea Diarrhea Dryness in mouth Fatigue Headache Skin rash Sleepiness Vomiting,"https://onemg.gumlet.io/l_watermark_346,w_480,h_480/a_ignore,w_480,h_480,c_fit,q_auto,f_auto/cropped/ynoqldmwur2d0iwbqkmo.jpg",Torrent Pharmaceuticals Ltd,0,50,50
Lorfast MT Tablet,Levocetirizine (5mg) + Montelukast (10mg),Treatment of Sneezing and runny nose due to allergiesTreatment of Hay feverTreatment of Allergic skin conditions,Nausea Diarrhea Dryness in mouth Fatigue Headache Skin rash Sleepiness Vomiting,"https://onemg.gumlet.io/l_watermark_346,w_480,h_480/a_ignore,w_480,h_480,c_fit,q_auto,f_auto/cropped/t3d56punmdk3okq3k7g2.jpg",Cadila Pharmaceuticals Ltd,33,45,22
Lozivate-MF Ointment,Clobetasol (0.05% w/w) + Salicylic Acid (3% w/w) + Lactic Acid (3% w/w) + Urea (10% w/w), Eczema Psoriasis,Application site reactions burning irritation itching and redness,"https://onemg.gumlet.io/l_watermark_346,w_480,h_480/a_ignore,w_480,h_480,c_fit,q_auto,f_auto/e16e24eea9c045258d3958aa92081bbb.jpg",Canixa Life Sciences Pvt,67,33,0
Laveta 10 Tablet DT,Levocetirizine (10mg),Treatment of Allergic conditions,Sleepiness Fatigue Dryness in mouth Headache Vomiting Nasopharyngitis inflammation of the throat and nasal passages,"https://onemg.gumlet.io/l_watermark_346,w_480,h_480/a_ignore,w_480,h_480,c_fit,q_auto,f_auto/cropped/vs2rwstogdgpbndmkiig.jpg",Alembic Pharmaceuticals Ltd,44,56,0
Lejet Tablet,Levocetirizine (5mg),Treatment of Allergic conditions,Sleepiness Fatigue Dryness in mouth Headache Vomiting Nasopharyngitis inflammation of the throat and nasal passages,"https://onemg.gumlet.io/l_watermark_346,w_480,h_480/a_ignore,w_480,h_480,c_fit,q_auto,f_auto/cropped/bgw16paftezhwcetuvru.jpg",Canixa Life Sciences Pvt,0,50,50
LzHH Lotion,Luliconazole (1% w/v),Treatment of Fungal skin infections,Application site reactions burning irritation itching and redness Dry skin Skin peeling Blisters on skin,"https://onemg.gumlet.io/l_watermark_346,w_480,h_480/a_ignore,w_480,h_480,c_fit,q_auto,f_auto/cropped/juiqy92mhy3z0x2zkumw.jpg",Hegde and Hegde Pharmaceutical LLP,0,0,100
Lornoxi P Tablet,Lornoxicam (8mg) + Paracetamol (325mg), Pain relief,Nausea Vomiting Indigestion Stomach pain Diarrhea,"https://onemg.gumlet.io/l_watermark_346,w_480,h_480/a_ignore,w_480,h_480,c_fit,q_auto,f_auto/c9d57239372141b3afbbf512d7deea50.jpg",Hetero Drugs Ltd,100,0,0
Lomela Lite Cream,Hydroquinone (2% w/w) + Tretinoin (0.025% w/w) + Hydrocortisone (0.5% w/w), Melasma,Thinning of skin Dry skin Application site reactions burning irritation itching and redness,"https://onemg.gumlet.io/l_watermark_346,w_480,h_480/a_ignore,w_480,h_480,c_fit,q_auto,f_auto/cropped/dtkmk5hojxzszthaju6r.jpg",Intas Pharmaceuticals Ltd,22,45,33
Levigress 250 Tablet,Levetiracetam (250mg),Treatment of Epilepsy/Seizures,Sleepiness Dizziness Fatigue Headache Decreased appetite Behavioral changes Aggressive behavior Irritation Agitation Nasal congestion stuffy nose Infection Convulsion Nasopharyngitis inflammation of the throat and nasal passages Nausea Tremors Vertigo Lethargy,"https://onemg.gumlet.io/l_watermark_346,w_480,h_480/a_ignore,w_480,h_480,c_fit,q_auto,f_auto/e0nwj8ve3ddkvu6wxz1j.jpg",La Renon Healthcare Pvt Ltd,58,25,17
Lacotide 200mg Tablet,Lacosamide (200mg), Epilepsy/Seizures,Dizziness Headache Nausea Sleepiness Vomiting Visual disturbance Dryness in mouth Muscle spasm,"https://onemg.gumlet.io/l_watermark_346,w_480,h_480/a_ignore,w_480,h_480,c_fit,q_auto,f_auto/4c1c097c357149d6af548d03e820d661.jpg",Intas Pharmaceuticals Ltd,33,37,30
Lastuss LA Syrup,Dextromethorphan Hydrobromide (15mg/5ml), Dry cough,Sleepiness Dizziness Confusion Nausea,"https://onemg.gumlet.io/l_watermark_346,w_480,h_480/a_ignore,w_480,h_480,c_fit,q_auto,f_auto/cropped/loypox96he6zjyf3gxiv.png",FDC Ltd,67,22,11
Luligee Cream,Luliconazole (1% w/w),Treatment of Fungal skin infections,Application site reactions burning irritation itching and redness Dry skin Skin peeling Blisters on skin,"https://onemg.gumlet.io/l_watermark_346,w_480,h_480/a_ignore,w_480,h_480,c_fit,q_auto,f_auto/cropped/g0anw1p5d2uew1jlhtdz.jpg",Glenmark Pharmaceuticals Ltd,83,17,0
Losium-H Tablet,Losartan (50mg) + Hydrochlorothiazide (12.5mg),Treatment of Hypertension (high blood pressure),Nausea Taste change Upset stomach Diarrhea Headache Dizziness Weakness Decreased blood pressure Increased blood uric acid Increased blood lipid level Glucose intolerance Electrolyte imbalance,"https://onemg.gumlet.io/l_watermark_346,w_480,h_480/a_ignore,w_480,h_480,c_fit,q_auto,f_auto/mgcdzop8igwhcpejqlzg.jpg",Cadila Pharmaceuticals Ltd,87,13,0
Lacoxa 100mg Tablet,Lacosamide (100mg), Epilepsy/Seizures,Dizziness Headache Nausea Sleepiness Vomiting Visual disturbance Dryness in mouth Muscle spasm,"https://onemg.gumlet.io/l_watermark_346,w_480,h_480/a_ignore,w_480,h_480,c_fit,q_auto,f_auto/cropped/mgom5lte1iubogkfnxpr.jpg",Abbott,50,50,0
Lozivate-MF Lotion,Clobetasol (0.05% w/v) + Salicylic Acid (3% w/v) + Lactic Acid (5% w/v) + Urea (10% w/v), Eczema Psoriasis,Application site reactions burning irritation itching and redness,"https://onemg.gumlet.io/l_watermark_346,w_480,h_480/a_ignore,w_480,h_480,c_fit,q_auto,f_auto/fb110d625a2c4068b3bd87b0a149a40b.jpg",Canixa Life Sciences Pvt,14,53,33
Lukotas 10mg Tablet,Montelukast (10mg),Prevention of Asthma,Headache Diarrhea Abdominal pain Fever Upper respiratory tract infection Cough Sore throat Runny nose Sinus inflammation Ear inflammation,"https://onemg.gumlet.io/l_watermark_346,w_480,h_480/a_ignore,w_480,h_480,c_fit,q_auto,f_auto/3caadc74999e4863baa59ffa8a4e9af9.jpg",Intas Pharmaceuticals Ltd,67,33,0
Luliclinz-XL Cream,Luliconazole (1% w/w),Treatment of Fungal skin infections,Application site reactions burning irritation itching and redness Dry skin Skin peeling Blisters on skin,"https://onemg.gumlet.io/l_watermark_346,w_480,h_480/a_ignore,w_480,h_480,c_fit,q_auto,f_auto/55c13ae0a1ed44ad80839761ca85a71d.jpg",Canixa Life Sciences Pvt,42,33,25
Lineca Tablet,Linezolid (600mg),Treatment of Severe bacterial infections,Vomiting Headache Nausea Decreased blood cells red cells white cells and platelets Diarrhea,"https://onemg.gumlet.io/l_watermark_346,w_480,h_480/a_ignore,w_480,h_480,c_fit,q_auto,f_auto/cropped/dhlnkfaevi75oqjowo61.jpg",Koye Pharmaceuticals Pvt ltd,50,50,0
Lumacip Plus Cream,Hydroquinone (4% w/w) + Tretinoin (0.05% w/w) + Fluocinolone acetonide (0.01% w/w), Melasma,Erythema skin redness Skin peeling Burning sensation Dryness Itching,"https://onemg.gumlet.io/l_watermark_346,w_480,h_480/a_ignore,w_480,h_480,c_fit,q_auto,f_auto/cropped/morifjeu3rjq01jrpfof.jpg",Cipla Ltd,48,31,21
Lubricart-D Tablet,Glucosamine (750mg) + Diacerein (50mg) + Methyl Sulfonyl Methane (250mg), Osteoarthritis,Nausea Diarrhea Constipation Indigestion Heartburn Urine discoloration,"https://onemg.gumlet.io/l_watermark_346,w_480,h_480/a_ignore,w_480,h_480,c_fit,q_auto,f_auto/cropped/v82dzsc2coerk4ip221q.jpg",Kruger Pharmaceuticals Pvt Ltd,33,67,0
Leptomate 50 Tablet,Topiramate (50mg), Epilepsy/SeizuresPrevention of Migraine Lennox–Gastaut syndrome,Abdominal pain Diarrhea Dizziness Fatigue Fever Loss of appetite Memory impairment Nausea Nervousness Numbness Psychomotor impairment Sleepiness Speech disorder Taste change Upper respiratory tract infection Visual impairment Weight loss,"https://onemg.gumlet.io/l_watermark_346,w_480,h_480/a_ignore,w_480,h_480,c_fit,q_auto,f_auto/z5hc570xuzyndzowipid.jpg",La Renon Healthcare Pvt Ltd,0,11,89
Lutiderm Cream,Fluticasone Propionate (0.05% w/w),Treatment of Skin conditions with inflammation & itching,Application site reactions burning irritation itching and redness,"https://onemg.gumlet.io/l_watermark_346,w_480,h_480/a_ignore,w_480,h_480,c_fit,q_auto,f_auto/x0prxe3gtph62setu5fx.jpg",Canixa Life Sciences Pvt,33,47,20
Lenalid 25 Capsule,Lenalidomide (25mg),Treatment of Multiple myelomaTreatment of Myelodysplastic syndrome,Headache Nausea Rash Breathlessness Dizziness Fatigue Decreased white blood cell count neutrophils Joint pain Itching Diarrhea Low blood platelets Peripheral edema Cough Back pain Upper respiratory tract infection Decreased appetite Nasopharyngitis inflammation of the throat and nasal passages,"https://onemg.gumlet.io/l_watermark_346,w_480,h_480/a_ignore,w_480,h_480,c_fit,q_auto,f_auto/pz34guiwwyp5xk7cyexl.jpg",Natco Pharma Ltd,33,45,22
Lyortam 1gm Injection,Ertapenem (1gm), Severe bacterial infections,Infusion site inflammation Headache Vomiting Nausea Diarrhea Rash Dizziness Insomnia difficulty in sleeping Breathlessness Infusion site reaction Edema swelling Abdominal pain Disorientation alteration of mental status Vaginal inflammation Arrhythmia irregular heartbeats,"https://onemg.gumlet.io/l_watermark_346,w_480,h_480/a_ignore,w_480,h_480,c_fit,q_auto,f_auto/fd8e87dcbf8749588c3fe443b5b1e789.jpg",United Biotech Pvt Ltd,100,0,0
Luliderm Cream,Luliconazole (1% w/w),Treatment of Fungal skin infections,Application site reactions burning irritation itching and redness Dry skin Skin peeling Blisters on skin,"https://onemg.gumlet.io/l_watermark_346,w_480,h_480/a_ignore,w_480,h_480,c_fit,q_auto,f_auto/cropped/neqxravzwglefjzlrlfy.jpg",Aristo Pharmaceuticals Pvt Ltd,33,34,33
Lubry-GM Tablet,Glucosamine (750mg) + Diacerein (50mg) + Methyl Sulfonyl Methane (250mg), Osteoarthritis,Nausea Diarrhea Constipation Indigestion Heartburn Urine discoloration,"https://onemg.gumlet.io/l_watermark_346,w_480,h_480/a_ignore,w_480,h_480,c_fit,q_auto,f_auto/7e3409a87aa84b188da53cc137d3aa1d.jpg",Dr. Johns Laboratories Pvt Ltd,17,58,25
Lamifin Lotion,Terbinafine (1% w/v), Fungal skin infections,Application site reactions burning irritation itching and redness Skin peeling Headache Diarrhea Rash Indigestion Abnormal liver enzyme Itching Taste change Nausea Abdominal pain Flatulence,"https://onemg.gumlet.io/l_watermark_346,w_480,h_480/a_ignore,w_480,h_480,c_fit,q_auto,f_auto/cropped/dymyitgcsmcvscmibugt.jpg",Canixa Life Sciences Pvt,28,11,61
Lupride 4mg Injection,Leuprolide (4mg),Treatment of Prostate cancerTreatment of EndometriosisTreatment of Uterine fibroidsTreatment of Precocious puberty (premature puberty),Decreased libido Testicular atrophy Increased sweating Fatigue Muscle weakness Erectile dysfunction Bone pain Injection site reaction Hot flashes,"https://onemg.gumlet.io/l_watermark_346,w_480,h_480/a_ignore,w_480,h_480,c_fit,q_auto,f_auto/wiq9upcrl91hvqogjc73.jpg",Sun Pharmaceutical Industries Ltd,0,78,22
Lipitas 5mg Tablet,Rosuvastatin (5mg),Treatment of High cholesterol Prevention of heart attack and stroke,Muscle pain Weakness Headache Abdominal pain Dizziness Joint pain Nausea,"https://onemg.gumlet.io/l_watermark_346,w_480,h_480/a_ignore,w_480,h_480,c_fit,q_auto,f_auto/yjnn3ukioguocwdyldhe.jpg",Intas Pharmaceuticals Ltd,100,0,0
Levigress 750 Tablet,Levetiracetam (750mg),Treatment of Epilepsy/Seizures,Sleepiness Dizziness Fatigue Headache Decreased appetite Behavioral changes Aggressive behavior Irritation Agitation Nasal congestion stuffy nose Infection Convulsion Nasopharyngitis inflammation of the throat and nasal passages Nausea Tremors Vertigo Lethargy,"https://onemg.gumlet.io/l_watermark_346,w_480,h_480/a_ignore,w_480,h_480,c_fit,q_auto,f_auto/tkiqvfv9o8zacahoejse.jpg",La Renon Healthcare Pvt Ltd,56,27,17
Livoluk Oral Solution,Lactulose (10gm),Treatment of ConstipationTreatment of Hepatic encephalopathy,Abdominal pain Nausea Vomiting Diarrhea,"https://onemg.gumlet.io/l_watermark_346,w_480,h_480/a_ignore,w_480,h_480,c_fit,q_auto,f_auto/cropped/dskfaqy9bocxyi4o3bdf.jpg",Panacea Biotec Ltd,12,88,0
Losanorm 50-H Tablet,Losartan (50mg) + Hydrochlorothiazide (12.5mg),Treatment of Hypertension (high blood pressure),Nausea Taste change Upset stomach Diarrhea Headache Dizziness Weakness Decreased blood pressure Increased blood uric acid Increased blood lipid level Glucose intolerance Electrolyte imbalance,"https://onemg.gumlet.io/l_watermark_346,w_480,h_480/a_ignore,w_480,h_480,c_fit,q_auto,f_auto/cropped/ffbnxple8j38pdepjgiv.jpg",Ipca Laboratories Ltd,44,56,0
Lovolkem 250mg Tablet,Levofloxacin (250mg),Treatment of Bacterial infections,Headache Dizziness Nausea Constipation Diarrhea,"https://onemg.gumlet.io/l_watermark_346,w_480,h_480/a_ignore,w_480,h_480,c_fit,q_auto,f_auto/70a1152e73de4f9aba2d371d833bc0bf.jpg",Alkem Laboratories Ltd,0,33,67
Losatan H Tablet,Losartan (50mg) + Hydrochlorothiazide (12.5mg),Treatment of Hypertension (high blood pressure),Nausea Taste change Upset stomach Diarrhea Headache Dizziness Weakness Decreased blood pressure Increased blood uric acid Increased blood lipid level Glucose intolerance Electrolyte imbalance,"https://onemg.gumlet.io/l_watermark_346,w_480,h_480/a_ignore,w_480,h_480,c_fit,q_auto,f_auto/f48490eb23374b2d9878ef9d660bde0c.jpg",Biochem Pharmaceutical Industries,67,33,0
Lamitor DT 25 Tablet,Lamotrigine (25mg), Epilepsy/Seizures Bipolar disorder,Skin rash Headache Nausea Vomiting Dryness in mouth Insomnia difficulty in sleeping Sleepiness Dizziness Back pain Abdominal pain Blurred vision Double vision Impaired coordination Nasal congestion stuffy nose Infection,"https://onemg.gumlet.io/l_watermark_346,w_480,h_480/a_ignore,w_480,h_480,c_fit,q_auto,f_auto/bvahamybd6j29c70hd3g.jpg",Torrent Pharmaceuticals Ltd,33,34,33
Lacom-CV 625 Tablet,Amoxycillin  (500mg) +  Clavulanic Acid (125mg),Treatment of Bacterial infections,Vomiting Nausea Diarrhea Mucocutaneous candidiasis,"https://onemg.gumlet.io/l_watermark_346,w_480,h_480/a_ignore,w_480,h_480,c_fit,q_auto,f_auto/5831a16ceacd4631b3e16506c0da17df.jpg",Comed Chemicals Ltd,67,33,0
Luliderm Cream,Luliconazole (1% w/w),Treatment of Fungal skin infections,Application site reactions burning irritation itching and redness Dry skin Skin peeling Blisters on skin,"https://onemg.gumlet.io/l_watermark_346,w_480,h_480/a_ignore,w_480,h_480,c_fit,q_auto,f_auto/b3c1e4ca2b214fe3bc7b070b80be37eb.jpg",Aristo Pharmaceuticals Pvt Ltd,25,54,21
Lamez OD 50  Tablet SR,Lamotrigine (50mg), Epilepsy/Seizures Bipolar disorder,Skin rash Headache Nausea Vomiting Dryness in mouth Insomnia difficulty in sleeping Sleepiness Dizziness Back pain Abdominal pain Blurred vision Double vision Impaired coordination Nasal congestion stuffy nose Infection,"https://onemg.gumlet.io/l_watermark_346,w_480,h_480/a_ignore,w_480,h_480,c_fit,q_auto,f_auto/cropped/w1hkoz61126tdiakpf2y.jpg",Intas Pharmaceuticals Ltd,50,50,0
Lipigo 5 Tablet,Rosuvastatin (5mg),Treatment of High cholesterol Prevention of heart attack and stroke,Muscle pain Weakness Headache Abdominal pain Dizziness Joint pain Nausea,"https://onemg.gumlet.io/l_watermark_346,w_480,h_480/a_ignore,w_480,h_480,c_fit,q_auto,f_auto/cropped/snrzkxtvidiqgez4fijc.jpg",Merck Ltd,100,0,0
Lacoset 150 Tablet,Lacosamide (150mg), Epilepsy/Seizures,Dizziness Headache Nausea Sleepiness Vomiting Visual disturbance Dryness in mouth Muscle spasm,"https://onemg.gumlet.io/l_watermark_346,w_480,h_480/a_ignore,w_480,h_480,c_fit,q_auto,f_auto/cropped/qn4ta367ietxlwoxksmu.jpg",Sun Pharmaceutical Industries Ltd,0,58,42
Losanorm 25 Tablet,Losartan (25mg),Treatment of Hypertension (high blood pressure)Treatment of Heart failure Prevention of heart attack and stroke,Dizziness Decreased blood pressure Hypoglycemia low blood glucose level Increased potassium level in blood Increased blood urea,"https://onemg.gumlet.io/l_watermark_346,w_480,h_480/a_ignore,w_480,h_480,c_fit,q_auto,f_auto/cropped/tcvfuz77b8mfkozqrnde.jpg",Ipca Laboratories Ltd,33,67,0
Levemex 500 Tablet,Levetiracetam (500mg),Treatment of Epilepsy/Seizures,Sleepiness Dizziness Fatigue Headache Decreased appetite Behavioral changes Aggressive behavior Irritation Agitation Nasal congestion stuffy nose Infection Convulsion Nasopharyngitis inflammation of the throat and nasal passages Nausea Tremors Vertigo Lethargy,"https://onemg.gumlet.io/l_watermark_346,w_480,h_480/a_ignore,w_480,h_480,c_fit,q_auto,f_auto/4a6ba34e2b334fdd9a7a4aec5a7a53a0.jpg",Icon Life Sciences,22,56,22
Lethyrox 12.5 Tablet,Thyroxine (12.5mcg),Treatment of Hypothyroidism,Palpitations Vomiting Anxiety Diarrhea Weight loss Nervousness Increased appetite Tremors,"https://onemg.gumlet.io/l_watermark_346,w_480,h_480/a_ignore,w_480,h_480,c_fit,q_auto,f_auto/2beafede8a1f478985b11a94d35a71c6.jpg",Intas Pharmaceuticals Ltd,0,33,67
Lamictal 25mg Dispersible Tablet,Lamotrigine (25mg), Epilepsy/Seizures Bipolar disorder,Skin rash Headache Nausea Vomiting Dryness in mouth Insomnia difficulty in sleeping Sleepiness Dizziness Back pain Abdominal pain Blurred vision Double vision Impaired coordination Nasal congestion stuffy nose Infection,"https://onemg.gumlet.io/l_watermark_346,w_480,h_480/a_ignore,w_480,h_480,c_fit,q_auto,f_auto/cropped/bt3ekn7q8qfebfr4cmqv.jpg",Glaxo SmithKline Pharmaceuticals Ltd,58,25,17
Life OK  Eye Drop,Naphazoline (NA) + Chlorpheniramine Maleate (NA) + Phenylephrine (NA) + Hydroxypropylmethylcellulose (NA) + Menthol (NA) + Camphor (NA),Treatment of Allergic eye disease,Eye irritation Burning eyes Stinging in the eyes,"https://onemg.gumlet.io/l_watermark_346,w_480,h_480/a_ignore,w_480,h_480,c_fit,q_auto,f_auto/cb2975a20f6c4f4382ce71f107ca77be.jpg",Optica Pharmaceuticals Pvt Ltd,67,33,0
Leon 750 Tablet,Levofloxacin (750mg),Treatment of Bacterial infections,Headache Dizziness Nausea Constipation Diarrhea,"https://onemg.gumlet.io/l_watermark_346,w_480,h_480/a_ignore,w_480,h_480,c_fit,q_auto,f_auto/cropped/mm1gcgrttjwmtgfswgsg.jpg",Dr Reddy's Laboratories Ltd,33,11,56
Lumaglo Cream,Hydroquinone (2% w/w) + Tretinoin (0.025% w/w) + Fluocinolone acetonide (0.01% w/w), Melasma,Erythema skin redness Skin peeling Burning sensation Dryness Itching,"https://onemg.gumlet.io/l_watermark_346,w_480,h_480/a_ignore,w_480,h_480,c_fit,q_auto,f_auto/cropped/hqdhdnfp6k88aw6f5vqx.jpg",Alkem Laboratories Ltd,49,31,20
Lulifin Lotion,Luliconazole (1% w/v),Treatment of Fungal skin infections,Application site reactions burning irritation itching and redness Dry skin Skin peeling Blisters on skin,"https://onemg.gumlet.io/l_watermark_346,w_480,h_480/a_ignore,w_480,h_480,c_fit,q_auto,f_auto/2eb95eeb6cbe4cbf9ec81e19b1559fe4.jpg",Sun Pharmaceutical Industries Ltd,41,48,11
Lacne 20 Softgel Capsule,Isotretinoin (20mg),Treatment of Acne,Dry skin Increased liver enzymes Rash,"https://onemg.gumlet.io/l_watermark_346,w_480,h_480/a_ignore,w_480,h_480,c_fit,q_auto,f_auto/g1r1l7pdlfx2o9fiajji.jpg",La Pristine Bioceuticals Pvt Ltd,38,37,25
Limarin 140 Capsule,Silymarin (140mg), Chronic liver disease Liver cirrhosis,Nausea Bloating Diarrhea Indigestion Loss of appetite Stomach pain Upset stomach Back pain Hair loss Dizziness Itching Rash,"https://onemg.gumlet.io/l_watermark_346,w_480,h_480/a_ignore,w_480,h_480,c_fit,q_auto,f_auto/cropped/wq1req599euuvyogwpvv.jpg",Serum Institute Of India Ltd,50,8,42
Levepsy 1000 Tablet,Levetiracetam (1000mg),Treatment of Epilepsy/Seizures,Sleepiness Dizziness Fatigue Headache Decreased appetite Behavioral changes Aggressive behavior Irritation Agitation Nasal congestion stuffy nose Infection Convulsion Nasopharyngitis inflammation of the throat and nasal passages Nausea Tremors Vertigo Lethargy,"https://onemg.gumlet.io/l_watermark_346,w_480,h_480/a_ignore,w_480,h_480,c_fit,q_auto,f_auto/cropped/rrbfh6q9npiol9fmpkwf.jpg",Cipla Ltd,83,17,0
Leepure Tablet,Metadoxine (500mg) + Silymarin (140mg) + L-Ornithine L-Aspartate (150mg) + Vitamin B6 (Pyridoxine) (3mg) + Folic Acid (1.5mg),Treatment of Liver  disease,Nausea Fatigue Headache,"https://onemg.gumlet.io/l_watermark_346,w_480,h_480/a_ignore,w_480,h_480,c_fit,q_auto,f_auto/cropped/adlspk84e4nuybonnynp.png",Resolute Healthcare,56,44,0
Levepsy 250 Tablet,Levetiracetam (250mg),Treatment of Epilepsy/Seizures,Sleepiness Dizziness Fatigue Headache Decreased appetite Behavioral changes Aggressive behavior Irritation Agitation Nasal congestion stuffy nose Infection Convulsion Nasopharyngitis inflammation of the throat and nasal passages Nausea Tremors Vertigo Lethargy,"https://onemg.gumlet.io/l_watermark_346,w_480,h_480/a_ignore,w_480,h_480,c_fit,q_auto,f_auto/cropped/hanvrmea9aygrqcydexp.jpg",Cipla Ltd,12,76,12
Laxito Plus Liquid,Sodium Picosulfate (3.33mg) + Liquid Paraffin (1.25ml) + Milk Of Magnesia (3.75ml),Treatment of Constipation,Diarrhea Stomach pain,"https://onemg.gumlet.io/l_watermark_346,w_480,h_480/a_ignore,w_480,h_480,c_fit,q_auto,f_auto/1e0eed4e6d3148e6b946dc00eaaf567d.jpg",Organic Laboratories,42,58,0
Losium 25 Tablet,Losartan (25mg),Treatment of Hypertension (high blood pressure)Treatment of Heart failure Prevention of heart attack and stroke,Dizziness Decreased blood pressure Hypoglycemia low blood glucose level Increased potassium level in blood Increased blood urea,"https://onemg.gumlet.io/l_watermark_346,w_480,h_480/a_ignore,w_480,h_480,c_fit,q_auto,f_auto/97edde359d4c4f81ac741fae4d168c80.jpg",Cadila Pharmaceuticals Ltd,89,11,0
Livafin O 200mg Capsule,Itraconazole (200mg),Treatment of Fungal infections,Nausea Abdominal pain Constipation Dizziness Headache Indigestion Vomiting,"https://onemg.gumlet.io/l_watermark_346,w_480,h_480/a_ignore,w_480,h_480,c_fit,q_auto,f_auto/1364529ba6f44bf8af49dbaa61692f78.jpg",Zydus Cadila,33,27,40
Lacrisol Eye Drop,Hydroxypropylmethylcellulose (0.3% w/v) + Glycerin (0.2% w/v) + Dextran 70 (0.1% w/v),Treatment of Dry eyes,Application site reactions burning irritation itching and redness,"https://onemg.gumlet.io/l_watermark_346,w_480,h_480/a_ignore,w_480,h_480,c_fit,q_auto,f_auto/ao91mxhzragh029k8kqe.jpg",Micro Labs Ltd,0,78,22
Lulisol Cream,Luliconazole (1% w/w),Treatment of Fungal skin infections,Application site reactions burning irritation itching and redness Dry skin Skin peeling Blisters on skin,"https://onemg.gumlet.io/l_watermark_346,w_480,h_480/a_ignore,w_480,h_480,c_fit,q_auto,f_auto/7ec6da882ed24162bae254dd8fdd01ad.jpg",Sol Derma Pharmaceuiticals Pvt Ltd,0,0,100
Levera XR 1000 Tablet,Levetiracetam (1000mg),Treatment of Epilepsy/Seizures,Sleepiness Dizziness Fatigue Headache Decreased appetite Behavioral changes Aggressive behavior Irritation Agitation Nasal congestion stuffy nose Infection Convulsion Nasopharyngitis inflammation of the throat and nasal passages Nausea Tremors Vertigo Lethargy,"https://onemg.gumlet.io/l_watermark_346,w_480,h_480/a_ignore,w_480,h_480,c_fit,q_auto,f_auto/dfqvbgnwufhmtj8pkxj9.jpg",Intas Pharmaceuticals Ltd,45,34,21
Levobact 500 Tablet,Levofloxacin (500mg),Treatment of Bacterial infections,Headache Dizziness Nausea Constipation Diarrhea,"https://onemg.gumlet.io/l_watermark_346,w_480,h_480/a_ignore,w_480,h_480,c_fit,q_auto,f_auto/78baecb350e84e65a79849c592fc79ff.jpg",Micro Labs Ltd,0,50,50
Lipophage 60 Capsule,Orlistat (60mg), Obesity,Fat in stool Bowel incontinence Flatus with discharge Oily spotting Increased urge to pass bowels Oily evacuation Increased bowel movements,"https://onemg.gumlet.io/l_watermark_346,w_480,h_480/a_ignore,w_480,h_480,c_fit,q_auto,f_auto/cropped/buh4ggdz9xicm5k0sorp.jpg",Franco-Indian Pharmaceuticals Pvt Ltd,29,42,29
Lactolook Oral Solution Sugar Free,Lactulose (10gm),Treatment of ConstipationTreatment of Hepatic encephalopathy,Abdominal pain Nausea Vomiting Diarrhea,"https://onemg.gumlet.io/l_watermark_346,w_480,h_480/a_ignore,w_480,h_480,c_fit,q_auto,f_auto/nna7pugsgzxwzvefatew.jpg",Knoll Pharmaceuticals Ltd,50,50,0
Lacrimos Gel,Carboxymethylcellulose (1% w/v),Treatment of Dry eyes,Eye irritation Burning eyes Eye discomfort Eye itching Eye pain,"https://onemg.gumlet.io/l_watermark_346,w_480,h_480/a_ignore,w_480,h_480,c_fit,q_auto,f_auto/cropped/uivvxtgduzol6el0ljqy.jpg",Lupin Ltd,75,0,25
Lonitab 10 Tablet,Minoxidil (10mg),Treatment of Hypertension (high blood pressure),Hypotension low blood pressure Headache Hypertrichosis excessive hair growth Weight gain Tachycardia Decreased white blood cell count E C G changes,"https://onemg.gumlet.io/l_watermark_346,w_480,h_480/a_ignore,w_480,h_480,c_fit,q_auto,f_auto/cropped/wpg7pzltptzjkspmenlg.jpg",Intas Pharmaceuticals Ltd,33,34,33
Liketears Plus Eye Drop,Hydroxypropylmethylcellulose (0.3% w/v) + Glycerin (0.2% w/v) + Dextran 70 (0.1% w/v),Treatment of Dry eyes,Application site reactions burning irritation itching and redness,"https://onemg.gumlet.io/l_watermark_346,w_480,h_480/a_ignore,w_480,h_480,c_fit,q_auto,f_auto/xihzvwjyaspslcu9dkpz.jpg",Eyekare Kilitch Limited,42,33,25
Loprin-DS Tablet,Aspirin (150mg),Prevention of Angina (heart-related chest pain)Treatment and prevention of Heart attackTreatment and prevention of Stroke,Heartburn Increased bleeding tendency Nausea Upset stomach Vomiting,"https://onemg.gumlet.io/l_watermark_346,w_480,h_480/a_ignore,w_480,h_480,c_fit,q_auto,f_auto/p9ay3cs3o5nzh5l2sofg.jpg",Torrent Pharmaceuticals Ltd,33,17,50
Levera DT 500 Tablet,Levetiracetam (500mg),Treatment of Epilepsy/Seizures,Sleepiness Dizziness Fatigue Headache Decreased appetite Behavioral changes Aggressive behavior Irritation Agitation Nasal congestion stuffy nose Infection Convulsion Nasopharyngitis inflammation of the throat and nasal passages Nausea Tremors Vertigo Lethargy,"https://onemg.gumlet.io/l_watermark_346,w_480,h_480/a_ignore,w_480,h_480,c_fit,q_auto,f_auto/cropped/iu2kwhbxbo4yohkqyyie.jpg",Intas Pharmaceuticals Ltd,43,57,0
Ludura Lotion,Luliconazole (1%),Treatment of Fungal skin infections,Application site reactions burning irritation itching and redness Dry skin Skin peeling Blisters on skin,"https://onemg.gumlet.io/l_watermark_346,w_480,h_480/a_ignore,w_480,h_480,c_fit,q_auto,f_auto/971c91ef025141d0acd01645913d46e3.jpg",Cipla Ltd,56,33,11
Lidozone  Ear Drop,Lidocaine (1% w/v) + Phenazone (4% w/v),Treatment of Ear pain,Application site reactions burning irritation itching and redness,"https://onemg.gumlet.io/l_watermark_346,w_480,h_480/a_ignore,w_480,h_480,c_fit,q_auto,f_auto/cropped/v51phmd4boy0mjxjd3lw.jpg",Delcure Life Sciences,100,0,0
Lidayn Topical Mint,Lidocaine (15% w/v), Local anesthesia (Numb tissues in a specific area),Allergic reaction Application site reactions burning irritation itching and redness,"https://onemg.gumlet.io/l_watermark_346,w_480,h_480/a_ignore,w_480,h_480,c_fit,q_auto,f_auto/cropped/noptd0dxjwom8snaput7.png",Global Dent Aids Pvt Ltd,42,18,40
LN Met 50 Tablet ER,Cilnidipine (10mg) + Metoprolol Succinate (50mg), Hypertension (high blood pressure),Abnormal phosphorous level in blood,"https://onemg.gumlet.io/l_watermark_346,w_480,h_480/a_ignore,w_480,h_480,c_fit,q_auto,f_auto/cropped/fz3dhpqa1uchlg1yd2df.jpg",Eris Lifesciences Ltd,20,60,20
Lupiflex 8 Tablet,Ketoprofen (100mg) + Thiocolchicoside (8mg), Pain due to muscle spasm,Nausea Indigestion Heartburn Stomach pain,"https://onemg.gumlet.io/l_watermark_346,w_480,h_480/a_ignore,w_480,h_480,c_fit,q_auto,f_auto/79f1e4151f9f4791bbc9a5e711e812df.jpg",Lupin Ltd,33,7,60
Levepsy 500mg Injection,Levetiracetam (500mg),Treatment of Epilepsy/Seizures,Sleepiness Dizziness Decreased appetite Fatigue Headache Behavioral changes Irritation Aggressive behavior Agitation Infection Nasopharyngitis inflammation of the throat and nasal passages,"https://onemg.gumlet.io/l_watermark_346,w_480,h_480/a_ignore,w_480,h_480,c_fit,q_auto,f_auto/ulia1hd7kprhzcsolx1i.jpg",Cipla Ltd,33,67,0
Loram  5 Tablet,Ramipril (5mg) + Losartan (50mg), Hypertension (high blood pressure),Nausea Taste change Stomach pain Diarrhea Indigestion Cough Headache Dizziness Weakness Increased potassium level in blood Decreased blood pressure,"https://onemg.gumlet.io/l_watermark_346,w_480,h_480/a_ignore,w_480,h_480,c_fit,q_auto,f_auto/8e8396638e1b4d009287f8ae67762f73.jpg",Torrent Pharmaceuticals Ltd,67,33,0
Lacopsy 50mg Tablet,Lacosamide (50mg), Epilepsy/Seizures,Dizziness Headache Nausea Sleepiness Vomiting Visual disturbance Dryness in mouth Muscle spasm,"https://onemg.gumlet.io/l_watermark_346,w_480,h_480/a_ignore,w_480,h_480,c_fit,q_auto,f_auto/c2d698ec19d8450d8998160a3aa2e302.jpg",Cipla Ltd,67,33,0
Lupitros Eye Drop,Travoprost (0.004% w/v),Treatment of GlaucomaTreatment of Ocular hypertension,Eye pain Foreign body sensation Eye discomfort Eye itching Ocular hyperemia Decreased vision,"https://onemg.gumlet.io/l_watermark_346,w_480,h_480/a_ignore,w_480,h_480,c_fit,q_auto,f_auto/cropped/b75qxxqzomrdkg7ue9if.jpg",Lupin Ltd,51,43,6
Levotiz-A Tablet SR,Ambroxol (75mg) + Levocetirizine (5mg) + Montelukast (10mg),Treatment of Respiratory tract disorders associated with viscid mucus,Nausea Upset stomach Dryness in mouth Headache Fatigue Allergic reaction Sleepiness Flu like symptoms,"https://onemg.gumlet.io/l_watermark_346,w_480,h_480/a_ignore,w_480,h_480,c_fit,q_auto,f_auto/cropped/y9mw4h9b8s2ktjjjy3jq.jpg",Foregen Healthcare Ltd,33,39,28
Lee Dott Oral Powder,Racecadotril (10mg),Treatment of Diarrhea,Skin rash Vomiting Dizziness General discomfort Headache,"https://onemg.gumlet.io/l_watermark_346,w_480,h_480/a_ignore,w_480,h_480,c_fit,q_auto,f_auto/8066acf441924d02a08c13214fc5740d.jpg",Leeford Healthcare Ltd,100,0,0
Lamosyn 25 Tablet,Lamotrigine (25mg), Epilepsy/Seizures Bipolar disorder,Skin rash Headache Nausea Vomiting Dryness in mouth Insomnia difficulty in sleeping Sleepiness Dizziness Back pain Abdominal pain Blurred vision Double vision Impaired coordination Nasal congestion stuffy nose Infection,"https://onemg.gumlet.io/l_watermark_346,w_480,h_480/a_ignore,w_480,h_480,c_fit,q_auto,f_auto/cropped/ixpameuxgfczbijzqu4q.jpg",Sun Pharmaceutical Industries Ltd,0,33,67
Lacopsy 200 Tablet,Lacosamide (200mg), Epilepsy/Seizures,Dizziness Headache Nausea Sleepiness Vomiting Visual disturbance Dryness in mouth Muscle spasm,"https://onemg.gumlet.io/l_watermark_346,w_480,h_480/a_ignore,w_480,h_480,c_fit,q_auto,f_auto/6bfb1116e2ac4d0b907a4f28e90b486e.jpg",Cipla Ltd,83,17,0
Larentine D 5mg/10mg Tablet,Donepezil (5mg) + Memantine (10mg), Alzheimer's disease,Nausea Vomiting Loss of appetite Diarrhea Headache Dizziness Bleeding under the skin,"https://onemg.gumlet.io/l_watermark_346,w_480,h_480/a_ignore,w_480,h_480,c_fit,q_auto,f_auto/4028e4a25cb4430c84f2c6a4b1a7870a.jpg",La Renon Healthcare Pvt Ltd,50,17,33
Levogastrol OD 75 Tablet SR,Levosulpiride (75mg), Gastroesophageal reflux disease (Acid reflux) Irritable bowel syndrome Heartburn,Increased prolactin level in blood Extrapyramidal symptoms Weight gain Akathisia inability to stay still Increased liver enzymes Constipation Insomnia difficulty in sleeping Sedation Maculopapular rash,"https://onemg.gumlet.io/l_watermark_346,w_480,h_480/a_ignore,w_480,h_480,c_fit,q_auto,f_auto/rchpqx79epjyrrte8cky.jpg",Alembic Pharmaceuticals Ltd,0,33,67
Lit M Tablet,Levocetirizine (5mg) + Montelukast (10mg),Treatment of Sneezing and runny nose due to allergiesTreatment of Hay feverTreatment of Allergic skin conditions,Nausea Diarrhea Dryness in mouth Fatigue Headache Skin rash Sleepiness Vomiting,"https://onemg.gumlet.io/l_watermark_346,w_480,h_480/a_ignore,w_480,h_480,c_fit,q_auto,f_auto/c301e42eed3f41f69353509a538017b0.jpg",Omenta Pharma Pvt Ltd,67,33,0
Listril Plus Tablet,Lisinopril (5mg) + Hydrochlorothiazide (12.5mg), Hypertension (high blood pressure),Nausea Taste change Indigestion Stomach pain Diarrhea Headache Dizziness Weakness Decreased blood pressure Cough Increased blood lipid level Increased blood uric acid Electrolyte imbalance Glucose intolerance,"https://onemg.gumlet.io/l_watermark_346,w_480,h_480/a_ignore,w_480,h_480,c_fit,q_auto,f_auto/cropped/dqkjzhe53celwpcuwlwy.jpg",Torrent Pharmaceuticals Ltd,53,34,13
Livafin -O 100 Capsule,Itraconazole (100mg),Treatment of Fungal infections,Nausea Abdominal pain Constipation Dizziness Headache Indigestion Vomiting,"https://onemg.gumlet.io/l_watermark_346,w_480,h_480/a_ignore,w_480,h_480,c_fit,q_auto,f_auto/e3b21240227540e5af0329973258ff7b.jpg",Zydus Cadila,0,33,67
LCF Expectorant,Ambroxol (30mg/5ml) + Guaifenesin (100mg/5ml) + Terbutaline (2.5mg/5ml), Cough with mucus,Nausea Vomiting Diarrhea Dizziness Headache Rash Tremors Increased heart rate Indigestion Bloating Upper abdominal pain Urticaria Itching Sweating Changes in serum aminotransferase levels,"https://onemg.gumlet.io/l_watermark_346,w_480,h_480/a_ignore,w_480,h_480,c_fit,q_auto,f_auto/f7inmkudsfq4vvkvnm9n.jpg",Lupin Ltd,42,16,42
Luly Cream,Luliconazole (1% w/w),Treatment of Fungal skin infections,Application site reactions burning irritation itching and redness Dry skin Skin peeling Blisters on skin,"https://onemg.gumlet.io/l_watermark_346,w_480,h_480/a_ignore,w_480,h_480,c_fit,q_auto,f_auto/zgz4iuhbizsrxz06pz70.jpg",Brinton Pharmaceuticals Pvt Ltd,37,32,31
Lorsaid SD 4 Tablet,Lornoxicam (4mg), Pain relief,Dizziness Headache Stomach pain Upset stomach Diarrhea Nausea Vomiting Indigestion,"https://onemg.gumlet.io/l_watermark_346,w_480,h_480/a_ignore,w_480,h_480,c_fit,q_auto,f_auto/cropped/kfmbbibh38cfqq7noeoq.jpg",Abbott,0,67,33
Lamifin Dusting Powder,Terbinafine (1% w/w), Fungal skin infections,Application site reactions burning irritation itching and redness Skin peeling Headache Diarrhea Rash Indigestion Abnormal liver enzyme Itching Taste change Nausea Abdominal pain Flatulence,"https://onemg.gumlet.io/l_watermark_346,w_480,h_480/a_ignore,w_480,h_480,c_fit,q_auto,f_auto/cropped/q482ypszwlijfqk8sxzk.jpg",Canixa Life Sciences Pvt,52,24,24
Lurafic 40 Tablet,Lurasidone (40mg), Schizophrenia,Nausea Vomiting Weight gain Sleepiness Dryness in mouth Indigestion Parkinsonism Akathisia inability to stay still Anxiety Stomach discomfort Restlessness Upper abdominal pain Agitation Insomnia difficulty in sleeping Increased saliva production,"https://onemg.gumlet.io/l_watermark_346,w_480,h_480/a_ignore,w_480,h_480,c_fit,q_auto,f_auto/yqjeaxxg8f5ugfahftdz.jpg",Lupin Ltd,27,33,40
Lucoz Cream,Luliconazole (1% w/w),Treatment of Fungal skin infections,Application site reactions burning irritation itching and redness Dry skin Skin peeling Blisters on skin,"https://onemg.gumlet.io/l_watermark_346,w_480,h_480/a_ignore,w_480,h_480,c_fit,q_auto,f_auto/cd3d193c7bc348098012aa3e3e3d7522.jpg",Ajanta Pharma Ltd,17,25,58
Levigress 1000 Tablet PR,Levetiracetam (1000mg),Treatment of Epilepsy/Seizures,Sleepiness Dizziness Fatigue Headache Decreased appetite Behavioral changes Aggressive behavior Irritation Agitation Nasal congestion stuffy nose Infection Convulsion Nasopharyngitis inflammation of the throat and nasal passages Nausea Tremors Vertigo Lethargy,"https://onemg.gumlet.io/l_watermark_346,w_480,h_480/a_ignore,w_480,h_480,c_fit,q_auto,f_auto/94ae7ff8bb574badbd37122488c27b37.jpg",La Renon Healthcare Pvt Ltd,25,33,42
Levolin Plus Syrup Pineapple &amp; Black currant,Ambroxol (30mg/5ml) + Levosalbutamol (1mg/5ml) + Guaifenesin (50mg/5ml),Treatment of Cough with mucus,Nausea Vomiting Diarrhea Upset stomach Stomach pain Allergic reaction Dizziness Headache Rash Hives Tremors Palpitations Muscle cramp Increased heart rate,"https://onemg.gumlet.io/l_watermark_346,w_480,h_480/a_ignore,w_480,h_480,c_fit,q_auto,f_auto/cropped/yoazsyck2z3z1uzaealp.jpg",Cipla Ltd,10,54,36
Lupicet Tablet,Cetirizine (10mg),Treatment of Allergic conditions,Sleepiness Fatigue Vomiting Dryness in mouth Headache Constipation,"https://onemg.gumlet.io/l_watermark_346,w_480,h_480/a_ignore,w_480,h_480,c_fit,q_auto,f_auto/1f53842b937f4fc7840f9a21f779f100.jpg",Lupin Ltd,24,47,29
Lacoma T  Eye Drop,Timolol (5mg/ml) + Latanoprost (50mcg/ml),Treatment of GlaucomaTreatment of Ocular hypertension,Burning sensation Eye irritation Stinging sensation Blurred vision,"https://onemg.gumlet.io/l_watermark_346,w_480,h_480/a_ignore,w_480,h_480,c_fit,q_auto,f_auto/f680d6a33047465f8b862daae454b827.jpg",Ajanta Pharma Ltd,22,45,33
Lactigol Granules,Lactitol (10gm) + Ispaghula (3.5gm),Treatment of Constipation,Bloating Stomach cramp Flatulence,"https://onemg.gumlet.io/l_watermark_346,w_480,h_480/a_ignore,w_480,h_480,c_fit,q_auto,f_auto/d1zcahequvtd0zccawef.jpg",Lupin Ltd,67,33,0
Losanorm 25-H Tablet,Losartan (25mg) + Hydrochlorothiazide (12.5mg),Treatment of Hypertension (high blood pressure),Nausea Taste change Upset stomach Diarrhea Headache Dizziness Weakness Decreased blood pressure Increased blood uric acid Increased blood lipid level Glucose intolerance Electrolyte imbalance,"https://onemg.gumlet.io/l_watermark_346,w_480,h_480/a_ignore,w_480,h_480,c_fit,q_auto,f_auto/cropped/yaelcp8lse0r5mu1qpdx.jpg",Ipca Laboratories Ltd,33,67,0
Lzhh-XL Cream,Luliconazole (1% w/w),Treatment of Fungal skin infections,Application site reactions burning irritation itching and redness Dry skin Skin peeling Blisters on skin,"https://onemg.gumlet.io/l_watermark_346,w_480,h_480/a_ignore,w_480,h_480,c_fit,q_auto,f_auto/cropped/tewqrgrkgoof1poojkmg.jpg",Hegde and Hegde Pharmaceutical LLP,50,17,33
Luramax 80mg Tablet,Lurasidone (80mg), Schizophrenia,Nausea Vomiting Weight gain Sleepiness Dryness in mouth Indigestion Parkinsonism Akathisia inability to stay still Anxiety Stomach discomfort Restlessness Upper abdominal pain Agitation Insomnia difficulty in sleeping Increased saliva production,"https://onemg.gumlet.io/l_watermark_346,w_480,h_480/a_ignore,w_480,h_480,c_fit,q_auto,f_auto/745abf6f12dc46afa236ef681ff78e1e.jpg",Sun Pharmaceutical Industries Ltd,50,6,44
Levokast Oral Suspension,Levocetirizine (2.5mg/5ml) + Montelukast (4mg/5ml),Treatment of Sneezing and runny nose due to allergiesTreatment of Hay feverTreatment of Allergic skin conditions,Rash Nausea Diarrhea Dryness in mouth Fatigue Headache Skin rash Sleepiness Vomiting,"https://onemg.gumlet.io/l_watermark_346,w_480,h_480/a_ignore,w_480,h_480,c_fit,q_auto,f_auto/88a1f5d6f9ec465a8e67289bb439bed6.jpg",TTK Healthcare Ltd,42,16,42
Lofatin Lotion,Luliconazole (1% w/v),Treatment of Fungal skin infections,Application site reactions burning irritation itching and redness Dry skin Skin peeling Blisters on skin,"https://onemg.gumlet.io/l_watermark_346,w_480,h_480/a_ignore,w_480,h_480,c_fit,q_auto,f_auto/81ee3fc5036247d78aefdd20948d070e.jpg",Abbott,42,41,17
Lupigest 400 Soft Gelatin Capsule,Progesterone (Natural Micronized) (400mg), Hormone replacement therapyTreatment of Female infertility,Abdominal pain Nausea Abnormal vaginal bleeding Edema swelling Hair loss Abdominal bloating Headache Breast pain Vomiting Vaginal yeast infection,"https://onemg.gumlet.io/l_watermark_346,w_480,h_480/a_ignore,w_480,h_480,c_fit,q_auto,f_auto/cropped/yuvixd7m3lzp6m8pvflg.jpg",Lupin Ltd,0,17,83
Lulizol Cream,Luliconazole (1% w/w),Treatment of Fungal skin infections,Application site reactions burning irritation itching and redness Dry skin Skin peeling Blisters on skin,"https://onemg.gumlet.io/l_watermark_346,w_480,h_480/a_ignore,w_480,h_480,c_fit,q_auto,f_auto/cropped/wa5dfskxadv1ysqxbp8b.jpg",KLM Laboratories Pvt Ltd,31,34,35
Lotechek Eye Drop,Loteprednol etabonate (0.5% w/v), Redness and swelling in the eye,Eye irritation Watery eyes Burning sensation,"https://onemg.gumlet.io/l_watermark_346,w_480,h_480/a_ignore,w_480,h_480,c_fit,q_auto,f_auto/ce87726095324b75a594d8c308577607.jpg",Indoco Remedies Ltd,67,33,0
Lipicure 5 Tablet,Atorvastatin (5mg), High cholesterolPrevention of Heart attack,Dyspepsia Abdominal pain Indigestion Diarrhea Joint pain Nasopharyngitis inflammation of the throat and nasal passages Nausea Pain in extremities Urinary tract infection Abnormal liver function tests,"https://onemg.gumlet.io/l_watermark_346,w_480,h_480/a_ignore,w_480,h_480,c_fit,q_auto,f_auto/cropped/wdzrz7tgiwl40jjlhaiu.jpg",Intas Pharmaceuticals Ltd,67,33,0
Lacne 10 Capsule,Isotretinoin (10mg),Treatment of Acne,Dry skin Increased liver enzymes Rash,"https://onemg.gumlet.io/l_watermark_346,w_480,h_480/a_ignore,w_480,h_480,c_fit,q_auto,f_auto/8086951d060c42d29dd3a601f34708ca.jpg",La Pristine Bioceuticals Pvt Ltd,73,7,20
Lidfast 2% Jelly,Lidocaine (2% w/v), Local anesthesia (Numb tissues in a specific area),Allergic reaction Application site reactions burning irritation itching and redness,"https://onemg.gumlet.io/l_watermark_346,w_480,h_480/a_ignore,w_480,h_480,c_fit,q_auto,f_auto/mdoayi1esezitbzjg7ag.jpg",Samarth Life Sciences Pvt Ltd,67,16,17
Lucazole Cream,Luliconazole (1% w/w),Treatment of Fungal skin infections,Application site reactions burning irritation itching and redness Dry skin Skin peeling Blisters on skin,"https://onemg.gumlet.io/l_watermark_346,w_480,h_480/a_ignore,w_480,h_480,c_fit,q_auto,f_auto/cropped/apw5iufzi7bz0sux7iw9.jpg",Sun Pharmaceutical Industries Ltd,39,44,17
Luby Eye Drop,Carboxymethylcellulose (0.5% w/v),Treatment of Dry eyes,Eye irritation Burning eyes Eye discomfort Eye itching Eye pain,"https://onemg.gumlet.io/l_watermark_346,w_480,h_480/a_ignore,w_480,h_480,c_fit,q_auto,f_auto/cropped/ahy5gvqbrthvqtqoc7ou.jpg",Zodley Pharmaceuticals Pvt Ltd,100,0,0
Levepsy Syrup,Levetiracetam (100mg/ml),Treatment of Epilepsy/Seizures,Sleepiness Dizziness Fatigue Headache Decreased appetite Behavioral changes Aggressive behavior Irritation Agitation Nasal congestion stuffy nose Infection Convulsion Nasopharyngitis inflammation of the throat and nasal passages Nausea Tremors Vertigo Lethargy,"https://onemg.gumlet.io/l_watermark_346,w_480,h_480/a_ignore,w_480,h_480,c_fit,q_auto,f_auto/gzozmui4lsqwf9dzbrop.jpg",Cipla Ltd,17,66,17
LCZ-Mont Kid Tablet,Levocetirizine (2.5mg) + Montelukast (4mg),Treatment of Sneezing and runny nose due to allergiesTreatment of Hay feverTreatment of Allergic skin conditions,Rash Nausea Diarrhea Dryness in mouth Fatigue Headache Skin rash Sleepiness Vomiting,"https://onemg.gumlet.io/l_watermark_346,w_480,h_480/a_ignore,w_480,h_480,c_fit,q_auto,f_auto/cropped/axkonwzolwa7y5enmzo9.jpg",Rapross Pharmaceuticals Pvt Ltd,0,0,100
LCZ-XP Expectorant,Ambroxol (15mg/5ml) + Guaifenesin (50mg/5ml) + Levocetirizine (2.5mg/5ml) + Menthol (1mg/5ml), Cough with mucus,Nausea Diarrhea Vomiting Dryness in mouth Stomach discomfort Allergic reaction Dizziness Headache Rash Hives Fatigue Sleepiness,"https://onemg.gumlet.io/l_watermark_346,w_480,h_480/a_ignore,w_480,h_480,c_fit,q_auto,f_auto/7ad4872279da4c508a56a185c920a622.jpg",Rapross Pharmaceuticals Pvt Ltd,25,75,0
Logidruf Lotion,Ketoconazole (2% w/v) + Piroctone Olamine (0.5% w/v),Treatment of Dandruff,Application site reactions burning irritation itching and redness,"https://onemg.gumlet.io/l_watermark_346,w_480,h_480/a_ignore,w_480,h_480,c_fit,q_auto,f_auto/cropped/gdd7mfgl1ck3avrupycb.jpg",Canixa Life Sciences Pvt,22,78,0
Luprorin 4 Injection,Leuprolide (4mg),Treatment of Prostate cancerTreatment of EndometriosisTreatment of Uterine fibroidsTreatment of Precocious puberty (premature puberty),Decreased libido Testicular atrophy Increased sweating Fatigue Muscle weakness Erectile dysfunction Bone pain Injection site reaction Hot flashes,"https://onemg.gumlet.io/l_watermark_346,w_480,h_480/a_ignore,w_480,h_480,c_fit,q_auto,f_auto/tio3dzb5sjy5m5qmpyei.jpg",Intas Pharmaceuticals Ltd,83,17,0
Liv Daily Capsule,Levo-carnitine (NA) + Methylcobalamin (NA) + Folic Acid (NA),Treatment of Nutritional deficiencies,Nausea Vomiting Headache,"https://onemg.gumlet.io/l_watermark_346,w_480,h_480/a_ignore,w_480,h_480,c_fit,q_auto,f_auto/c21ztgunijvfnqqjtelx.jpg",Real Care Life Sciences,67,33,0
Lashisma  Solution (3ml Each),Bimatoprost (0.03% w/v), Ocular hypertension Glaucoma,Conjunctival hyperemia Eye itching,"https://onemg.gumlet.io/l_watermark_346,w_480,h_480/a_ignore,w_480,h_480,c_fit,q_auto,f_auto/1286075b09714e15942c23f084d64e91.jpg",Intas Pharmaceuticals Ltd,50,50,0
Lulilok Cream,Luliconazole (1% w/w),Treatment of Fungal skin infections,Application site reactions burning irritation itching and redness Dry skin Skin peeling Blisters on skin,"https://onemg.gumlet.io/l_watermark_346,w_480,h_480/a_ignore,w_480,h_480,c_fit,q_auto,f_auto/cropped/b5nixu0vfdjqrlccrqyg.jpg",Oaknet Healthcare Pvt Ltd,50,50,0
Luliyes Cream,Luliconazole (1% w/w),Treatment of Fungal skin infections,Application site reactions burning irritation itching and redness Dry skin Skin peeling Blisters on skin,"https://onemg.gumlet.io/l_watermark_346,w_480,h_480/a_ignore,w_480,h_480,c_fit,q_auto,f_auto/j6qakzfw1qg870qaurp4.jpg",Unimarck Pharma India Ltd,0,33,67
Loparin 60 Injection,Enoxaparin (60mg),Treatment and prevention of Blood clots,Bleeding Headache Low blood platelets Increased liver enzymes Anemia low number of red blood cells Fever Injection site pain Breathing problems Edema swelling Diarrhea,"https://onemg.gumlet.io/l_watermark_346,w_480,h_480/a_ignore,w_480,h_480,c_fit,q_auto,f_auto/7caf82efc2ee4f7ab4b153d4802cc891.jpg",Intas Pharmaceuticals Ltd,67,11,22
LUCEE CREAM,Luliconazole (1% w/w),Treatment of Fungal skin infections,Application site reactions burning irritation itching and redness Dry skin Skin peeling Blisters on skin,"https://onemg.gumlet.io/l_watermark_346,w_480,h_480/a_ignore,w_480,h_480,c_fit,q_auto,f_auto/ac86e945669d45bcb6b0f9148b2388a9.jpg",Talent India ,25,50,25
Lorsaid OD Tablet ER,Lornoxicam (16mg), Pain relief,Dizziness Headache Stomach pain Upset stomach Diarrhea Nausea Vomiting Indigestion,"https://onemg.gumlet.io/l_watermark_346,w_480,h_480/a_ignore,w_480,h_480,c_fit,q_auto,f_auto/cropped/fezfgvsltujuihm7qrpr.jpg",Abbott,67,33,0
Lupidip 5 Tablet,Amlodipine (5mg),Treatment of Hypertension (high blood pressure)Prevention of Angina (heart-related chest pain),Headache Fatigue Nausea Abdominal pain Sleepiness,"https://onemg.gumlet.io/l_watermark_346,w_480,h_480/a_ignore,w_480,h_480,c_fit,q_auto,f_auto/cropped/xn18f6clvyvsimvxxix4.jpg",Lupin Ltd,0,0,100
Lokcid-O Gel Mint Sugar Free,Oxetacaine (10mg/5ml) + Aluminium Hydroxide (300mg/5ml) + Dimethicone (50mg/5ml) + Magnesium (250mg/5ml), Acidity Stomach ulcers Bloating,Constipation Diarrhea Allergic reaction,"https://onemg.gumlet.io/l_watermark_346,w_480,h_480/a_ignore,w_480,h_480,c_fit,q_auto,f_auto/94e44f7046944291bc5bcc0171e6b1af.jpg",Tas Med India Pvt Ltd,67,33,0
Luliford Cream,Luliconazole (1% w/w),Treatment of Fungal skin infections,Application site reactions burning irritation itching and redness Dry skin Skin peeling Blisters on skin,"https://onemg.gumlet.io/l_watermark_346,w_480,h_480/a_ignore,w_480,h_480,c_fit,q_auto,f_auto/90806cb70f56491da732dfbf02c2c0bb.jpg",Leeford Healthcare Ltd,20,50,30
L-Trix Cream,Luliconazole (1% w/w),Treatment of Fungal skin infections,Application site reactions burning irritation itching and redness Dry skin Skin peeling Blisters on skin,"https://onemg.gumlet.io/l_watermark_346,w_480,h_480/a_ignore,w_480,h_480,c_fit,q_auto,f_auto/cropped/t1j3wn6cskiq089tqn4t.jpg",Micro Labs Ltd,56,25,19
Lacotab Syrup,Lacosamide (15mg/ml), Epilepsy/Seizures,Dizziness Headache Nausea Sleepiness Vomiting Visual disturbance Dryness in mouth Muscle spasm,"https://onemg.gumlet.io/l_watermark_346,w_480,h_480/a_ignore,w_480,h_480,c_fit,q_auto,f_auto/cropped/cfdspiejxvmd2utz3b9g.jpg",Alteus Biogenics Pvt Ltd,17,41,42
Lycomerve Capsule,Methylcobalamin (1500mcg) + Alpha Lipoic Acid (100mg) + Vitamin B6 (Pyridoxine) (3mg) + Folic Acid (1.5mg) + Vitamin D3 (1000IU), Nutritional deficiencies,No common side effects seen,"https://onemg.gumlet.io/l_watermark_346,w_480,h_480/a_ignore,w_480,h_480,c_fit,q_auto,f_auto/57f8d8cbc6444c8382be511a2b708b2d.jpg",Century Life Science,56,11,33
Liz-M Tablet SR,Gliclazide (80mg) + Metformin (500mg),Treatment of Type 2 diabetes mellitus,Hypoglycemia low blood glucose level Headache Nausea Dizziness Diarrhea Flatulence,"https://onemg.gumlet.io/l_watermark_346,w_480,h_480/a_ignore,w_480,h_480,c_fit,q_auto,f_auto/cropped/pvambyv4dntndjox16ow.jpg",Deys Medical,67,33,0
Levesam Injection,Levetiracetam (100mg),Treatment of Epilepsy/Seizures,Sleepiness Dizziness Decreased appetite Fatigue Headache Behavioral changes Irritation Aggressive behavior Agitation Infection Nasopharyngitis inflammation of the throat and nasal passages,"https://onemg.gumlet.io/l_watermark_346,w_480,h_480/a_ignore,w_480,h_480,c_fit,q_auto,f_auto/cropped/qckkctp0ovcmusw7qtok.jpg",Abbott,0,44,56
Levokon-M Tablet,Levocetirizine (5mg) + Montelukast (10mg),Treatment of Sneezing and runny nose due to allergiesTreatment of Hay feverTreatment of Allergic skin conditions,Nausea Diarrhea Dryness in mouth Fatigue Headache Skin rash Sleepiness Vomiting,"https://onemg.gumlet.io/l_watermark_346,w_480,h_480/a_ignore,w_480,h_480,c_fit,q_auto,f_auto/e84e831cea20463fa765c2c049af2bc1.jpg",Eskon Pharma,67,33,0
Lupisulin M 50 40IU/ml Injection,Insulin Isophane/NPH   (50%) +   Human Insulin/Soluble Insulin (50%), Diabetes,Hypoglycemia low blood glucose level Injection site reactions pain swelling redness Weight gain,"https://onemg.gumlet.io/l_watermark_346,w_480,h_480/a_ignore,w_480,h_480,c_fit,q_auto,f_auto/x41huxde88tvondrowov.jpg",Lupin Ltd,33,47,20
Ledovanc 500 Injection,Vancomycin (500mg), Severe bacterial infections,Breathlessness Vomiting Nausea Decreased potassium level in blood Abdominal pain Decreased white blood cell count neutrophils Phlebitis Hypotension low blood pressure Flatulence Hearing loss Renal toxicity Headache Fever Peripheral edema Fatigue Urinary tract infection Back pain Red man syndrome,"https://onemg.gumlet.io/l_watermark_346,w_480,h_480/a_ignore,w_480,h_480,c_fit,q_auto,f_auto/cropped/p18ulimvpddt0wuotynq.jpg",Celon Laboratories Ltd,67,33,0
Lupipara 650mg Tablet,Paracetamol (650mg), Pain reliefTreatment of Fever,Stomach pain Nausea Vomiting,"https://onemg.gumlet.io/l_watermark_346,w_480,h_480/a_ignore,w_480,h_480,c_fit,q_auto,f_auto/aoe7397skhewtgiewy7u.jpg",Lupin Ltd,33,27,40
LTK 25mg Tablet,Losartan (25mg),Treatment of Hypertension (high blood pressure)Treatment of Heart failure Prevention of heart attack and stroke,Dizziness Decreased blood pressure Hypoglycemia low blood glucose level Increased potassium level in blood Increased blood urea,"https://onemg.gumlet.io/l_watermark_346,w_480,h_480/a_ignore,w_480,h_480,c_fit,q_auto,f_auto/2b5a581e3f254518ad4589b549337102.jpg",Unison Pharmaceuticals Pvt Ltd,78,22,0
Lametec Kid Tablet DT,Lamotrigine (5mg), Epilepsy/Seizures Bipolar disorder,Skin rash Headache Nausea Vomiting Dryness in mouth Insomnia difficulty in sleeping Sleepiness Dizziness Back pain Abdominal pain Blurred vision Double vision Impaired coordination Nasal congestion stuffy nose Infection,"https://onemg.gumlet.io/l_watermark_346,w_480,h_480/a_ignore,w_480,h_480,c_fit,q_auto,f_auto/cropped/dalriejaau7e9q3swldj.jpg",Cipla Ltd,42,41,17
Luliz 1% Cream,Luliconazole (1% w/w),Treatment of Fungal skin infections,Application site reactions burning irritation itching and redness Dry skin Skin peeling Blisters on skin,"https://onemg.gumlet.io/l_watermark_346,w_480,h_480/a_ignore,w_480,h_480,c_fit,q_auto,f_auto/117e2ef5027147af8d2beb237475a46f.jpg",Ipca Laboratories Ltd,33,34,33
Lofatin Cream,Luliconazole (1% w/w),Treatment of Fungal skin infections,Application site reactions burning irritation itching and redness Dry skin Skin peeling Blisters on skin,"https://onemg.gumlet.io/l_watermark_346,w_480,h_480/a_ignore,w_480,h_480,c_fit,q_auto,f_auto/dd908e0664fb4deb81723c0933fb9ef7.jpg",Abbott,50,50,0
Lotechek-LS Eye Drop,Loteprednol etabonate (0.2% w/v), Redness and swelling in the eye,Eye irritation Watery eyes Burning sensation,"https://onemg.gumlet.io/l_watermark_346,w_480,h_480/a_ignore,w_480,h_480,c_fit,q_auto,f_auto/cropped/qmw5szk3smhmgi0irso8.jpg",Indoco Remedies Ltd,33,67,0
Lozapin 100mg Tablet,Clozapine (100mg), Schizophrenia,Dizziness Fainting Constipation Fever Weight gain Decreased white blood cell count Extrapyramidal symptoms Increased liver enzymes Drowsiness Seizure Increased white blood cell count eosinophils Anticholinergic effects Tachycardia Excessive salivation,"https://onemg.gumlet.io/l_watermark_346,w_480,h_480/a_ignore,w_480,h_480,c_fit,q_auto,f_auto/7243c5c279004f0db9a4e0f52a6da608.jpg",Torrent Pharmaceuticals Ltd,33,67,0
Liofen 40mg Capsule XL,Baclofen (40mg), Muscle relaxation,Dizziness Convulsion Nausea Headache Sedation Hypotension low blood pressure Hypotonia decreased muscle tone Agitation Constipation Increased white blood cell count Chills Urinary retention,"https://onemg.gumlet.io/l_watermark_346,w_480,h_480/a_ignore,w_480,h_480,c_fit,q_auto,f_auto/c1rhgvkh5wovodnx85ot.jpg",Sun Pharmaceutical Industries Ltd,40,40,20
Lipophage 120 Capsule,Orlistat (120mg), Obesity,Fat in stool Bowel incontinence Flatus with discharge Oily spotting Increased urge to pass bowels Oily evacuation Increased bowel movements,"https://onemg.gumlet.io/l_watermark_346,w_480,h_480/a_ignore,w_480,h_480,c_fit,q_auto,f_auto/cropped/u5hdl17eqzb0pkw2geop.jpg",Franco-Indian Pharmaceuticals Pvt Ltd,24,19,57
Libset Tablet,Lapatinib (250mg), Breast cancer,Abdominal pain Back pain Breathing problems Constipation Cough Diarrhea Fatigue Headache Hot flashes Increased bilirubin in the blood Insomnia difficulty in sleeping Joint pain Liver damage Loss of appetite Mucosal inflammation Nausea Pain in extremities Rash Stomatitis Inflammation of the mouth Vomiting Weakness Weight gain,"https://onemg.gumlet.io/l_watermark_346,w_480,h_480/a_ignore,w_480,h_480,c_fit,q_auto,f_auto/cropped/gaxihzpbxoumtpvmnprw.jpg",Intas Pharmaceuticals Ltd,0,67,33
Losar-CH 12.5 Tablet,Losartan (50mg) + Chlorthalidone (12.5mg), Hypertension (high blood pressure),Nausea Taste change Upset stomach Diarrhea Headache Weakness Dizziness Increased blood uric acid Increased blood lipid level Electrolyte imbalance Glucose intolerance Decreased blood pressure,"https://onemg.gumlet.io/l_watermark_346,w_480,h_480/a_ignore,w_480,h_480,c_fit,q_auto,f_auto/ae3660461ad943afb2bf83bb4d40ea5a.jpg",Torrent Pharmaceuticals Ltd,100,0,0
Levozen M Tablet,Levocetirizine (5mg) + Montelukast (10mg),Treatment of Sneezing and runny nose due to allergiesTreatment of Hay feverTreatment of Allergic skin conditions,Nausea Diarrhea Dryness in mouth Fatigue Headache Skin rash Sleepiness Vomiting,"https://onemg.gumlet.io/l_watermark_346,w_480,h_480/a_ignore,w_480,h_480,c_fit,q_auto,f_auto/cropped/fgenbcm16vthf6cyzibd.jpg",Zeno Healthcare,0,33,67
Levomil 40 Capsule ER,Levomilnacipran (40mg), Depression,Nausea Vomiting Constipation Decreased appetite Anxiety Insomnia difficulty in sleeping Increased sweating Dizziness Sexual dysfunction,"https://onemg.gumlet.io/l_watermark_346,w_480,h_480/a_ignore,w_480,h_480,c_fit,q_auto,f_auto/cropped/qpsjjadndinbwtlaxbm0.jpg",Intas Pharmaceuticals Ltd,100,0,0
Lupigest 100 Capsule,Progesterone (Natural Micronized) (100mg), Hormone replacement therapyTreatment of Female infertility,Abdominal pain Nausea Abnormal vaginal bleeding Edema swelling Hair loss Abdominal bloating Headache Breast pain Vomiting Vaginal yeast infection,"https://onemg.gumlet.io/l_watermark_346,w_480,h_480/a_ignore,w_480,h_480,c_fit,q_auto,f_auto/cropped/vfwu4p2djvq9u9uuqjlq.jpg",Lupin Ltd,0,33,67
Lefuma  20mg Tablet,Leflunomide (20mg), Rheumatoid arthritis Psoriatic arthritis,Nausea Headache Rash Diarrhea Increased liver enzymes Dyspepsia Dizziness Loss of appetite Hair loss Weight loss Bronchitis inflammation of the airways,"https://onemg.gumlet.io/l_watermark_346,w_480,h_480/a_ignore,w_480,h_480,c_fit,q_auto,f_auto/e70b0aa120304478a68010b28cea0d20.jpg",Wallace Pharmaceuticals Pvt Ltd,0,0,100
Labaneb Respules (2ml Each),Arformoterol (15mcg), Chronic obstructive pulmonary disease (COPD),Sinus infection Lung disorder Tremors Headache Rash Back pain Increased potassium level in blood Breathlessness Vomiting Diarrhea Chest pain Nervousness Pain Sinus inflammation Leg cramps Flu like symptoms Peripheral edema Chest congestion Weakness Fever Bronchitis inflammation of the airways Chronic obstructive pulmonary disease C O P D High white blood cell count,"https://onemg.gumlet.io/l_watermark_346,w_480,h_480/a_ignore,w_480,h_480,c_fit,q_auto,f_auto/926f16930e5a460db3252b40a97e9b16.jpg",Lupin Ltd,67,33,0
LCFEX-Mont Tablet,Montelukast (10mg) + Fexofenadine (120mg),Treatment of Sneezing and runny nose due to allergies,Nausea Diarrhea Vomiting Skin rash Flu like symptoms Headache Drowsiness Dizziness,"https://onemg.gumlet.io/l_watermark_346,w_480,h_480/a_ignore,w_480,h_480,c_fit,q_auto,f_auto/cropped/x9qpt4rwxpqerx4o8rfl.jpg",Rapross Pharmaceuticals Pvt Ltd,17,43,40
Liviz Tablet,Metadoxine (250mg) + Silymarin (70mg) + L-Ornithine L-Aspartate (75mg) + Vitamin B6 (Pyridoxine) (3mg) + Folic Acid (1mg),Treatment of Liver  disease,Nausea Fatigue Headache,"https://onemg.gumlet.io/l_watermark_346,w_480,h_480/a_ignore,w_480,h_480,c_fit,q_auto,f_auto/57cb6ed367294d9285ce79d14d76a987.jpg",Linux Laboratories,0,0,100
Lamifin -Forte Tablet,Terbinafine (500mg), Fungal infections,Headache Diarrhea Rash Indigestion Abnormal liver enzyme Itching Taste change Nausea Abdominal pain Flatulence,"https://onemg.gumlet.io/l_watermark_346,w_480,h_480/a_ignore,w_480,h_480,c_fit,q_auto,f_auto/12636a23d9ba44e19c3f8a044c772c79.jpg",Canixa Life Sciences Pvt,33,40,27
Lumecare Advance Carmellose Soothing Eye Drop,Carboxymethylcellulose (0.5% w/v) + Oxychloro Complex (0.005% w/v),Treatment of Dry eyes,Application site reactions burning irritation itching and redness Blurred vision,"https://onemg.gumlet.io/l_watermark_346,w_480,h_480/a_ignore,w_480,h_480,c_fit,q_auto,f_auto/odn49p1js41rkewy4qas.jpg",Medicom International Eyetech Pvt Ltd,67,33,0
Losacar-A  Tablet,Losartan (50mg) + Amlodipine (5mg), Hypertension (high blood pressure),Sleepiness Ankle swelling Headache Flushing sense of warmth in the face ears neck and trunk Dizziness Palpitations Increased potassium level in blood Fatigue Nausea Edema swelling Abdominal pain Visual disturbance Breathlessness Change in bowel habits Nasal congestion stuffy nose Upper respiratory tract infection,"https://onemg.gumlet.io/l_watermark_346,w_480,h_480/a_ignore,w_480,h_480,c_fit,q_auto,f_auto/m5wkbg1klul8ykpdpjzk.jpg",Zydus Cadila,38,62,0
Lamez OD 150 Tablet SR,Lamotrigine (150mg), Epilepsy/Seizures Bipolar disorder,Skin rash Headache Nausea Vomiting Dryness in mouth Insomnia difficulty in sleeping Sleepiness Dizziness Back pain Abdominal pain Blurred vision Double vision Impaired coordination Nasal congestion stuffy nose Infection,"https://onemg.gumlet.io/l_watermark_346,w_480,h_480/a_ignore,w_480,h_480,c_fit,q_auto,f_auto/cropped/ufz0fptjp72jfk8cp4qm.jpg",Intas Pharmaceuticals Ltd,50,0,50
Lobaset 10 Tablet,Baclofen (10mg), Muscle relaxation,Dizziness Convulsion Nausea Headache Sedation Hypotension low blood pressure Hypotonia decreased muscle tone Agitation Constipation Increased white blood cell count Chills Urinary retention,"https://onemg.gumlet.io/l_watermark_346,w_480,h_480/a_ignore,w_480,h_480,c_fit,q_auto,f_auto/aetlq1ttupva04e42m8n.jpg",Emcure Pharmaceuticals Ltd,33,67,0
Luliporus Cream,Luliconazole (1% w/w),Treatment of Fungal skin infections,Application site reactions burning irritation itching and redness Dry skin Skin peeling Blisters on skin,"https://onemg.gumlet.io/l_watermark_346,w_480,h_480/a_ignore,w_480,h_480,c_fit,q_auto,f_auto/a0243068991a4417924fe3b645544a32.jpg",Encore Pharmaceuticals Inc.,0,67,33
Losartas 50 Tablet,Losartan (50mg),Treatment of Hypertension (high blood pressure)Treatment of Heart failure Prevention of heart attack and stroke,Dizziness Decreased blood pressure Hypoglycemia low blood glucose level Increased potassium level in blood Increased blood urea,"https://onemg.gumlet.io/l_watermark_346,w_480,h_480/a_ignore,w_480,h_480,c_fit,q_auto,f_auto/cropped/nqpg9zjzik6950jv7v8m.jpg",Intas Pharmaceuticals Ltd,56,22,22
Lmx Forte 500mg/125mg Tablet,Amoxycillin  (500mg) +  Clavulanic Acid (125mg),Treatment of Bacterial infections,Vomiting Nausea Diarrhea Mucocutaneous candidiasis,"https://onemg.gumlet.io/l_watermark_346,w_480,h_480/a_ignore,w_480,h_480,c_fit,q_auto,f_auto/3069f97e62bf4dc285fcff8569ea28e7.jpg",Cadila Pharmaceuticals Ltd,100,0,0
LCD 275 Tablet,Levodopa (250mg) + Carbidopa (25mg),Treatment of Parkinson's disease,Nausea Vomiting Dryness in mouth Constipation Dizziness Sleepiness Headache Abnormal dreams Anxiety Insomnia difficulty in sleeping Abnormality of voluntary movements Orthostatic hypotension sudden lowering of blood pressure on standing,"https://onemg.gumlet.io/l_watermark_346,w_480,h_480/a_ignore,w_480,h_480,c_fit,q_auto,f_auto/1d3860d5ebc840c4b510fde3145b400f.jpg",Intas Pharmaceuticals Ltd,0,0,100
Lugonist Depot 3.75mg Injection,Leuprolide (3.75mg),Treatment of Prostate cancerTreatment of EndometriosisTreatment of Uterine fibroidsTreatment of Precocious puberty (premature puberty),Decreased libido Testicular atrophy Increased sweating Fatigue Muscle weakness Erectile dysfunction Bone pain Injection site reaction Hot flashes,"https://onemg.gumlet.io/l_watermark_346,w_480,h_480/a_ignore,w_480,h_480,c_fit,q_auto,f_auto/9c7f75fe9b4048b08e746aecf6eb4eab.jpg",Zydus Cadila,83,17,0
Lupidip-A Tablet,Amlodipine (5mg) + Atenolol (50mg),Treatment of Hypertension (high blood pressure),Sleepiness Headache Ankle swelling Flushing sense of warmth in the face ears neck and trunk Slow heart rate Palpitations Nausea Edema swelling Constipation Tiredness Cold extremities,"https://onemg.gumlet.io/l_watermark_346,w_480,h_480/a_ignore,w_480,h_480,c_fit,q_auto,f_auto/aitap9q45fsqdgrarvby.jpg",Lupin Ltd,67,33,0
Lufen Eye Drop,Flurbiprofen (0.03% w/v),Treatment of Post-operative eye pain and inflammation,Eye discomfort Burning sensation,"https://onemg.gumlet.io/l_watermark_346,w_480,h_480/a_ignore,w_480,h_480,c_fit,q_auto,f_auto/cropped/ugincqeicaak78uxtkm8.jpg",Optica Pharmaceuticals Pvt Ltd,0,0,100
Lcfex Tablet,Fexofenadine (120mg),Treatment of Sneezing and runny nose due to allergiesTreatment of Allergic conditions,Headache Drowsiness Dizziness Nausea,"https://onemg.gumlet.io/l_watermark_346,w_480,h_480/a_ignore,w_480,h_480,c_fit,q_auto,f_auto/cropped/q5rogwbqtpu1baq3zgql.jpg",Rapross Pharmaceuticals Pvt Ltd,44,49,7
Luprorin 3.75mg Injection,Leuprolide (3.75mg),Treatment of Prostate cancerTreatment of EndometriosisTreatment of Uterine fibroidsTreatment of Precocious puberty (premature puberty),Decreased libido Testicular atrophy Increased sweating Fatigue Muscle weakness Erectile dysfunction Bone pain Injection site reaction Hot flashes,"https://onemg.gumlet.io/l_watermark_346,w_480,h_480/a_ignore,w_480,h_480,c_fit,q_auto,f_auto/b7e3bd339fd34b9aa94fdb042244edd1.jpg",Intas Pharmaceuticals Ltd,67,33,0
Leubine Cream,Luliconazole (1% w/w),Treatment of Fungal skin infections,Application site reactions burning irritation itching and redness Dry skin Skin peeling Blisters on skin,"https://onemg.gumlet.io/l_watermark_346,w_480,h_480/a_ignore,w_480,h_480,c_fit,q_auto,f_auto/cropped/flqsm0d66nugaugtq1uo.jpg",Mylan Pharmaceuticals Pvt Ltd - A Viatris Company,0,78,22
Laformin GV 2mg/500mg/0.2mg Tablet ER,Glimepiride (2mg) + Metformin (500mg) + Voglibose (0.2mg),Treatment of Type 2 diabetes mellitus,Nausea Diarrhea Abdominal pain Hypoglycemia low blood glucose level,"https://onemg.gumlet.io/l_watermark_346,w_480,h_480/a_ignore,w_480,h_480,c_fit,q_auto,f_auto/ilky995iwyum6ukdywmt.jpg",La Renon Healthcare Pvt Ltd,100,0,0
Lulirx Cream,Luliconazole (1% w/w),Treatment of Fungal skin infections,Application site reactions burning irritation itching and redness Dry skin Skin peeling Blisters on skin,"https://onemg.gumlet.io/l_watermark_346,w_480,h_480/a_ignore,w_480,h_480,c_fit,q_auto,f_auto/xnib2vgmv5hvc1otbabt.jpg",Cadila Pharmaceuticals Ltd,0,17,83
Lircetam 500 Tablet,Levetiracetam (500mg),Treatment of Epilepsy/Seizures,Sleepiness Dizziness Fatigue Headache Decreased appetite Behavioral changes Aggressive behavior Irritation Agitation Nasal congestion stuffy nose Infection Convulsion Nasopharyngitis inflammation of the throat and nasal passages Nausea Tremors Vertigo Lethargy,"https://onemg.gumlet.io/l_watermark_346,w_480,h_480/a_ignore,w_480,h_480,c_fit,q_auto,f_auto/ltagxflvhl4y3v4szi6p.jpg",Leeford Healthcare Ltd,60,13,27
Leveron 500 Tablet,Levetiracetam (500mg),Treatment of Epilepsy/Seizures,Sleepiness Dizziness Fatigue Headache Decreased appetite Behavioral changes Aggressive behavior Irritation Agitation Nasal congestion stuffy nose Infection Convulsion Nasopharyngitis inflammation of the throat and nasal passages Nausea Tremors Vertigo Lethargy,"https://onemg.gumlet.io/l_watermark_346,w_480,h_480/a_ignore,w_480,h_480,c_fit,q_auto,f_auto/uazw0tjrbona9icjm3q0.jpg",Macleods Pharmaceuticals Pvt Ltd,50,17,33
Lamifin 125 DT Tablet,Terbinafine (125mg), Fungal infections,Headache Diarrhea Rash Indigestion Abnormal liver enzyme Itching Taste change Nausea Abdominal pain Flatulence,"https://onemg.gumlet.io/l_watermark_346,w_480,h_480/a_ignore,w_480,h_480,c_fit,q_auto,f_auto/d8747ddfa3bd43e0b5883db72f88bb9a.jpg",Canixa Life Sciences Pvt,50,50,0
Levotiz Tablet,Levocetirizine (5mg),Treatment of Allergic conditions,Sleepiness Fatigue Dryness in mouth Headache Vomiting Nasopharyngitis inflammation of the throat and nasal passages,"https://onemg.gumlet.io/l_watermark_346,w_480,h_480/a_ignore,w_480,h_480,c_fit,q_auto,f_auto/cropped/tdoy5yikpa7xsisxkdnp.jpg",Foregen Healthcare Ltd,67,33,0
Leuprolide 3.75mg Depot One Combipack,Leuprolide (3.75mg),Treatment of Prostate cancerTreatment of EndometriosisTreatment of Uterine fibroidsTreatment of Precocious puberty (premature puberty),Decreased libido Testicular atrophy Increased sweating Fatigue Muscle weakness Erectile dysfunction Bone pain Injection site reaction Hot flashes,"https://onemg.gumlet.io/l_watermark_346,w_480,h_480/a_ignore,w_480,h_480,c_fit,q_auto,f_auto/bqaxnexxezpnipf1xwqa.jpg",Lupin Ltd,100,0,0
Levenue 750 Tablet,Levetiracetam (750mg),Treatment of Epilepsy/Seizures,Sleepiness Dizziness Fatigue Headache Decreased appetite Behavioral changes Aggressive behavior Irritation Agitation Nasal congestion stuffy nose Infection Convulsion Nasopharyngitis inflammation of the throat and nasal passages Nausea Tremors Vertigo Lethargy,"https://onemg.gumlet.io/l_watermark_346,w_480,h_480/a_ignore,w_480,h_480,c_fit,q_auto,f_auto/86509ad628ef43aeb94a616b8440a55c.jpg",Alkem Laboratories Ltd,53,34,13
Levotiz-M Tablet,Levocetirizine (5mg) + Montelukast (10mg),Treatment of Sneezing and runny nose due to allergiesTreatment of Hay feverTreatment of Allergic skin conditions,Nausea Diarrhea Dryness in mouth Fatigue Headache Skin rash Sleepiness Vomiting,"https://onemg.gumlet.io/l_watermark_346,w_480,h_480/a_ignore,w_480,h_480,c_fit,q_auto,f_auto/xsuyghowh5w0gyqaqolb.jpg",Foregen Healthcare Ltd,67,33,0
Laformin-G 2 Tablet PR,Glimepiride (2mg) + Metformin (500mg),Treatment of Type 2 diabetes mellitus,Hypoglycemia low blood glucose level Headache Nausea Diarrhea Flatulence,"https://onemg.gumlet.io/l_watermark_346,w_480,h_480/a_ignore,w_480,h_480,c_fit,q_auto,f_auto/tktmoobvnjyeoc7njbju.jpg",La Renon Healthcare Pvt Ltd,0,67,33
Lurastar 40mg Tablet,Lurasidone (40mg), Schizophrenia,Nausea Vomiting Weight gain Sleepiness Dryness in mouth Indigestion Parkinsonism Akathisia inability to stay still Anxiety Stomach discomfort Restlessness Upper abdominal pain Agitation Insomnia difficulty in sleeping Increased saliva production,"https://onemg.gumlet.io/l_watermark_346,w_480,h_480/a_ignore,w_480,h_480,c_fit,q_auto,f_auto/lenhpspbi796ibskp9m8.jpg",Linux Laboratories,33,40,27
Logispor 200 Capsule,Itraconazole (200mg),Treatment of Fungal infections,Nausea Abdominal pain Constipation Dizziness Headache Indigestion Vomiting,"https://onemg.gumlet.io/l_watermark_346,w_480,h_480/a_ignore,w_480,h_480,c_fit,q_auto,f_auto/8d912266af6c432ab5b9e2b07c0ef39c.jpg",Canixa Life Sciences Pvt,50,50,0
Luporal Capsule,Tegafur (100mg) + Uracil (224mg), Cancer of colon and rectum,Nausea Vomiting Tiredness Mouth sore Sore tongue Stomach pain Diarrhea Loss of appetite Decreased blood cells red cells white cells and platelets,"https://onemg.gumlet.io/l_watermark_346,w_480,h_480/a_ignore,w_480,h_480,c_fit,q_auto,f_auto/ad0d0fa96ad144a79977a5cf583f08b8.jpg",Lupin Ltd,0,48,52
Laformin-G 1 Tablet PR,Glimepiride (1mg) + Metformin (500mg),Treatment of Type 2 diabetes mellitus,Hypoglycemia low blood glucose level Headache Nausea Diarrhea Flatulence,"https://onemg.gumlet.io/l_watermark_346,w_480,h_480/a_ignore,w_480,h_480,c_fit,q_auto,f_auto/796a83f3b2534d98b3e6b22ef609c389.jpg",La Renon Healthcare Pvt Ltd,0,33,67
Lilituf Cream,Luliconazole (1% w/w),Treatment of Fungal skin infections,Application site reactions burning irritation itching and redness Dry skin Skin peeling Blisters on skin,"https://onemg.gumlet.io/l_watermark_346,w_480,h_480/a_ignore,w_480,h_480,c_fit,q_auto,f_auto/h2jhovg3mndcayhqo2hb.jpg",Alkem Laboratories Ltd,67,25,8
Lifotonin Tablet,Melatonin (3mg),Treatment of InsomniaTreatment of Jet lag,Headache Drowsiness,"https://onemg.gumlet.io/l_watermark_346,w_480,h_480/a_ignore,w_480,h_480,c_fit,q_auto,f_auto/ssy6f2dq2gabzdlgiiem.jpg",LifeSurge BioSciences Pvt Ltd,0,33,67
Levenue 250 Tablet,Levetiracetam (250mg),Treatment of Epilepsy/Seizures,Sleepiness Dizziness Fatigue Headache Decreased appetite Behavioral changes Aggressive behavior Irritation Agitation Nasal congestion stuffy nose Infection Convulsion Nasopharyngitis inflammation of the throat and nasal passages Nausea Tremors Vertigo Lethargy,"https://onemg.gumlet.io/l_watermark_346,w_480,h_480/a_ignore,w_480,h_480,c_fit,q_auto,f_auto/gyn6bantvwfmuztroyox.jpg",Alkem Laboratories Ltd,83,17,0
Lactopil Oral Solution,Lactulose (10gm),Treatment of ConstipationTreatment of Hepatic encephalopathy,Abdominal pain Nausea Vomiting Diarrhea,"https://onemg.gumlet.io/l_watermark_346,w_480,h_480/a_ignore,w_480,h_480,c_fit,q_auto,f_auto/cropped/roi94xsj3rdic6trafif.jpg",Psychotropics India Ltd,0,83,17
Letsure 2.5 Tablet,Letrozole (2.5mg),Treatment of Breast cancerTreatment of Infertility due to anovulation,Fatigue Hypercholesterolemia high cholesterol Increased sweating Hot flashes Bone pain Dizziness Joint pain Edema swelling Flushing sense of warmth in the face ears neck and trunk,"https://onemg.gumlet.io/l_watermark_346,w_480,h_480/a_ignore,w_480,h_480,c_fit,q_auto,f_auto/50ab9fa62248464e89307339314bca55.jpg",Astraea Life Sciences Pvt Ltd,42,33,25
Lipril-H Tablet,Lisinopril (5mg) + Hydrochlorothiazide (12.5mg), Hypertension (high blood pressure),Nausea Taste change Indigestion Stomach pain Diarrhea Headache Dizziness Weakness Decreased blood pressure Cough Increased blood lipid level Increased blood uric acid Electrolyte imbalance Glucose intolerance,"https://onemg.gumlet.io/l_watermark_346,w_480,h_480/a_ignore,w_480,h_480,c_fit,q_auto,f_auto/pi6o6pkhhatkcs7qoljk.jpg",Lupin Ltd,67,33,0
Lulimac XL Lotion,Luliconazole (1% w/v),Treatment of Fungal skin infections,Application site reactions burning irritation itching and redness Dry skin Skin peeling Blisters on skin,"https://onemg.gumlet.io/l_watermark_346,w_480,h_480/a_ignore,w_480,h_480,c_fit,q_auto,f_auto/cropped/rnlfdv1qxecjrypj3sb0.jpg",Macleods Pharmaceuticals Pvt Ltd,56,44,0
Lastuss-D Syrup,Chlorpheniramine Maleate (2mg) + Dextromethorphan Hydrobromide (10mg),Treatment of Dry cough,Upset stomach Sleepiness,"https://onemg.gumlet.io/l_watermark_346,w_480,h_480/a_ignore,w_480,h_480,c_fit,q_auto,f_auto/cropped/jliiv1spztmoub5lfsd7.jpg",FDC Ltd,0,17,83
Levetas 500mg Tablet,Levetiracetam (500mg),Treatment of Epilepsy/Seizures,Sleepiness Dizziness Fatigue Headache Decreased appetite Behavioral changes Aggressive behavior Irritation Agitation Nasal congestion stuffy nose Infection Convulsion Nasopharyngitis inflammation of the throat and nasal passages Nausea Tremors Vertigo Lethargy,"https://onemg.gumlet.io/l_watermark_346,w_480,h_480/a_ignore,w_480,h_480,c_fit,q_auto,f_auto/7e55aa10d03f4ed19540cf686736430c.jpg",Tas Med India Pvt Ltd,50,50,0
Lignoace Oral Topical Solution,Lidocaine (21.30mg),Treatment of Inflammation of gums Local anesthesia (Numb tissues in a specific area),Dizziness Drowsiness Confusion Tremors Convulsion Slow heart rate Hypotension low blood pressure Allergic reaction Edema swelling,"https://onemg.gumlet.io/l_watermark_346,w_480,h_480/a_ignore,w_480,h_480,c_fit,q_auto,f_auto/cropped/u8cdrw9muqlv2iuo1u9j.jpg",Vbrace International,50,50,0
Lcfex 180 Tablet,Fexofenadine (180mg),Treatment of Sneezing and runny nose due to allergiesTreatment of Allergic conditions,Headache Drowsiness Dizziness Nausea,"https://onemg.gumlet.io/l_watermark_346,w_480,h_480/a_ignore,w_480,h_480,c_fit,q_auto,f_auto/cropped/peund6tfxmzz0u2bpsqm.jpg",Rapross Pharmaceuticals Pvt Ltd,37,53,10
Lovax OD 600 Tablet ER,Oxcarbazepine (600mg), Epilepsy/Seizures,Headache Nausea Vomiting Fatigue Dizziness Nystagmus involuntary eye movement Tremors Vertigo Drowsiness Abnormality of voluntary movements Abnormal gait Visual disturbance Increased sodium level in blood,"https://onemg.gumlet.io/l_watermark_346,w_480,h_480/a_ignore,w_480,h_480,c_fit,q_auto,f_auto/42c1b7652a9a42c7b98336dc7bffb7f3.jpg",Lupin Ltd,78,22,0
Leukocel 500mg Capsule,Hydroxyurea (500mg), Head and neck cancer Sickle cell anemia,Hematological disorder Gastrointestinal disorder Eating disorder Azoospermia absence of sperms Decreased appetite Fever Oligospermia low sperm count Skin cancer Bone marrow suppression Hallucination Convulsion Peripheral neuropathy tingling and numbness of feet and hand Pulmonary fibrosis Pulmonary edema Pancreatic inflammation Liver toxicity Cutaneous vasculitis Increased uric acid level in blood,"https://onemg.gumlet.io/l_watermark_346,w_480,h_480/a_ignore,w_480,h_480,c_fit,q_auto,f_auto/5b200ce7532a415c85db2e864b970259.jpg",Celon Laboratories Ltd,44,56,0
Lacotide 150mg Tablet,Lacosamide (150mg), Epilepsy/Seizures,Dizziness Headache Nausea Sleepiness Vomiting Visual disturbance Dryness in mouth Muscle spasm,"https://onemg.gumlet.io/l_watermark_346,w_480,h_480/a_ignore,w_480,h_480,c_fit,q_auto,f_auto/73428c98efa0493db8cbeb3aad989ee1.jpg",Intas Pharmaceuticals Ltd,67,33,0
Levigress Syrup,Levetiracetam (100mg),Treatment of Epilepsy/Seizures,Sleepiness Dizziness Fatigue Headache Decreased appetite Behavioral changes Aggressive behavior Irritation Agitation Nasal congestion stuffy nose Infection Convulsion Nasopharyngitis inflammation of the throat and nasal passages Nausea Tremors Vertigo Lethargy,"https://onemg.gumlet.io/l_watermark_346,w_480,h_480/a_ignore,w_480,h_480,c_fit,q_auto,f_auto/71afc71a50c84d2f900c209f0c17b8b1.jpg",La Renon Healthcare Pvt Ltd,0,33,67
Levilex 250 Tablet,Levetiracetam (250mg),Treatment of Epilepsy/Seizures,Sleepiness Dizziness Fatigue Headache Decreased appetite Behavioral changes Aggressive behavior Irritation Agitation Nasal congestion stuffy nose Infection Convulsion Nasopharyngitis inflammation of the throat and nasal passages Nausea Tremors Vertigo Lethargy,"https://onemg.gumlet.io/l_watermark_346,w_480,h_480/a_ignore,w_480,h_480,c_fit,q_auto,f_auto/cropped/fxiyeecyrky12rewkuxs.jpg",MSN Laboratories,67,16,17
Lumycan Cream,Luliconazole (1% w/w),Treatment of Fungal skin infections,Application site reactions burning irritation itching and redness Dry skin Skin peeling Blisters on skin,"https://onemg.gumlet.io/l_watermark_346,w_480,h_480/a_ignore,w_480,h_480,c_fit,q_auto,f_auto/cropped/jajbqw2grhbigg96t7zg.jpg",Glowderma Labs Pvt Ltd,43,41,16
Luliclin Cream,Luliconazole (1% w/w),Treatment of Fungal skin infections,Application site reactions burning irritation itching and redness Dry skin Skin peeling Blisters on skin,"https://onemg.gumlet.io/l_watermark_346,w_480,h_480/a_ignore,w_480,h_480,c_fit,q_auto,f_auto/cropped/cn5eme9iebrrlk3yqola.jpg",Canixa Life Sciences Pvt,25,28,47
Lupimon FX 10mg/120mg Tablet,Montelukast (10mg) + Fexofenadine (120mg),Treatment of Sneezing and runny nose due to allergies,Nausea Diarrhea Vomiting Skin rash Flu like symptoms Headache Drowsiness Dizziness,"https://onemg.gumlet.io/l_watermark_346,w_480,h_480/a_ignore,w_480,h_480,c_fit,q_auto,f_auto/4bb2cc89da46497781d44eda784d5188.jpg",Lupin Ltd,0,50,50
Lumycan Cream,Luliconazole (1% w/w),Treatment of Fungal skin infections,Application site reactions burning irritation itching and redness Dry skin Skin peeling Blisters on skin,"https://onemg.gumlet.io/l_watermark_346,w_480,h_480/a_ignore,w_480,h_480,c_fit,q_auto,f_auto/e3fd3056c2ec43f993438c9310531c90.jpg",Glowderma Labs Pvt Ltd,53,40,7
Lurace 40mg Tablet,Lurasidone (40mg), Schizophrenia,Nausea Vomiting Weight gain Sleepiness Dryness in mouth Indigestion Parkinsonism Akathisia inability to stay still Anxiety Stomach discomfort Restlessness Upper abdominal pain Agitation Insomnia difficulty in sleeping Increased saliva production,"https://onemg.gumlet.io/l_watermark_346,w_480,h_480/a_ignore,w_480,h_480,c_fit,q_auto,f_auto/27823c25a6aa404d8dbfd0c338ecb9b7.jpg",Icon Life Sciences,0,56,44
Lamitor OD 25 Tablet SR,Lamotrigine (25mg), Epilepsy/Seizures Bipolar disorder,Skin rash Headache Nausea Vomiting Dryness in mouth Insomnia difficulty in sleeping Sleepiness Dizziness Back pain Abdominal pain Blurred vision Double vision Impaired coordination Nasal congestion stuffy nose Infection,"https://onemg.gumlet.io/l_watermark_346,w_480,h_480/a_ignore,w_480,h_480,c_fit,q_auto,f_auto/cropped/yvd70pvjizlfo1jvupyo.jpg",Torrent Pharmaceuticals Ltd,67,33,0
LzHH Cream,Luliconazole (1% w/w),Treatment of Fungal skin infections,Application site reactions burning irritation itching and redness Dry skin Skin peeling Blisters on skin,"https://onemg.gumlet.io/l_watermark_346,w_480,h_480/a_ignore,w_480,h_480,c_fit,q_auto,f_auto/56b8f698a6da4cc7a6cbfccc9a20f03e.jpg",Hegde and Hegde Pharmaceutical LLP,22,28,50
Lulirx Spray,Luliconazole (1% w/v),Treatment of Fungal skin infections,Application site reactions burning irritation itching and redness Dry skin Skin peeling Blisters on skin,"https://onemg.gumlet.io/l_watermark_346,w_480,h_480/a_ignore,w_480,h_480,c_fit,q_auto,f_auto/cropped/u8xqfscwwrcgywh6lieg.jpg",Cadila Pharmaceuticals Ltd,0,11,89
Lenalid 5 Capsule,Lenalidomide (5mg),Treatment of Multiple myelomaTreatment of Myelodysplastic syndrome,Headache Nausea Rash Breathlessness Dizziness Fatigue Decreased white blood cell count neutrophils Joint pain Itching Diarrhea Low blood platelets Peripheral edema Cough Back pain Upper respiratory tract infection Decreased appetite Nasopharyngitis inflammation of the throat and nasal passages,"https://onemg.gumlet.io/l_watermark_346,w_480,h_480/a_ignore,w_480,h_480,c_fit,q_auto,f_auto/58857075a7f24e82ae35873d4d4db269.jpg",Natco Pharma Ltd,33,67,0
Laxitas Laxative Vanilla Sugar Free,Sodium Picosulfate (3.33mg) + Liquid Paraffin (1.25ml) + Milk Of Magnesia (3.75ml),Treatment of Constipation,Diarrhea Stomach pain,"https://onemg.gumlet.io/l_watermark_346,w_480,h_480/a_ignore,w_480,h_480,c_fit,q_auto,f_auto/cropped/o26eikxt84jhbwgm0mjm.png",Tas Med India Pvt Ltd,48,23,29
Lurata 80 Tablet,Lurasidone (80mg), Schizophrenia,Nausea Vomiting Weight gain Sleepiness Dryness in mouth Indigestion Parkinsonism Akathisia inability to stay still Anxiety Stomach discomfort Restlessness Upper abdominal pain Agitation Insomnia difficulty in sleeping Increased saliva production,"https://onemg.gumlet.io/l_watermark_346,w_480,h_480/a_ignore,w_480,h_480,c_fit,q_auto,f_auto/cropped/nqk4lkinkmqzjnbv3hp9.jpg",MSN Laboratories,83,17,0
Lamez OD 25 Tablet SR,Lamotrigine (25mg), Epilepsy/Seizures Bipolar disorder,Skin rash Headache Nausea Vomiting Dryness in mouth Insomnia difficulty in sleeping Sleepiness Dizziness Back pain Abdominal pain Blurred vision Double vision Impaired coordination Nasal congestion stuffy nose Infection,"https://onemg.gumlet.io/l_watermark_346,w_480,h_480/a_ignore,w_480,h_480,c_fit,q_auto,f_auto/j4s2sq8rbixd5kiiqs9f.jpg",Intas Pharmaceuticals Ltd,0,0,100
Lamepil 50 Tablet,Lamotrigine (50mg), Epilepsy/Seizures Bipolar disorder,Skin rash Headache Nausea Vomiting Dryness in mouth Insomnia difficulty in sleeping Sleepiness Dizziness Back pain Abdominal pain Blurred vision Double vision Impaired coordination Nasal congestion stuffy nose Infection,"https://onemg.gumlet.io/l_watermark_346,w_480,h_480/a_ignore,w_480,h_480,c_fit,q_auto,f_auto/24303bce4f9f45c0b1040f03447bbd78.jpg",Ipca Laboratories Ltd,83,17,0
Lithic 400mg Tablet SR,Lithium carbonate (400mg), Mania Bipolar disorder,Tremors Slurred speech Uncoordinated body movements Nausea Acne Increased white blood cell count Memory impairment Hair loss Goiter enlarged thyroid gland Skin rash Increased thirst Weight gain Polyuria Diarrhea,"https://onemg.gumlet.io/l_watermark_346,w_480,h_480/a_ignore,w_480,h_480,c_fit,q_auto,f_auto/dae8e04567624f798f6a1dd8bae35b67.jpg",Icon Life Sciences,0,33,67
Lioresal 25 Tablet,Baclofen (25mg), Muscle relaxation,Dizziness Convulsion Nausea Headache Sedation Hypotension low blood pressure Hypotonia decreased muscle tone Agitation Constipation Increased white blood cell count Chills Urinary retention,"https://onemg.gumlet.io/l_watermark_346,w_480,h_480/a_ignore,w_480,h_480,c_fit,q_auto,f_auto/cropped/qvg7sdqoqqb58ngbubzb.jpg",Novartis India Ltd,67,33,0
Lutica Cream,Fluticasone Propionate (0.05% w/w),Treatment of Skin conditions with inflammation & itching,Application site reactions burning irritation itching and redness,"https://onemg.gumlet.io/l_watermark_346,w_480,h_480/a_ignore,w_480,h_480,c_fit,q_auto,f_auto/cropped/p4rhdmhhgr5evesmwbgo.jpg",Ochoa Laboratories Ltd,56,11,33
LCZ-Mont Suspension,Levocetirizine (5mg) + Montelukast (10mg),Treatment of Sneezing and runny nose due to allergiesTreatment of Hay feverTreatment of Allergic skin conditions,Nausea Diarrhea Dryness in mouth Fatigue Headache Skin rash Sleepiness Vomiting,"https://onemg.gumlet.io/l_watermark_346,w_480,h_480/a_ignore,w_480,h_480,c_fit,q_auto,f_auto/d77b45b07c19419094a02f53ad860767.jpg",Rapross Pharmaceuticals Pvt Ltd,67,33,0
Lulibrut Lotion,Luliconazole (1% w/v),Treatment of Fungal skin infections,Application site reactions burning irritation itching and redness Dry skin Skin peeling Blisters on skin,"https://onemg.gumlet.io/l_watermark_346,w_480,h_480/a_ignore,w_480,h_480,c_fit,q_auto,f_auto/9e7442113aca47a3bc38cfc1af792d48.jpg",Mankind Pharma Ltd,33,54,13
Lax 3 Oral Suspension Sugar Free,Sodium Picosulfate (3.33mg) + Liquid Paraffin (1.25ml) + Milk Of Magnesia (3.75ml),Treatment of Constipation,Diarrhea Stomach pain,"https://onemg.gumlet.io/l_watermark_346,w_480,h_480/a_ignore,w_480,h_480,c_fit,q_auto,f_auto/cropped/s6bhm16bu3ggoy4y0mhj.jpg",Onerous Pharma,100,0,0
Lulinext Cream,Luliconazole (1% w/w),Treatment of Fungal skin infections,Application site reactions burning irritation itching and redness Dry skin Skin peeling Blisters on skin,"https://onemg.gumlet.io/l_watermark_346,w_480,h_480/a_ignore,w_480,h_480,c_fit,q_auto,f_auto/uulbxsxbnljo9twtjqld.jpg",Ethinext Pharma,0,33,67
Lapcort 1% Cream,Hydrocortisone (1% w/w),Treatment of Eczema Severe allergic reactionsTreatment of Allergic conditionsTreatment of CancerTreatment of Skin disordersTreatment of Eye disorders,Application site reactions burning irritation itching and redness,"https://onemg.gumlet.io/l_watermark_346,w_480,h_480/a_ignore,w_480,h_480,c_fit,q_auto,f_auto/qwtl71zmblkpwqgmfgiw.jpg",Amwill Healthcare,50,50,0
Liponorm 5mg Tablet,Atorvastatin (5mg), High cholesterolPrevention of Heart attack,Dyspepsia Abdominal pain Indigestion Diarrhea Joint pain Nasopharyngitis inflammation of the throat and nasal passages Nausea Pain in extremities Urinary tract infection Abnormal liver function tests,"https://onemg.gumlet.io/l_watermark_346,w_480,h_480/a_ignore,w_480,h_480,c_fit,q_auto,f_auto/7fd2470bd03247b092179ff15d5edfc6.jpg",Blue Cross Laboratories Ltd,67,33,0
Lacsyp  Syrup,Lactitol (66.67% w/v), Constipation,Cramps Abdominal distension Flatulence,"https://onemg.gumlet.io/l_watermark_346,w_480,h_480/a_ignore,w_480,h_480,c_fit,q_auto,f_auto/cropped/gtqaqrxmahgogtdpsb3v.jpg",Cipla Ltd,44,23,33
Levtam 500 Tablet,Levetiracetam (500mg),Treatment of Epilepsy/Seizures,Sleepiness Dizziness Fatigue Headache Decreased appetite Behavioral changes Aggressive behavior Irritation Agitation Nasal congestion stuffy nose Infection Convulsion Nasopharyngitis inflammation of the throat and nasal passages Nausea Tremors Vertigo Lethargy,"https://onemg.gumlet.io/l_watermark_346,w_480,h_480/a_ignore,w_480,h_480,c_fit,q_auto,f_auto/cropped/mtfzk41cdft7jlltxkxo.jpg",Torrent Pharmaceuticals Ltd,10,52,38
Luliclinz Cream,Luliconazole (1% w/w),Treatment of Fungal skin infections,Application site reactions burning irritation itching and redness Dry skin Skin peeling Blisters on skin,"https://onemg.gumlet.io/l_watermark_346,w_480,h_480/a_ignore,w_480,h_480,c_fit,q_auto,f_auto/eoo7hpmj4ogfhpyp1b18.jpg",Canixa Life Sciences Pvt,33,67,0
Lupitros-T Eye Drop,Timolol (5mg) + Travoprost (40mcg),Treatment of GlaucomaTreatment of Ocular hypertension,Stinging sensation Eye irritation Burning sensation Blurred vision,"https://onemg.gumlet.io/l_watermark_346,w_480,h_480/a_ignore,w_480,h_480,c_fit,q_auto,f_auto/cropped/y7ozsd2zn9xdzopnhenv.jpg",Lupin Ltd,67,16,17
Loram  2.5 Tablet,Ramipril (2.5mg) + Losartan (50mg), Hypertension (high blood pressure),Nausea Taste change Stomach pain Diarrhea Indigestion Cough Headache Dizziness Weakness Increased potassium level in blood Decreased blood pressure,"https://onemg.gumlet.io/l_watermark_346,w_480,h_480/a_ignore,w_480,h_480,c_fit,q_auto,f_auto/cropped/vyibokiegcblqnv5gvem.jpg",Torrent Pharmaceuticals Ltd,44,45,11
Levroxa 250mg Tablet,Levetiracetam (250mg),Treatment of Epilepsy/Seizures,Sleepiness Dizziness Fatigue Headache Decreased appetite Behavioral changes Aggressive behavior Irritation Agitation Nasal congestion stuffy nose Infection Convulsion Nasopharyngitis inflammation of the throat and nasal passages Nausea Tremors Vertigo Lethargy,"https://onemg.gumlet.io/l_watermark_346,w_480,h_480/a_ignore,w_480,h_480,c_fit,q_auto,f_auto/cropped/oc8xpypyprwugnph2e8d.jpg",Strides shasun Ltd,22,45,33
Lezyncet A Tablet,Levocetirizine (2.5mg) + Ambroxol (60mg), Cough,Upset stomach Dryness in mouth Headache Fatigue Sleepiness Allergic reaction,"https://onemg.gumlet.io/l_watermark_346,w_480,h_480/a_ignore,w_480,h_480,c_fit,q_auto,f_auto/cropped/femliz8x11q9nydx9ikb.jpg",Torrent Pharmaceuticals Ltd,56,44,0
Lanfil DX 60 Capsule MR,Dexlansoprazole (60mg), Heartburn Gastroesophageal reflux disease (Acid reflux) Peptic ulcer disease,Nausea Abdominal pain Flatulence Diarrhea Vomiting,"https://onemg.gumlet.io/l_watermark_346,w_480,h_480/a_ignore,w_480,h_480,c_fit,q_auto,f_auto/vyzzsporegk7jtlf0g9z.jpg",Fourrts India Laboratories Pvt Ltd,56,44,0
Losartas 25 Tablet,Losartan (25mg),Treatment of Hypertension (high blood pressure)Treatment of Heart failure Prevention of heart attack and stroke,Dizziness Decreased blood pressure Hypoglycemia low blood glucose level Increased potassium level in blood Increased blood urea,"https://onemg.gumlet.io/l_watermark_346,w_480,h_480/a_ignore,w_480,h_480,c_fit,q_auto,f_auto/rafirlygzhmkw1pzrzmv.jpg",Intas Pharmaceuticals Ltd,0,33,67
Lulibet Cream,Luliconazole (1% w/w),Treatment of Fungal skin infections,Application site reactions burning irritation itching and redness Dry skin Skin peeling Blisters on skin,"https://onemg.gumlet.io/l_watermark_346,w_480,h_480/a_ignore,w_480,h_480,c_fit,q_auto,f_auto/cropped/twlneftlffei7dpdxhhj.jpg",Intas Pharmaceuticals Ltd,15,54,31
Lulirx Spray,Luliconazole (1% w/v),Treatment of Fungal skin infections,Application site reactions burning irritation itching and redness Dry skin Skin peeling Blisters on skin,"https://onemg.gumlet.io/l_watermark_346,w_480,h_480/a_ignore,w_480,h_480,c_fit,q_auto,f_auto/cropped/vjvzq8fqley0x0lp2bro.jpg",Cadila Pharmaceuticals Ltd,0,50,50
Lulinext Lotion Spray,Luliconazole (1% w/v),Treatment of Fungal skin infections,Application site reactions burning irritation itching and redness Dry skin Skin peeling Blisters on skin,"https://onemg.gumlet.io/l_watermark_346,w_480,h_480/a_ignore,w_480,h_480,c_fit,q_auto,f_auto/blb5kl784bowll1ca0de.jpg",Ethinext Pharma,100,0,0
Lulihalt Cream,Luliconazole (1% w/w),Treatment of Fungal skin infections,Application site reactions burning irritation itching and redness Dry skin Skin peeling Blisters on skin,"https://onemg.gumlet.io/l_watermark_346,w_480,h_480/a_ignore,w_480,h_480,c_fit,q_auto,f_auto/yfmpnvzglmju1hm1atkk.jpg",Alkem Laboratories Ltd,50,50,0
Leptomate 100 Tablet,Topiramate (100mg), Epilepsy/SeizuresPrevention of Migraine Lennox–Gastaut syndrome,Abdominal pain Diarrhea Dizziness Fatigue Fever Loss of appetite Memory impairment Nausea Nervousness Numbness Psychomotor impairment Sleepiness Speech disorder Taste change Upper respiratory tract infection Visual impairment Weight loss,"https://onemg.gumlet.io/l_watermark_346,w_480,h_480/a_ignore,w_480,h_480,c_fit,q_auto,f_auto/6462c1acbc8549a6938b2c0e7ba1dc64.jpg",La Renon Healthcare Pvt Ltd,100,0,0
Levialfa 500 Tablet,Levetiracetam (500mg),Treatment of Epilepsy/Seizures,Sleepiness Dizziness Fatigue Headache Decreased appetite Behavioral changes Aggressive behavior Irritation Agitation Nasal congestion stuffy nose Infection Convulsion Nasopharyngitis inflammation of the throat and nasal passages Nausea Tremors Vertigo Lethargy,"https://onemg.gumlet.io/l_watermark_346,w_480,h_480/a_ignore,w_480,h_480,c_fit,q_auto,f_auto/gbajywskbtsh4xfwqmjr.jpg",Alniche Life Sciences Pvt Ltd,0,33,67
Lulilok Soap,Luliconazole (1% w/w),Treatment of Fungal skin infections,Application site reactions burning irritation itching and redness Dry skin Skin peeling Blisters on skin,"https://onemg.gumlet.io/l_watermark_346,w_480,h_480/a_ignore,w_480,h_480,c_fit,q_auto,f_auto/cropped/tpw0npnrg1nulxak0pks.jpg",Oaknet Healthcare Pvt Ltd,50,50,0
Lozapin 50mg Tablet,Clozapine (50mg), Schizophrenia,Dizziness Fainting Constipation Fever Weight gain Decreased white blood cell count Extrapyramidal symptoms Increased liver enzymes Drowsiness Seizure Increased white blood cell count eosinophils Anticholinergic effects Tachycardia Excessive salivation,"https://onemg.gumlet.io/l_watermark_346,w_480,h_480/a_ignore,w_480,h_480,c_fit,q_auto,f_auto/bb24d632edf44800a8f23ce7d43f94cf.jpg",Torrent Pharmaceuticals Ltd,83,17,0
Laxiwal Solution,Lactulose (10gm),Treatment of ConstipationTreatment of Hepatic encephalopathy,Abdominal pain Nausea Vomiting Diarrhea,"https://onemg.gumlet.io/l_watermark_346,w_480,h_480/a_ignore,w_480,h_480,c_fit,q_auto,f_auto/cropped/pdeeznsucbr2u3gkfi7m.jpg",Wallace Pharmaceuticals Pvt Ltd,0,33,67
LT-Mac Cream,Luliconazole (1% w/w),Treatment of Fungal skin infections,Application site reactions burning irritation itching and redness Dry skin Skin peeling Blisters on skin,"https://onemg.gumlet.io/l_watermark_346,w_480,h_480/a_ignore,w_480,h_480,c_fit,q_auto,f_auto/ptc25ezw82rp1gvapmsm.jpg",Macleods Pharmaceuticals Pvt Ltd,83,17,0
Losatan 50mg Tablet,Losartan (50mg),Treatment of Hypertension (high blood pressure)Treatment of Heart failure Prevention of heart attack and stroke,Dizziness Decreased blood pressure Hypoglycemia low blood glucose level Increased potassium level in blood Increased blood urea,"https://onemg.gumlet.io/l_watermark_346,w_480,h_480/a_ignore,w_480,h_480,c_fit,q_auto,f_auto/51425c3db5b14f7198bc0f0ebd35d7c1.jpg",Biochem Pharmaceutical Industries,56,22,22
Ludura Cream,Luliconazole (1% w/w),Treatment of Fungal skin infections,Application site reactions burning irritation itching and redness Dry skin Skin peeling Blisters on skin,"https://onemg.gumlet.io/l_watermark_346,w_480,h_480/a_ignore,w_480,h_480,c_fit,q_auto,f_auto/cropped/uuacgsdmug7ciq4eawst.jpg",Cipla Ltd,43,44,13
Lipicure CF 10 Capsule IR,Atorvastatin (10mg) + Fenofibrate (135mg),Treatment of High cholesterolPrevention of Heart attack,Nausea Stomach pain Constipation Flatulence Headache Muscle pain Increased liver enzymes Increased glucose level in blood,"https://onemg.gumlet.io/l_watermark_346,w_480,h_480/a_ignore,w_480,h_480,c_fit,q_auto,f_auto/cropped/ftdgjqhzo0ppgjojjoto.jpg",Intas Pharmaceuticals Ltd,67,33,0
Lue 20 Cream,Luliconazole (1% w/w),Treatment of Fungal skin infections,Application site reactions burning irritation itching and redness Dry skin Skin peeling Blisters on skin,"https://onemg.gumlet.io/l_watermark_346,w_480,h_480/a_ignore,w_480,h_480,c_fit,q_auto,f_auto/cropped/d3opc2pqo5rngesiam78.png",Sanstuti Pharmaceuticals Pvt Ltd,58,25,17
Lamepil 100 Tablet,Lamotrigine (100mg), Epilepsy/Seizures Bipolar disorder,Skin rash Headache Nausea Vomiting Dryness in mouth Insomnia difficulty in sleeping Sleepiness Dizziness Back pain Abdominal pain Blurred vision Double vision Impaired coordination Nasal congestion stuffy nose Infection,"https://onemg.gumlet.io/l_watermark_346,w_480,h_480/a_ignore,w_480,h_480,c_fit,q_auto,f_auto/cropped/xnhb1ygwyp4k7aabfaxp.jpg",Ipca Laboratories Ltd,50,50,0
L-Sys Topical Solution,Luliconazole (1% w/v),Treatment of Fungal skin infections,Application site reactions burning irritation itching and redness Dry skin Skin peeling Blisters on skin,"https://onemg.gumlet.io/l_watermark_346,w_480,h_480/a_ignore,w_480,h_480,c_fit,q_auto,f_auto/cropped/dqmjg0xayb4p4nmkwxmj.jpg",Systopic Laboratories Pvt Ltd,67,33,0
Lulibest 1% Cream,Luliconazole (1% w/w),Treatment of Fungal skin infections,Application site reactions burning irritation itching and redness Dry skin Skin peeling Blisters on skin,"https://onemg.gumlet.io/l_watermark_346,w_480,h_480/a_ignore,w_480,h_480,c_fit,q_auto,f_auto/cropped/l9gughrksbukq47gardf.png",Rockmed Pharma Pvt. Ltd.,100,0,0
Lulipex 1% Cream,Luliconazole (1% w/w),Treatment of Fungal skin infections,Application site reactions burning irritation itching and redness Dry skin Skin peeling Blisters on skin,"https://onemg.gumlet.io/l_watermark_346,w_480,h_480/a_ignore,w_480,h_480,c_fit,q_auto,f_auto/fde6785d49ba4f40a72da210579b7f23.jpg",Apex Laboratories Pvt Ltd,58,17,25
Lupila-D Capsule,Domperidone (30mg) + Ilaprazole (10mg),Treatment of Gastroesophageal reflux disease (Acid reflux)Treatment of Peptic ulcer disease,Stomach pain Diarrhea Constipation Headache Flatulence Dryness in mouth Dizziness Fatigue,"https://onemg.gumlet.io/l_watermark_346,w_480,h_480/a_ignore,w_480,h_480,c_fit,q_auto,f_auto/d9x3lzpnzcrrclpgebx7.jpg",Lupin Ltd,0,67,33
Lupizol Cream,Luliconazole (1% w/w),Treatment of Fungal skin infections,Application site reactions burning irritation itching and redness Dry skin Skin peeling Blisters on skin,"https://onemg.gumlet.io/l_watermark_346,w_480,h_480/a_ignore,w_480,h_480,c_fit,q_auto,f_auto/zpr8tlot8pnuzn2qod7l.jpg",Lupin Ltd,0,50,50
Lowprost Eye Drop,Bimatoprost (0.01% w/v), Ocular hypertension Glaucoma,Conjunctival hyperemia Eye itching,"https://onemg.gumlet.io/l_watermark_346,w_480,h_480/a_ignore,w_480,h_480,c_fit,q_auto,f_auto/cropped/iwss50wafy2mzcvlbckx.jpg",Cipla Ltd,40,44,16
Levomil 20 Capsule ER,Levomilnacipran (20mg), Depression,Nausea Vomiting Constipation Decreased appetite Anxiety Insomnia difficulty in sleeping Increased sweating Dizziness Sexual dysfunction,"https://onemg.gumlet.io/l_watermark_346,w_480,h_480/a_ignore,w_480,h_480,c_fit,q_auto,f_auto/cropped/hwltj8rqpnmzimw3dfpb.jpg",Intas Pharmaceuticals Ltd,50,17,33
Lurakem 40 Tablet,Lurasidone (40mg), Schizophrenia,Nausea Vomiting Weight gain Sleepiness Dryness in mouth Indigestion Parkinsonism Akathisia inability to stay still Anxiety Stomach discomfort Restlessness Upper abdominal pain Agitation Insomnia difficulty in sleeping Increased saliva production,"https://onemg.gumlet.io/l_watermark_346,w_480,h_480/a_ignore,w_480,h_480,c_fit,q_auto,f_auto/vxuc4axayz7kzb9te3r2.jpg",Alkem Laboratories Ltd,44,23,33
Lipisafe CV 20 Capsule,Atorvastatin (20mg) + Clopidogrel (75mg), Heart attack prevention and high cholesterol,Stomach pain Diarrhea Indigestion Constipation Headache Dizziness Muscle pain Weakness Increased glucose level in blood Increased liver enzymes,"https://onemg.gumlet.io/l_watermark_346,w_480,h_480/a_ignore,w_480,h_480,c_fit,q_auto,f_auto/eb53ee4f4afd4c13866de55470c0b73a.jpg",Lakshya Life Sciences,33,67,0
Lilituf Lotion,Luliconazole (1% w/v),Treatment of Fungal skin infections,Application site reactions burning irritation itching and redness Dry skin Skin peeling Blisters on skin,"https://onemg.gumlet.io/l_watermark_346,w_480,h_480/a_ignore,w_480,h_480,c_fit,q_auto,f_auto/cropped/ky6cnycm4oyzlnpoklag.jpg",Alkem Laboratories Ltd,44,34,22
Levexx 250 Tablet,Levetiracetam (250mg),Treatment of Epilepsy/Seizures,Sleepiness Dizziness Fatigue Headache Decreased appetite Behavioral changes Aggressive behavior Irritation Agitation Nasal congestion stuffy nose Infection Convulsion Nasopharyngitis inflammation of the throat and nasal passages Nausea Tremors Vertigo Lethargy,"https://onemg.gumlet.io/l_watermark_346,w_480,h_480/a_ignore,w_480,h_480,c_fit,q_auto,f_auto/rxu2r6z0r0bbl9hjv5e6.jpg",Zydus Healthcare Limited,89,11,0
Levilex 750 Tablet,Levetiracetam (750mg),Treatment of Epilepsy/Seizures,Sleepiness Dizziness Fatigue Headache Decreased appetite Behavioral changes Aggressive behavior Irritation Agitation Nasal congestion stuffy nose Infection Convulsion Nasopharyngitis inflammation of the throat and nasal passages Nausea Tremors Vertigo Lethargy,"https://onemg.gumlet.io/l_watermark_346,w_480,h_480/a_ignore,w_480,h_480,c_fit,q_auto,f_auto/cropped/mt7knxlyhsfv1lomxqy0.jpg",MSN Laboratories,100,0,0
Lurafic 80mg Tablet,Lurasidone (80mg), Schizophrenia,Nausea Vomiting Weight gain Sleepiness Dryness in mouth Indigestion Parkinsonism Akathisia inability to stay still Anxiety Stomach discomfort Restlessness Upper abdominal pain Agitation Insomnia difficulty in sleeping Increased saliva production,"https://onemg.gumlet.io/l_watermark_346,w_480,h_480/a_ignore,w_480,h_480,c_fit,q_auto,f_auto/fa1tol1mo5jxudcqx4fn.jpg",Lupin Ltd,0,67,33
Lotak-A Tablet,Losartan (50mg) + Amlodipine (5mg), Hypertension (high blood pressure),Sleepiness Ankle swelling Headache Flushing sense of warmth in the face ears neck and trunk Dizziness Palpitations Increased potassium level in blood Fatigue Nausea Edema swelling Abdominal pain Visual disturbance Breathlessness Change in bowel habits Nasal congestion stuffy nose Upper respiratory tract infection,"https://onemg.gumlet.io/l_watermark_346,w_480,h_480/a_ignore,w_480,h_480,c_fit,q_auto,f_auto/mbs1i4oy6gxbia5odv93.jpg",Caplet India Pvt Ltd,67,33,0
Lipril AM Tablet,Amlodipine (5mg) + Lisinopril (5mg), Hypertension (high blood pressure),Ankle swelling Headache Tiredness Palpitations Increased potassium level in blood Sleepiness Cough Taste change Flushing sense of warmth in the face ears neck and trunk Decreased blood pressure Upset stomach,"https://onemg.gumlet.io/l_watermark_346,w_480,h_480/a_ignore,w_480,h_480,c_fit,q_auto,f_auto/gxuxst2vpokv9c6z6kmc.jpg",Lupin Ltd,100,0,0
Lulilok Cream,Luliconazole (1% w/w),Treatment of Fungal skin infections,Application site reactions burning irritation itching and redness Dry skin Skin peeling Blisters on skin,"https://onemg.gumlet.io/l_watermark_346,w_480,h_480/a_ignore,w_480,h_480,c_fit,q_auto,f_auto/cropped/qg0gles0190bwd4w4qan.jpg",Oaknet Healthcare Pvt Ltd,0,33,67
Loxapax 25mg Capsule,Loxapine (25mg),Treatment of SchizophreniaTreatment of DepressionTreatment of Bipolar disorder,Sleepiness Orthostatic hypotension sudden lowering of blood pressure on standing Dryness in mouth Abnormality of voluntary movements Weight gain Increased prolactin level in blood Urinary retention Constipation Muscle stiffness Tremors,"https://onemg.gumlet.io/l_watermark_346,w_480,h_480/a_ignore,w_480,h_480,c_fit,q_auto,f_auto/9233503baba64da1b27cc5eda27ef6d6.jpg",D D Pharmaceuticals,0,0,100
Levepsy XR 500 Tablet,Levetiracetam (500mg),Treatment of Epilepsy/Seizures,Sleepiness Dizziness Fatigue Headache Decreased appetite Behavioral changes Aggressive behavior Irritation Agitation Nasal congestion stuffy nose Infection Convulsion Nasopharyngitis inflammation of the throat and nasal passages Nausea Tremors Vertigo Lethargy,"https://onemg.gumlet.io/l_watermark_346,w_480,h_480/a_ignore,w_480,h_480,c_fit,q_auto,f_auto/rnbhgvikobf32zw948ny.jpg",Cipla Ltd,33,45,22
Lamepil MR 100 Tablet,Lamotrigine (100mg), Epilepsy/Seizures Bipolar disorder,Skin rash Headache Nausea Vomiting Dryness in mouth Insomnia difficulty in sleeping Sleepiness Dizziness Back pain Abdominal pain Blurred vision Double vision Impaired coordination Nasal congestion stuffy nose Infection,"https://onemg.gumlet.io/l_watermark_346,w_480,h_480/a_ignore,w_480,h_480,c_fit,q_auto,f_auto/048aad99ab004fd5844e87be900654ef.jpg",Ipca Laboratories Ltd,67,33,0
Laconext 150 Tablet,Lacosamide (150mg), Epilepsy/Seizures,Dizziness Headache Nausea Sleepiness Vomiting Visual disturbance Dryness in mouth Muscle spasm,"https://onemg.gumlet.io/l_watermark_346,w_480,h_480/a_ignore,w_480,h_480,c_fit,q_auto,f_auto/cropped/ub1gq3lc1octgdqmn7ce.jpg",Lupin Ltd,100,0,0
Lustre C Cream,Clindamycin (1% w/w) + Tretinoin (0.025% w/w),Treatment of Acne,Dryness Erythema skin redness Scaling Burning sensation Skin exfoliation Nasopharyngitis inflammation of the throat and nasal passages Cough Sinus inflammation,"https://onemg.gumlet.io/l_watermark_346,w_480,h_480/a_ignore,w_480,h_480,c_fit,q_auto,f_auto/mxmxw8e0cozsebhrpppb.jpg",Mediwin Pharmaceuticals,50,0,50
Lapezil 10 Tablet,Donepezil (10mg), Alzheimer's disease,Common cold Urinary incontinence Rash Nausea Diarrhea Insomnia difficulty in sleeping Weight loss Accidental injury,"https://onemg.gumlet.io/l_watermark_346,w_480,h_480/a_ignore,w_480,h_480,c_fit,q_auto,f_auto/cropped/h9xpqohgdmvzcd4da7gw.jpg",La Renon Healthcare Pvt Ltd,0,33,67
Lulipil Soap,Luliconazole (1% w/w),Treatment of Fungal skin infections,Application site reactions burning irritation itching and redness Dry skin Skin peeling Blisters on skin,"https://onemg.gumlet.io/l_watermark_346,w_480,h_480/a_ignore,w_480,h_480,c_fit,q_auto,f_auto/cropped/cvuhtsxc03agzltrocfh.jpg",Psychotropics India Ltd,67,33,0
Lucipro 500mg Tablet,Ciprofloxacin (500mg),Treatment of Bacterial infections,Headache Dizziness Gastrointestinal disorder Joint pain Urticaria,"https://onemg.gumlet.io/l_watermark_346,w_480,h_480/a_ignore,w_480,h_480,c_fit,q_auto,f_auto/977dbbd8fd5c4f989b9daddb87360a62.jpg",Lupin Ltd,0,0,100
Levemex Syrup,Levetiracetam (NA),Treatment of Epilepsy/Seizures,Sleepiness Dizziness Fatigue Headache Decreased appetite Behavioral changes Aggressive behavior Irritation Agitation Nasal congestion stuffy nose Infection Convulsion Nasopharyngitis inflammation of the throat and nasal passages Nausea Tremors Vertigo Lethargy,"https://onemg.gumlet.io/l_watermark_346,w_480,h_480/a_ignore,w_480,h_480,c_fit,q_auto,f_auto/3985d5c5fc6741a092a7a9570fb7895c.jpg",Icon Life Sciences,0,0,100
Lofatin Cream,Luliconazole (1% w/w),Treatment of Fungal skin infections,Application site reactions burning irritation itching and redness Dry skin Skin peeling Blisters on skin,"https://onemg.gumlet.io/l_watermark_346,w_480,h_480/a_ignore,w_480,h_480,c_fit,q_auto,f_auto/cropped/h2frchqibsteh5n2leuc.jpg",Abbott,33,17,50
Levenig 500 Tablet,Levetiracetam (500mg),Treatment of Epilepsy/Seizures,Sleepiness Dizziness Fatigue Headache Decreased appetite Behavioral changes Aggressive behavior Irritation Agitation Nasal congestion stuffy nose Infection Convulsion Nasopharyngitis inflammation of the throat and nasal passages Nausea Tremors Vertigo Lethargy,"https://onemg.gumlet.io/l_watermark_346,w_480,h_480/a_ignore,w_480,h_480,c_fit,q_auto,f_auto/3369a7787cdf46c7af8b4ec34cfc51cc.jpg",Snig Pharmaceuticals Pvt Ltd,33,67,0
Lulibest-XL Cream,Luliconazole (1% w/w),Treatment of Fungal skin infections,Application site reactions burning irritation itching and redness Dry skin Skin peeling Blisters on skin,"https://onemg.gumlet.io/l_watermark_346,w_480,h_480/a_ignore,w_480,h_480,c_fit,q_auto,f_auto/a69d7af96d6d41d382491b93a5d8d72e.jpg",Rockmed Pharma Pvt. Ltd.,33,67,0
Luliyes Cream,Luliconazole (1% w/w),Treatment of Fungal skin infections,Application site reactions burning irritation itching and redness Dry skin Skin peeling Blisters on skin,"https://onemg.gumlet.io/l_watermark_346,w_480,h_480/a_ignore,w_480,h_480,c_fit,q_auto,f_auto/3a0e4fc2309e41e7a7f4c447cf4a1700.jpg",Unimarck Pharma India Ltd,33,34,33
Levroxa 750mg Tablet,Levetiracetam (750mg),Treatment of Epilepsy/Seizures,Sleepiness Dizziness Fatigue Headache Decreased appetite Behavioral changes Aggressive behavior Irritation Agitation Nasal congestion stuffy nose Infection Convulsion Nasopharyngitis inflammation of the throat and nasal passages Nausea Tremors Vertigo Lethargy,"https://onemg.gumlet.io/l_watermark_346,w_480,h_480/a_ignore,w_480,h_480,c_fit,q_auto,f_auto/5b2d249959e14fec99212d44c1a91c0d.jpg",Strides shasun Ltd,0,0,100
Liconpride Cream,Luliconazole (1% w/w),Treatment of Fungal skin infections,Application site reactions burning irritation itching and redness Dry skin Skin peeling Blisters on skin,"https://onemg.gumlet.io/l_watermark_346,w_480,h_480/a_ignore,w_480,h_480,c_fit,q_auto,f_auto/cropped/odpqdgsyw5kqfljmddj1.jpg",Care Pride Pharma,33,17,50
Levilex 1000 Tablet,Levetiracetam (1000mg),Treatment of Epilepsy/Seizures,Sleepiness Dizziness Fatigue Headache Decreased appetite Behavioral changes Aggressive behavior Irritation Agitation Nasal congestion stuffy nose Infection Convulsion Nasopharyngitis inflammation of the throat and nasal passages Nausea Tremors Vertigo Lethargy,"https://onemg.gumlet.io/l_watermark_346,w_480,h_480/a_ignore,w_480,h_480,c_fit,q_auto,f_auto/cropped/iqjaxjrgzgpm55lxwgue.jpg",MSN Laboratories,67,33,0
Limcor Chewable Tablet Orange,Vitamin C (1000mg),Treatment of Vitamin C deficiency,No common side effects seen,"https://onemg.gumlet.io/l_watermark_346,w_480,h_480/a_ignore,w_480,h_480,c_fit,q_auto,f_auto/cropped/ip1dsco8i5rcjujek0vm.jpg",Rivan Pharma,0,67,33
Limcor Chewable Tablet Orange,Vitamin C (1000mg),Treatment of Vitamin C deficiency,No common side effects seen,"https://onemg.gumlet.io/l_watermark_346,w_480,h_480/a_ignore,w_480,h_480,c_fit,q_auto,f_auto/cropped/ip1dsco8i5rcjujek0vm.jpg",Rivan Pharma,0,67,33
Livastat-EZ Tablet,Pitavastatin (4mg) + Ezetimibe (10mg), High cholesterol,Headache Tiredness Muscle pain Back pain Flatulence Diarrhea Stomach pain Increased liver enzymes,"https://onemg.gumlet.io/l_watermark_346,w_480,h_480/a_ignore,w_480,h_480,c_fit,q_auto,f_auto/4b994c01bf394ba28e73bcbb15aa5632.jpg",Novazen Pharmaceuticals,67,33,0
Loreb-DSR Capsule,Domperidone (30mg) + Rabeprazole (20mg),Treatment of Gastroesophageal reflux disease (Acid reflux)Treatment of Peptic ulcer disease,Diarrhea Stomach pain Dryness in mouth Headache Dizziness Flatulence Weakness Flu like symptoms,"https://onemg.gumlet.io/l_watermark_346,w_480,h_480/a_ignore,w_480,h_480,c_fit,q_auto,f_auto/2e540750337d4d9b8351e1b4cd1d39fc.jpg",Laures Pharmaceuticals Pvt Ltd,67,33,0
Levenue ER 1000 Tablet,Levetiracetam (1000mg),Treatment of Epilepsy/Seizures,Sleepiness Dizziness Fatigue Headache Decreased appetite Behavioral changes Aggressive behavior Irritation Agitation Nasal congestion stuffy nose Infection Convulsion Nasopharyngitis inflammation of the throat and nasal passages Nausea Tremors Vertigo Lethargy,"https://onemg.gumlet.io/l_watermark_346,w_480,h_480/a_ignore,w_480,h_480,c_fit,q_auto,f_auto/fyk9ebwdyso5gtaowahm.jpg",Alkem Laboratories Ltd,47,26,27
Livcare Syrup,L-Ornithine L-Aspartate (150mg) + Pancreatin (100mg),Treatment of Indigestion,Nausea Stomach pain Bloating Diarrhea Constipation,"https://onemg.gumlet.io/l_watermark_346,w_480,h_480/a_ignore,w_480,h_480,c_fit,q_auto,f_auto/fcb0b1a161cc44c8a4ec020a920079d6.jpg",Sun Pharmaceutical Industries Ltd,67,33,0
Lifepill 3 Capsule ER,Atorvastatin (10mg) + Ramipril (5mg) + Metoprolol Succinate (25mg), High blood pressure with high cholesterol,Nausea Taste change Stomach pain Constipation Dizziness Headache Cold extremities Slow heart rate Muscle pain Cough Weakness Increased glucose level in blood Numbness of extremity Decreased blood pressure Increased potassium level in blood Increased liver enzymes,"https://onemg.gumlet.io/l_watermark_346,w_480,h_480/a_ignore,w_480,h_480,c_fit,q_auto,f_auto/tim5f8yqc1cnpqq8psos.jpg",Zydus Cadila,25,50,25
leocan 150mg Tablet,Fluconazole (150mg),Treatment of Fungal infections,Headache Nausea Stomach pain,"https://onemg.gumlet.io/l_watermark_346,w_480,h_480/a_ignore,w_480,h_480,c_fit,q_auto,f_auto/dzlm1ejzln1ss7tcdyka.jpg",Leo Life Science Pvt Ltd,0,33,67
Lumiza 1% Cream,Luliconazole (1% w/w),Treatment of Fungal skin infections,Application site reactions burning irritation itching and redness Dry skin Skin peeling Blisters on skin,"https://onemg.gumlet.io/l_watermark_346,w_480,h_480/a_ignore,w_480,h_480,c_fit,q_auto,f_auto/17642242525b476dbef588afb0b16d55.jpg",HBC Dermiza Healthcare Pvt Ltd,0,0,100
Lamifin Cream,Terbinafine (1% w/w), Fungal skin infections,Application site reactions burning irritation itching and redness Skin peeling Headache Diarrhea Rash Indigestion Abnormal liver enzyme Itching Taste change Nausea Abdominal pain Flatulence,"https://onemg.gumlet.io/l_watermark_346,w_480,h_480/a_ignore,w_480,h_480,c_fit,q_auto,f_auto/cropped/k3wtasduztfbx0zto2zr.jpg",Canixa Life Sciences Pvt,18,37,45
Lutriben Cream,Luliconazole (1% w/w),Treatment of Fungal skin infections,Application site reactions burning irritation itching and redness Dry skin Skin peeling Blisters on skin,"https://onemg.gumlet.io/l_watermark_346,w_480,h_480/a_ignore,w_480,h_480,c_fit,q_auto,f_auto/cropped/mgn3et7hqdggnpdik4uw.jpg",Jenburkt Pharmaceuticals Ltd,43,43,14
Levtam 250 Tablet,Levetiracetam (250mg),Treatment of Epilepsy/Seizures,Sleepiness Dizziness Fatigue Headache Decreased appetite Behavioral changes Aggressive behavior Irritation Agitation Nasal congestion stuffy nose Infection Convulsion Nasopharyngitis inflammation of the throat and nasal passages Nausea Tremors Vertigo Lethargy,"https://onemg.gumlet.io/l_watermark_346,w_480,h_480/a_ignore,w_480,h_480,c_fit,q_auto,f_auto/cropped/yglmiluiqldc0fxf6bcf.jpg",Torrent Pharmaceuticals Ltd,67,33,0
Lexadep 10 Tablet,Escitalopram Oxalate (10mg),Treatment of DepressionTreatment of Anxiety disorderTreatment of Panic disorder,Anorgasmia decreased orgasm in women Decreased libido Delayed ejaculation Fatigue Increased sweating Insomnia difficulty in sleeping Nausea Sleepiness,"https://onemg.gumlet.io/l_watermark_346,w_480,h_480/a_ignore,w_480,h_480,c_fit,q_auto,f_auto/u4s8vo9xzwxnxyvtcbt1.jpg",Pulse Pharmaceuticals,33,67,0
L-Trix Cream,Luliconazole (1% w/w),Treatment of Fungal skin infections,Application site reactions burning irritation itching and redness Dry skin Skin peeling Blisters on skin,"https://onemg.gumlet.io/l_watermark_346,w_480,h_480/a_ignore,w_480,h_480,c_fit,q_auto,f_auto/9f6963c476cb425aa2d1a385ef35ed4c.jpg",Micro Labs Ltd,83,17,0
Laxan Oral Solution,Lactulose (10gm),Treatment of ConstipationTreatment of Hepatic encephalopathy,Abdominal pain Nausea Vomiting Diarrhea,"https://onemg.gumlet.io/l_watermark_346,w_480,h_480/a_ignore,w_480,h_480,c_fit,q_auto,f_auto/cropped/jxqwk9sw5buoy4xdyejn.png",J B Chemicals and Pharmaceuticals Ltd,83,17,0
Lulijen Cream,Luliconazole (1% w/w),Treatment of Fungal skin infections,Application site reactions burning irritation itching and redness Dry skin Skin peeling Blisters on skin,"https://onemg.gumlet.io/l_watermark_346,w_480,h_480/a_ignore,w_480,h_480,c_fit,q_auto,f_auto/cropped/hbqjuy5kuuk4kp9jyfze.jpg",Jenburkt Pharmaceuticals Ltd,56,11,33
Lotensyl AT Tablet,Atenolol (50mg) + Lercanidipine (10mg), Hypertension (high blood pressure),Sleepiness Headache Ankle swelling Flushing sense of warmth in the face ears neck and trunk Slow heart rate Tiredness Palpitations Nausea Edema swelling Constipation Cold extremities,"https://onemg.gumlet.io/l_watermark_346,w_480,h_480/a_ignore,w_480,h_480,c_fit,q_auto,f_auto/cropped/afmwo3jrs4rlgwiv7eks.jpg",Sun Pharmaceutical Industries Ltd,80,0,20
Lignopar Gel,Lidocaine (2% w/w), Local anesthesia (Numb tissues in a specific area),Allergic reaction Application site reactions burning irritation itching and redness,"https://onemg.gumlet.io/l_watermark_346,w_480,h_480/a_ignore,w_480,h_480,c_fit,q_auto,f_auto/cropped/wua0spipnjf3jvfmrznj.jpg",Biomedica International,20,7,73
Lucimac Cream,Luliconazole (1% w/w),Treatment of Fungal skin infections,Application site reactions burning irritation itching and redness Dry skin Skin peeling Blisters on skin,"https://onemg.gumlet.io/l_watermark_346,w_480,h_480/a_ignore,w_480,h_480,c_fit,q_auto,f_auto/cropped/zlgcathierul8agsaddi.png",Mcastro Pharma,0,0,100
Levrom-M Syrup,Levocetirizine (2.5mg) + Montelukast (4mg),Treatment of Sneezing and runny nose due to allergiesTreatment of Hay feverTreatment of Allergic skin conditions,Rash Nausea Diarrhea Dryness in mouth Fatigue Headache Skin rash Sleepiness Vomiting,"https://onemg.gumlet.io/l_watermark_346,w_480,h_480/a_ignore,w_480,h_480,c_fit,q_auto,f_auto/cropped/q8laxygzlx9yizrscg62.jpg",Romas Remedies,0,0,100
Levocaa 10 Tablet,Levocetirizine (10mg),Treatment of Allergic conditions,Sleepiness Fatigue Dryness in mouth Headache Vomiting Nasopharyngitis inflammation of the throat and nasal passages,"https://onemg.gumlet.io/l_watermark_346,w_480,h_480/a_ignore,w_480,h_480,c_fit,q_auto,f_auto/dwh7orysc5mnbvghmjll.jpg",Scinticaa Pharma,0,0,100
Lacripex Eye Drop,Carboxymethylcellulose (0.5% w/v) + Oxychloro Complex (0.005% w/v),Treatment of Dry eyes,Application site reactions burning irritation itching and redness Blurred vision,"https://onemg.gumlet.io/l_watermark_346,w_480,h_480/a_ignore,w_480,h_480,c_fit,q_auto,f_auto/455f95b1d917461baf2a2c55db348204.jpg",Shilpex Pharmysis,67,33,0
Lacripex Eye Drop,Carboxymethylcellulose (0.5% w/v) + Oxychloro Complex (0.005% w/v),Treatment of Dry eyes,Application site reactions burning irritation itching and redness Blurred vision,"https://onemg.gumlet.io/l_watermark_346,w_480,h_480/a_ignore,w_480,h_480,c_fit,q_auto,f_auto/455f95b1d917461baf2a2c55db348204.jpg",Shilpex Pharmysis,67,33,0
L-Bakterie OZ Oral Suspension,Levofloxacin (125mg/5ml) + Ornidazole (125mg/5ml), Diarrhea Dysentery,Nausea Loss of appetite Dizziness Headache,"https://onemg.gumlet.io/l_watermark_346,w_480,h_480/a_ignore,w_480,h_480,c_fit,q_auto,f_auto/cropped/syqexqtahxlhzkmfkr7r.jpg",Hegde and Hegde Pharmaceutical LLP,67,33,0
L-Bakterie OZ Oral Suspension,Levofloxacin (125mg/5ml) + Ornidazole (125mg/5ml), Diarrhea Dysentery,Nausea Loss of appetite Dizziness Headache,"https://onemg.gumlet.io/l_watermark_346,w_480,h_480/a_ignore,w_480,h_480,c_fit,q_auto,f_auto/cropped/syqexqtahxlhzkmfkr7r.jpg",Hegde and Hegde Pharmaceutical LLP,67,33,0
Myezom 2mg Injection,Bortezomib (2mg), Multiple myeloma Mantle-cell lymphoma,Low blood platelets Fatigue Peripheral neuropathy tingling and numbness of feet and hand Psychiatric disturbances Nausea Vomiting Loss of appetite Fever Anemia low number of red blood cells Diarrhea Decreased appetite Decreased white blood cell count neutrophils Constipation,"https://onemg.gumlet.io/l_watermark_346,w_480,h_480/a_ignore,w_480,h_480,c_fit,q_auto,f_auto/de84ddb79b9f4b938df87f8f1dd35983.jpg",Dr Reddy's Laboratories Ltd,50,50,0
Meftal-Spas Tablet,Dicyclomine (10mg) + Mefenamic Acid (250mg),Treatment of Menstrual painTreatment of Abdominal cramp,Dizziness Dryness in mouth Blurred vision Nausea Sleepiness Weakness Nervousness,"https://onemg.gumlet.io/l_watermark_346,w_480,h_480/a_ignore,w_480,h_480,c_fit,q_auto,f_auto/cropped/khihvc6enx400rrcde8y.jpg",Blue Cross Laboratories Ltd,45,42,13
Moxicip Eye Drop,Moxifloxacin (0.5% w/v),Treatment of Bacterial eye infections,Eye discomfort Dry eye Burning sensation in eye,"https://onemg.gumlet.io/l_watermark_346,w_480,h_480/a_ignore,w_480,h_480,c_fit,q_auto,f_auto/cropped/wxdhn3penxljwven0ur1.jpg",Cipla Ltd,35,37,28
Montek LC Tablet,Levocetirizine (5mg) + Montelukast (10mg),Treatment of Sneezing and runny nose due to allergiesTreatment of Hay feverTreatment of Allergic skin conditions,Nausea Diarrhea Dryness in mouth Fatigue Headache Skin rash Sleepiness Vomiting,"https://onemg.gumlet.io/l_watermark_346,w_480,h_480/a_ignore,w_480,h_480,c_fit,q_auto,f_auto/cropped/hu9ossbgvej1rylj0xls.jpg",Sun Pharmaceutical Industries Ltd,41,40,19
Metrogyl 400 Tablet,Metronidazole (400mg),Treatment of Bacterial infectionsTreatment of Parasitic infections,Headache Dryness in mouth Nausea Metallic taste,"https://onemg.gumlet.io/l_watermark_346,w_480,h_480/a_ignore,w_480,h_480,c_fit,q_auto,f_auto/d4dd6a05dc7f4b3c91fd8e7d7a6a5ac3.jpg",J B Chemicals and Pharmaceuticals Ltd,35,35,30
Manforce 100mg Tablet,Sildenafil (100mg),Treatment of Erectile dysfunction,Flushing sense of warmth in the face ears neck and trunk Headache Blurred vision Indigestion Muscle pain Upset stomach Rash Nasal congestion stuffy nose Dizziness Nausea,"https://onemg.gumlet.io/l_watermark_346,w_480,h_480/a_ignore,w_480,h_480,c_fit,q_auto,f_auto/cropped/ourigmgxn5ihtpjxsazv.jpg",Mankind Pharma Ltd,28,35,37
Montair-LC Tablet,Levocetirizine (5mg) + Montelukast (10mg),Treatment of Sneezing and runny nose due to allergiesTreatment of Hay feverTreatment of Allergic skin conditions,Nausea Diarrhea Dryness in mouth Fatigue Headache Skin rash Sleepiness Vomiting,"https://onemg.gumlet.io/l_watermark_346,w_480,h_480/a_ignore,w_480,h_480,c_fit,q_auto,f_auto/wbcmitb6ibmotmsy9st6.jpg",Cipla Ltd,46,39,15
Meftal-P Suspension,Mefenamic Acid (100mg/5ml), Pain relief,Vomiting Stomach pain Nausea Headache Dizziness,"https://onemg.gumlet.io/l_watermark_346,w_480,h_480/a_ignore,w_480,h_480,c_fit,q_auto,f_auto/cropped/mytaofbsndq4tkgob0bm.jpg",Blue Cross Laboratories Ltd,31,35,34
Mahaflox Eye Drop,Moxifloxacin (0.5% w/v),Treatment of Bacterial eye infections,Eye discomfort Dry eye Burning sensation in eye,"https://onemg.gumlet.io/l_watermark_346,w_480,h_480/a_ignore,w_480,h_480,c_fit,q_auto,f_auto/d6e87013fb204a41989aca035aa1ba0f.jpg",Mankind Pharma Ltd,20,53,27
Monocef-O 200 Tablet,Cefpodoxime Proxetil (200mg),Treatment of Bacterial infections,Rash Nausea Diarrhea,"https://onemg.gumlet.io/l_watermark_346,w_480,h_480/a_ignore,w_480,h_480,c_fit,q_auto,f_auto/cropped/cauizymaqqs5cq9ovcoy.jpg",Aristo Pharmaceuticals Pvt Ltd,31,37,32
Moxikind-CV 625 Tablet,Amoxycillin  (500mg) +  Clavulanic Acid (125mg),Treatment of Bacterial infections,Vomiting Nausea Diarrhea Mucocutaneous candidiasis,"https://onemg.gumlet.io/l_watermark_346,w_480,h_480/a_ignore,w_480,h_480,c_fit,q_auto,f_auto/cropped/hjlqn2ftdmmeyqyrl70q.jpg",Mankind Pharma Ltd,39,39,22
Meftal-Forte Tablet,Mefenamic Acid (500mg) + Paracetamol (325mg), Pain reliefTreatment of Fever,Nausea Vomiting Diarrhea Indigestion Loss of appetite Heartburn,"https://onemg.gumlet.io/l_watermark_346,w_480,h_480/a_ignore,w_480,h_480,c_fit,q_auto,f_auto/cropped/lfesgwxhtouhg0nyhbrm.jpg",Blue Cross Laboratories Ltd,39,40,21
Mosi Eye Drop,Moxifloxacin (0.5% w/v),Treatment of Bacterial eye infections,Eye discomfort Dry eye Burning sensation in eye,"https://onemg.gumlet.io/l_watermark_346,w_480,h_480/a_ignore,w_480,h_480,c_fit,q_auto,f_auto/2ec28962ff7c4103a47ed38c8978f041.jpg",FDC Ltd,33,53,14
Monocef 1gm Injection,Ceftriaxone (1gm),Treatment of Bacterial infections,Diarrhea Abnormal liver function tests Rash,"https://onemg.gumlet.io/l_watermark_346,w_480,h_480/a_ignore,w_480,h_480,c_fit,q_auto,f_auto/cropped/gupv48vkpidix9sdbpdq.jpg",Aristo Pharmaceuticals Pvt Ltd,50,29,21
Mucaine Gel Mint Sugar Free,Oxetacaine (10mg/5ml) + Aluminium Hydroxide (0.291gm/5ml) + Milk Of Magnesia (98mg/5ml),Treatment of AcidityTreatment of HeartburnTreatment of Stomach ulcers,Constipation Diarrhea Allergic reaction,"https://onemg.gumlet.io/l_watermark_346,w_480,h_480/a_ignore,w_480,h_480,c_fit,q_auto,f_auto/vs0gyxymxnp0tinc0tgo.jpg",Pfizer Ltd,30,45,25
Maxtra Syrup,Chlorpheniramine Maleate (2mg/5ml) + Phenylephrine (5mg/5ml),Treatment of Common cold,Vomiting Headache Restlessness Anxiety Dizziness Tremors Pale skin High blood pressure Seizure Cerebral hemorrhage Palpitations Paresthesia tingling or pricking sensation Abdominal pain Allergic reaction Decreased appetite Blurred vision Dry nose Dry throat Excitement Rash,"https://onemg.gumlet.io/l_watermark_346,w_480,h_480/a_ignore,w_480,h_480,c_fit,q_auto,f_auto/cropped/dzk5eriematwvvro0pb8.jpg",Zuventus Healthcare Ltd,25,55,20
Moximax D Eye Drop,Moxifloxacin (0.5% w/v) + Dexamethasone (0.1% w/v),Treatment of Bacterial eye infections,Eye irritation Eye discomfort Blurred vision,"https://onemg.gumlet.io/l_watermark_346,w_480,h_480/a_ignore,w_480,h_480,c_fit,q_auto,f_auto/0492637ec1dd48c29a1630c4e0f31b37.jpg",Alkem Laboratories Ltd,25,58,17
Montina-L Tablet,Levocetirizine (5mg) + Montelukast (10mg),Treatment of Sneezing and runny nose due to allergiesTreatment of Hay feverTreatment of Allergic skin conditions,Nausea Diarrhea Dryness in mouth Fatigue Headache Skin rash Sleepiness Vomiting,"https://onemg.gumlet.io/l_watermark_346,w_480,h_480/a_ignore,w_480,h_480,c_fit,q_auto,f_auto/cropped/ohfqz2pmlomqs7d9vmi0.jpg",Aristo Pharmaceuticals Pvt Ltd,46,38,16
Mucinac 600 Effervescent Tablet Orange Sugar Free,Acetylcysteine (600mg),Treatment of Paracetamol toxicity,Fever Nausea Vomiting Rash Gastrointestinal discomfort,"https://onemg.gumlet.io/l_watermark_346,w_480,h_480/a_ignore,w_480,h_480,c_fit,q_auto,f_auto/cropped/chgo3dazl0gx0tqfrofw.jpg",Cipla Ltd,36,46,18
Monticope Tablet,Levocetirizine (5mg) + Montelukast (10mg),Treatment of Sneezing and runny nose due to allergiesTreatment of Hay feverTreatment of Allergic skin conditions,Nausea Diarrhea Dryness in mouth Fatigue Headache Skin rash Sleepiness Vomiting,"https://onemg.gumlet.io/l_watermark_346,w_480,h_480/a_ignore,w_480,h_480,c_fit,q_auto,f_auto/cfdfbbe893174815946e897d2a35384a.jpg",Mankind Pharma Ltd,46,42,12
Meganeuron OD Plus Capsule,Methylcobalamin (1500mcg) + Vitamin B6 (Pyridoxine) (5mg) + Benfotiamine (50mg) + Alpha Lipoic Acid (200mg) + Folic Acid (5mg) + Biotin (5mg),Treatment of Vitamin & mineral deficiency,No common side effects seen,"https://onemg.gumlet.io/l_watermark_346,w_480,h_480/a_ignore,w_480,h_480,c_fit,q_auto,f_auto/cropped/sswehz5nbihkreqclzax.jpg",Aristo Pharmaceuticals Pvt Ltd,36,43,21
Meprate 10mg Tablet,Medroxyprogesterone acetate (10mg),Treatment of AmenorrheaTreatment of Abnormal uterine bleedingTreatment of Endometriosis,Headache Abdominal pain Weakness Dizziness Irregular menstrual cycle Nervousness,"https://onemg.gumlet.io/l_watermark_346,w_480,h_480/a_ignore,w_480,h_480,c_fit,q_auto,f_auto/upmfvpl8aywuzf6xgxcx.jpg",Serum Institute Of India Ltd,25,33,42
Montair LC Kid Syrup,Levocetirizine (2.5mg/5ml) + Montelukast (4mg/5ml),Treatment of Sneezing and runny nose due to allergiesTreatment of Hay feverTreatment of Allergic skin conditions,Rash Nausea Diarrhea Dryness in mouth Fatigue Headache Skin rash Sleepiness Vomiting,"https://onemg.gumlet.io/l_watermark_346,w_480,h_480/a_ignore,w_480,h_480,c_fit,q_auto,f_auto/cropped/zhd8fv9gmxscys86uumw.jpg",Cipla Ltd,34,43,23
Moxicip D Eye Drop,Moxifloxacin (0.5% w/v) + Dexamethasone (0.1% w/v),Treatment of Bacterial eye infections,Eye irritation Eye discomfort Blurred vision,"https://onemg.gumlet.io/l_watermark_346,w_480,h_480/a_ignore,w_480,h_480,c_fit,q_auto,f_auto/cropped/zd1xdn0oyil7mnxrxkfi.jpg",Cipla Ltd,27,73,0
Mobizox Tablet,Chlorzoxazone (500mg) + Diclofenac (50mg) + Paracetamol (325mg),Treatment of Pain due to muscle spasm,Nausea Vomiting Heartburn Stomach pain Diarrhea Loss of appetite Dryness in mouth,"https://onemg.gumlet.io/l_watermark_346,w_480,h_480/a_ignore,w_480,h_480,c_fit,q_auto,f_auto/cropped/gptfbfop2w6xcvczjbua.jpg",Sun Pharmaceutical Industries Ltd,38,41,21
Megalis 20 Tablet,Tadalafil (20mg),Treatment of Erectile dysfunctionTreatment of Pulmonary arterial hypertension (PAH),Flushing sense of warmth in the face ears neck and trunk Headache Blurred vision Muscle pain Upset stomach Back pain Nausea Respiratory tract infection,"https://onemg.gumlet.io/l_watermark_346,w_480,h_480/a_ignore,w_480,h_480,c_fit,q_auto,f_auto/cropped/hnvthz0ud4dq12wjfl1t.jpg",Macleods Pharmaceuticals Pvt Ltd,34,28,38
Manforce 50mg Tablet,Sildenafil (50mg),Treatment of Erectile dysfunction,Flushing sense of warmth in the face ears neck and trunk Headache Blurred vision Indigestion Muscle pain Upset stomach Rash Nasal congestion stuffy nose Dizziness Nausea,"https://onemg.gumlet.io/l_watermark_346,w_480,h_480/a_ignore,w_480,h_480,c_fit,q_auto,f_auto/cropped/imlytrh4smoc3pe96umx.jpg",Mankind Pharma Ltd,32,36,32
Myospaz Forte Tablet,Chlorzoxazone (500mg) + Diclofenac (50mg) + Paracetamol (325mg),Treatment of Pain due to muscle spasm,Nausea Vomiting Heartburn Stomach pain Diarrhea Loss of appetite Dryness in mouth,"https://onemg.gumlet.io/l_watermark_346,w_480,h_480/a_ignore,w_480,h_480,c_fit,q_auto,f_auto/6939c49a-261a-4e79-99fc-8f99a7acc721.jpeg",Win-Medicare Pvt Ltd,37,44,19
Montas-L Tablet,Levocetirizine (5mg) + Montelukast (10mg),Treatment of Sneezing and runny nose due to allergiesTreatment of Hay feverTreatment of Allergic skin conditions,Nausea Diarrhea Dryness in mouth Fatigue Headache Skin rash Sleepiness Vomiting,"https://onemg.gumlet.io/l_watermark_346,w_480,h_480/a_ignore,w_480,h_480,c_fit,q_auto,f_auto/zkljusmevjth3wbnxvle.jpg",Intas Pharmaceuticals Ltd,48,39,13
Met XL 25 Tablet,Metoprolol Succinate (23.75mg),Treatment of Hypertension (high blood pressure)Treatment of Angina (heart-related chest pain)Treatment of ArrhythmiaPrevention of Heart attackPrevention of Migraine,Fatigue Headache Slow heart rate Dizziness Nausea Breathlessness Rash Diarrhea Depression,"https://onemg.gumlet.io/l_watermark_346,w_480,h_480/a_ignore,w_480,h_480,c_fit,q_auto,f_auto/fzsldtube07xmins5vjm.jpg",Ajanta Pharma Ltd,56,40,4
Milflox 0.5% Eye Drop,Moxifloxacin (0.5% w/v),Treatment of Bacterial eye infections,Eye discomfort Dry eye Burning sensation in eye,"https://onemg.gumlet.io/l_watermark_346,w_480,h_480/a_ignore,w_480,h_480,c_fit,q_auto,f_auto/cropped/zk5nlhh9gwv02torixsi.jpg",Sun Pharmaceutical Industries Ltd,44,50,6
Medrol 4mg Tablet,Methylprednisolone (4mg),Treatment of Rheumatic disorderTreatment of Systemic lupus erythematosus (SLE)Treatment of Allergic conditionsTreatment of Eye disordersTreatment of Skin disorders,Thinning of skin Increased risk of infection Reduction in bone density Weight gain Mood changes Upset stomach Behavioral changes,"https://onemg.gumlet.io/l_watermark_346,w_480,h_480/a_ignore,w_480,h_480,c_fit,q_auto,f_auto/cropped/f6hju6kh1iemqyeot1zg.jpg",Pfizer Ltd,36,37,27
Mezol Eye Drop,Naphazoline (0.1% w/v) + Chlorpheniramine Maleate (0.01% w/v) + Methylcellulose (0.2% w/v), Allergic eye disease,Burning eyes Stinging in the eyes,"https://onemg.gumlet.io/l_watermark_346,w_480,h_480/a_ignore,w_480,h_480,c_fit,q_auto,f_auto/cropped/sb9hktwyylqi4xp4ocsz.jpg",Syntho Pharmaceuticals Pvt Ltd,32,42,26
Manforce Staylong Tablet,Sildenafil (50mg) + Dapoxetine (30mg),Treatment of Premature ejaculation,Nausea Vomiting Indigestion Dryness in mouth Headache Flushing sense of warmth in the face ears neck and trunk Dizziness Nosebleeds,"https://onemg.gumlet.io/l_watermark_346,w_480,h_480/a_ignore,w_480,h_480,c_fit,q_auto,f_auto/i4h4vhus9fzsxqedypoq.jpg",Mankind Pharma Ltd,28,39,33
Moxicip KT Eye Drop,Ketorolac (0.5% w/v) + Moxifloxacin (0.5% w/v),Treatment of Bacterial eye infections,Conjunctivitis Reduced visual acuity Dry eye Eye discomfort Ocular hyperemia Eye pain Eye twitching Subconjunctival hemorrhage Transient stinging Transient burning Allergic reaction Corneal edema Iritis inflammation of the middle layer of the eye Eye inflammation Superficial keratitis Eye infection Fever Cough Infection Otitis media infection of ear Sore throat Rash Inflammation of the nose Taste change,"https://onemg.gumlet.io/l_watermark_346,w_480,h_480/a_ignore,w_480,h_480,c_fit,q_auto,f_auto/cropped/xvlm0af5ooccehlwgcuu.jpg",Cipla Ltd,12,55,33
Meftal 500 Tablet,Mefenamic Acid (500mg), Pain relief,Vomiting Stomach pain Nausea Headache Dizziness,"https://onemg.gumlet.io/l_watermark_346,w_480,h_480/a_ignore,w_480,h_480,c_fit,q_auto,f_auto/cropped/bwurbf5qajuadbbw7ys8.jpg",Blue Cross Laboratories Ltd,42,36,22
Methycobal Tablet,Methylcobalamin (500mcg),Treatment of Pernicious Anemia Vitamin B12 deficiency,Vomiting Loss of appetite Headache,"https://onemg.gumlet.io/l_watermark_346,w_480,h_480/a_ignore,w_480,h_480,c_fit,q_auto,f_auto/cropped/c2d8vvigwjzrkx3fzwyu.jpg",Wockhardt Ltd,54,31,15
Moxclav 625 Tablet,Amoxycillin  (500mg) +  Clavulanic Acid (125mg),Treatment of Bacterial infections,Vomiting Nausea Diarrhea Mucocutaneous candidiasis,"https://onemg.gumlet.io/l_watermark_346,w_480,h_480/a_ignore,w_480,h_480,c_fit,q_auto,f_auto/cropped/a3bowcfptvl9n6wghn8c.jpg",Sun Pharmaceutical Industries Ltd,26,42,32
Mega-CV 625 Tablet,Amoxycillin  (500mg) +  Clavulanic Acid (125mg),Treatment of Bacterial infections,Vomiting Nausea Diarrhea Mucocutaneous candidiasis,"https://onemg.gumlet.io/l_watermark_346,w_480,h_480/a_ignore,w_480,h_480,c_fit,q_auto,f_auto/cropped/vu7ouggnaaixxzmircxd.jpg",Aristo Pharmaceuticals Pvt Ltd,34,35,31
Monocef-O CV 200/125 Tablet,Cefpodoxime Proxetil (200mg) + Clavulanic Acid (125mg),Treatment of Respiratory tract infection,Nausea Diarrhea Headache Rash Abdominal pain Vaginal infection Fungal infection of vagina,"https://onemg.gumlet.io/l_watermark_346,w_480,h_480/a_ignore,w_480,h_480,c_fit,q_auto,f_auto/cropped/a9cug3wntj8udrqeevrr.jpg",Aristo Pharmaceuticals Pvt Ltd,36,36,28
Mahaflox-LP Eye Drop,Loteprednol etabonate (0.5% w/v) + Moxifloxacin (0.5% w/v),Treatment of Eye infection with inflammation,Eye irritation Eye discomfort,"https://onemg.gumlet.io/l_watermark_346,w_480,h_480/a_ignore,w_480,h_480,c_fit,q_auto,f_auto/cropped/lyjw1y24vyvoutt50tii.jpg",Mankind Pharma Ltd,33,49,18
Mucolite Syrup,Ambroxol (30mg/5ml),Treatment of Respiratory tract disorders associated with viscid mucus,Vomiting Nausea Upset stomach,"https://onemg.gumlet.io/l_watermark_346,w_480,h_480/a_ignore,w_480,h_480,c_fit,q_auto,f_auto/cropped/rnvsxplmq6zwekrguabw.jpg",Dr Reddy's Laboratories Ltd,38,36,26
Myospas Tablet,Paracetamol (500mg) + Chlorzoxazone (250mg),Treatment of Pain due to muscle spasm,Upset stomach Dizziness Weakness Sleepiness,"https://onemg.gumlet.io/l_watermark_346,w_480,h_480/a_ignore,w_480,h_480,c_fit,q_auto,f_auto/cropped/xclarjyhtenjovebbfok.png",Win-Medicare Pvt Ltd,36,58,6
Mox CV 625 Tablet,Amoxycillin  (500mg) +  Clavulanic Acid (125mg),Treatment of Bacterial infections,Vomiting Nausea Diarrhea Mucocutaneous candidiasis,"https://onemg.gumlet.io/l_watermark_346,w_480,h_480/a_ignore,w_480,h_480,c_fit,q_auto,f_auto/cropped/yavg78i7ftnbrkoakhcq.jpg",Sun Pharmaceutical Industries Ltd,30,43,27
Meftagesic-DS Suspension,Mefenamic Acid (100mg/5ml) + Paracetamol (250mg/5ml), Pain reliefTreatment of Fever,Nausea Vomiting Diarrhea Indigestion Loss of appetite Heartburn,"https://onemg.gumlet.io/l_watermark_346,w_480,h_480/a_ignore,w_480,h_480,c_fit,q_auto,f_auto/aqont67qgq21mogxo0mt.jpg",Blue Cross Laboratories Ltd,39,38,23
Moxiford Eye Drop,Moxifloxacin (0.5% w/v),Treatment of Bacterial eye infections,Eye discomfort Dry eye Burning sensation in eye,"https://onemg.gumlet.io/l_watermark_346,w_480,h_480/a_ignore,w_480,h_480,c_fit,q_auto,f_auto/9a41fe7e74364f02b45db5a37eb5fe92.jpg",Leeford Healthcare Ltd,22,30,48
Myoril 4mg Capsule,Thiocolchicoside (4mg), Muscle relaxation,Sleepiness Diarrhea,"https://onemg.gumlet.io/l_watermark_346,w_480,h_480/a_ignore,w_480,h_480,c_fit,q_auto,f_auto/cropped/yugly0eadvvebandtn0n.jpg",Sanofi India Ltd,30,48,22
Maxtra Oral Drops,Chlorpheniramine Maleate (2mg/ml) + Phenylephrine (5mg/ml),Treatment of Common cold,Vomiting Headache Restlessness Anxiety Dizziness Tremors Pale skin High blood pressure Seizure Cerebral hemorrhage Palpitations Paresthesia tingling or pricking sensation Abdominal pain Allergic reaction Decreased appetite Blurred vision Dry nose Dry throat Excitement Rash,"https://onemg.gumlet.io/l_watermark_346,w_480,h_480/a_ignore,w_480,h_480,c_fit,q_auto,f_auto/cropped/pdhd92xbinwu64znpv3m.jpg",Zuventus Healthcare Ltd,24,48,28
Mox 500mg Capsule,Amoxycillin (500mg),Treatment of Bacterial infections,Nausea Diarrhea Skin rash Vomiting,"https://onemg.gumlet.io/l_watermark_346,w_480,h_480/a_ignore,w_480,h_480,c_fit,q_auto,f_auto/h7jh57fg1dccv9byjddt.jpg",Sun Pharmaceutical Industries Ltd,35,40,25
Minipress XL 5mg Tablet,Prazosin (5mg),Treatment of Hypertension (high blood pressure)Treatment of Heart failureTreatment of Benign prostatic hyperplasia,Dizziness Headache Drowsiness Weakness Low energy Palpitations Nausea,"https://onemg.gumlet.io/l_watermark_346,w_480,h_480/a_ignore,w_480,h_480,c_fit,q_auto,f_auto/cropped/j1b5u18efjlsozbmjmhi.jpg",Pfizer Ltd,43,41,16
Mucopain Gel,Benzocaine (20% w/w), Local anesthesia (Numb tissues in a specific area),Application site reactions burning irritation itching and redness,"https://onemg.gumlet.io/l_watermark_346,w_480,h_480/a_ignore,w_480,h_480,c_fit,q_auto,f_auto/cropped/xgg9mu1zzxuz2yehlvnv.jpg",Icpa Health Products Ltd,33,41,26
Mondeslor Tablet,Desloratadine (5mg) + Montelukast (10mg), Sneezing and runny nose due to allergies,Nausea Diarrhea Dryness in mouth Vomiting Skin rash Flu like symptoms Fatigue Headache,"https://onemg.gumlet.io/l_watermark_346,w_480,h_480/a_ignore,w_480,h_480,c_fit,q_auto,f_auto/cropped/wibbi1df3imtyan5mgcu.jpg",Sun Pharmaceutical Industries Ltd,41,43,16
Megalis 10 Tablet,Tadalafil (10mg),Treatment of Erectile dysfunctionTreatment of Pulmonary arterial hypertension (PAH),Flushing sense of warmth in the face ears neck and trunk Headache Blurred vision Muscle pain Upset stomach Back pain Nausea Respiratory tract infection,"https://onemg.gumlet.io/l_watermark_346,w_480,h_480/a_ignore,w_480,h_480,c_fit,q_auto,f_auto/cropped/unit2cuwhzncerygab8d.jpg",Macleods Pharmaceuticals Pvt Ltd,29,33,38
Mahacef 200 Tablet,Cefixime (200mg),Treatment of Bacterial infections,Nausea Stomach pain Indigestion Diarrhea,"https://onemg.gumlet.io/l_watermark_346,w_480,h_480/a_ignore,w_480,h_480,c_fit,q_auto,f_auto/cropped/hshgzfvmpox1htz5nxur.jpg",Mankind Pharma Ltd,19,48,33
Monocef-SB 1g Injection,Ceftriaxone (1000mg) + Sulbactam (500mg), Bacterial infections,Increased white blood cell count eosinophils Decreased white blood cell count lymphocytes Low blood platelets Rash Diarrhea Increased liver enzymes Injection site reactions pain swelling redness,"https://onemg.gumlet.io/l_watermark_346,w_480,h_480/a_ignore,w_480,h_480,c_fit,q_auto,f_auto/cropped/drwskw8l3sgpsnhjaytq.jpg",Aristo Pharmaceuticals Pvt Ltd,31,41,28
Megapen Capsule,Ampicillin (250mg) + Cloxacillin (250mg),Treatment of Bacterial infections,Allergic reaction Rash Stomach pain Nausea Diarrhea,"https://onemg.gumlet.io/l_watermark_346,w_480,h_480/a_ignore,w_480,h_480,c_fit,q_auto,f_auto/cropped/dncztisucgyrtkhxzwv2.jpg",Aristo Pharmaceuticals Pvt Ltd,39,42,19
Macbery Syrup Strawberry Sugar Free,Ambroxol (15mg/5ml) + Dextromethorphan Hydrobromide (10mg/5ml) + Phenylephrine (5mg/5ml) + Chlorpheniramine Maleate (2mg/5ml) + Menthol (1.5mg/5ml),Treatment of Cough,Headache Nausea Vomiting Upset stomach Sleepiness,"https://onemg.gumlet.io/l_watermark_346,w_480,h_480/a_ignore,w_480,h_480,c_fit,q_auto,f_auto/d3134df2a46e4da2ad73e97302a1706f.jpg",Macleods Pharmaceuticals Pvt Ltd,30,39,31
Methergin Tablet,Methylergometrine (0.125mg), Post-delivery bleeding,High blood pressure Headache Seizure,"https://onemg.gumlet.io/l_watermark_346,w_480,h_480/a_ignore,w_480,h_480,c_fit,q_auto,f_auto/cropped/inqbiytvl1b2s1ckv3go.jpg",Dr Reddy's Laboratories Ltd,21,16,63
Martifur MR 100mg Tablet,Nitrofurantoin (100mg),Treatment of Bacterial infections of urinary tract,Nausea Vomiting Diarrhea,"https://onemg.gumlet.io/l_watermark_346,w_480,h_480/a_ignore,w_480,h_480,c_fit,q_auto,f_auto/cropped/qhmzb9n1dvs4zl8g9uub.jpg",Walter Bushnell,28,43,29
Melamet Cream,Hydroquinone (2% w/w) + Mometasone (0.1% w/w) + Tretinoin (0.025% w/w),Treatment of Melasma,Application site reactions burning irritation itching and redness,"https://onemg.gumlet.io/l_watermark_346,w_480,h_480/a_ignore,w_480,h_480,c_fit,q_auto,f_auto/cropped/hk9k2adk0hfikubkhxlp.jpg",Universal Twin Labs,22,30,48
Meloset Tablet,Melatonin (3mg),Treatment of InsomniaTreatment of Jet lag,Headache Drowsiness,"https://onemg.gumlet.io/l_watermark_346,w_480,h_480/a_ignore,w_480,h_480,c_fit,q_auto,f_auto/daaf32920d5e450893b59544c70a2684.jpg",Aristo Pharmaceuticals Pvt Ltd,40,38,22
Mintop Forte 5% Minoxidil Solution,Minoxidil (5% w/v),Treatment of Hair loss,Itching Chest pain Headache Hypertrichosis excessive hair growth Rash Dermatitis Hypersensitivity Weight gain Fluid retention Tachycardia,"https://onemg.gumlet.io/l_watermark_346,w_480,h_480/a_ignore,w_480,h_480,c_fit,q_auto,f_auto/3946ac64d6274d80acb548702b50902d.jpg",Dr Reddy's Laboratories Ltd,18,39,43
Martifur Tablet,Nitrofurantoin (100mg),Treatment of Bacterial infections of urinary tract,Nausea Vomiting Diarrhea,"https://onemg.gumlet.io/l_watermark_346,w_480,h_480/a_ignore,w_480,h_480,c_fit,q_auto,f_auto/cropped/hnqggwojwrtk0jwqviqb.jpg",Walter Bushnell,18,41,41
Metrogyl Suspension,Metronidazole (200mg/5ml),Treatment of Bacterial infectionsTreatment of Parasitic infections,Headache Dryness in mouth Nausea Metallic taste,"https://onemg.gumlet.io/l_watermark_346,w_480,h_480/a_ignore,w_480,h_480,c_fit,q_auto,f_auto/a9665e60986e42699a64363d4be80174.jpg",J B Chemicals and Pharmaceuticals Ltd,28,44,28
Met XL 50 Tablet,Metoprolol Succinate (47.5mg),Treatment of Hypertension (high blood pressure)Treatment of Angina (heart-related chest pain)Treatment of ArrhythmiaPrevention of Heart attackPrevention of Migraine,Fatigue Headache Slow heart rate Dizziness Nausea Breathlessness Rash Diarrhea Depression,"https://onemg.gumlet.io/l_watermark_346,w_480,h_480/a_ignore,w_480,h_480,c_fit,q_auto,f_auto/f88468a30ffc41f594d885f0ec191c3c.jpg",Ajanta Pharma Ltd,58,35,7
ME 12 OD Tablet ER,Methylcobalamin (1500mcg) + Vitamin B6 (Pyridoxine) (20mg) + Folic Acid (5mg),Treatment of Nutritional deficiencies,Limited data available,"https://onemg.gumlet.io/l_watermark_346,w_480,h_480/a_ignore,w_480,h_480,c_fit,q_auto,f_auto/ef737ccfd7e14a6a84efe095272831e6.jpg",Systopic Laboratories Pvt Ltd,39,41,20
M.V.I. Injection,Vitamin A (1000IU) + Thiamine(Vitamin B1) (5mg) + Vitamin B2 (1.40mg) + Vitamin D3 (100IU) + Pantothenic Acid (Vitamin B5) (2.50mg), Nutritional deficiencies,No common side effects seen,"https://onemg.gumlet.io/l_watermark_346,w_480,h_480/a_ignore,w_480,h_480,c_fit,q_auto,f_auto/cropped/xeeqsrrcckfl8zwsbkai.jpg",USV Ltd,33,46,21
Monticope Suspension,Levocetirizine (2.5mg/5ml) + Montelukast (4mg/5ml),Treatment of Sneezing and runny nose due to allergiesTreatment of Hay feverTreatment of Allergic skin conditions,Rash Nausea Diarrhea Dryness in mouth Fatigue Headache Skin rash Sleepiness Vomiting,"https://onemg.gumlet.io/l_watermark_346,w_480,h_480/a_ignore,w_480,h_480,c_fit,q_auto,f_auto/cropped/dgacsjuotwuommbgkvoj.jpg",Mankind Pharma Ltd,21,46,33
Metosartan 50 Tablet ER,Telmisartan (40mg) + Metoprolol Succinate (50mg),Treatment of Hypertension (high blood pressure),Headache Weakness Dizziness Cold extremities Slow heart rate Increased potassium level in blood Numbness of extremity Decreased blood pressure,"https://onemg.gumlet.io/l_watermark_346,w_480,h_480/a_ignore,w_480,h_480,c_fit,q_auto,f_auto/cropped/sjnbjkwyadjrwtc86sfy.jpg",Sun Pharmaceutical Industries Ltd,48,40,12
Mucolite Drops,Ambroxol (7.5mg),Treatment of Cough with mucusTreatment of Acute Sore throatTreatment of Respiratory tract disorders associated with viscid mucus,Excessive salivation Taste change Dry throat Dryness in mouth Numbness in mouth Fatigue Nausea Vomiting Diarrhea Stomach pain Indigestion Skin rash,"https://onemg.gumlet.io/l_watermark_346,w_480,h_480/a_ignore,w_480,h_480,c_fit,q_auto,f_auto/cropped/ssedtgkonmdjqqgzfp5e.jpg",Dr Reddy's Laboratories Ltd,20,55,25
Melacare Cream,Hydroquinone (2% w/w) + Mometasone (0.1% w/w) + Tretinoin (0.025% w/w),Treatment of Melasma,Application site reactions burning irritation itching and redness,"https://onemg.gumlet.io/l_watermark_346,w_480,h_480/a_ignore,w_480,h_480,c_fit,q_auto,f_auto/cropped/y2v60htttbfxrddedrya.png",Ajanta Pharma Ltd,12,34,54
Movexx SP Tablet,Aceclofenac (100mg) + Paracetamol (325mg) + Serratiopeptidase (15mg), Pain relief,Nausea Vomiting Stomach pain Indigestion Heartburn Loss of appetite Diarrhea,"https://onemg.gumlet.io/l_watermark_346,w_480,h_480/a_ignore,w_480,h_480,c_fit,q_auto,f_auto/3a06c403a16e44cd9fc68c5c4dbd43d0.jpg",Cipla Ltd,20,51,29
Microdox-LBX Capsule,Doxycycline (100mg) + Lactobacillus (5Billion Spores),Treatment of Bacterial infections,Nausea Vomiting Photosensitivity Anaphylactic reaction Rash Headache Fast heart rate Hypotension low blood pressure,"https://onemg.gumlet.io/l_watermark_346,w_480,h_480/a_ignore,w_480,h_480,c_fit,q_auto,f_auto/cropped/htyvf8tpazlkxlkc5ov8.jpg",Micro Labs Ltd,27,55,18
Moxigram Eye Drop,Moxifloxacin (0.5% w/v),Treatment of Bacterial eye infections,Eye discomfort Dry eye Burning sensation in eye,"https://onemg.gumlet.io/l_watermark_346,w_480,h_480/a_ignore,w_480,h_480,c_fit,q_auto,f_auto/ddosx3csfibxfxb7p2qy.jpg",Micro Labs Ltd,53,34,13
Montair 10 Tablet,Montelukast (10mg),Prevention of Asthma,Headache Diarrhea Abdominal pain Fever Upper respiratory tract infection Cough Sore throat Runny nose Sinus inflammation Ear inflammation,"https://onemg.gumlet.io/l_watermark_346,w_480,h_480/a_ignore,w_480,h_480,c_fit,q_auto,f_auto/cropped/jbqyce48a4p6c00k8rji.jpg",Cipla Ltd,36,46,18
Momate-F Cream,Mometasone (0.1% w/w) + Fusidic Acid (2% w/w),Treatment of Skin conditions with inflammation & itching,Headache Sore throat Itching Nosebleeds Viral infection Upper respiratory tract infection Vomiting,"https://onemg.gumlet.io/l_watermark_346,w_480,h_480/a_ignore,w_480,h_480,c_fit,q_auto,f_auto/sr6wlkmq9z6g5zfity4e.jpg",Glenmark Pharmaceuticals Ltd,100,0,0
Montek BL Tablet,Bilastine (20mg) + Montelukast (10mg),Treatment of Allergic conditions,Limited data available,"https://onemg.gumlet.io/l_watermark_346,w_480,h_480/a_ignore,w_480,h_480,c_fit,q_auto,f_auto/gimpucbt7qbyqq05xnxt.jpg",Sun Pharmaceutical Industries Ltd,50,50,0
Metrogyl-P 2% Ointment,Metronidazole (2% w/w) + Povidone Iodine (10% w/w),Treatment of Wound infection,Dry skin Application site reactions burning irritation itching and redness,"https://onemg.gumlet.io/l_watermark_346,w_480,h_480/a_ignore,w_480,h_480,c_fit,q_auto,f_auto/cropped/uryxfjpbncoikaofp2bq.jpg",Lekar Pharma Ltd,36,40,24
Monocef-O 50 Oral Suspension,Cefpodoxime Proxetil (50mg/5ml),Treatment of Bacterial infections,Abdominal pain Rash Nausea Diarrhea,"https://onemg.gumlet.io/l_watermark_346,w_480,h_480/a_ignore,w_480,h_480,c_fit,q_auto,f_auto/cropped/uuoy05amnzjhiro9encj.jpg",Aristo Pharmaceuticals Pvt Ltd,36,23,41
Myotop-P Tablet,Tolperisone (150mg) + Paracetamol (325mg), Pain due to muscle spasm,Dizziness Weakness Sleepiness,"https://onemg.gumlet.io/l_watermark_346,w_480,h_480/a_ignore,w_480,h_480,c_fit,q_auto,f_auto/lxdzots2cgmoba5lqymv.jpg",Zuventus Healthcare Ltd,21,50,29
Metrogyl DG Forte Gel,Chlorhexidine Gluconate (0.5% w/w) + Metronidazole (1.5% w/w),Treatment of Mouth infection,Bitter taste Staining of teeth,"https://onemg.gumlet.io/l_watermark_346,w_480,h_480/a_ignore,w_480,h_480,c_fit,q_auto,f_auto/87652266ec1a43818b326337e6ef92b6.jpg",J B Chemicals and Pharmaceuticals Ltd,29,42,29
Modula Tablet,Tadalafil (5mg),Treatment of Erectile dysfunction,Headache Muscle pain Upset stomach Back pain Nasopharyngitis inflammation of the throat and nasal passages,"https://onemg.gumlet.io/l_watermark_346,w_480,h_480/a_ignore,w_480,h_480,c_fit,q_auto,f_auto/cropped/majroymesgtiu1lyljju.jpg",Sun Pharmaceutical Industries Ltd,30,37,33
Moxikind-CV Dry Syrup,Amoxycillin  (200mg) +  Clavulanic Acid (28.5mg),Treatment of Resistance Tuberculosis (TB)Treatment of Bacterial infections,Abdominal pain Allergy Vomiting Nausea Diarrhea Mucocutaneous candidiasis,"https://onemg.gumlet.io/l_watermark_346,w_480,h_480/a_ignore,w_480,h_480,c_fit,q_auto,f_auto/cropped/hb79jtpiefddrwdokafs.jpg",Mankind Pharma Ltd,0,8,92
Medrol 8mg Tablet,Methylprednisolone (8mg),Treatment of Rheumatic disorderTreatment of Systemic lupus erythematosus (SLE)Treatment of Allergic conditionsTreatment of Eye disordersTreatment of Skin disorders,Thinning of skin Increased risk of infection Reduction in bone density Weight gain Mood changes Upset stomach Behavioral changes,"https://onemg.gumlet.io/l_watermark_346,w_480,h_480/a_ignore,w_480,h_480,c_fit,q_auto,f_auto/cropped/krqycaprxq9mjhkayenz.jpg",Pfizer Ltd,39,33,28
Moisol Eye Drop,Hydroxypropylmethylcellulose (0.7% w/v), Dry eyes,Blurred vision Eye irritation Eye pain Eye redness Foreign body sensation in eyes,"https://onemg.gumlet.io/l_watermark_346,w_480,h_480/a_ignore,w_480,h_480,c_fit,q_auto,f_auto/cropped/xqxuu8yg27wmolu6oikw.jpg",FDC Ltd,37,26,37
Medisalic Ointment,Clobetasol (0.05% w/w) + Salicylic Acid (3% w/w),Treatment of EczemaTreatment of Psoriasis,Skin peeling Thinning of skin Application site reactions burning irritation itching and redness,"https://onemg.gumlet.io/l_watermark_346,w_480,h_480/a_ignore,w_480,h_480,c_fit,q_auto,f_auto/cropped/nygf6tst6daejoavynz6.jpg",Torque Pharmaceuticals Pvt Ltd,17,30,53
Mefkind-DS Suspension,Mefenamic Acid (100mg/5ml) + Paracetamol (250mg/5ml), Pain reliefTreatment of Fever,Nausea Vomiting Diarrhea Indigestion Loss of appetite Heartburn,"https://onemg.gumlet.io/l_watermark_346,w_480,h_480/a_ignore,w_480,h_480,c_fit,q_auto,f_auto/cropped/ygapjjewiuqf6y90py2w.jpg",Mankind Pharma Ltd,30,39,31
Maxtra P  Syrup,Chlorpheniramine Maleate (1mg/5ml) + Paracetamol (125mg/5ml) + Phenylephrine (5mg/5ml),Treatment of Common cold,Diarrhea Rash Nausea Headache Insomnia difficulty in sleeping Dizziness Tachycardia Palpitations Fear Anxiety Restlessness Tremors Weakness Discomfort when urinating Hallucination Convulsion,"https://onemg.gumlet.io/l_watermark_346,w_480,h_480/a_ignore,w_480,h_480,c_fit,q_auto,f_auto/cropped/ockeigwt1xbkymxfvi2i.jpg",Zuventus Healthcare Ltd,27,49,24
Mikacin 500mg Injection,Amikacin (500mg), Bacterial infections,Increased blood urea Injection site reactions pain swelling redness,"https://onemg.gumlet.io/l_watermark_346,w_480,h_480/a_ignore,w_480,h_480,c_fit,q_auto,f_auto/928eb56799ef4e5b90c6c0c4fd10b57c.jpg",Aristo Pharmaceuticals Pvt Ltd,29,50,21
Macpod 200 Tablet,Cefpodoxime Proxetil (200mg),Treatment of Bacterial infections,Rash Nausea Diarrhea,"https://onemg.gumlet.io/l_watermark_346,w_480,h_480/a_ignore,w_480,h_480,c_fit,q_auto,f_auto/cropped/xrbvixhnjod3lsrs6uj2.jpg",Macleods Pharmaceuticals Pvt Ltd,28,35,37
Moxigram LX Eye Drop,Loteprednol etabonate (0.5% w/v) + Moxifloxacin (0.5% w/v),Treatment of Eye infection with inflammation,Eye irritation Eye discomfort,"https://onemg.gumlet.io/l_watermark_346,w_480,h_480/a_ignore,w_480,h_480,c_fit,q_auto,f_auto/e461824bf4c44b8dbae18b585f79195c.jpg",Micro Labs Ltd,30,43,27
Montemac-L Tablet,Levocetirizine (5mg) + Montelukast (10mg),Treatment of Sneezing and runny nose due to allergiesTreatment of Hay feverTreatment of Allergic skin conditions,Nausea Diarrhea Dryness in mouth Fatigue Headache Skin rash Sleepiness Vomiting,"https://onemg.gumlet.io/l_watermark_346,w_480,h_480/a_ignore,w_480,h_480,c_fit,q_auto,f_auto/cropped/h8tk7yseqdsrrzzhb5b7.jpg",Macleods Pharmaceuticals Pvt Ltd,31,50,19
Mirago 25 Tablet ER,Mirabegron (25mg),Treatment of Overactive bladder (OAB) symptoms,Constipation Headache High blood pressure Nasal inflammation Urinary tract infection Fast heart rate Joint pain,"https://onemg.gumlet.io/l_watermark_346,w_480,h_480/a_ignore,w_480,h_480,c_fit,q_auto,f_auto/cropped/j9dz7frnsuif1kmv0lst.jpg",Sun Pharmaceutical Industries Ltd,23,35,42
Montina-L Syrup,Levocetirizine (2.5mg/5ml) + Montelukast (4mg/5ml),Treatment of Sneezing and runny nose due to allergiesTreatment of Hay feverTreatment of Allergic skin conditions,Rash Nausea Diarrhea Dryness in mouth Fatigue Headache Skin rash Sleepiness Vomiting,"https://onemg.gumlet.io/l_watermark_346,w_480,h_480/a_ignore,w_480,h_480,c_fit,q_auto,f_auto/cropped/qxnje0gu9jptiirntfqg.jpg",Aristo Pharmaceuticals Pvt Ltd,10,47,43
Meftal-P Dispersible Tablet,Mefenamic Acid (100mg), Pain relief,Vomiting Stomach pain Nausea Headache Dizziness,"https://onemg.gumlet.io/l_watermark_346,w_480,h_480/a_ignore,w_480,h_480,c_fit,q_auto,f_auto/cropped/yrltwbyvstrkty8kjxgk.jpg",Blue Cross Laboratories Ltd,53,30,17
Metaspray Nasal Spray,Mometasone (50mcg),Treatment and prevention of Sneezing and runny nose due to allergiesTreatment of Nasal congestion (blocked nose)Treatment of Nasal polyps,Nasal irritation Sore throat Nosebleeds Upper respiratory tract infection Viral infection Vomiting Wheezing,"https://onemg.gumlet.io/l_watermark_346,w_480,h_480/a_ignore,w_480,h_480,c_fit,q_auto,f_auto/cropped/orfempc6zu7tm7pldq8o.jpg",Cipla Ltd,44,44,12
Metosartan 25 Tablet ER,Telmisartan (40mg) + Metoprolol Succinate (25mg),Treatment of Hypertension (high blood pressure),Headache Weakness Dizziness Cold extremities Slow heart rate Increased potassium level in blood Numbness of extremity Decreased blood pressure,"https://onemg.gumlet.io/l_watermark_346,w_480,h_480/a_ignore,w_480,h_480,c_fit,q_auto,f_auto/cropped/qkxbvz0jwugohucijyb9.jpg",Sun Pharmaceutical Industries Ltd,49,35,16
Mahaflox KT Eye Drop,Ketorolac (0.5% w/v) + Moxifloxacin (0.5% w/v),Treatment of Bacterial eye infections,Conjunctivitis Reduced visual acuity Dry eye Eye discomfort Ocular hyperemia Eye pain Eye twitching Subconjunctival hemorrhage Transient stinging Transient burning Allergic reaction Corneal edema Iritis inflammation of the middle layer of the eye Eye inflammation Superficial keratitis Eye infection Fever Cough Infection Otitis media infection of ear Sore throat Rash Inflammation of the nose Taste change,"https://onemg.gumlet.io/l_watermark_346,w_480,h_480/a_ignore,w_480,h_480,c_fit,q_auto,f_auto/cropped/qeuz6borsfjjbm6l8iwx.jpg",Mankind Pharma Ltd,0,43,57
Metrogyl ER Tablet,Metronidazole (600mg),Treatment of Bacterial infectionsTreatment of Parasitic infections,Headache Dryness in mouth Nausea Metallic taste,"https://onemg.gumlet.io/l_watermark_346,w_480,h_480/a_ignore,w_480,h_480,c_fit,q_auto,f_auto/5890db3176564a7eb73c537b8f3874d4.jpg",J B Chemicals and Pharmaceuticals Ltd,23,44,33
Moximax-KT Eye Drop,Ketorolac (0.4% w/v) + Moxifloxacin (0.5% w/v),Treatment of Bacterial eye infections,Conjunctivitis Reduced visual acuity Dry eye Eye discomfort Ocular hyperemia Eye pain Eye twitching Subconjunctival hemorrhage Transient stinging Transient burning Allergic reaction Corneal edema Iritis inflammation of the middle layer of the eye Eye inflammation Superficial keratitis Eye infection Fever Cough Infection Otitis media infection of ear Sore throat Rash Inflammation of the nose Taste change,"https://onemg.gumlet.io/l_watermark_346,w_480,h_480/a_ignore,w_480,h_480,c_fit,q_auto,f_auto/ec58a700f57e4c039d97ea5b3d844276.jpg",Alkem Laboratories Ltd,0,0,100
Moxiblu-D Eye Drop,Moxifloxacin (0.5% w/v) + Dexamethasone (0.1% w/v),Treatment of Bacterial eye infections,Eye irritation Eye discomfort Blurred vision,"https://onemg.gumlet.io/l_watermark_346,w_480,h_480/a_ignore,w_480,h_480,c_fit,q_auto,f_auto/cropped/unkrgzhxod1jwirxaqqb.jpg",Lupin Ltd,48,42,10
Mucolite Tablet,Ambroxol (30mg),Treatment of Respiratory tract disorders associated with viscid mucus,Vomiting Nausea Upset stomach,"https://onemg.gumlet.io/l_watermark_346,w_480,h_480/a_ignore,w_480,h_480,c_fit,q_auto,f_auto/cropped/t9jsjdxu9joprtx3zuqh.jpg",Dr Reddy's Laboratories Ltd,33,44,23
Mirago 50 Tablet ER,Mirabegron (50mg),Treatment of Overactive bladder (OAB) symptoms,Constipation Headache High blood pressure Nasal inflammation Urinary tract infection Fast heart rate Joint pain,"https://onemg.gumlet.io/l_watermark_346,w_480,h_480/a_ignore,w_480,h_480,c_fit,q_auto,f_auto/cropped/k5cize3lsdcjxsgxlc98.jpg",Sun Pharmaceutical Industries Ltd,13,43,44
Macbery Junior  Expectorant,Ambroxol (15mg/5ml) + Levosalbutamol (0.5mg/5ml) + Guaifenesin (50mg/5ml),Treatment of Cough with mucus,Nausea Vomiting Diarrhea Upset stomach Stomach pain Allergic reaction Dizziness Headache Rash Hives Tremors Palpitations Muscle cramp Increased heart rate,"https://onemg.gumlet.io/l_watermark_346,w_480,h_480/a_ignore,w_480,h_480,c_fit,q_auto,f_auto/44f8d42438f04ad8b82a3a1ddd15c731.jpg",Macleods Pharmaceuticals Pvt Ltd,22,40,38
Migranil EC 1mg/100mg Tablet,Ergotamine (1mg) + Caffeine (100mg), Migraine,Nausea Vomiting Diarrhea Muscle pain Increased heart rate Restlessness,"https://onemg.gumlet.io/l_watermark_346,w_480,h_480/a_ignore,w_480,h_480,c_fit,q_auto,f_auto/fc0e0948d53c404db8e2643a7ea35825.jpg",Inga Laboratories Pvt Ltd,43,35,22
Monocef-O 100 Powder for Oral Suspension,Cefpodoxime Proxetil (100mg/5ml),Treatment of Bacterial infections,Abdominal pain Rash Nausea Diarrhea,"https://onemg.gumlet.io/l_watermark_346,w_480,h_480/a_ignore,w_480,h_480,c_fit,q_auto,f_auto/cropped/ryjtl0ecvtxy9tkzs1d3.jpg",Aristo Pharmaceuticals Pvt Ltd,75,8,17
Mahagaba-M 75 Capsule,Methylcobalamin (750mcg) + Pregabalin (75mg),Treatment of Neuropathic pain,Dizziness Sleepiness Tiredness Uncoordinated body movements,"https://onemg.gumlet.io/l_watermark_346,w_480,h_480/a_ignore,w_480,h_480,c_fit,q_auto,f_auto/cropped/x6bebtz8h3t67tuh1sw3.jpg",Mankind Pharma Ltd,31,36,33
Montecip LC Tablet,Levocetirizine (5mg) + Montelukast (10mg),Treatment of Sneezing and runny nose due to allergiesTreatment of Hay feverTreatment of Allergic skin conditions,Nausea Diarrhea Dryness in mouth Fatigue Headache Skin rash Sleepiness Vomiting,"https://onemg.gumlet.io/l_watermark_346,w_480,h_480/a_ignore,w_480,h_480,c_fit,q_auto,f_auto/vftrlc0rdh1g116ycw4i.jpg",Cipla Ltd,51,43,6
Metrogyl Injection,Metronidazole (500mg),Treatment of Bacterial infectionsTreatment of Parasitic infections,Headache Dryness in mouth Nausea Metallic taste,"https://onemg.gumlet.io/l_watermark_346,w_480,h_480/a_ignore,w_480,h_480,c_fit,q_auto,f_auto/d3754d6cc09348788c43b1e5b3b9fc6b.jpg",J B Chemicals and Pharmaceuticals Ltd,28,47,25
Macbery-XT Expectorant Sugar Free,Ambroxol (15mg/5ml) + Guaifenesin (50mg/5ml) + Terbutaline (1.25mg/5ml),Treatment of Cough with mucus,Excessive salivation Fatigue Paresthesia tingling or pricking sensation Stomach discomfort Arrhythmia irregular heartbeats Nausea Vomiting Diarrhea Dizziness Headache Rash Tremors Increased heart rate Indigestion Bloating Upper abdominal pain Urticaria Itching Sweating Changes in serum aminotransferase levels,"https://onemg.gumlet.io/l_watermark_346,w_480,h_480/a_ignore,w_480,h_480,c_fit,q_auto,f_auto/ca1f9523691340f2b6e37403d0b5a546.jpg",Macleods Pharmaceuticals Pvt Ltd,34,46,20
Mesacol OD Tablet PR,Mesalazine (1200mg), Ulcerative colitis Crohn’s disease,Stomach pain epigastric pain Flatulence Headache Vomiting Diarrhea Nausea Abdominal pain Rash,"https://onemg.gumlet.io/l_watermark_346,w_480,h_480/a_ignore,w_480,h_480,c_fit,q_auto,f_auto/ovuftuf68jhn0sxtnhuz.jpg",Sun Pharmaceutical Industries Ltd,48,41,11
Myotop 150 Tablet,Tolperisone (150mg), Muscle relaxation,Sleepiness Fatigue Dryness in mouth Muscle weakness Nausea Vomiting Abdominal pain,"https://onemg.gumlet.io/l_watermark_346,w_480,h_480/a_ignore,w_480,h_480,c_fit,q_auto,f_auto/cropped/chgwecxdr5nlhyuo8k9d.jpg",Zuventus Healthcare Ltd,33,38,29
Montek AB Tablet SR,Acebrophylline (200mg) + Montelukast (10mg),Treatment and prevention of Chronic obstructive pulmonary disease (COPD)Treatment of Sneezing and runny nose due to allergies,Vomiting Heartburn Stomach pain Rash Itching Hives Drowsiness Breathing problems Increased white blood cell count Nasal inflammation Flu like symptoms,"https://onemg.gumlet.io/l_watermark_346,w_480,h_480/a_ignore,w_480,h_480,c_fit,q_auto,f_auto/cropped/agtrsjjchhq79zwvopgl.jpg",Sun Pharmaceutical Industries Ltd,31,55,14
Mac-RD Capsule SR,Domperidone (30mg) + Rabeprazole (20mg),Treatment of Gastroesophageal reflux disease (Acid reflux)Treatment of Peptic ulcer disease,Diarrhea Stomach pain Dryness in mouth Headache Dizziness Flatulence Weakness Flu like symptoms,"https://onemg.gumlet.io/l_watermark_346,w_480,h_480/a_ignore,w_480,h_480,c_fit,q_auto,f_auto/cropped/gx7cukmvdqj09zqegrvx.jpg",Corona Remedies Pvt Ltd,33,21,46
Mom Plus Suspension Sugar Free,Sodium Picosulfate (3.33mg) + Liquid Paraffin (1.25ml) + Milk Of Magnesia (3.75ml),Treatment of Constipation,Diarrhea Stomach pain,"https://onemg.gumlet.io/l_watermark_346,w_480,h_480/a_ignore,w_480,h_480,c_fit,q_auto,f_auto/67cf54dc534c457d97654d1019cc409e.jpg",Deys Medical,35,44,21
Monticope-A Tablet SR,Ambroxol (75mg) + Levocetirizine (5mg) + Montelukast (10mg),Treatment of Respiratory tract disorders associated with viscid mucus,Nausea Upset stomach Dryness in mouth Headache Fatigue Allergic reaction Sleepiness Flu like symptoms,"https://onemg.gumlet.io/l_watermark_346,w_480,h_480/a_ignore,w_480,h_480,c_fit,q_auto,f_auto/cropped/c5jdajbjazoww9yalakf.jpg",Mankind Pharma Ltd,24,55,21
Montair LC Kid Tablet DT,Levocetirizine (2.5mg) + Montelukast (4mg),Treatment of Sneezing and runny nose due to allergiesTreatment of Hay feverTreatment of Allergic skin conditions,Rash Nausea Diarrhea Dryness in mouth Fatigue Headache Skin rash Sleepiness Vomiting,"https://onemg.gumlet.io/l_watermark_346,w_480,h_480/a_ignore,w_480,h_480,c_fit,q_auto,f_auto/650df9bf88c043b4aea0d045dff4a4e7.jpg",Cipla Ltd,39,49,12
Metolar XR 25 Capsule,Metoprolol Succinate (23.75mg),Treatment of Hypertension (high blood pressure)Treatment of Angina (heart-related chest pain)Treatment of ArrhythmiaPrevention of Heart attackPrevention of Migraine,Fatigue Headache Slow heart rate Dizziness Nausea Breathlessness Rash Diarrhea Depression,"https://onemg.gumlet.io/l_watermark_346,w_480,h_480/a_ignore,w_480,h_480,c_fit,q_auto,f_auto/cropped/hzjqzz3pobmbgzd3nt7h.jpg",Cipla Ltd,38,51,11
Montek LC Kid Syrup,Levocetirizine (2.5mg/5ml) + Montelukast (4mg/5ml),Treatment of Sneezing and runny nose due to allergiesTreatment of Hay feverTreatment of Allergic skin conditions,Rash Nausea Diarrhea Dryness in mouth Fatigue Headache Skin rash Sleepiness Vomiting,"https://onemg.gumlet.io/l_watermark_346,w_480,h_480/a_ignore,w_480,h_480,c_fit,q_auto,f_auto/3cadc287-1153-4cda-bba9-69473616fb42.jpg",Sun Pharmaceutical Industries Ltd,39,39,22
Migrabeta Plus Tablet,Propranolol (40mg) + Flunarizine (10mg),Prevention of Migraine,Weight gain Slow heart rate Tiredness Depression Drowsiness Abnormal dreams Cold extremities,"https://onemg.gumlet.io/l_watermark_346,w_480,h_480/a_ignore,w_480,h_480,c_fit,q_auto,f_auto/cropped/y3tc5w6r60iq2wwyklih.jpg",Alkem Laboratories Ltd,32,43,25
Meftagesic-P Suspension,Mefenamic Acid (50mg/5ml) + Paracetamol (125mg/5ml), Pain reliefTreatment of Fever,Nausea Vomiting Abdominal pain Heartburn Diarrhea Dizziness,"https://onemg.gumlet.io/l_watermark_346,w_480,h_480/a_ignore,w_480,h_480,c_fit,q_auto,f_auto/okcczcpexozia2ad2xqq.jpg",Blue Cross Laboratories Ltd,33,43,24
Meganeuron PG Capsule,Benfotiamine (7.5mg) + Folic Acid (0.75mg) + Methylcobalamin (750mcg) + Pregabalin (75mg) + Vitamin B6 (Pyridoxine) (1.5mg),Treatment of Neuropathic pain,Dizziness Sleepiness Tiredness Uncoordinated body movements,"https://onemg.gumlet.io/l_watermark_346,w_480,h_480/a_ignore,w_480,h_480,c_fit,q_auto,f_auto/cropped/tsgscexwi8j2gdvwecgm.jpg",Aristo Pharmaceuticals Pvt Ltd,24,46,30
Maxmala  50 Capsule,Pregabalin (50mg) + Methylcobalamin (750mcg) + Alpha Lipoic Acid (100mg), Neuropathic pain,Dizziness Sleepiness Tiredness Uncoordinated body movements,"https://onemg.gumlet.io/l_watermark_346,w_480,h_480/a_ignore,w_480,h_480,c_fit,q_auto,f_auto/cropped/v7zexmuuhtxkirstoacd.jpg",Sun Pharmaceutical Industries Ltd,22,46,32
Moxikind-CV 375 Tablet,Amoxycillin  (250mg) +  Clavulanic Acid (125mg),Treatment of Bacterial infections,Vomiting Nausea Diarrhea Mucocutaneous candidiasis,"https://onemg.gumlet.io/l_watermark_346,w_480,h_480/a_ignore,w_480,h_480,c_fit,q_auto,f_auto/cropped/jn576olbdwjlmabyuwt4.jpg",Mankind Pharma Ltd,33,27,40
Moxovas 0.3 Tablet,Moxonidine (0.3mg), Hypertension (high blood pressure),Dryness in mouth Headache Rash Dizziness Back pain Insomnia difficulty in sleeping Sleepiness Vomiting Weakness Nausea Diarrhea Vertigo,"https://onemg.gumlet.io/l_watermark_346,w_480,h_480/a_ignore,w_480,h_480,c_fit,q_auto,f_auto/cropped/cqlo10up6pqnh8dwxlo7.jpg",Macleods Pharmaceuticals Pvt Ltd,57,30,13
Met-Pco Care Tablet,Myo-Inositol (550mg) + D-Chiro Inositol (13.8mg) + Metformin (500mg) + L-Methyl Folate Calcium (0.5mg) + Methylcobalamin (750mcg), Polycystic ovarian syndrome (PCOS),Taste change Nausea Vomiting Diarrhea Stomach pain Loss of appetite,"https://onemg.gumlet.io/l_watermark_346,w_480,h_480/a_ignore,w_480,h_480,c_fit,q_auto,f_auto/h5sslvxosa1q1eprzxcz.jpg",Akumentis Healthcare Ltd,22,40,38
Metrogyl 200 Tablet,Metronidazole (200mg),Treatment of Bacterial infectionsTreatment of Parasitic infections,Headache Dryness in mouth Nausea Metallic taste,"https://onemg.gumlet.io/l_watermark_346,w_480,h_480/a_ignore,w_480,h_480,c_fit,q_auto,f_auto/ppe4cpohzwc2ui5ft1jx.jpg",Lekar Pharma Ltd,27,35,38
Myoril 8mg Capsule,Thiocolchicoside (8mg), Muscle relaxation,Sleepiness Diarrhea,"https://onemg.gumlet.io/l_watermark_346,w_480,h_480/a_ignore,w_480,h_480,c_fit,q_auto,f_auto/cropped/rws6bw4zibkdgibddzga.jpg",Sanofi India Ltd,41,32,27
Mucinac AB Tablet,Acebrophylline (100mg) + Acetylcysteine (600mg),Treatment of Chronic obstructive pulmonary disease (COPD),Vomiting Heartburn Stomach pain Upset stomach Rash Hives Itching Breathing problems Nasal inflammation Increased white blood cell count,"https://onemg.gumlet.io/l_watermark_346,w_480,h_480/a_ignore,w_480,h_480,c_fit,q_auto,f_auto/cropped/wnojiu37d9vvoqx1jjnj.jpg",Cipla Ltd,67,33,0
Mecofol 10 Tablet For Vitamin B12 Deficiency,Methylcobalamin (500mcg),Treatment of Pernicious Anemia Vitamin B12 deficiency,Vomiting Loss of appetite Headache,"https://onemg.gumlet.io/l_watermark_346,w_480,h_480/a_ignore,w_480,h_480,c_fit,q_auto,f_auto/mocdxefg6wmzqphv2nim.jpg",Intas Pharmaceuticals Ltd,44,34,22
Monit GTN 2.6 Tablet CR,Nitroglycerin (2.6mg),Treatment of Angina (heart-related chest pain),Blurred vision Decreased blood pressure Dizziness Headache Increased heart rate Lightheadedness Paresthesia tingling or pricking sensation,"https://onemg.gumlet.io/l_watermark_346,w_480,h_480/a_ignore,w_480,h_480,c_fit,q_auto,f_auto/102e94d7ecec426495031ecd4c27927e.jpg",Intas Pharmaceuticals Ltd,48,15,37
Meganeuron NT 75 Tablet,Pregabalin (75mg) + Nortriptyline (10mg),Treatment of Neuropathic pain,Constipation Difficulty in urination Weight gain Sleepiness Dizziness Tiredness Blurred vision Dryness in mouth Increased heart rate Orthostatic hypotension sudden lowering of blood pressure on standing Uncoordinated body movements,"https://onemg.gumlet.io/l_watermark_346,w_480,h_480/a_ignore,w_480,h_480,c_fit,q_auto,f_auto/cropped/smcyudrbpdu1xfqmbqrf.jpg",Aristo Pharmaceuticals Pvt Ltd,46,16,38
Mintop Forte 5% Minoxidil Solution,Minoxidil (5% w/v),Treatment of Hair loss,Itching Chest pain Headache Hypertrichosis excessive hair growth Rash Dermatitis Hypersensitivity Weight gain Fluid retention Tachycardia,"https://onemg.gumlet.io/l_watermark_346,w_480,h_480/a_ignore,w_480,h_480,c_fit,q_auto,f_auto/01f82276-c8d4-49c3-950e-d8c2b29fcc18.jpeg",Dr Reddy's Laboratories Ltd,20,37,43
Mixtard 30 HM 100IU/ml Penfill,Insulin Isophane/NPH   (70%) +   Human Insulin/Soluble Insulin (30%), Diabetes,Hypoglycemia low blood glucose level Injection site reactions pain swelling redness Weight gain,"https://onemg.gumlet.io/l_watermark_346,w_480,h_480/a_ignore,w_480,h_480,c_fit,q_auto,f_auto/qii1cmkwyfppsq8zd7wm.jpg",Novo Nordisk India Pvt Ltd,31,51,18
Minipress XL 2.5mg Tablet,Prazosin (2.5mg),Treatment of Hypertension (high blood pressure)Treatment of Heart failureTreatment of Benign prostatic hyperplasia,Dizziness Headache Drowsiness Weakness Low energy Palpitations Nausea,"https://onemg.gumlet.io/l_watermark_346,w_480,h_480/a_ignore,w_480,h_480,c_fit,q_auto,f_auto/68543fed0fdd45e3b5ec7a1f5fb04251.jpg",Pfizer Ltd,40,52,8
Migranex 10 Tablet,Flunarizine (10mg),Prevention of Migraine,Sleepiness Weight gain Muscle pain Fatigue Constipation Nausea Insomnia difficulty in sleeping Runny nose Increased appetite Depression Stomach discomfort Breast pain,"https://onemg.gumlet.io/l_watermark_346,w_480,h_480/a_ignore,w_480,h_480,c_fit,q_auto,f_auto/cropped/ej0matsqhuy6sfn4akqb.jpg",Intas Pharmaceuticals Ltd,27,40,33
Metolar XR 50 Capsule,Metoprolol Succinate (47.5mg),Treatment of Hypertension (high blood pressure)Treatment of Angina (heart-related chest pain)Treatment of ArrhythmiaPrevention of Heart attackPrevention of Migraine,Fatigue Headache Slow heart rate Dizziness Nausea Breathlessness Rash Diarrhea Depression,"https://onemg.gumlet.io/l_watermark_346,w_480,h_480/a_ignore,w_480,h_480,c_fit,q_auto,f_auto/17a4925916dc4953b8b9e0d1f6042d32.jpg",Cipla Ltd,50,35,15
Meftagesic Tablet,Mefenamic Acid (500mg) + Paracetamol (325mg), Pain reliefTreatment of Fever,Nausea Vomiting Diarrhea Indigestion Loss of appetite Heartburn,"https://onemg.gumlet.io/l_watermark_346,w_480,h_480/a_ignore,w_480,h_480,c_fit,q_auto,f_auto/a977a99ecb1548739ddf0d8987a3d38b.jpg",Pacific Biotech,67,33,0
Malirid-DS Tablet,Primaquine (15mg), Malaria,Rash Vomiting Headache Dizziness Hives Stomach pain Nausea Abdominal pain Itching Heartburn Gastrointestinal discomfort Upper abdominal pain,"https://onemg.gumlet.io/l_watermark_346,w_480,h_480/a_ignore,w_480,h_480,c_fit,q_auto,f_auto/cropped/excplbnrkam9j7dv9aud.jpg",Ipca Laboratories Ltd,38,44,18
Metsmall 500 Tablet SR,Metformin (500mg),Treatment of Type 2 diabetes mellitus,Diarrhea Nausea Vomiting Flatulence,"https://onemg.gumlet.io/l_watermark_346,w_480,h_480/a_ignore,w_480,h_480,c_fit,q_auto,f_auto/cropped/smjgav0r0gvikmviipq1.jpg",Dr Reddy's Laboratories Ltd,24,37,39
Meganeuron NT 50 Tablet,Pregabalin (50mg) + Nortriptyline (10mg),Treatment of Neuropathic pain,Constipation Difficulty in urination Weight gain Sleepiness Dizziness Tiredness Blurred vision Dryness in mouth Increased heart rate Orthostatic hypotension sudden lowering of blood pressure on standing Uncoordinated body movements,"https://onemg.gumlet.io/l_watermark_346,w_480,h_480/a_ignore,w_480,h_480,c_fit,q_auto,f_auto/cropped/ngottokog3tw9ombp5yu.jpg",Aristo Pharmaceuticals Pvt Ltd,21,50,29
Meromac 1gm Injection,Meropenem (1gm), Severe bacterial infections,Rash Headache Vomiting Nausea Itching Diarrhea Injection site inflammation Anemia low number of red blood cells Sepsis Constipation Apnea absence of breathing Shock,"https://onemg.gumlet.io/l_watermark_346,w_480,h_480/a_ignore,w_480,h_480,c_fit,q_auto,f_auto/cropped/ymn8c088q8lzdkdw6jio.jpg",Macleods Pharmaceuticals Pvt Ltd,50,26,24
Macbery DX Syrup Sugar Free,Chlorpheniramine Maleate (4mg) + Dextromethorphan Hydrobromide (10mg),Treatment of Dry cough,Upset stomach Sleepiness,"https://onemg.gumlet.io/l_watermark_346,w_480,h_480/a_ignore,w_480,h_480,c_fit,q_auto,f_auto/emd3zfrkv5rx06dgerpy.jpg",Macleods Pharmaceuticals Pvt Ltd,24,40,36
Melalite 15 Cream,Hydroquinone (2% w/w) + Octinoxate (9% w/w) + Benzophenone (2.5% w/w),Treatment of Hyperpigmentation,Skin irritation Burning sensation at the site of application,"https://onemg.gumlet.io/l_watermark_346,w_480,h_480/a_ignore,w_480,h_480,c_fit,q_auto,f_auto/cropped/yxhyivz4mzqh3qkggbha.jpg",Abbott,17,38,45
Metrogyl Gel,Metronidazole (2% w/w), AcneTreatment of Bacterial infectionsTreatment of Parasitic infections,Headache Dryness in mouth Nausea Metallic taste,"https://onemg.gumlet.io/l_watermark_346,w_480,h_480/a_ignore,w_480,h_480,c_fit,q_auto,f_auto/06f755fd052d40e5b8be40ac2d9affd6.jpg",J B Chemicals and Pharmaceuticals Ltd,28,29,43
Maxgalin 50 Capsule,Pregabalin (50mg),Treatment of Neuropathic painTreatment of Epilepsy/SeizuresTreatment of Fibromyalgia,Blurred vision Difficulty in paying attention Dizziness Dryness in mouth Edema swelling Sleepiness Weight gain,"https://onemg.gumlet.io/l_watermark_346,w_480,h_480/a_ignore,w_480,h_480,c_fit,q_auto,f_auto/cropped/u07kluxxoxvnsigrfiib.jpg",Sun Pharmaceutical Industries Ltd,30,27,43
Montemac-FX Tablet,Montelukast (10mg) + Fexofenadine (120mg),Treatment of Sneezing and runny nose due to allergies,Nausea Diarrhea Vomiting Skin rash Flu like symptoms Headache Drowsiness Dizziness,"https://onemg.gumlet.io/l_watermark_346,w_480,h_480/a_ignore,w_480,h_480,c_fit,q_auto,f_auto/525543d164ce42628e084059cc721d10.jpg",Macleods Pharmaceuticals Pvt Ltd,44,37,19
Moxiforce-CV 625 Tablet,Amoxycillin  (500mg) +  Clavulanic Acid (125mg),Treatment of Bacterial infections,Vomiting Nausea Diarrhea Mucocutaneous candidiasis,"https://onemg.gumlet.io/l_watermark_346,w_480,h_480/a_ignore,w_480,h_480,c_fit,q_auto,f_auto/cropped/jxvbzesceenhg7y1ufzp.jpg",Mankind Pharma Ltd,27,42,31
Metopar Tablet,Metoclopramide (5mg) + Paracetamol (500mg), Migraine,Restlessness Tiredness Drowsiness,"https://onemg.gumlet.io/l_watermark_346,w_480,h_480/a_ignore,w_480,h_480,c_fit,q_auto,f_auto/70b485c8f56f4e01b3ce0be516f4eb9f.jpg",Oaknet Healthcare Pvt Ltd,43,40,17
Mebiz SR Capsule,Mebeverine (200mg),Treatment of Irritable bowel syndrome,Fainting Skin rash Angioedema swelling of deeper layers of skin,"https://onemg.gumlet.io/l_watermark_346,w_480,h_480/a_ignore,w_480,h_480,c_fit,q_auto,f_auto/cropped/lquixgymkaa99mog4kew.jpg",Sun Pharmaceutical Industries Ltd,29,52,19
Mahacef-CV 200 Tablet,Cefixime (200mg) + Clavulanic Acid (125mg),Treatment of Bacterial infections,Nausea Diarrhea Stomach pain Indigestion Flatulence,"https://onemg.gumlet.io/l_watermark_346,w_480,h_480/a_ignore,w_480,h_480,c_fit,q_auto,f_auto/cropped/qnfmifri10bt6vekvjmy.jpg",Mankind Pharma Ltd,21,33,46
Montaz 1g Injection,Ceftriaxone (1000mg) + Tazobactum (125mg), Bacterial infections,Diarrhea Increased liver enzymes Allergic reaction Rash,"https://onemg.gumlet.io/l_watermark_346,w_480,h_480/a_ignore,w_480,h_480,c_fit,q_auto,f_auto/cropped/gz0ejxej3s18u08kglxf.jpg",Aristo Pharmaceuticals Pvt Ltd,70,23,7
MY Pill Tablet,Cyproterone (2mg) + Ethinyl Estradiol (0.035mg),Treatment of Polycystic ovarian syndrome (PCOS),Nausea Stomach pain Headache Weight gain Breast pain Mood changes,"https://onemg.gumlet.io/l_watermark_346,w_480,h_480/a_ignore,w_480,h_480,c_fit,q_auto,f_auto/ha3h5s9ycxdvltm3npyn.jpg",Aristo Pharmaceuticals Pvt Ltd,17,37,46
Mefkind Forte Tablet,Mefenamic Acid (500mg) + Paracetamol (325mg), Pain reliefTreatment of Fever,Nausea Vomiting Diarrhea Indigestion Loss of appetite Heartburn,"https://onemg.gumlet.io/l_watermark_346,w_480,h_480/a_ignore,w_480,h_480,c_fit,q_auto,f_auto/cropped/ddxnaspxqf5flpax0vky.jpg",Mankind Pharma Ltd,36,44,20
Megazolid 600 Tablet,Linezolid (600mg),Treatment of Severe bacterial infections,Vomiting Headache Nausea Decreased blood cells red cells white cells and platelets Diarrhea,"https://onemg.gumlet.io/l_watermark_346,w_480,h_480/a_ignore,w_480,h_480,c_fit,q_auto,f_auto/cropped/w1xvagkclpp6wmnqlyb8.jpg",Aristo Pharmaceuticals Pvt Ltd,83,17,0
Metadec 50 Injection,Nandrolone Decanoate (50mg),Treatment of Post menopausal osteoporosis,Edema swelling Nausea Breast enlargement Acne,"https://onemg.gumlet.io/l_watermark_346,w_480,h_480/a_ignore,w_480,h_480,c_fit,q_auto,f_auto/iuigpslky27l2lnmxke1.jpg",Jagsonpal Pharmaceuticals Ltd,22,45,33
Montek LC Kid Tablet,Levocetirizine (2.5mg) + Montelukast (4mg),Treatment of Sneezing and runny nose due to allergiesTreatment of Hay feverTreatment of Allergic skin conditions,Rash Nausea Diarrhea Dryness in mouth Fatigue Headache Skin rash Sleepiness Vomiting,"https://onemg.gumlet.io/l_watermark_346,w_480,h_480/a_ignore,w_480,h_480,c_fit,q_auto,f_auto/1958605e370a44fb8e732f8a7a524b80.jpg",Sun Pharmaceutical Industries Ltd,27,51,22
Moxiblu Eye Drop,Moxifloxacin (0.5% w/v),Treatment of Bacterial eye infections,Eye discomfort Dry eye Burning sensation in eye,"https://onemg.gumlet.io/l_watermark_346,w_480,h_480/a_ignore,w_480,h_480,c_fit,q_auto,f_auto/e33105dcb3024cd6b5491eb17d83ffc8.jpg",Lupin Ltd,50,8,42
Macpod CV 200 Tablet,Cefpodoxime Proxetil (200mg) + Clavulanic Acid (125mg),Treatment of Respiratory tract infection,Nausea Diarrhea Headache Rash Abdominal pain Vaginal infection Fungal infection of vagina,"https://onemg.gumlet.io/l_watermark_346,w_480,h_480/a_ignore,w_480,h_480,c_fit,q_auto,f_auto/58a32700bde44bca94003a41dfbf1955.jpg",Macleods Pharmaceuticals Pvt Ltd,42,33,25
Moxikind-CV Kid Tablet,Amoxycillin  (200mg) +  Clavulanic Acid (28.5mg),Treatment of Resistance Tuberculosis (TB)Treatment of Bacterial infections,Abdominal pain Allergy Vomiting Nausea Diarrhea Mucocutaneous candidiasis,"https://onemg.gumlet.io/l_watermark_346,w_480,h_480/a_ignore,w_480,h_480,c_fit,q_auto,f_auto/cropped/jl5lzxfwxyzm9titnqzg.jpg",Mankind Pharma Ltd,33,45,22
Melano-TX Cream,Tranexamic Acid (10% w/w) + Kojic Acid (2% w/w) + Arbutin (1.5% w/w) + Magnesium (1% w/w) + Vitamin E (1% w/w) + Mulberry extract (1% w/w), Melasma,Dry skin Skin rash,"https://onemg.gumlet.io/l_watermark_346,w_480,h_480/a_ignore,w_480,h_480,c_fit,q_auto,f_auto/a3pmsaq6sdrxtrtec9vz.jpg",La Pristine Bioceuticals Pvt Ltd,14,49,37
Mucomix Injection,Acetylcysteine (200mg/ml),Treatment of Paracetamol toxicity,Rash Red spots or bumps Flushing sense of warmth in the face ears neck and trunk Itching,"https://onemg.gumlet.io/l_watermark_346,w_480,h_480/a_ignore,w_480,h_480,c_fit,q_auto,f_auto/vhqhihwiygtelpmiiyrd.jpg",Samarth Life Sciences Pvt Ltd,46,16,38
Motogram Eye Drop,Tobramycin (0.3% w/v) + Moxifloxacin (0.5% w/v),Treatment of Bacterial eye infections,Application site reactions burning irritation itching and redness,"https://onemg.gumlet.io/l_watermark_346,w_480,h_480/a_ignore,w_480,h_480,c_fit,q_auto,f_auto/73abbfb1df1847a2ba8fca947b7bcb95.jpg",Entod Pharmaceuticals Ltd,47,13,40
Micogel Cream,Miconazole (2% w/w),Treatment of Fungal skin infections,Vaginal burning sensation Genital itching Vulvovaginal discomfort Pain during periods,"https://onemg.gumlet.io/l_watermark_346,w_480,h_480/a_ignore,w_480,h_480,c_fit,q_auto,f_auto/f8c3056950d843c6847e91f7cad01189.jpg",Cipla Ltd,32,38,30
Metpure -XL 25 Tablet,S-Metoprolol Succinate (23.75mg),Treatment of Hypertension (high blood pressure)Treatment of Angina (heart-related chest pain)Treatment of ArrhythmiaPrevention of Heart attackPrevention of StrokePrevention of Migraine,Fatigue Slow heart rate Constipation Diarrhea Dizziness Cold extremities,"https://onemg.gumlet.io/l_watermark_346,w_480,h_480/a_ignore,w_480,h_480,c_fit,q_auto,f_auto/cropped/pwwri67le2o5i2xm8t6a.jpg",Emcure Pharmaceuticals Ltd,35,46,19
Maintane 500 Injection,Hydroxyprogesterone (500mg),Prevention of Premature Labor,Injection site pain Injection site swelling Red spots or bumps Rash,"https://onemg.gumlet.io/l_watermark_346,w_480,h_480/a_ignore,w_480,h_480,c_fit,q_auto,f_auto/344fe233d04e4be78acca271041181a6.jpg",Jagsonpal Pharmaceuticals Ltd,43,40,17
Melalite Forte Cream,Hydroquinone (4% w/w), Melasma,Erythema skin redness Dryness and fissuring of paranasal and infraorbital areas Stinging sensation,"https://onemg.gumlet.io/l_watermark_346,w_480,h_480/a_ignore,w_480,h_480,c_fit,q_auto,f_auto/cropped/wlawbtnnzubylm6lihld.jpg",Abbott,19,34,47
Mucomix Tablet,Acetylcysteine (600mg),Treatment of Paracetamol toxicity,Fever Nausea Vomiting Rash Gastrointestinal discomfort,"https://onemg.gumlet.io/l_watermark_346,w_480,h_480/a_ignore,w_480,h_480,c_fit,q_auto,f_auto/4c9f35a48e5f4d99a9beeb568845ed45.jpg",Samarth Life Sciences Pvt Ltd,26,56,18
Metocard XL 25 Tablet,Metoprolol Succinate (23.75mg),Treatment of Hypertension (high blood pressure)Treatment of Angina (heart-related chest pain)Treatment of ArrhythmiaPrevention of Heart attackPrevention of Migraine,Fatigue Headache Slow heart rate Dizziness Nausea Breathlessness Rash Diarrhea Depression,"https://onemg.gumlet.io/l_watermark_346,w_480,h_480/a_ignore,w_480,h_480,c_fit,q_auto,f_auto/cropped/en20qj6u8luvokg6mcgy.jpg",Torrent Pharmaceuticals Ltd,44,40,16
Mesacol Tablet DR,Mesalazine (400mg), Ulcerative colitis Crohn’s disease,Stomach pain epigastric pain Flatulence Headache Vomiting Diarrhea Nausea Abdominal pain Rash,"https://onemg.gumlet.io/l_watermark_346,w_480,h_480/a_ignore,w_480,h_480,c_fit,q_auto,f_auto/bfstvumtjyire3fprgau.jpg",Sun Pharmaceutical Industries Ltd,47,26,27
Medrol 16mg Tablet,Methylprednisolone (16mg),Treatment of Rheumatic disorderTreatment of Systemic lupus erythematosus (SLE)Treatment of Allergic conditionsTreatment of Eye disordersTreatment of Skin disorders,Thinning of skin Increased risk of infection Reduction in bone density Weight gain Mood changes Upset stomach Behavioral changes,"https://onemg.gumlet.io/l_watermark_346,w_480,h_480/a_ignore,w_480,h_480,c_fit,q_auto,f_auto/cropped/hh3x04ddrw2ch01wboee.jpg",Pfizer Ltd,41,49,10
Megabrom Eye Drop,Bromfenac (0.09% w/v), Post-operative eye pain and inflammation,Blurred vision Increased sensitivity to light Change in color vision Decreased vision Eye pain Sore eye Teary eyes,"https://onemg.gumlet.io/l_watermark_346,w_480,h_480/a_ignore,w_480,h_480,c_fit,q_auto,f_auto/cropped/dlf4r5izhn8aitnptarx.jpg",Sun Pharmaceutical Industries Ltd,33,31,36
Melabest Cream,Hydroquinone (2% w/w) + Mometasone (0.1% w/w) + Tretinoin (0.025% w/w),Treatment of Melasma,Application site reactions burning irritation itching and redness,"https://onemg.gumlet.io/l_watermark_346,w_480,h_480/a_ignore,w_480,h_480,c_fit,q_auto,f_auto/cropped/h2qonsnpxszksl0ilbjc.jpg",Mankind Pharma Ltd,21,40,39
Macbery LS Expectorant,Ambroxol (30mg/5ml) + Levosalbutamol (1mg/5ml) + Guaifenesin (50mg/5ml),Treatment of Cough with mucus,Nausea Vomiting Diarrhea Upset stomach Stomach pain Allergic reaction Dizziness Headache Rash Hives Tremors Palpitations Muscle cramp Increased heart rate,"https://onemg.gumlet.io/l_watermark_346,w_480,h_480/a_ignore,w_480,h_480,c_fit,q_auto,f_auto/cropped/ynl6lft3yrzdh4hq0wyo.jpg",Macleods Pharmaceuticals Pvt Ltd,20,37,43
Mobiswift-D Tablet,Diclofenac (50mg) + Metaxalone (400mg),Treatment of Pain due to muscle spasm,Nausea Vomiting Stomach pain epigastric pain Heartburn Diarrhea Sleepiness Loss of appetite,"https://onemg.gumlet.io/l_watermark_346,w_480,h_480/a_ignore,w_480,h_480,c_fit,q_auto,f_auto/cropped/gnrrjviugocrrzqszwwg.jpg",Sun Pharmaceutical Industries Ltd,41,34,25
Mox 250mg Capsule,Amoxycillin (250mg),Treatment of Bacterial infections,Nausea Diarrhea Skin rash Vomiting,"https://onemg.gumlet.io/l_watermark_346,w_480,h_480/a_ignore,w_480,h_480,c_fit,q_auto,f_auto/cropped/ulkzrqbb8a7tnxewwlsn.jpg",Sun Pharmaceutical Industries Ltd,43,33,24
Montewok-LC Tablet,Levocetirizine (5mg) + Montelukast (10mg),Treatment of Sneezing and runny nose due to allergiesTreatment of Hay feverTreatment of Allergic skin conditions,Nausea Diarrhea Dryness in mouth Fatigue Headache Skin rash Sleepiness Vomiting,"https://onemg.gumlet.io/l_watermark_346,w_480,h_480/a_ignore,w_480,h_480,c_fit,q_auto,f_auto/fc0223835ac444dcac36b40f926ed06d.jpg",Wockhardt Ltd,51,28,21
Moxiflox Tablet,Moxifloxacin (400mg),Treatment of Bacterial eye infections,Eye discomfort Dry eye Burning sensation in eye,"https://onemg.gumlet.io/l_watermark_346,w_480,h_480/a_ignore,w_480,h_480,c_fit,q_auto,f_auto/cropped/hlrtscnymp4piqslc0ki.jpg",Cipla Ltd,43,33,24
Myoril Injection,Thiocolchicoside (4mg), Muscle relaxation,Injection site reactions pain swelling redness Sleepiness Diarrhea,"https://onemg.gumlet.io/l_watermark_346,w_480,h_480/a_ignore,w_480,h_480,c_fit,q_auto,f_auto/cropped/ww1nbagjyuu6xfntfgzk.jpg",Sanofi India Ltd,36,47,17
Myosone Plus Tablet,Eperisone (50mg) + Paracetamol (325mg), Pain due to muscle spasm,Dizziness Weakness Sleepiness,"https://onemg.gumlet.io/l_watermark_346,w_480,h_480/a_ignore,w_480,h_480,c_fit,q_auto,f_auto/cropped/vhcwac5ewvlm84v3fskf.jpg",Macleods Pharmaceuticals Pvt Ltd,15,57,28
Myatro 0.01% Eye Drop,Atropine (0.01% w/v),Treatment of Myopia,Stinging sensation,"https://onemg.gumlet.io/l_watermark_346,w_480,h_480/a_ignore,w_480,h_480,c_fit,q_auto,f_auto/ntv02dewkv4dxpvyfvcp.jpg",Entod Pharmaceuticals Ltd,30,57,13
Mefkind Forte Suspension,Mefenamic Acid (50mg/5ml) + Paracetamol (125mg/5ml), Pain reliefTreatment of Fever,Nausea Vomiting Abdominal pain Heartburn Diarrhea Dizziness,"https://onemg.gumlet.io/l_watermark_346,w_480,h_480/a_ignore,w_480,h_480,c_fit,q_auto,f_auto/cropped/wdoccip8sfdhft5wvipf.jpg",Mankind Pharma Ltd,28,44,28
Melanocyl Tablet,Methoxsalen (10mg), Vitiligo Psoriasis,Itching Erythema skin redness Nausea,"https://onemg.gumlet.io/l_watermark_346,w_480,h_480/a_ignore,w_480,h_480,c_fit,q_auto,f_auto/cropped/dk6issljb9isbi9de889.jpg",Franco-Indian Pharmaceuticals Pvt Ltd,23,35,42
Myospas D Tablet,Diclofenac (50mg) + Metaxalone (400mg),Treatment of Pain due to muscle spasm,Nausea Vomiting Stomach pain epigastric pain Heartburn Diarrhea Sleepiness Loss of appetite,"https://onemg.gumlet.io/l_watermark_346,w_480,h_480/a_ignore,w_480,h_480,c_fit,q_auto,f_auto/cropped/u6fm284f3wzd80yjerie.jpg",Win-Medicare Pvt Ltd,35,61,4
Metolar 25 Tablet,Metoprolol Tartrate (25mg),Treatment of Hypertension (high blood pressure)Treatment of Angina (heart-related chest pain)Treatment of ArrhythmiaPrevention of Heart attackPrevention of Migraine,Orthostatic hypotension sudden lowering of blood pressure on standing Slow heart rate Headache Dizziness Tiredness Stomach pain Nausea Breathlessness,"https://onemg.gumlet.io/l_watermark_346,w_480,h_480/a_ignore,w_480,h_480,c_fit,q_auto,f_auto/cropped/j5mos6urrcm1raqh98mg.jpg",Cipla Ltd,58,33,9
Mazetol 200 Tablet,Carbamazepine (200mg), Epilepsy/Seizures Trigeminal neuralgia Diabetic nerve pain,Dizziness Nausea Vomiting Constipation Sleepiness Abnormality of voluntary movements,"https://onemg.gumlet.io/l_watermark_346,w_480,h_480/a_ignore,w_480,h_480,c_fit,q_auto,f_auto/cropped/hvbc3i5kikhavpf1zxci.jpg",Abbott,48,39,13
Maxgalin NT Tablet,Pregabalin (75mg) + Nortriptyline (10mg),Treatment of Neuropathic pain,Constipation Difficulty in urination Weight gain Sleepiness Dizziness Tiredness Blurred vision Dryness in mouth Increased heart rate Orthostatic hypotension sudden lowering of blood pressure on standing Uncoordinated body movements,"https://onemg.gumlet.io/l_watermark_346,w_480,h_480/a_ignore,w_480,h_480,c_fit,q_auto,f_auto/f233027dc1e74ceeb043b04d384e9c1b.jpg",Sun Pharmaceutical Industries Ltd,28,33,39
Maxmala  Capsule,Pregabalin (75mg) + Methylcobalamin (750mcg) + Alpha Lipoic Acid (100mg), Neuropathic pain,Dizziness Sleepiness Tiredness Uncoordinated body movements,"https://onemg.gumlet.io/l_watermark_346,w_480,h_480/a_ignore,w_480,h_480,c_fit,q_auto,f_auto/cropped/estx4vhqq9qzgdmdbywg.jpg",Sun Pharmaceutical Industries Ltd,27,40,33
Momeflo Nasal Spray,Mometasone (50mcg),Treatment and prevention of Sneezing and runny nose due to allergiesTreatment of Nasal congestion (blocked nose)Treatment of Nasal polyps,Nasal irritation Sore throat Nosebleeds Upper respiratory tract infection Viral infection Vomiting Wheezing,"https://onemg.gumlet.io/l_watermark_346,w_480,h_480/a_ignore,w_480,h_480,c_fit,q_auto,f_auto/cropped/stcvuw2cfkiiywtyy9xl.jpg",Lupin Ltd,49,40,11
Maxtra P  Oral Drops,Chlorpheniramine Maleate (1mg) + Paracetamol (125mg) + Phenylephrine (2.5mg),Treatment of Common cold,Diarrhea Rash Nausea Headache Insomnia difficulty in sleeping Dizziness Tachycardia Palpitations Fear Anxiety Restlessness Tremors Weakness Discomfort when urinating Hallucination Convulsion,"https://onemg.gumlet.io/l_watermark_346,w_480,h_480/a_ignore,w_480,h_480,c_fit,q_auto,f_auto/cropped/lz72wmkmvdqneldvmgjd.jpg",Zuventus Healthcare Ltd,46,42,12
Moxclav BD 228.5mg Powder for Oral Suspension,Amoxycillin  (200mg) +  Clavulanic Acid (28.5mg),Treatment of Resistance Tuberculosis (TB)Treatment of Bacterial infections,Abdominal pain Allergy Vomiting Nausea Diarrhea Mucocutaneous candidiasis,"https://onemg.gumlet.io/l_watermark_346,w_480,h_480/a_ignore,w_480,h_480,c_fit,q_auto,f_auto/cropped/y8nag2bvu5ru98im1chf.jpg",Sun Pharmaceutical Industries Ltd,28,61,11
Milflodex BKC Free Eye Drop,Moxifloxacin (0.5% w/v) + Dexamethasone (0.1% w/v),Treatment of Bacterial eye infections,Eye irritation Eye discomfort Blurred vision,"https://onemg.gumlet.io/l_watermark_346,w_480,h_480/a_ignore,w_480,h_480,c_fit,q_auto,f_auto/cropped/ezpg26saolo1eyapi6k9.jpg",Sun Pharmaceutical Industries Ltd,52,48,0
Montek 10 Tablet,Montelukast (10mg),Prevention of Asthma,Headache Diarrhea Abdominal pain Fever Upper respiratory tract infection Cough Sore throat Runny nose Sinus inflammation Ear inflammation,"https://onemg.gumlet.io/l_watermark_346,w_480,h_480/a_ignore,w_480,h_480,c_fit,q_auto,f_auto/cropped/vhk3k1u2o1hrabgggvv2.jpg",Sun Pharmaceutical Industries Ltd,36,47,17
Maxgalin ER 75 Tablet,Pregabalin (75mg),Treatment of Neuropathic painTreatment of Epilepsy/SeizuresTreatment of Fibromyalgia,Blurred vision Difficulty in paying attention Dizziness Dryness in mouth Edema swelling Sleepiness Weight gain,"https://onemg.gumlet.io/l_watermark_346,w_480,h_480/a_ignore,w_480,h_480,c_fit,q_auto,f_auto/cropped/fj3emne44lkfuqgzxsti.jpg",Sun Pharmaceutical Industries Ltd,14,38,48
Maintane Tablet,Allylestrenol (5mg),Treatment of Premature LaborTreatment of Recurrent miscarriage,Edema swelling Bloating Depression Headache Fatigue Altered libido Irregular menstrual cycle Gastrointestinal disturbance Excessive hair growth on face,"https://onemg.gumlet.io/l_watermark_346,w_480,h_480/a_ignore,w_480,h_480,c_fit,q_auto,f_auto/cropped/pqabqektji84iykv0yvn.jpg",Jagsonpal Pharmaceuticals Ltd,31,50,19
Minicycline Capsule,Doxycycline (100mg),Treatment of Bacterial infectionsTreatment of Acne,Vomiting Nausea Photosensitivity Rash Anaphylactic reaction Headache Fast heart rate Hypotension low blood pressure,"https://onemg.gumlet.io/l_watermark_346,w_480,h_480/a_ignore,w_480,h_480,c_fit,q_auto,f_auto/cropped/xhnfo9al1lw3nvzfrnyt.jpg",Shreya Life Sciences Pvt Ltd,32,24,44
Melmet 500 SR Tablet,Metformin (500mg),Treatment of Type 2 diabetes mellitus,Diarrhea Nausea Vomiting Flatulence,"https://onemg.gumlet.io/l_watermark_346,w_480,h_480/a_ignore,w_480,h_480,c_fit,q_auto,f_auto/cropped/qfixky44ikqzmile30wo.jpg",Micro Labs Ltd,33,40,27
Myonit SR 2.6 Tablet,Nitroglycerin (2.6mg),Treatment of Angina (heart-related chest pain),Blurred vision Decreased blood pressure Dizziness Headache Increased heart rate Lightheadedness Paresthesia tingling or pricking sensation,"https://onemg.gumlet.io/l_watermark_346,w_480,h_480/a_ignore,w_480,h_480,c_fit,q_auto,f_auto/5c3846b8aff54589b98ab7fcb2acf6fb.jpg",Troikaa Pharmaceuticals Ltd,35,42,23
Mupi Ointment,Mupirocin (2% w/w),Treatment of Bacterial skin infections,Itching Burning sensation Stinging sensation Pain,"https://onemg.gumlet.io/l_watermark_346,w_480,h_480/a_ignore,w_480,h_480,c_fit,q_auto,f_auto/2836d04347684cc5a8e683062be194a9.jpg",Hegde and Hegde Pharmaceutical LLP,28,23,49
Macsart 40 Tablet,Telmisartan (40mg),Treatment of Hypertension (high blood pressure) Prevention of heart attack and strokeTreatment of Heart failure,Upper respiratory tract infection Sinus infection Back pain Diarrhea,"https://onemg.gumlet.io/l_watermark_346,w_480,h_480/a_ignore,w_480,h_480,c_fit,q_auto,f_auto/cropped/lvfjwplnfo3vitmlzrsw.jpg",Macleods Pharmaceuticals Pvt Ltd,50,32,18
Moxif 400 Tablet,Moxifloxacin (400mg),Treatment of Bacterial eye infections,Eye discomfort Dry eye Burning sensation in eye,"https://onemg.gumlet.io/l_watermark_346,w_480,h_480/a_ignore,w_480,h_480,c_fit,q_auto,f_auto/cropped/un8xp1jagn8aofgbogqw.jpg",Torrent Pharmaceuticals Ltd,31,31,38
Megasty 160mg Tablet,Megestrol (160mg), Breast cancer Endometrial cancer,Increased appetite Weight gain Hot flashes High blood pressure Constipation Increased glucose level in blood,"https://onemg.gumlet.io/l_watermark_346,w_480,h_480/a_ignore,w_480,h_480,c_fit,q_auto,f_auto/c7018e8e90444bdfa5e6739f08fb5744.jpg",Aureate Healthcare Pvt Ltd,33,21,46
Minirin 0.1mg Tablet,Desmopressin (0.1mg), Diabetes insipidus Bed-wetting,Headache Nausea Stomach pain,"https://onemg.gumlet.io/l_watermark_346,w_480,h_480/a_ignore,w_480,h_480,c_fit,q_auto,f_auto/rmfngy9johcf11dhgnae.jpg",Ferring Pharmaceuticals,45,38,17
Methergin Injection,Methylergometrine (0.2mg), Post-delivery bleeding,High blood pressure Headache Seizure,"https://onemg.gumlet.io/l_watermark_346,w_480,h_480/a_ignore,w_480,h_480,c_fit,q_auto,f_auto/cropped/a2fy8b49vha2jut9azry.jpg",Dr Reddy's Laboratories Ltd,83,17,0
Mahaflox 400 Tablet,Moxifloxacin (400mg),Treatment of Bacterial eye infections,Eye discomfort Dry eye Burning sensation in eye,"https://onemg.gumlet.io/l_watermark_346,w_480,h_480/a_ignore,w_480,h_480,c_fit,q_auto,f_auto/cropped/vosmeplv8km7osxeynh7.jpg",Mankind Pharma Ltd,43,38,19
Maxvoid 8 Tablet,Silodosin (8mg),Treatment of Benign prostatic hyperplasia,Retrograde ejaculation Dizziness Diarrhea Orthostatic hypotension sudden lowering of blood pressure on standing Headache Blurred vision Nasopharyngitis inflammation of the throat and nasal passages Nasal congestion stuffy nose,"https://onemg.gumlet.io/l_watermark_346,w_480,h_480/a_ignore,w_480,h_480,c_fit,q_auto,f_auto/8638971862a341db967607445cf1c2ba.jpg",Alkem Laboratories Ltd,42,41,17
Mirbeg 25 Tablet ER,Mirabegron (25mg),Treatment of Overactive bladder (OAB) symptoms,Constipation Headache High blood pressure Nasal inflammation Urinary tract infection Fast heart rate Joint pain,"https://onemg.gumlet.io/l_watermark_346,w_480,h_480/a_ignore,w_480,h_480,c_fit,q_auto,f_auto/cropped/ac48jzeutt0gtgw5kk2i.jpg",Ipca Laboratories Ltd,28,44,28
Movexx MR Tablet,Aceclofenac (100mg) + Paracetamol (325mg) + Chlorzoxazone (250mg),Treatment of Muscular pain,Nausea Vomiting Heartburn Stomach pain Diarrhea Loss of appetite Tiredness Sleepiness,"https://onemg.gumlet.io/l_watermark_346,w_480,h_480/a_ignore,w_480,h_480,c_fit,q_auto,f_auto/550768d068774b0d970f6eff314f6dcf.jpg",Cipla Ltd,32,46,22
Moxikind-CV Forte Dry Syrup,Amoxycillin  (400mg/5ml) +  Clavulanic Acid (57mg/5ml),Treatment of Resistant Tuberculosis (TB)Treatment of Bacterial infections,Abdominal pain Allergy Vomiting Nausea Diarrhea Mucocutaneous candidiasis,"https://onemg.gumlet.io/l_watermark_346,w_480,h_480/a_ignore,w_480,h_480,c_fit,q_auto,f_auto/cropped/hwrpe9zun3csctgvii2f.jpg",Mankind Pharma Ltd,33,14,53
Mero 1g Injection,Meropenem (1000mg), Severe bacterial infections,Rash Headache Vomiting Nausea Itching Diarrhea Injection site inflammation Anemia low number of red blood cells Sepsis Constipation Apnea absence of breathing Shock,"https://onemg.gumlet.io/l_watermark_346,w_480,h_480/a_ignore,w_480,h_480,c_fit,q_auto,f_auto/0daa70fb85f642d0a606300a7cee85a0.jpg",Aristo Pharmaceuticals Pvt Ltd,33,67,0
Meftal 250mg Tablet DT,Mefenamic Acid (250mg), Pain relief,Vomiting Stomach pain Nausea Headache Dizziness,"https://onemg.gumlet.io/l_watermark_346,w_480,h_480/a_ignore,w_480,h_480,c_fit,q_auto,f_auto/a10af50a80b847e78b5eb16a5d69f015.jpg",Blue Cross Laboratories Ltd,33,29,38
Metocard XL 50 Tablet,Metoprolol Succinate (50mg),Treatment of Hypertension (high blood pressure)Treatment of Angina (heart-related chest pain)Treatment of ArrhythmiaPrevention of Heart attackPrevention of Migraine,Fatigue Headache Slow heart rate Dizziness Nausea Breathlessness Rash Diarrhea Depression,"https://onemg.gumlet.io/l_watermark_346,w_480,h_480/a_ignore,w_480,h_480,c_fit,q_auto,f_auto/hxhx1qyhrlfm764msa0s.jpg",Torrent Pharmaceuticals Ltd,24,57,19
Meftal-Spas DS Tablet,Dicyclomine (20mg) + Mefenamic Acid (500mg),Treatment of Menstrual painTreatment of Abdominal cramp,Dizziness Dryness in mouth Blurred vision Nausea Sleepiness Weakness Nervousness,"https://onemg.gumlet.io/l_watermark_346,w_480,h_480/a_ignore,w_480,h_480,c_fit,q_auto,f_auto/cropped/p7gs7yy9iku4cr0dtonb.jpg",Blue Cross Laboratories Ltd,40,37,23
Moxoft-LP Eye Drop,Loteprednol etabonate (0.5% w/v) + Moxifloxacin (0.5% w/v),Treatment of Eye infection with inflammation,Eye irritation Eye discomfort,"https://onemg.gumlet.io/l_watermark_346,w_480,h_480/a_ignore,w_480,h_480,c_fit,q_auto,f_auto/1aa8e2635aad4f649ab5816d257a3154.jpg",Alembic Pharmaceuticals Ltd,0,75,25
Monocef-O 100 Tablet,Cefpodoxime Proxetil (100mg),Treatment of Bacterial infections,Rash Nausea Diarrhea,"https://onemg.gumlet.io/l_watermark_346,w_480,h_480/a_ignore,w_480,h_480,c_fit,q_auto,f_auto/cropped/nutllwcxpxmxiwpls5dm.jpg",Aristo Pharmaceuticals Pvt Ltd,17,50,33
Metatop Nasal Spray,Mometasone (50mcg),Treatment and prevention of Sneezing and runny nose due to allergiesTreatment of Nasal congestion (blocked nose)Treatment of Nasal polyps,Nasal irritation Sore throat Nosebleeds Upper respiratory tract infection Viral infection Vomiting Wheezing,"https://onemg.gumlet.io/l_watermark_346,w_480,h_480/a_ignore,w_480,h_480,c_fit,q_auto,f_auto/cropped/k9ln3adpbdpduqftotxe.jpg",Zydus Cadila,43,35,22
Milixim 200 Tablet,Cefixime (200mg),Treatment of Bacterial infections,Nausea Stomach pain Indigestion Diarrhea,"https://onemg.gumlet.io/l_watermark_346,w_480,h_480/a_ignore,w_480,h_480,c_fit,q_auto,f_auto/cropped/cqk0djxnawvqhtvlpgb0.jpg",Glenmark Pharmaceuticals Ltd,39,51,10
Migrabeta-TR 40 Tablet,Propranolol (40mg),Treatment of PheochromocytomaTreatment of Hypertension (high blood pressure) Prevention of migraineTreatment of AnxietyTreatment of ArrhythmiaPrevention of Heart attackPrevention of Angina (heart-related chest pain)Treatment of Tremors,Tiredness Weakness Raynaud s phenomenon Arrhythmia irregular heartbeats Nausea Vomiting Diarrhea,"https://onemg.gumlet.io/l_watermark_346,w_480,h_480/a_ignore,w_480,h_480,c_fit,q_auto,f_auto/a5f59abf148c43ae8c2952fa3b79126e.jpg",Alkem Laboratories Ltd,42,58,0
Mupimet Ointment,Mupirocin (2% w/w),Treatment of Bacterial skin infections,Itching Burning sensation Stinging sensation Pain,"https://onemg.gumlet.io/l_watermark_346,w_480,h_480/a_ignore,w_480,h_480,c_fit,q_auto,f_auto/cropped/d4gi7pzf0rpik4f9rxur.jpg",Fourrts India Laboratories Pvt Ltd,38,45,17
Meronem 1000mg Injection,Meropenem (1000mg), Severe bacterial infections,Rash Headache Vomiting Nausea Itching Diarrhea Injection site inflammation Anemia low number of red blood cells Sepsis Constipation Apnea absence of breathing Shock,"https://onemg.gumlet.io/l_watermark_346,w_480,h_480/a_ignore,w_480,h_480,c_fit,q_auto,f_auto/a14f0d792ab64fbcb87183b37c68ada0.jpg",Pfizer Ltd,67,33,0
Myotop 450 SR Tablet,Tolperisone (450mg), Muscle relaxation,Sleepiness Fatigue Dryness in mouth Muscle weakness Nausea Vomiting Abdominal pain,"https://onemg.gumlet.io/l_watermark_346,w_480,h_480/a_ignore,w_480,h_480,c_fit,q_auto,f_auto/cropped/hmuel9wkd0vksxrllvea.jpg",Zuventus Healthcare Ltd,33,46,21
Menabol Tablet,Stanozolol (2mg), Angioedema,Edema swelling Breast enlargement Fluid retention,"https://onemg.gumlet.io/l_watermark_346,w_480,h_480/a_ignore,w_480,h_480,c_fit,q_auto,f_auto/cropped/qqe7m005ei2emvvkz07o.jpg",Oaknet Healthcare Pvt Ltd,36,39,25
Minokem-N 5% Solution,Minoxidil (5% w/v) + Azelaic Acid (1.5% w/v) + Tretinoin (0.01% w/v), Hair loss,Application site irritation Itching Headache,"https://onemg.gumlet.io/l_watermark_346,w_480,h_480/a_ignore,w_480,h_480,c_fit,q_auto,f_auto/c02bc5c60fff47d2a679bc72cadadee3.jpg",Alkem Laboratories Ltd,22,43,35
Mahagaba-M OD Tablet SR,Methylcobalamin (1500mcg) + Pregabalin (75mg),Treatment of Neuropathic pain,Dizziness Sleepiness Tiredness Uncoordinated body movements,"https://onemg.gumlet.io/l_watermark_346,w_480,h_480/a_ignore,w_480,h_480,c_fit,q_auto,f_auto/34007c495edb4c7aa6cfcb5eaba7297c.jpg",Mankind Pharma Ltd,47,39,14
Macprox DP 500 Tablet,Naproxen (500mg) + Domperidone (10mg),Prevention of Migraine,Flu like symptoms Indigestion Dryness in mouth,"https://onemg.gumlet.io/l_watermark_346,w_480,h_480/a_ignore,w_480,h_480,c_fit,q_auto,f_auto/rm1trcyrbaarzra5uckt.jpg",Macleods Pharmaceuticals Pvt Ltd,29,29,42
Maxiflo 250 Inhaler,Formoterol (6mcg) + Fluticasone Propionate (250mcg),Treatment of Chronic obstructive pulmonary disease (COPD),Headache Cough Upper respiratory tract infection Nasopharyngitis inflammation of the throat and nasal passages Sinus inflammation Stomach discomfort Fungal infection of oropharynx Tremors Palpitations Voice change,"https://onemg.gumlet.io/l_watermark_346,w_480,h_480/a_ignore,w_480,h_480,c_fit,q_auto,f_auto/cropped/dvkz9janr4mslt98z0td.jpg",Cipla Ltd,49,33,18
Microcef-CV 200 Tablet,Cefpodoxime Proxetil (200mg) + Clavulanic Acid (125mg),Treatment of Respiratory tract infection,Nausea Diarrhea Headache Rash Abdominal pain Vaginal infection Fungal infection of vagina,"https://onemg.gumlet.io/l_watermark_346,w_480,h_480/a_ignore,w_480,h_480,c_fit,q_auto,f_auto/cropped/h6a52oltgihtgjos2srb.jpg",Micro Labs Ltd,33,47,20
Menactra Vaccine,"Meningococcal Vaccine (Group A, C, Y & W-135) (16mcg) + Diphtheria Toxoid (48mcg)",Prevention of Meningococcal disease,Injection site reactions pain swelling redness Irritability Loss of appetite Sleepiness Headache Nausea Vomiting Diarrhea,"https://onemg.gumlet.io/l_watermark_346,w_480,h_480/a_ignore,w_480,h_480,c_fit,q_auto,f_auto/hkxnketgfcbzcmaygx55.jpg",Sanofi India Ltd,67,11,22
Microcef 200mg Tablet DT,Cefpodoxime Proxetil (200mg),Treatment of Bacterial infections,Rash Nausea Diarrhea,"https://onemg.gumlet.io/l_watermark_346,w_480,h_480/a_ignore,w_480,h_480,c_fit,q_auto,f_auto/6d4285bf282b4b34abc1afe1baf41110.jpg",Micro Labs Ltd,50,33,17
Minoz 100 Tablet,Minocycline (100mg),Treatment of Bacterial infectionsTreatment of Acne,Headache Dizziness Itching Fatigue,"https://onemg.gumlet.io/l_watermark_346,w_480,h_480/a_ignore,w_480,h_480,c_fit,q_auto,f_auto/cropped/iqoj5zd9iwlbgftbdutv.jpg",Sun Pharmaceutical Industries Ltd,47,35,18
Mahaflox Eye Ointment,Moxifloxacin (0.5% w/w),Treatment of Bacterial eye infections,Eye discomfort Dry eye Burning sensation in eye,"https://onemg.gumlet.io/l_watermark_346,w_480,h_480/a_ignore,w_480,h_480,c_fit,q_auto,f_auto/bfb2b5f19d4c454299e094457e7d3b13.jpg",Mankind Pharma Ltd,50,0,50
Maxgalip AT Tablet,Amitriptyline (10mg) + Pregabalin (75mg), Neuropathic pain,Constipation Weight gain Sleepiness Dizziness Tiredness Blurred vision Dryness in mouth Increased heart rate Orthostatic hypotension sudden lowering of blood pressure on standing Difficulty in urination Uncoordinated body movements,"https://onemg.gumlet.io/l_watermark_346,w_480,h_480/a_ignore,w_480,h_480,c_fit,q_auto,f_auto/cropped/bexarhw4prydxfdafcvp.jpg",Sun Pharmaceutical Industries Ltd,38,33,29
Myosone SR Tablet,Eperisone (150mg), Muscle relaxation,Sleepiness Fatigue Muscle weakness Headache Dryness in mouth Upset stomach,"https://onemg.gumlet.io/l_watermark_346,w_480,h_480/a_ignore,w_480,h_480,c_fit,q_auto,f_auto/cropped/z0bchmhr3kb7rlm3nwnz.jpg",Macleods Pharmaceuticals Pvt Ltd,38,24,38
Meaxon Plus Injection,Folic Acid (0.7mg) + Methylcobalamin (1500mcg) + Niacinamide (12mg), Nutritional deficiencies,No common side effects seen,"https://onemg.gumlet.io/l_watermark_346,w_480,h_480/a_ignore,w_480,h_480,c_fit,q_auto,f_auto/fa658b7686154cacbbc3dca1bcefe6bf.jpg",Bion Therapeutics India Pvt Ltd,10,60,30
Myticom Eye Drop,Moxifloxacin (0.5% w/v) + Dexamethasone (0.1% w/v),Treatment of Bacterial eye infections,Eye irritation Eye discomfort Blurred vision,"https://onemg.gumlet.io/l_watermark_346,w_480,h_480/a_ignore,w_480,h_480,c_fit,q_auto,f_auto/cropped/hhj92pwfeuan6hv2wikc.jpg",Allergan India Pvt Ltd,37,33,30
MX 5 Topical Solution,Minoxidil (5% w/v),Treatment of Hair loss,Itching Chest pain Headache Hypertrichosis excessive hair growth Rash Dermatitis Hypersensitivity Weight gain Fluid retention Tachycardia,"https://onemg.gumlet.io/l_watermark_346,w_480,h_480/a_ignore,w_480,h_480,c_fit,q_auto,f_auto/cropped/htk4cuzxudjdminpvho9.jpg",Hegde and Hegde Pharmaceutical LLP,21,42,37
Metacortil-Lite Cream,Hydroquinone (2% w/w) + Mometasone (0.1% w/w) + Tretinoin (0.025% w/w),Treatment of Melasma,Application site reactions burning irritation itching and redness,"https://onemg.gumlet.io/l_watermark_346,w_480,h_480/a_ignore,w_480,h_480,c_fit,q_auto,f_auto/cropped/tzkw7mx3aiasyr7ff72o.jpg",Macleods Pharmaceuticals Pvt Ltd,29,33,38
Monocef-O CV 50/31.25 Dry Syrup,Cefpodoxime Proxetil (50mg) + Clavulanic Acid (31.25mg),Treatment of Respiratory tract infection,Nausea Diarrhea Headache Rash Abdominal pain Vaginal infection Fungal infection of vagina,"https://onemg.gumlet.io/l_watermark_346,w_480,h_480/a_ignore,w_480,h_480,c_fit,q_auto,f_auto/b84e92df87ee462dbc587779a809743f.jpg",Aristo Pharmaceuticals Pvt Ltd,19,74,7
Meconerv Tablet,Methylcobalamin (500mcg),Treatment of Pernicious Anemia Vitamin B12 deficiency,Vomiting Loss of appetite Headache,"https://onemg.gumlet.io/l_watermark_346,w_480,h_480/a_ignore,w_480,h_480,c_fit,q_auto,f_auto/p31mhsnkl5l86aktbdun.jpg",Micro Labs Ltd,0,33,67
Minichek 5% Solution,Minoxidil (5% w/v),Treatment of Hair loss,Itching Chest pain Headache Hypertrichosis excessive hair growth Rash Dermatitis Hypersensitivity Weight gain Fluid retention Tachycardia,"https://onemg.gumlet.io/l_watermark_346,w_480,h_480/a_ignore,w_480,h_480,c_fit,q_auto,f_auto/aa18743f9a764adf8dab3758c5946e53.jpg",Abbott,17,46,37
Momate Cream,Mometasone (0.1% w/w),Treatment of Skin conditions with inflammation & itching,Stinging sensation Itching Hair follicle inflammation,"https://onemg.gumlet.io/l_watermark_346,w_480,h_480/a_ignore,w_480,h_480,c_fit,q_auto,f_auto/hy7ebovfsxscrk85bki4.jpg",Glenmark Pharmaceuticals Ltd,50,17,33
Misty Eye Drop,Carboxymethylcellulose (0.5% w/v),Treatment of Dry eyes,Eye irritation Burning eyes Eye discomfort Eye itching Eye pain,"https://onemg.gumlet.io/l_watermark_346,w_480,h_480/a_ignore,w_480,h_480,c_fit,q_auto,f_auto/cropped/mjhmc7fnrmicsmr3o0m8.jpg",Nri Vision Care India Limited,26,59,15
Mahaflox 0.5% Eye Drop,Moxifloxacin (0.5% w/v),Treatment of Bacterial eye infections,Eye discomfort Dry eye Burning sensation in eye,"https://onemg.gumlet.io/l_watermark_346,w_480,h_480/a_ignore,w_480,h_480,c_fit,q_auto,f_auto/a7ab1de722b74013ba350fdd16294061.jpg",Mankind Pharma Ltd,28,61,11
Monocef 500mg Injection,Ceftriaxone (500mg),Treatment of Bacterial infections,Diarrhea Abnormal liver function tests Rash,"https://onemg.gumlet.io/l_watermark_346,w_480,h_480/a_ignore,w_480,h_480,c_fit,q_auto,f_auto/cropped/n4dallmlcp9dg6llly3e.jpg",Aristo Pharmaceuticals Pvt Ltd,42,38,20
Macpee Tablet,Bethanechol (25mg),Treatment of Urinary retention,Headache Nausea Vomiting Sweating Diarrhea Arrhythmia irregular heartbeats Flushing sense of warmth in the face ears neck and trunk,"https://onemg.gumlet.io/l_watermark_346,w_480,h_480/a_ignore,w_480,h_480,c_fit,q_auto,f_auto/cropped/cxkttt5rf9fimdqxsecd.jpg",Intas Pharmaceuticals Ltd,18,46,36
Monti-FX 10mg/120mg Tablet,Montelukast (10mg) + Fexofenadine (120mg),Treatment of Sneezing and runny nose due to allergies,Nausea Diarrhea Vomiting Skin rash Flu like symptoms Headache Drowsiness Dizziness,"https://onemg.gumlet.io/l_watermark_346,w_480,h_480/a_ignore,w_480,h_480,c_fit,q_auto,f_auto/cropped/s3g8kqxdepzwheecyjbd.jpg",Abbott,33,57,10
Megaclox Capsule,Ampicillin (250mg) + Cloxacillin (250mg),Treatment of Bacterial infections,Allergic reaction Rash Stomach pain Nausea Diarrhea,"https://onemg.gumlet.io/l_watermark_346,w_480,h_480/a_ignore,w_480,h_480,c_fit,q_auto,f_auto/cfba084b881c4656aecce239393f8f9e.jpg",Cipla Ltd,42,41,17
Momate Lotion,Mometasone (0.1% w/w),Treatment of Skin conditions with inflammation & itching,Stinging sensation Itching Hair follicle inflammation,"https://onemg.gumlet.io/l_watermark_346,w_480,h_480/a_ignore,w_480,h_480,c_fit,q_auto,f_auto/cropped/fejeeyodp0d0fq7zijai.jpg",Glenmark Pharmaceuticals Ltd,37,28,35
Montina-L DT Tablet,Levocetirizine (2.5mg) + Montelukast (4mg),Treatment of Sneezing and runny nose due to allergiesTreatment of Hay feverTreatment of Allergic skin conditions,Rash Nausea Diarrhea Dryness in mouth Fatigue Headache Skin rash Sleepiness Vomiting,"https://onemg.gumlet.io/l_watermark_346,w_480,h_480/a_ignore,w_480,h_480,c_fit,q_auto,f_auto/cropped/wiogiivivi58eg8muwjs.jpg",Aristo Pharmaceuticals Pvt Ltd,27,40,33
Movexx Plus Tablet,Aceclofenac (100mg) + Paracetamol (500mg), Pain relief,Nausea Vomiting Stomach pain epigastric pain Loss of appetite Heartburn Diarrhea,"https://onemg.gumlet.io/l_watermark_346,w_480,h_480/a_ignore,w_480,h_480,c_fit,q_auto,f_auto/a42ff0aa10714e2cab6bd88dcffde088.jpg",Cipla Ltd,29,45,26
Minolast LC 5mg/10mg Tablet,Levocetirizine (5mg) + Montelukast (10mg),Treatment of Sneezing and runny nose due to allergiesTreatment of Hay feverTreatment of Allergic skin conditions,Nausea Diarrhea Dryness in mouth Fatigue Headache Skin rash Sleepiness Vomiting,"https://onemg.gumlet.io/l_watermark_346,w_480,h_480/a_ignore,w_480,h_480,c_fit,q_auto,f_auto/543ff2b74bd440339733821f0aff8ae0.jpg",Leeford Healthcare Ltd,29,31,40
Montral Tablet,Levocetirizine (5mg) + Montelukast (10mg),Treatment of Sneezing and runny nose due to allergiesTreatment of Hay feverTreatment of Allergic skin conditions,Nausea Diarrhea Dryness in mouth Fatigue Headache Skin rash Sleepiness Vomiting,"https://onemg.gumlet.io/l_watermark_346,w_480,h_480/a_ignore,w_480,h_480,c_fit,q_auto,f_auto/cropped/mzmuzd87on1usrjq9kne.jpg",Micro Labs Ltd,44,33,23
Mega-CV 228.5mg Dry Syrup,Amoxycillin  (200mg) +  Clavulanic Acid (28.5mg),Treatment of Resistance Tuberculosis (TB)Treatment of Bacterial infections,Abdominal pain Allergy Vomiting Nausea Diarrhea Mucocutaneous candidiasis,"https://onemg.gumlet.io/l_watermark_346,w_480,h_480/a_ignore,w_480,h_480,c_fit,q_auto,f_auto/cropped/efiqjqreiitxqo2zjazg.jpg",Aristo Pharmaceuticals Pvt Ltd,67,8,25
Moxovas 0.2 Tablet,Moxonidine (0.2mg), Hypertension (high blood pressure),Dryness in mouth Headache Rash Dizziness Back pain Insomnia difficulty in sleeping Sleepiness Vomiting Weakness Nausea Diarrhea Vertigo,"https://onemg.gumlet.io/l_watermark_346,w_480,h_480/a_ignore,w_480,h_480,c_fit,q_auto,f_auto/cropped/ptwbhf6nrepc6tb71qye.jpg",Macleods Pharmaceuticals Pvt Ltd,48,25,27
Maxmala Forte  Capsule,Alpha Lipoic Acid (100mg) + Folic Acid (1.5mg) + Methylcobalamin (750mcg) + Pregabalin (75mg) + Vitamin B6 (Pyridoxine) (3mg), Neuropathic pain,Dizziness Sleepiness Tiredness Uncoordinated body movements,"https://onemg.gumlet.io/l_watermark_346,w_480,h_480/a_ignore,w_480,h_480,c_fit,q_auto,f_auto/cropped/uenkhs8kvjlb5hstydye.jpg",Sun Pharmaceutical Industries Ltd,33,39,28
Mirbeg 50 Tablet ER,Mirabegron (50mg),Treatment of Overactive bladder (OAB) symptoms,Constipation Headache High blood pressure Nasal inflammation Urinary tract infection Fast heart rate Joint pain,"https://onemg.gumlet.io/l_watermark_346,w_480,h_480/a_ignore,w_480,h_480,c_fit,q_auto,f_auto/cropped/relq1eoifl4yfisftqnj.jpg",Ipca Laboratories Ltd,25,17,58
Mucolite SR Capsule,Ambroxol (75mg),Treatment of Respiratory tract disorders associated with viscid mucus,Vomiting Nausea Upset stomach,"https://onemg.gumlet.io/l_watermark_346,w_480,h_480/a_ignore,w_480,h_480,c_fit,q_auto,f_auto/cropped/gxvklqg424thwxfe9tcj.jpg",Dr Reddy's Laboratories Ltd,33,57,10
Monotrate 10 Tablet,Isosorbide Mononitrate (10mg),Prevention of Angina (heart-related chest pain),Headache Flushing sense of warmth in the face ears neck and trunk Upper respiratory tract infection Abdominal pain Allergic reaction Chest pain Diarrhea,"https://onemg.gumlet.io/l_watermark_346,w_480,h_480/a_ignore,w_480,h_480,c_fit,q_auto,f_auto/cropped/lx1ygq2hr3f8u6vhokhp.jpg",Sun Pharmaceutical Industries Ltd,58,17,25
Metoz 5 Tablet,Metolazone (5mg),Treatment of Hypertension (high blood pressure)Treatment of Edema,Headache Nausea Dizziness,"https://onemg.gumlet.io/l_watermark_346,w_480,h_480/a_ignore,w_480,h_480,c_fit,q_auto,f_auto/cropped/rrqfojfvqqcxeir6odhu.jpg",Centaur Pharmaceuticals Pvt Ltd,33,47,20
Morr 5% Solution,Minoxidil (5% w/v),Treatment of Hair loss,Itching Chest pain Headache Hypertrichosis excessive hair growth Rash Dermatitis Hypersensitivity Weight gain Fluid retention Tachycardia,"https://onemg.gumlet.io/l_watermark_346,w_480,h_480/a_ignore,w_480,h_480,c_fit,q_auto,f_auto/5ace33ee0d894b609f9d1c6323bd263f.jpg",Intas Pharmaceuticals Ltd,21,58,21
Minoz OD 100 Capsule MR,Minocycline (100mg),Treatment of Bacterial infectionsTreatment of Acne,Headache Dizziness Itching Fatigue,"https://onemg.gumlet.io/l_watermark_346,w_480,h_480/a_ignore,w_480,h_480,c_fit,q_auto,f_auto/cropped/swzf4cfimq48ybnq8nn8.jpg",Sun Pharmaceutical Industries Ltd,27,41,32
Moxicip Tablet,Moxifloxacin (400mg),Treatment of Bacterial eye infections,Eye discomfort Dry eye Burning sensation in eye,"https://onemg.gumlet.io/l_watermark_346,w_480,h_480/a_ignore,w_480,h_480,c_fit,q_auto,f_auto/cropped/nkhapf5gpmyuctwxpdhz.jpg",Cipla Ltd,46,25,29
Milflox Plus 0.4 Sterlie Eye Drops,Ketorolac (0.4% w/v) + Moxifloxacin (0.5% w/v),Treatment of Bacterial eye infections,Conjunctivitis Reduced visual acuity Dry eye Eye discomfort Ocular hyperemia Eye pain Eye twitching Subconjunctival hemorrhage Transient stinging Transient burning Allergic reaction Corneal edema Iritis inflammation of the middle layer of the eye Eye inflammation Superficial keratitis Eye infection Fever Cough Infection Otitis media infection of ear Sore throat Rash Inflammation of the nose Taste change,"https://onemg.gumlet.io/l_watermark_346,w_480,h_480/a_ignore,w_480,h_480,c_fit,q_auto,f_auto/cropped/v1snr6zyplsxvwcnrgon.jpg",Sun Pharmaceutical Industries Ltd,33,42,25
Metpure -XL 50 Tablet,Metoprolol Succinate (47.5mg),Treatment of Hypertension (high blood pressure)Treatment of Angina (heart-related chest pain)Treatment of ArrhythmiaPrevention of Heart attackPrevention of Migraine,Fatigue Headache Slow heart rate Dizziness Nausea Breathlessness Rash Diarrhea Depression,"https://onemg.gumlet.io/l_watermark_346,w_480,h_480/a_ignore,w_480,h_480,c_fit,q_auto,f_auto/cropped/zobzft6w88irxpohpk3b.jpg",Emcure Pharmaceuticals Ltd,38,51,11
Minolast FX 10mg/120mg Tablet,Montelukast (10mg) + Fexofenadine (120mg),Treatment of Sneezing and runny nose due to allergies,Nausea Diarrhea Vomiting Skin rash Flu like symptoms Headache Drowsiness Dizziness,"https://onemg.gumlet.io/l_watermark_346,w_480,h_480/a_ignore,w_480,h_480,c_fit,q_auto,f_auto/384c9c6a3e52448091e4c27ce2d14664.jpg",Leeford Healthcare Ltd,42,41,17
Metrogyl-M Ointment,Mupirocin (2% w/w) + Metronidazole (2% w/w),Treatment of Bacterial skin infections,Dry skin Application site reactions burning irritation itching and redness,"https://onemg.gumlet.io/l_watermark_346,w_480,h_480/a_ignore,w_480,h_480,c_fit,q_auto,f_auto/cropped/ldvojj70xdkorddcwyqk.jpg",Lekar Pharma Ltd,43,39,18
Myocyst-M Tablet SR,Metformin (500mg) + Myo-Inositol (600mg),Treatment of Polycystic ovarian syndrome (PCOS),Taste change Dizziness Stomach pain Nausea Diarrhea Loss of appetite,"https://onemg.gumlet.io/l_watermark_346,w_480,h_480/a_ignore,w_480,h_480,c_fit,q_auto,f_auto/cropped/pl1mrwuz4wqexlbcudeq.jpg",TTK Healthcare Ltd,17,45,38
Megaheal Spray,Silver Colloid (10ppm),Prevention of Wound infection,Argyria skin turns blue or bluish grey,"https://onemg.gumlet.io/l_watermark_346,w_480,h_480/a_ignore,w_480,h_480,c_fit,q_auto,f_auto/b0b510170ee548e29b15f3581eb23196.jpg",Aristo Pharmaceuticals Pvt Ltd,38,41,21
Meva SR Capsule,Mebeverine (200mg),Treatment of Irritable bowel syndrome,Fainting Skin rash Angioedema swelling of deeper layers of skin,"https://onemg.gumlet.io/l_watermark_346,w_480,h_480/a_ignore,w_480,h_480,c_fit,q_auto,f_auto/65105eaa44714e628726ea3b58d1d30c.jpg",Zydus Cadila,22,56,22
Monticope -Kid Tablet,Levocetirizine (2.5mg) + Montelukast (4mg),Treatment of Sneezing and runny nose due to allergiesTreatment of Hay feverTreatment of Allergic skin conditions,Rash Nausea Diarrhea Dryness in mouth Fatigue Headache Skin rash Sleepiness Vomiting,"https://onemg.gumlet.io/l_watermark_346,w_480,h_480/a_ignore,w_480,h_480,c_fit,q_auto,f_auto/cropped/rgcjhk8mzibt2aeyctry.jpg",Mankind Pharma Ltd,71,15,14
Mlobe-LP Eye Drop,Loteprednol etabonate (0.5% w/v) + Moxifloxacin (0.5% w/v),Treatment of Eye infection with inflammation,Eye irritation Eye discomfort,"https://onemg.gumlet.io/l_watermark_346,w_480,h_480/a_ignore,w_480,h_480,c_fit,q_auto,f_auto/cropped/xaj4c8iypgfa2r425dvh.jpg",Sapient Laboratories Pvt Ltd,33,15,52
Macprox DP 250 Tablet,Naproxen (250mg) + Domperidone (10mg),Prevention of Migraine,Flu like symptoms Indigestion Dryness in mouth,"https://onemg.gumlet.io/l_watermark_346,w_480,h_480/a_ignore,w_480,h_480,c_fit,q_auto,f_auto/iujwqrndb3ijxm4s3lpn.jpg",Macleods Pharmaceuticals Pvt Ltd,25,36,39
Myelostat 500mg Capsule,Hydroxyurea (500mg), Head and neck cancer Sickle cell anemia,Hematological disorder Gastrointestinal disorder Eating disorder Azoospermia absence of sperms Decreased appetite Fever Oligospermia low sperm count Skin cancer Bone marrow suppression Hallucination Convulsion Peripheral neuropathy tingling and numbness of feet and hand Pulmonary fibrosis Pulmonary edema Pancreatic inflammation Liver toxicity Cutaneous vasculitis Increased uric acid level in blood,"https://onemg.gumlet.io/l_watermark_346,w_480,h_480/a_ignore,w_480,h_480,c_fit,q_auto,f_auto/atfmocm6tcw7qvkmzdsj.jpg",Zydus Cadila,46,43,11
Melapik  -HQ Cream,Hydroquinone (4% w/w), Melasma,Erythema skin redness Dryness and fissuring of paranasal and infraorbital areas Stinging sensation,"https://onemg.gumlet.io/l_watermark_346,w_480,h_480/a_ignore,w_480,h_480,c_fit,q_auto,f_auto/cropped/tzxqkguup2ekyw3kooho.jpg",KLM Laboratories Pvt Ltd,18,37,45
Melanocyl Ointment,Methoxsalen (0.75% w/w) + Aminobenzoic Acid (2% w/w), Vitiligo,Itching Erythema skin redness,"https://onemg.gumlet.io/l_watermark_346,w_480,h_480/a_ignore,w_480,h_480,c_fit,q_auto,f_auto/cropped/vtt0dxzrff3ae6mjfm6v.jpg",Franco-Indian Pharmaceuticals Pvt Ltd,22,26,52
Monit 30 SR Tablet,Isosorbide Mononitrate (30mg),Prevention of Angina (heart-related chest pain),Headache Flushing sense of warmth in the face ears neck and trunk Upper respiratory tract infection Abdominal pain Allergic reaction Chest pain Diarrhea,"https://onemg.gumlet.io/l_watermark_346,w_480,h_480/a_ignore,w_480,h_480,c_fit,q_auto,f_auto/cropped/vrrrjkf9v4ef42tuao5c.jpg",Intas Pharmaceuticals Ltd,19,57,24
Metoz 2.5 Tablet,Metolazone (2.5mg),Treatment of Hypertension (high blood pressure)Treatment of Edema,Headache Nausea Dizziness,"https://onemg.gumlet.io/l_watermark_346,w_480,h_480/a_ignore,w_480,h_480,c_fit,q_auto,f_auto/cropped/y7u8nuchxafiry1t5vw7.jpg",Centaur Pharmaceuticals Pvt Ltd,22,56,22
Maxgalin M 75 Capsule,Methylcobalamin (750mcg) + Pregabalin (75mg),Treatment of Neuropathic pain,Dizziness Sleepiness Tiredness Uncoordinated body movements,"https://onemg.gumlet.io/l_watermark_346,w_480,h_480/a_ignore,w_480,h_480,c_fit,q_auto,f_auto/cropped/ujaxxjpqypxc2e7j74in.jpg",Sun Pharmaceutical Industries Ltd,42,41,17
Motinorm Drops,Domperidone (10mg),Treatment of IndigestionTreatment of NauseaTreatment of Vomiting,Headache Dryness in mouth Stomach pain Diarrhea,"https://onemg.gumlet.io/l_watermark_346,w_480,h_480/a_ignore,w_480,h_480,c_fit,q_auto,f_auto/cropped/ewmhvaty3do1vcjhdrjt.jpg",Medley Pharmaceuticals,41,48,11
Mamofen 20 Tablet,Tamoxifen (20mg), Breast cancer,Hot flashes Nausea Vaginal discharge Vaginal bleeding Mood swings Fluid retention,"https://onemg.gumlet.io/l_watermark_346,w_480,h_480/a_ignore,w_480,h_480,c_fit,q_auto,f_auto/o2mdlyiutz9tqqsfplpv.jpg",Khandelwal Laboratories Pvt Ltd,67,20,13
Montemac-L Syrup,Levocetirizine (2.5mg/5ml) + Montelukast (4mg/5ml),Treatment of Sneezing and runny nose due to allergiesTreatment of Hay feverTreatment of Allergic skin conditions,Rash Nausea Diarrhea Dryness in mouth Fatigue Headache Skin rash Sleepiness Vomiting,"https://onemg.gumlet.io/l_watermark_346,w_480,h_480/a_ignore,w_480,h_480,c_fit,q_auto,f_auto/0c47d0c5fb4844b29a4e9ed60d2a8d06.jpg",Macleods Pharmaceuticals Pvt Ltd,0,33,67
Moza 5 Tablet,Mosapride (5mg), Gastroesophageal reflux disease (Acid reflux),Abdominal pain Dizziness Headache Insomnia difficulty in sleeping Nausea Vomiting,"https://onemg.gumlet.io/l_watermark_346,w_480,h_480/a_ignore,w_480,h_480,c_fit,q_auto,f_auto/cropped/jauhbvtcq6lu9vallvyr.jpg",Intas Pharmaceuticals Ltd,46,29,25
Migrabeta-TR 20 Tablet SR,Propranolol (20mg),Treatment of PheochromocytomaTreatment of Hypertension (high blood pressure) Prevention of migraineTreatment of AnxietyTreatment of ArrhythmiaPrevention of Heart attackPrevention of Angina (heart-related chest pain)Treatment of Tremors,Tiredness Weakness Raynaud s phenomenon Arrhythmia irregular heartbeats Nausea Vomiting Diarrhea,"https://onemg.gumlet.io/l_watermark_346,w_480,h_480/a_ignore,w_480,h_480,c_fit,q_auto,f_auto/cropped/ubsvpslvttybav2hekuq.jpg",Alkem Laboratories Ltd,27,46,27
Mefkind-Spas Tablet,Dicyclomine (10mg) + Mefenamic Acid (250mg),Treatment of Menstrual painTreatment of Abdominal cramp,Dizziness Dryness in mouth Blurred vision Nausea Sleepiness Weakness Nervousness,"https://onemg.gumlet.io/l_watermark_346,w_480,h_480/a_ignore,w_480,h_480,c_fit,q_auto,f_auto/be891540212747558e7f301028f49bbf.jpg",Mankind Pharma Ltd,29,47,24
Macbery Oral Drops,Levosalbutamol (0.25mg) + Ambroxol (7.5mg), Cough,Taste change Nausea Oral hypoesthesia Pharyngeal hypoesthesia,"https://onemg.gumlet.io/l_watermark_346,w_480,h_480/a_ignore,w_480,h_480,c_fit,q_auto,f_auto/b3d14549bb014880b6f94afbfe6cec44.jpg",Macleods Pharmaceuticals Pvt Ltd,23,33,44
Muout Oral Solution,Polyethylene Glycol (13.125gm/25ml), Constipation Intestine preparation before any surgery,Stomach pain Nausea Diarrhea,"https://onemg.gumlet.io/l_watermark_346,w_480,h_480/a_ignore,w_480,h_480,c_fit,q_auto,f_auto/c0885c8f3d4b45e08f3a0aacfdc28862.jpg",Dr Reddy's Laboratories Ltd,10,33,57
Mycoderm-NM Cream,Miconazole (2% w/w) + Mometasone (0.1% w/w) + Nadifloxacin (1% w/w),Treatment of Skin infections,Application site reactions burning irritation itching and redness,"https://onemg.gumlet.io/l_watermark_346,w_480,h_480/a_ignore,w_480,h_480,c_fit,q_auto,f_auto/bjyxgj2pc7j9nsgpnyia.jpg",FDC Ltd,31,25,44
Macbery PD Expectorant Strawberry,Ambroxol (15mg/5ml) + Levosalbutamol (0.5mg/5ml) + Guaifenesin (50mg/5ml),Treatment of Cough with mucus,Nausea Vomiting Diarrhea Upset stomach Stomach pain Allergic reaction Dizziness Headache Rash Hives Tremors Palpitations Muscle cramp Increased heart rate,"https://onemg.gumlet.io/l_watermark_346,w_480,h_480/a_ignore,w_480,h_480,c_fit,q_auto,f_auto/5facc8949e6f405baebbd72fb3685148.jpg",Macleods Pharmaceuticals Pvt Ltd,21,37,42
Moxikind-CV Drops,Amoxycillin  (80mg) +  Clavulanic Acid (11.4mg),Treatment of Resistant Tuberculosis (TB)Treatment of Bacterial infections,Abdominal pain Allergy Vomiting Nausea Diarrhea Mucocutaneous candidiasis,"https://onemg.gumlet.io/l_watermark_346,w_480,h_480/a_ignore,w_480,h_480,c_fit,q_auto,f_auto/cropped/dqbgrwlwdytypuhltbca.jpg",Mankind Pharma Ltd,17,83,0
Megesta 160 Tablet,Megestrol (160mg), Breast cancer Endometrial cancer,Increased appetite Weight gain Hot flashes High blood pressure Constipation Increased glucose level in blood,"https://onemg.gumlet.io/l_watermark_346,w_480,h_480/a_ignore,w_480,h_480,c_fit,q_auto,f_auto/5a3a3cd0f14646a68ad3048c0dfc9823.jpg",Rencord Life Sciences Pvt Ltd,22,78,0
Memopi HC Cream,Hydroquinone (2% w/w) + Mometasone (0.1% w/w) + Tretinoin (0.025% w/w),Treatment of Melasma,Application site reactions burning irritation itching and redness,"https://onemg.gumlet.io/l_watermark_346,w_480,h_480/a_ignore,w_480,h_480,c_fit,q_auto,f_auto/wrn5dhzp1utbgijnzxof.jpg",Orison Pharma International,32,33,35
Methimez 10 Tablet,Methimazole (10mg), Hyperthyroidism,Skin rash Nausea Hair loss Headache Paresthesia tingling or pricking sensation Joint pain Taste change Drowsiness Muscle pain,"https://onemg.gumlet.io/l_watermark_346,w_480,h_480/a_ignore,w_480,h_480,c_fit,q_auto,f_auto/2fa55b6f6d9841858e42d2ff0c95f3b1.jpg",Sun Pharmaceutical Industries Ltd,44,48,8
Monotrate 20 Tablet,Isosorbide Mononitrate (20mg),Prevention of Angina (heart-related chest pain),Headache Flushing sense of warmth in the face ears neck and trunk Upper respiratory tract infection Abdominal pain Allergic reaction Chest pain Diarrhea,"https://onemg.gumlet.io/l_watermark_346,w_480,h_480/a_ignore,w_480,h_480,c_fit,q_auto,f_auto/cropped/g19y0bxvqdfaz8kcvhw9.jpg",Sun Pharmaceutical Industries Ltd,13,34,53
Melalite XL Cream,Hydroquinone (2% w/w) + Mometasone (0.1% w/w) + Tretinoin (0.025% w/w),Treatment of Melasma,Application site reactions burning irritation itching and redness,"https://onemg.gumlet.io/l_watermark_346,w_480,h_480/a_ignore,w_480,h_480,c_fit,q_auto,f_auto/cropped/kjlbyexf2hojphkmlknh.jpg",Abbott,30,42,28
Macsart AM Tablet,Telmisartan (40mg) + Amlodipine (5mg),Treatment of Hypertension (high blood pressure),Sleepiness Ankle swelling Headache Flushing sense of warmth in the face ears neck and trunk Dizziness Tiredness Palpitations Upset stomach Increased potassium level in blood,"https://onemg.gumlet.io/l_watermark_346,w_480,h_480/a_ignore,w_480,h_480,c_fit,q_auto,f_auto/cropped/r7thprrvlg9efdgi8kvq.jpg",Macleods Pharmaceuticals Pvt Ltd,37,43,20
Moxigram KT Eye Drop,Ketorolac (0.5% w/v) + Moxifloxacin (0.5% w/v),Treatment of Bacterial eye infections,Conjunctivitis Reduced visual acuity Dry eye Eye discomfort Ocular hyperemia Eye pain Eye twitching Subconjunctival hemorrhage Transient stinging Transient burning Allergic reaction Corneal edema Iritis inflammation of the middle layer of the eye Eye inflammation Superficial keratitis Eye infection Fever Cough Infection Otitis media infection of ear Sore throat Rash Inflammation of the nose Taste change,"https://onemg.gumlet.io/l_watermark_346,w_480,h_480/a_ignore,w_480,h_480,c_fit,q_auto,f_auto/46148e1754aa448a8f055fd25598ba7e.jpg",Micro Labs Ltd,40,40,20
Melanocyl Solution,Methoxsalen (1% w/v), Vitiligo Psoriasis,Application site reactions burning irritation itching and redness,"https://onemg.gumlet.io/l_watermark_346,w_480,h_480/a_ignore,w_480,h_480,c_fit,q_auto,f_auto/cropped/ob3svn8n9ztmifpqcef0.jpg",Franco-Indian Pharmaceuticals Pvt Ltd,11,33,56
Maxtra Gargle,Benzydamine (0.15% w/v), Pain relief,No common side effects seen,"https://onemg.gumlet.io/l_watermark_346,w_480,h_480/a_ignore,w_480,h_480,c_fit,q_auto,f_auto/cropped/ncd38pydcizm6cxya487.jpg",Zuventus Healthcare Ltd,27,20,53
MDD XR 50 Tablet,Desvenlafaxine (50mg), Depression,Anxiety Constipation Decreased appetite Dizziness Increased sweating Insomnia difficulty in sleeping Nausea Sexual dysfunction Vomiting,"https://onemg.gumlet.io/l_watermark_346,w_480,h_480/a_ignore,w_480,h_480,c_fit,q_auto,f_auto/wvfufb99k96sexemxvvn.jpg",Abbott,47,13,40
Mexohar 150mg Capsule,Mexiletine (150mg),Treatment of Arrhythmia,Upper abdominal pain Lightheadedness Tremors Impaired coordination,"https://onemg.gumlet.io/l_watermark_346,w_480,h_480/a_ignore,w_480,h_480,c_fit,q_auto,f_auto/kbu7p5rbewdopyw2kfrs.jpg",Cipla Ltd,37,52,11
Mucolite LS Syrup,Levosalbutamol (1mg/5ml) + Ambroxol (30mg/5ml) + Guaifenesin (50mg/5ml), Chronic obstructive pulmonary disease (COPD),Bronchitis inflammation of the airways Dizziness Vomiting Inflammation of the nose Pain Asthma Pharyngitis,"https://onemg.gumlet.io/l_watermark_346,w_480,h_480/a_ignore,w_480,h_480,c_fit,q_auto,f_auto/cnce9z88i81dhbjhcmvt.jpg",Dr Reddy's Laboratories Ltd,22,45,33
Monlevo Tablet,Levocetirizine (5mg) + Montelukast (10mg),Treatment of Sneezing and runny nose due to allergiesTreatment of Hay feverTreatment of Allergic skin conditions,Nausea Diarrhea Dryness in mouth Fatigue Headache Skin rash Sleepiness Vomiting,"https://onemg.gumlet.io/l_watermark_346,w_480,h_480/a_ignore,w_480,h_480,c_fit,q_auto,f_auto/cropped/guszoanzfz6wsr4cyy2c.jpg",Franco-Indian Pharmaceuticals Pvt Ltd,52,39,9
Melgain Lotion,Deca Peptide (1mg/ml), Vitiligo,Dry skin Skin irritation Burning sensation,"https://onemg.gumlet.io/l_watermark_346,w_480,h_480/a_ignore,w_480,h_480,c_fit,q_auto,f_auto/cropped/w16p75rdp1eabdycaupc.jpg",Zydus Cadila,20,27,53
Miofree A 4mg Tablet,Aceclofenac (100mg) + Thiocolchicoside (4mg),Treatment of Pain due to muscle spasm,Nausea Vomiting Heartburn Stomach pain epigastric pain Loss of appetite Diarrhea,"https://onemg.gumlet.io/l_watermark_346,w_480,h_480/a_ignore,w_480,h_480,c_fit,q_auto,f_auto/cropped/ntvgsgnpvle7txxdgw2o.jpg",Lupin Ltd,23,49,28
Mega FreeFlex Joint Health Tablet,Glucosamine (750mg) + Chondroitin (600mg), Osteoarthritis,Nausea Diarrhea Constipation Heartburn,"https://onemg.gumlet.io/l_watermark_346,w_480,h_480/a_ignore,w_480,h_480,c_fit,q_auto,f_auto/370d15e0168d48c8b52c72a4b6d4b56c.jpg",Universal NutriScience,23,51,26
Megacholin Plus Tablet,Citicoline (500mg) + Piracetam (800mg), Stroke,Weight gain Hyperactivity Stomach pain Nervousness Diarrhea Decreased blood pressure,"https://onemg.gumlet.io/l_watermark_346,w_480,h_480/a_ignore,w_480,h_480,c_fit,q_auto,f_auto/5e2e5bb206bc458084788abc9bf342fe.jpg",Aristo Pharmaceuticals Pvt Ltd,0,75,25
Mintop Eva Solution,Minoxidil (5% w/v),Treatment of Hair loss,Itching Chest pain Headache Hypertrichosis excessive hair growth Rash Dermatitis Hypersensitivity Weight gain Fluid retention Tachycardia,"https://onemg.gumlet.io/l_watermark_346,w_480,h_480/a_ignore,w_480,h_480,c_fit,q_auto,f_auto/44b38749204b4c849b05b825c591075c.jpg",Dr Reddy's Laboratories Ltd,14,30,56
Mfsone Cream,Mometasone (0.1% w/w),Treatment of Skin conditions with inflammation & itching,Stinging sensation Itching Hair follicle inflammation,"https://onemg.gumlet.io/l_watermark_346,w_480,h_480/a_ignore,w_480,h_480,c_fit,q_auto,f_auto/cropped/di3gbuc2dlebgcnqp8el.jpg",KLM Laboratories Pvt Ltd,20,56,24
Maxgalin M ER 75 Tablet,Methylcobalamin (1500mcg) + Pregabalin (75mg),Treatment of Neuropathic pain,Dizziness Sleepiness Tiredness Uncoordinated body movements,"https://onemg.gumlet.io/l_watermark_346,w_480,h_480/a_ignore,w_480,h_480,c_fit,q_auto,f_auto/dbdae4ed396947cfb6dfaa2b319ff43e.jpg",Sun Pharmaceutical Industries Ltd,42,41,17
Megapen Kid Tablet,Ampicillin (125mg) + Cloxacillin (125mg),Treatment of Bacterial infections,Nausea Vomiting Diarrhea Abdominal pain Headache Allergy,"https://onemg.gumlet.io/l_watermark_346,w_480,h_480/a_ignore,w_480,h_480,c_fit,q_auto,f_auto/cropped/mca9qrikjaxzr9bzd9rb.jpg",Aristo Pharmaceuticals Pvt Ltd,56,44,0
Maxtra Tablet,Chlorpheniramine Maleate (4mg) + Phenylephrine (10mg),Treatment of Common cold,Vomiting Headache Restlessness Anxiety Dizziness Tremors Pale skin High blood pressure Seizure Cerebral hemorrhage Palpitations Paresthesia tingling or pricking sensation Abdominal pain Allergic reaction Decreased appetite Blurred vision Dry nose Dry throat Excitement Rash,"https://onemg.gumlet.io/l_watermark_346,w_480,h_480/a_ignore,w_480,h_480,c_fit,q_auto,f_auto/cropped/m0o4rigtcffi0wauvhou.jpg",Zuventus Healthcare Ltd,27,60,13
Momesone Cream,Mometasone (0.1% w/w),Treatment of Skin conditions with inflammation & itching,Stinging sensation Itching Hair follicle inflammation,"https://onemg.gumlet.io/l_watermark_346,w_480,h_480/a_ignore,w_480,h_480,c_fit,q_auto,f_auto/cropped/vcfj7fgjxcyyff8k2hal.jpg",Intas Pharmaceuticals Ltd,28,61,11
Montemac AL Tablet,Ambroxol (75mg) + Levocetirizine (5mg) + Montelukast (10mg),Treatment of Respiratory tract disorders associated with viscid mucus,Nausea Upset stomach Dryness in mouth Headache Fatigue Allergic reaction Sleepiness Flu like symptoms,"https://onemg.gumlet.io/l_watermark_346,w_480,h_480/a_ignore,w_480,h_480,c_fit,q_auto,f_auto/cropped/sbo4yd8cmq6hjr7wmvny.jpg",Macleods Pharmaceuticals Pvt Ltd,64,36,0
Maxtra Cold Plus Tablet,Caffeine (30mg) + Diphenhydramine (25mg) + Paracetamol (325mg) + Phenylephrine (5mg),Treatment of Common cold,Nausea Vomiting Insomnia difficulty in sleeping Dizziness Impaired coordination Headache Sedation Inability to concentrate Irritability Tremors Diarrhea Dryness in mouth Fatigue Blurred vision,"https://onemg.gumlet.io/l_watermark_346,w_480,h_480/a_ignore,w_480,h_480,c_fit,q_auto,f_auto/1167ed47160c4ccbb55cfc4b915bd805.jpg",Zuventus Healthcare Ltd,33,11,56
Meftal-Spas Drops,Dicyclomine (10mg) + Simethicone (40mg),Treatment of Irritable bowel syndromeTreatment of Abdominal pain,Nausea Vomiting Blurred vision Drowsiness Nervousness Constipation Diarrhea Burping Loss of appetite,"https://onemg.gumlet.io/l_watermark_346,w_480,h_480/a_ignore,w_480,h_480,c_fit,q_auto,f_auto/cropped/tltqgnyaa9hcmbte9ipi.jpg",Blue Cross Laboratories Ltd,33,27,40
Minado 500 Tablet,Naproxen (500mg) + Domperidone (10mg),Prevention of Migraine,Flu like symptoms Indigestion Dryness in mouth,"https://onemg.gumlet.io/l_watermark_346,w_480,h_480/a_ignore,w_480,h_480,c_fit,q_auto,f_auto/av5s23oqvq9yshqfrqxm.jpg",Tas Med India Pvt Ltd,33,47,20
Mirago S 25 Combikit,Mirabegron (25mg) + Solifenacin (5mg), Overactive bladder (OAB) symptoms,High blood pressure Nasopharyngitis inflammation of the throat and nasal passages Urinary tract infection Headache Dryness in mouth Constipation Increased heart rate Blurred vision,"https://onemg.gumlet.io/l_watermark_346,w_480,h_480/a_ignore,w_480,h_480,c_fit,q_auto,f_auto/cropped/wbsvwgqvjutp0yh0u9zg.jpg",Sun Pharmaceutical Industries Ltd,33,17,50
Meftal-Spas Suspension,Dicyclomine (10mg) + Simethicone (40mg),Treatment of Irritable bowel syndromeTreatment of Abdominal pain,Nausea Vomiting Blurred vision Drowsiness Nervousness Constipation Diarrhea Burping Loss of appetite,"https://onemg.gumlet.io/l_watermark_346,w_480,h_480/a_ignore,w_480,h_480,c_fit,q_auto,f_auto/cropped/qsepbs50gzeywrw1gtsa.jpg",Blue Cross Laboratories Ltd,50,25,25
Maxiliv Injection,Glutathione (600mg), Liver  disease,Injection site reactions pain swelling redness,"https://onemg.gumlet.io/l_watermark_346,w_480,h_480/a_ignore,w_480,h_480,c_fit,q_auto,f_auto/cropped/rr6czbnnsamgbwd7j18l.jpg",Zuventus Healthcare Ltd,15,44,41
Momate-XL Cream,Mometasone (0.1% w/w),Treatment of Skin conditions with inflammation & itching,Stinging sensation Itching Hair follicle inflammation,"https://onemg.gumlet.io/l_watermark_346,w_480,h_480/a_ignore,w_480,h_480,c_fit,q_auto,f_auto/cropped/w385banplc4rkwjpgasa.jpg",Glenmark Pharmaceuticals Ltd,36,34,30
Mucobenz Mouth Wash,Benzydamine (0.15% w/v), Pain relief,No common side effects seen,"https://onemg.gumlet.io/l_watermark_346,w_480,h_480/a_ignore,w_480,h_480,c_fit,q_auto,f_auto/cqaxs9h8jf5ywgwjj07p.jpg",Aureate Healthcare Pvt Ltd,39,42,19
Mucaine Gel Mint Sugar Free,Oxetacaine (10mg/5ml) + Aluminium Hydroxide (0.291gm/5ml) + Milk Of Magnesia (98mg/5ml),Treatment of AcidityTreatment of HeartburnTreatment of Stomach ulcers,Constipation Diarrhea Allergic reaction,"https://onemg.gumlet.io/l_watermark_346,w_480,h_480/a_ignore,w_480,h_480,c_fit,q_auto,f_auto/cropped/caru9wzwknvqujaaal04.jpg",Pfizer Ltd,28,53,19
Metolar 50 Tablet,Metoprolol Tartrate (50mg),Treatment of Hypertension (high blood pressure)Treatment of Angina (heart-related chest pain)Treatment of ArrhythmiaPrevention of Heart attackPrevention of Migraine,Orthostatic hypotension sudden lowering of blood pressure on standing Slow heart rate Headache Dizziness Tiredness Stomach pain Nausea Breathlessness,"https://onemg.gumlet.io/l_watermark_346,w_480,h_480/a_ignore,w_480,h_480,c_fit,q_auto,f_auto/cropped/idm0h6aliwhtgqg0du6v.jpg",Cipla Ltd,33,51,16
Migon Plus Tablet,Propranolol (40mg) + Flunarizine (10mg),Prevention of Migraine,Weight gain Slow heart rate Tiredness Depression Drowsiness Abnormal dreams Cold extremities,"https://onemg.gumlet.io/l_watermark_346,w_480,h_480/a_ignore,w_480,h_480,c_fit,q_auto,f_auto/cropped/kat8wcknf5qp47jtncns.jpg",Cadila Pharmaceuticals Ltd,36,28,36
Metasone Cream,Mometasone (0.1% w/w),Treatment of Skin conditions with inflammation & itching,Stinging sensation Itching Hair follicle inflammation,"https://onemg.gumlet.io/l_watermark_346,w_480,h_480/a_ignore,w_480,h_480,c_fit,q_auto,f_auto/qay5uunerl11o5uamylk.jpg",Talent India ,33,17,50
Montair 4mg Chewable Tablet,Montelukast (4mg),Treatment of Sneezing and runny nose due to allergies,Headache Diarrhea Abdominal pain Fever Upper respiratory tract infection,"https://onemg.gumlet.io/l_watermark_346,w_480,h_480/a_ignore,w_480,h_480,c_fit,q_auto,f_auto/cropped/t030yapvtxinrt9la8ic.jpg",Cipla Ltd,24,46,30
Motivyst Tablet,Canagliflozin (300mg),Treatment of Type 2 diabetes mellitus,Increased thirst Polyuria Urinary tract infection Genital fungal infection Nausea Constipation Rash,"https://onemg.gumlet.io/l_watermark_346,w_480,h_480/a_ignore,w_480,h_480,c_fit,q_auto,f_auto/cropped/f9tdrun88rd30x4qdnjd.jpg",Janssen Pharmaceuticals,37,38,25
Macpred 4 Tablet,Methylprednisolone (4mg),Treatment of Rheumatic disorderTreatment of Systemic lupus erythematosus (SLE)Treatment of Allergic conditionsTreatment of Eye disordersTreatment of Skin disorders,Thinning of skin Increased risk of infection Reduction in bone density Weight gain Mood changes Upset stomach Behavioral changes,"https://onemg.gumlet.io/l_watermark_346,w_480,h_480/a_ignore,w_480,h_480,c_fit,q_auto,f_auto/cropped/h3udnqjdrs8s4fan2h2g.jpg",Macleods Pharmaceuticals Pvt Ltd,22,34,44
Macpod 50 Oral Suspension,Cefpodoxime Proxetil (50mg/5ml),Treatment of Bacterial infections,Abdominal pain Rash Nausea Diarrhea,"https://onemg.gumlet.io/l_watermark_346,w_480,h_480/a_ignore,w_480,h_480,c_fit,q_auto,f_auto/cropped/jvrkcrmpjpsm4mbxixk1.jpg",Macleods Pharmaceuticals Pvt Ltd,47,20,33
Mildfil Tablet,Tadalafil (5mg),Treatment of Erectile dysfunction,Headache Muscle pain Upset stomach Back pain Nasopharyngitis inflammation of the throat and nasal passages,"https://onemg.gumlet.io/l_watermark_346,w_480,h_480/a_ignore,w_480,h_480,c_fit,q_auto,f_auto/cropped/msdqcbvfufzvetsa5r5d.jpg",Fourrts India Laboratories Pvt Ltd,43,21,36
Moxiblu LX Eye Drop,Loteprednol etabonate (5mg) + Moxifloxacin (5mg),Treatment of Eye infection with inflammation,Eye irritation Eye discomfort,"https://onemg.gumlet.io/l_watermark_346,w_480,h_480/a_ignore,w_480,h_480,c_fit,q_auto,f_auto/pmwfv4aei0cntbhy5rkv.jpg",Lupin Ltd,0,67,33
Myosone Tablet,Eperisone (50mg), Muscle relaxation,Sleepiness Fatigue Muscle weakness Headache Dryness in mouth Upset stomach,"https://onemg.gumlet.io/l_watermark_346,w_480,h_480/a_ignore,w_480,h_480,c_fit,q_auto,f_auto/cropped/eiidllpbyw9sb0sfpf41.jpg",Macleods Pharmaceuticals Pvt Ltd,24,38,38
Mahacort DZ 6 Tablet,Deflazacort (6mg),Treatment of Inflammatory conditionsTreatment of Autoimmune conditionsTreatment of Cancer,Increased appetite Weight gain Frequent urge to urinate Cushing syndrome Cough Upper respiratory tract infection Abnormal hair growth Obesity Nasopharyngitis inflammation of the throat and nasal passages,"https://onemg.gumlet.io/l_watermark_346,w_480,h_480/a_ignore,w_480,h_480,c_fit,q_auto,f_auto/af51af0e5b7a47be8c999d25141c9042.jpg",Mankind Pharma Ltd,29,42,29
Myotop-DSR Tablet,Tolperisone (450mg) + Diclofenac (100mg), Pain due to muscle spasm,Nausea Vomiting Sleepiness Dizziness Dryness in mouth Fatigue Muscle weakness Abdominal discomfort Abdominal pain,"https://onemg.gumlet.io/l_watermark_346,w_480,h_480/a_ignore,w_480,h_480,c_fit,q_auto,f_auto/d1tm9app6yjqe33lx8u1.jpg",Zuventus Healthcare Ltd,17,25,58
Monocef-O CV Dry Syrup,Cefpodoxime Proxetil (100mg) + Clavulanic Acid (62.5mg),Treatment of Respiratory tract infection,Nausea Diarrhea Headache Rash Abdominal pain Vaginal infection Fungal infection of vagina,"https://onemg.gumlet.io/l_watermark_346,w_480,h_480/a_ignore,w_480,h_480,c_fit,q_auto,f_auto/48ad33982f8e42feafcb936ff83027cd.jpg",Aristo Pharmaceuticals Pvt Ltd,0,17,83
Mpx-CV 625 Tablet,Amoxycillin  (500mg) +  Clavulanic Acid (125mg),Treatment of Bacterial infections,Vomiting Nausea Diarrhea Mucocutaneous candidiasis,"https://onemg.gumlet.io/l_watermark_346,w_480,h_480/a_ignore,w_480,h_480,c_fit,q_auto,f_auto/splv3dxfhbt3wpno4hae.jpg",Hetero Drugs Ltd,36,28,36
Met XL AM 50/5 Tablet,Amlodipine (5mg) + Metoprolol Succinate (50mg),Treatment of Hypertension (high blood pressure),Nausea Slow heart rate Abdominal pain Dizziness Fatigue Sleepiness Ankle swelling Constipation Edema swelling Flushing sense of warmth in the face ears neck and trunk Palpitations Headache Vomiting Visual disturbance Orthostatic hypotension sudden lowering of blood pressure on standing Breathlessness Muscle cramp,"https://onemg.gumlet.io/l_watermark_346,w_480,h_480/a_ignore,w_480,h_480,c_fit,q_auto,f_auto/4a8ba65d54604bfdbffdd426cbdb5ad9.jpg",Ajanta Pharma Ltd,67,33,0
Metapro -XL 25 Tablet,Metoprolol Succinate (23.75mg),Treatment of Hypertension (high blood pressure)Treatment of Angina (heart-related chest pain)Treatment of ArrhythmiaPrevention of Heart attackPrevention of Migraine,Fatigue Headache Slow heart rate Dizziness Nausea Breathlessness Rash Diarrhea Depression,"https://onemg.gumlet.io/l_watermark_346,w_480,h_480/a_ignore,w_480,h_480,c_fit,q_auto,f_auto/cropped/dvclb6nitjofojx1ovni.jpg",Micro Labs Ltd,33,45,22
Miontizee-L Tablet,Levocetirizine (5mg) + Montelukast (10mg),Treatment of Sneezing and runny nose due to allergiesTreatment of Hay feverTreatment of Allergic skin conditions,Nausea Diarrhea Dryness in mouth Fatigue Headache Skin rash Sleepiness Vomiting,"https://onemg.gumlet.io/l_watermark_346,w_480,h_480/a_ignore,w_480,h_480,c_fit,q_auto,f_auto/j7x7b7kv6qddshsbpnpq.jpg",Zeelab Pharmacy Pvt Ltd,0,0,100
Monocef 2gm Injection,Ceftriaxone (2gm),Treatment of Bacterial infections,Diarrhea Abnormal liver function tests Rash,"https://onemg.gumlet.io/l_watermark_346,w_480,h_480/a_ignore,w_480,h_480,c_fit,q_auto,f_auto/cropped/b9zqgisoxi4en5rmb9ys.jpg",Aristo Pharmaceuticals Pvt Ltd,11,48,41
Mega-CV Forte 457mg Dry Syrup,Amoxycillin  (400mg/5ml) +  Clavulanic Acid (57mg/5ml),Treatment of Resistant Tuberculosis (TB)Treatment of Bacterial infections,Abdominal pain Allergy Vomiting Nausea Diarrhea Mucocutaneous candidiasis,"https://onemg.gumlet.io/l_watermark_346,w_480,h_480/a_ignore,w_480,h_480,c_fit,q_auto,f_auto/cropped/jingkuylilrxvfildun4.jpg",Aristo Pharmaceuticals Pvt Ltd,56,44,0
Myfortic 360mg Tablet,Mycophenolate sodium (360mg), Prevention of organ rejection in transplant patients,Nausea Vomiting Diarrhea Abdominal pain Headache High blood pressure Decreased white blood cell count neutrophils Bacterial infection Fungal infection Pneumonia Increased uric acid level in blood Electrolyte imbalance Anxiety Breathlessness Increased creatinine level in blood Anemia low number of red blood cells Acne Muscle pain,"https://onemg.gumlet.io/l_watermark_346,w_480,h_480/a_ignore,w_480,h_480,c_fit,q_auto,f_auto/05a74ac0e0ea469386b5d1ea2d7cc56a.jpg",Novartis India Ltd,63,24,13
Mycoderm-C Dusting Powder,Clotrimazole (1% w/w),Treatment of Fungal skin infections,Blisters Skin peeling Swelling Application site irritation,"https://onemg.gumlet.io/l_watermark_346,w_480,h_480/a_ignore,w_480,h_480,c_fit,q_auto,f_auto/cropped/xokuzbcj3wsdn5jrgk4y.jpg",FDC Ltd,42,38,20
Mext 7.5 F Combipack,Methotrexate (7.5mg) + Folic Acid (1mg), Rheumatoid arthritis,Mouth sore Nausea Vomiting Upset stomach Weakness Tiredness Fever Dizziness Decreased white blood cell count Increased risk of infection,"https://onemg.gumlet.io/l_watermark_346,w_480,h_480/a_ignore,w_480,h_480,c_fit,q_auto,f_auto/f28c2aaaf6fb4ae28ad0166c7599c389.jpg",Wallace Pharmaceuticals Pvt Ltd,29,42,29
Moxisurge-L Opthalmic Suspension,Loteprednol etabonate (0.5% w/v) + Moxifloxacin (0.5% w/v),Treatment of Eye infection with inflammation,Eye irritation Eye discomfort,"https://onemg.gumlet.io/l_watermark_346,w_480,h_480/a_ignore,w_480,h_480,c_fit,q_auto,f_auto/d356c5f4de9e4f04a896404d2d52500a.jpg",Ipca Laboratories Ltd,47,33,20
Metmin 500mg Tablet,Metformin (500mg),Treatment of Type 2 diabetes mellitus,Diarrhea Nausea Vomiting Flatulence,"https://onemg.gumlet.io/l_watermark_346,w_480,h_480/a_ignore,w_480,h_480,c_fit,q_auto,f_auto/027a8facfeed4c16a43ae124c96c68ff.jpg",Jenburkt Pharmaceuticals Ltd,67,33,0
MMF -S Tablet,Mycophenolate sodium (360mg), Prevention of organ rejection in transplant patients,Nausea Vomiting Diarrhea Abdominal pain Headache High blood pressure Decreased white blood cell count neutrophils Bacterial infection Fungal infection Pneumonia Increased uric acid level in blood Electrolyte imbalance Anxiety Breathlessness Increased creatinine level in blood Anemia low number of red blood cells Acne Muscle pain,"https://onemg.gumlet.io/l_watermark_346,w_480,h_480/a_ignore,w_480,h_480,c_fit,q_auto,f_auto/azaxbfl1pbrx3k9l9z40.jpg",Ipca Laboratories Ltd,30,43,27
Met-Innovfol Tablet,Myo-Inositol (550mg) + D-Chiro Inositol (13.8mg) + Metformin (500mg) + L-Methyl Folate Calcium (0.5mg) + Methylcobalamin (750mcg), Polycystic ovarian syndrome (PCOS),Taste change Nausea Vomiting Diarrhea Stomach pain Loss of appetite,"https://onemg.gumlet.io/l_watermark_346,w_480,h_480/a_ignore,w_480,h_480,c_fit,q_auto,f_auto/500098147e454fb19b09dc166b001318.jpg",Innovcare Lifesciences Pvt Ltd,19,53,28
Monadine Tablet,Montelukast (10mg) + Fexofenadine (120mg),Treatment of Sneezing and runny nose due to allergies,Nausea Diarrhea Vomiting Skin rash Flu like symptoms Headache Drowsiness Dizziness,"https://onemg.gumlet.io/l_watermark_346,w_480,h_480/a_ignore,w_480,h_480,c_fit,q_auto,f_auto/cropped/non2w8o8s4pwlgx3hdco.jpg",Franco-Indian Pharmaceuticals Pvt Ltd,35,50,15
Momate S Ointment,Mometasone (0.1% w/w) + Salicylic Acid (5% w/w), Eczema Psoriasis,Itching Burning sensation Erythema skin redness Scaling,"https://onemg.gumlet.io/l_watermark_346,w_480,h_480/a_ignore,w_480,h_480,c_fit,q_auto,f_auto/cropped/hhezq5prmh3no07wemmz.jpg",Glenmark Pharmaceuticals Ltd,36,22,42
Morease Tablet,Mebeverine (135mg),Treatment of Irritable bowel syndrome,Fainting Skin rash Angioedema swelling of deeper layers of skin,"https://onemg.gumlet.io/l_watermark_346,w_480,h_480/a_ignore,w_480,h_480,c_fit,q_auto,f_auto/cropped/ig1gizziflpcmfotbwe9.jpg",Dr Reddy's Laboratories Ltd,22,33,45
Mesacol Suppository,Mesalazine (500mg),Treatment of Ulcerative colitis,Rectal discomfort Flatulence Headache Vomiting Diarrhea Nausea Abdominal pain Rash,"https://onemg.gumlet.io/l_watermark_346,w_480,h_480/a_ignore,w_480,h_480,c_fit,q_auto,f_auto/cropped/l8siobhctly2edygouc9.jpg",Sun Pharmaceutical Industries Ltd,29,43,28
Metapro-XL 50 Tablet,Metoprolol Succinate (47.5mg),Treatment of Hypertension (high blood pressure)Treatment of Angina (heart-related chest pain)Treatment of ArrhythmiaPrevention of Heart attackPrevention of Migraine,Fatigue Headache Slow heart rate Dizziness Nausea Breathlessness Rash Diarrhea Depression,"https://onemg.gumlet.io/l_watermark_346,w_480,h_480/a_ignore,w_480,h_480,c_fit,q_auto,f_auto/cropped/tkywsagnszllfedo2amv.jpg",Micro Labs Ltd,42,44,14
Myoset Capsule SR,Eperisone (150mg), Muscle relaxation,Sleepiness Fatigue Muscle weakness Headache Dryness in mouth Upset stomach,"https://onemg.gumlet.io/l_watermark_346,w_480,h_480/a_ignore,w_480,h_480,c_fit,q_auto,f_auto/cropped/xqbuhivd5ru2d0vshxkr.jpg",Sparsh Remedies Pvt Ltd,33,37,30
Mycept 500 Tablet,Mycophenolate mofetil (500mg), Prevention of organ rejection in transplant patients,Nausea Vomiting Diarrhea Abdominal pain Headache High blood pressure Decreased white blood cell count neutrophils Fungal infection Low blood platelets Anemia low number of red blood cells Skin cancer Bacterial infection Hypercholesterolemia high cholesterol Viral infection Electrolyte imbalance Gout Weight loss Tremors Convulsion Tumor,"https://onemg.gumlet.io/l_watermark_346,w_480,h_480/a_ignore,w_480,h_480,c_fit,q_auto,f_auto/3a6f85f0ffed4b90a1d77d223226f27f.jpg",Panacea Biotec Ltd,59,36,5
Minoz ER 65 Tablet,Minocycline (65mg),Treatment of Bacterial infectionsTreatment of Acne,Headache Dizziness Itching Fatigue,"https://onemg.gumlet.io/l_watermark_346,w_480,h_480/a_ignore,w_480,h_480,c_fit,q_auto,f_auto/cropped/fuc4vwieckmrb2qck3dj.jpg",Sun Pharmaceutical Industries Ltd,35,46,19
Metolar XR 12.5 Capsule,Metoprolol Succinate (11.8mg),Treatment of Hypertension (high blood pressure)Treatment of Angina (heart-related chest pain)Treatment of ArrhythmiaPrevention of Heart attackPrevention of Migraine,Fatigue Headache Slow heart rate Dizziness Nausea Breathlessness Rash Diarrhea Depression,"https://onemg.gumlet.io/l_watermark_346,w_480,h_480/a_ignore,w_480,h_480,c_fit,q_auto,f_auto/cropped/lzzutivhpteo2vgtoffq.jpg",Cipla Ltd,13,54,33
Megahenz 40 Tablet,Megestrol (40mg), Breast cancer Endometrial cancer,Increased appetite Weight gain Hot flashes High blood pressure Constipation Increased glucose level in blood,"https://onemg.gumlet.io/l_watermark_346,w_480,h_480/a_ignore,w_480,h_480,c_fit,q_auto,f_auto/r2ufjeyyhiucv3nszkhb.jpg",Alniche Life Sciences Pvt Ltd,100,0,0
MP 4mg Tablet,Methylprednisolone (4mg),Treatment of Rheumatic disorderTreatment of Systemic lupus erythematosus (SLE)Treatment of Allergic conditionsTreatment of Eye disordersTreatment of Skin disorders,Thinning of skin Increased risk of infection Reduction in bone density Weight gain Mood changes Upset stomach Behavioral changes,"https://onemg.gumlet.io/l_watermark_346,w_480,h_480/a_ignore,w_480,h_480,c_fit,q_auto,f_auto/f7727c4a5ea84af599f346a298a428f7.jpg",Icon Life Sciences,13,67,20
Melbild Solution,Deca Peptide (1mg/ml), Vitiligo,Dry skin Skin irritation Burning sensation,"https://onemg.gumlet.io/l_watermark_346,w_480,h_480/a_ignore,w_480,h_480,c_fit,q_auto,f_auto/cropped/fyqkgikhswfepzhhau8l.jpg",Alkem Laboratories Ltd,11,39,50
Microcid Capsule,Indomethacin (25mg), Pain relief,Visual disturbance Vomiting Stomach pain epigastric pain Nausea Indigestion Dizziness Drowsiness Visual disorder,"https://onemg.gumlet.io/l_watermark_346,w_480,h_480/a_ignore,w_480,h_480,c_fit,q_auto,f_auto/lfxdhj6yk2mmcwalbz1c.jpg",Micro Labs Ltd,27,43,30
Minoz-BPO Gel,Adapalene (0.1% w/w) + Benzoyl Peroxide (2.5% w/w), Acne,Erythema skin redness Burning sensation Scaling Stinging sensation,"https://onemg.gumlet.io/l_watermark_346,w_480,h_480/a_ignore,w_480,h_480,c_fit,q_auto,f_auto/cropped/wc1to2mchqbbftxckvoa.jpg",Sun Pharmaceutical Industries Ltd,36,41,23
M-Sys Ointment,Mupirocin (2% w/w),Treatment of Bacterial skin infections,Itching Burning sensation Stinging sensation Pain,"https://onemg.gumlet.io/l_watermark_346,w_480,h_480/a_ignore,w_480,h_480,c_fit,q_auto,f_auto/b9b0b99aaa174e37bdb2d3c092d60042.jpg",Systopic Laboratories Pvt Ltd,42,33,25
Misopt Eye Drop,Dorzolamide (2% w/v) + Timolol (0.5% w/v),Treatment of GlaucomaTreatment of Ocular hypertension,Burning sensation Eye redness Itching Stinging sensation Blurred vision,"https://onemg.gumlet.io/l_watermark_346,w_480,h_480/a_ignore,w_480,h_480,c_fit,q_auto,f_auto/cropped/pndk8bztngybawmswmey.jpg",Micro Labs Ltd,42,55,3
Match 150mg Injection,Arteether (150mg), Malaria,Headache Weakness Dizziness Joint pain Muscle pain Injection site reactions pain swelling redness,"https://onemg.gumlet.io/l_watermark_346,w_480,h_480/a_ignore,w_480,h_480,c_fit,q_auto,f_auto/3efc4f57e17f40ff8bf5e4631ec436fe.jpg",Mankind Pharma Ltd,43,19,38
M-Solvin Syrup Lime,Ambroxol (30mg/10ml) + Guaifenesin (100mg/10ml) + Terbutaline (2.5mg/10ml), Cough with mucus,Nausea Vomiting Diarrhea Dizziness Headache Rash Tremors Increased heart rate Indigestion Bloating Upper abdominal pain Urticaria Itching Sweating Changes in serum aminotransferase levels,"https://onemg.gumlet.io/l_watermark_346,w_480,h_480/a_ignore,w_480,h_480,c_fit,q_auto,f_auto/cropped/m2gog80vly062ollokou.jpg",Ipca Laboratories Ltd,0,48,52
Macpred 8 Tablet,Methylprednisolone (8mg),Treatment of Rheumatic disorderTreatment of Systemic lupus erythematosus (SLE)Treatment of Allergic conditionsTreatment of Eye disordersTreatment of Skin disorders,Thinning of skin Increased risk of infection Reduction in bone density Weight gain Mood changes Upset stomach Behavioral changes,"https://onemg.gumlet.io/l_watermark_346,w_480,h_480/a_ignore,w_480,h_480,c_fit,q_auto,f_auto/95c6df7fcb0e4094a3fb73d297162cca.jpg",Macleods Pharmaceuticals Pvt Ltd,0,72,28
Magadol Oral Suspension,Paracetamol (250mg/5ml), Pain reliefTreatment of Fever,Indigestion Stomach pain Nausea Vomiting,"https://onemg.gumlet.io/l_watermark_346,w_480,h_480/a_ignore,w_480,h_480,c_fit,q_auto,f_auto/cropped/owcba8pftity7cqnikzr.jpg",Alembic Pharmaceuticals Ltd,17,41,42
Mirabig 25mg Tablet ER,Mirabegron (25mg),Treatment of Overactive bladder (OAB) symptoms,Constipation Headache High blood pressure Nasal inflammation Urinary tract infection Fast heart rate Joint pain,"https://onemg.gumlet.io/l_watermark_346,w_480,h_480/a_ignore,w_480,h_480,c_fit,q_auto,f_auto/cropped/uj4jk9sxp02aojm1t2kb.jpg",MSN Laboratories,39,11,50
Macralfate-O Suspension Sugar Free,Sucralfate (500mg) + Oxetacaine (10mg),Treatment of AcidityTreatment of HeartburnTreatment of Stomach ulcers,Constipation Nausea Vomiting Dizziness Insomnia difficulty in sleeping Allergic reaction,"https://onemg.gumlet.io/l_watermark_346,w_480,h_480/a_ignore,w_480,h_480,c_fit,q_auto,f_auto/3fb8f3259b074e7bbc89e3b338c0c5f0.jpg",Macleods Pharmaceuticals Pvt Ltd,41,52,7
Mefkind-P Suspension,Mefenamic Acid (100mg/5ml), Pain relief,Vomiting Stomach pain Nausea Headache Dizziness,"https://onemg.gumlet.io/l_watermark_346,w_480,h_480/a_ignore,w_480,h_480,c_fit,q_auto,f_auto/983358bac27e46329f6c2f51db14958a.jpg",Mankind Pharma Ltd,26,33,41
Mirago S 50 Combikit,Mirabegron (50mg) + Solifenacin (5mg), Overactive bladder (OAB) symptoms,High blood pressure Nasopharyngitis inflammation of the throat and nasal passages Urinary tract infection Headache Dryness in mouth Constipation Increased heart rate Blurred vision,"https://onemg.gumlet.io/l_watermark_346,w_480,h_480/a_ignore,w_480,h_480,c_fit,q_auto,f_auto/cropped/yaun5sjd1xlojigets0e.jpg",Sun Pharmaceutical Industries Ltd,22,45,33
Mext 7.5 Tablet,Methotrexate (7.5mg),Treatment of CancerTreatment of Rheumatoid arthritisTreatment of PsoriasisTreatment of Crohn’s disease,Ulcerative stomatitis Nausea Abdominal pain Increased liver enzymes Hair loss Decreased blood cells red cells white cells and platelets,"https://onemg.gumlet.io/l_watermark_346,w_480,h_480/a_ignore,w_480,h_480,c_fit,q_auto,f_auto/cropped/tufkj5cfykk5moawe74z.jpg",Wallace Pharmaceuticals Pvt Ltd,27,49,24
Meftal-Spas Injection,Dicyclomine (10mg), Abdominal pain Irritable bowel syndrome,Nausea Dizziness Blurred vision Dryness in mouth Nervousness Drowsiness Vomiting Psychosis Diarrhea Photophobia Dyspepsia Abdominal pain Insomnia difficulty in sleeping Confusion Hallucination Dry skin Reduced bronchial secretions,"https://onemg.gumlet.io/l_watermark_346,w_480,h_480/a_ignore,w_480,h_480,c_fit,q_auto,f_auto/3931a094d2474cb59abfd6453a7814ca.jpg",Blue Cross Laboratories Ltd,73,27,0
Maxtra P  DS Syrup,Chlorpheniramine Maleate (2mg) + Paracetamol (250mg) + Phenylephrine (5mg),Treatment of Common cold,Nausea Headache Insomnia difficulty in sleeping Dizziness Tachycardia Palpitations Fear Anxiety Restlessness Tremors Weakness Discomfort when urinating Hallucination Convulsion,"https://onemg.gumlet.io/l_watermark_346,w_480,h_480/a_ignore,w_480,h_480,c_fit,q_auto,f_auto/cropped/nu9ejobtvxyrm1hli8pi.jpg",Zuventus Healthcare Ltd,33,34,33
M-Solvin Tablet,Ambroxol (30mg) + Guaifenesin (100mg) + Terbutaline (2.5mg), Cough with mucus,Nausea Vomiting Diarrhea Dizziness Headache Rash Tremors Increased heart rate Indigestion Bloating Upper abdominal pain Urticaria Itching Sweating Changes in serum aminotransferase levels,"https://onemg.gumlet.io/l_watermark_346,w_480,h_480/a_ignore,w_480,h_480,c_fit,q_auto,f_auto/cropped/ry3qasrlmugpbowims7q.jpg",Ipca Laboratories Ltd,33,50,17
Mega-CV Drops,Amoxycillin  (80mg) +  Clavulanic Acid (11.4mg),Treatment of Resistant Tuberculosis (TB)Treatment of Bacterial infections,Abdominal pain Allergy Vomiting Nausea Diarrhea Mucocutaneous candidiasis,"https://onemg.gumlet.io/l_watermark_346,w_480,h_480/a_ignore,w_480,h_480,c_fit,q_auto,f_auto/9baf4d69739f495687d775f7db241892.jpg",Aristo Pharmaceuticals Pvt Ltd,0,0,100
Minoz 50 Tablet,Minocycline (50mg),Treatment of Bacterial infectionsTreatment of Acne,Headache Dizziness Itching Fatigue,"https://onemg.gumlet.io/l_watermark_346,w_480,h_480/a_ignore,w_480,h_480,c_fit,q_auto,f_auto/cropped/u4tm7jnp8c2iesl7ysl0.jpg",Sun Pharmaceutical Industries Ltd,50,38,12
MX 2 Solution,Minoxidil (2% w/v),Treatment of Hair loss,Itching Chest pain Headache Hypertrichosis excessive hair growth Rash Dermatitis Hypersensitivity Weight gain Fluid retention Tachycardia,"https://onemg.gumlet.io/l_watermark_346,w_480,h_480/a_ignore,w_480,h_480,c_fit,q_auto,f_auto/cropped/fzzwuusznfwerkuz3t55.jpg",Hegde and Hegde Pharmaceutical LLP,17,38,45
Mariliv Oral Suspension,Silymarin (35mg) + Tricholine Citrate (105mg), Fatty liver disease,Dryness in mouth Drowsiness,"https://onemg.gumlet.io/l_watermark_346,w_480,h_480/a_ignore,w_480,h_480,c_fit,q_auto,f_auto/cropped/dpnlxyzktqzsp4dvczyw.jpg",Emcee Pharmaceuticals Pvt Ltd,100,0,0
Moxclav DS Powder for Oral Suspension,Amoxycillin  (400mg/5ml) +  Clavulanic Acid (57mg/5ml),Treatment of Resistant Tuberculosis (TB)Treatment of Bacterial infections,Abdominal pain Allergy Vomiting Nausea Diarrhea Mucocutaneous candidiasis,"https://onemg.gumlet.io/l_watermark_346,w_480,h_480/a_ignore,w_480,h_480,c_fit,q_auto,f_auto/cropped/bbetsrk1adoju7fvrjsz.jpg",Sun Pharmaceutical Industries Ltd,33,23,44
Mefast 100 Suspension,Mefenamic Acid (100mg/5ml), Pain relief,Vomiting Stomach pain Nausea Headache Dizziness,"https://onemg.gumlet.io/l_watermark_346,w_480,h_480/a_ignore,w_480,h_480,c_fit,q_auto,f_auto/cropped/wwlc02cfcyu7bj3c9t7g.jpg",Zuventus Healthcare Ltd,11,33,56
Mo-Floren 5ml Eye Drop,Moxifloxacin (0.5% w/v),Treatment of Bacterial eye infections,Eye discomfort Dry eye Burning sensation in eye,"https://onemg.gumlet.io/l_watermark_346,w_480,h_480/a_ignore,w_480,h_480,c_fit,q_auto,f_auto/gqerns8koljpuyjcunno.jpg",Indoco Remedies Ltd,0,67,33
Morr Max 5% Serum,Minoxidil (5% w/v),Treatment of Hair loss,Itching Chest pain Headache Hypertrichosis excessive hair growth Rash Dermatitis Hypersensitivity Weight gain Fluid retention Tachycardia,"https://onemg.gumlet.io/l_watermark_346,w_480,h_480/a_ignore,w_480,h_480,c_fit,q_auto,f_auto/cropped/ewetfnx1b2a0qh5v7drl.jpg",Intas Pharmaceuticals Ltd,12,36,52
Montaz 500mg Injection,Ceftriaxone (500mg) + Tazobactum (62.5mg), Bacterial infections,Diarrhea Increased liver enzymes Allergic reaction Rash,"https://onemg.gumlet.io/l_watermark_346,w_480,h_480/a_ignore,w_480,h_480,c_fit,q_auto,f_auto/cropped/tvb1xlekiwzaa70mcy1q.jpg",Aristo Pharmaceuticals Pvt Ltd,56,11,33
Moxclav DS 457mg Tablet,Amoxycillin  (400mg) +  Clavulanic Acid (57mg),Treatment of Resistant Tuberculosis (TB)Treatment of Bacterial infections,Abdominal pain Allergy Vomiting Nausea Diarrhea Mucocutaneous candidiasis,"https://onemg.gumlet.io/l_watermark_346,w_480,h_480/a_ignore,w_480,h_480,c_fit,q_auto,f_auto/b6135246524b4da4b0cb096ef83fcb49.jpg",Sun Pharmaceutical Industries Ltd,67,33,0
Metagard CR 60 Tablet,Trimetazidine (60mg),Treatment of Angina (heart-related chest pain),Dizziness Headache Nausea Vomiting Weakness Rash Abdominal pain Indigestion Itching Diarrhea Hives,"https://onemg.gumlet.io/l_watermark_346,w_480,h_480/a_ignore,w_480,h_480,c_fit,q_auto,f_auto/cropped/btedl7aon3cgeawnphtm.jpg",Ipca Laboratories Ltd,38,33,29
Morease- SR Capsule,Mebeverine (200mg),Treatment of Irritable bowel syndrome,Fainting Skin rash Angioedema swelling of deeper layers of skin,"https://onemg.gumlet.io/l_watermark_346,w_480,h_480/a_ignore,w_480,h_480,c_fit,q_auto,f_auto/cropped/tc3u7tyeaxgutug7hwce.jpg",Dr Reddy's Laboratories Ltd,33,56,11
Mucaine Gel Orange,Oxetacaine (10mg/5ml) + Aluminium Hydroxide (0.291gm/5ml) + Milk Of Magnesia (98mg/5ml),Treatment of AcidityTreatment of HeartburnTreatment of Stomach ulcers,Constipation Diarrhea Allergic reaction,"https://onemg.gumlet.io/l_watermark_346,w_480,h_480/a_ignore,w_480,h_480,c_fit,q_auto,f_auto/cropped/carivzpp69adiyfztp8a.jpg",Pfizer Ltd,44,43,13
Mazetol 100 Tablet,Carbamazepine (100mg), Epilepsy/Seizures Trigeminal neuralgia Diabetic nerve pain,Dizziness Nausea Vomiting Constipation Sleepiness Abnormality of voluntary movements,"https://onemg.gumlet.io/l_watermark_346,w_480,h_480/a_ignore,w_480,h_480,c_fit,q_auto,f_auto/cropped/q5qutl5enrqb9cngui2k.jpg",Abbott,0,50,50
Mox Kid 250mg Tablet,Amoxycillin (250mg),Treatment of Bacterial infections,Nausea Diarrhea Skin rash Vomiting,"https://onemg.gumlet.io/l_watermark_346,w_480,h_480/a_ignore,w_480,h_480,c_fit,q_auto,f_auto/cropped/jvmqetsozrae2wfde6fa.jpg",Sun Pharmaceutical Industries Ltd,27,33,40
Metrogyl Compound Plus  Tablet,Diloxanide (375mg) + Ornidazole (250mg) + Simethicone (25mg), Diarrhea,Nausea Vomiting Taste change Flatulence Sleepiness Headache Dizziness,"https://onemg.gumlet.io/l_watermark_346,w_480,h_480/a_ignore,w_480,h_480,c_fit,q_auto,f_auto/cropped/mbsxovdcejlgei2gmqwo.jpg",J B Chemicals and Pharmaceuticals Ltd,48,35,17
Moisol-Z Eye Drops,Hydroxypropylmethylcellulose (0.3% w/v) + sodium perborate monohydrate (0.03% w/v), Dry eyes,Blurred vision,"https://onemg.gumlet.io/l_watermark_346,w_480,h_480/a_ignore,w_480,h_480,c_fit,q_auto,f_auto/fdwmxmmoexgcaokzthn7.jpg",FDC Ltd,44,39,17
Mucotab Tablet,Acetylcysteine (600mg),Treatment of Paracetamol toxicity,Fever Nausea Vomiting Rash Gastrointestinal discomfort,"https://onemg.gumlet.io/l_watermark_346,w_480,h_480/a_ignore,w_480,h_480,c_fit,q_auto,f_auto/cropped/xxyjxuc8a0pdtw6hzyp2.jpg",Zydus Cadila,28,28,44
Mesahenz 1200 Tablet PR,Mesalazine (1200mg), Ulcerative colitis Crohn’s disease,Stomach pain epigastric pain Flatulence Headache Vomiting Diarrhea Nausea Abdominal pain Rash,"https://onemg.gumlet.io/l_watermark_346,w_480,h_480/a_ignore,w_480,h_480,c_fit,q_auto,f_auto/23e30ef07f41437f90c193bf5b536cce.jpg",La Renon Healthcare Pvt Ltd,28,59,13
Maxgalin M 50 Capsule,Methylcobalamin (500mcg) + Pregabalin (50mg),Treatment of Neuropathic pain,Dizziness Sleepiness Tiredness Uncoordinated body movements,"https://onemg.gumlet.io/l_watermark_346,w_480,h_480/a_ignore,w_480,h_480,c_fit,q_auto,f_auto/ce59c15f855441faa36d2d10abc75435.jpg",Sun Pharmaceutical Industries Ltd,33,67,0
Matiz SR Capsule,Mebeverine (200mg),Treatment of Irritable bowel syndrome,Fainting Skin rash Angioedema swelling of deeper layers of skin,"https://onemg.gumlet.io/l_watermark_346,w_480,h_480/a_ignore,w_480,h_480,c_fit,q_auto,f_auto/v1mio3j8epqv5zatzddy.jpg",Tas Med India Pvt Ltd,27,46,27
Mlobe Eye Drop,Moxifloxacin (0.5% w/v),Treatment of Bacterial eye infections,Eye discomfort Dry eye Burning sensation in eye,"https://onemg.gumlet.io/l_watermark_346,w_480,h_480/a_ignore,w_480,h_480,c_fit,q_auto,f_auto/cropped/fks0a3m2dfffdb351kjt.jpg",Sapient Laboratories Pvt Ltd,50,17,33
Maxiflo 250 Rotacaps,Formoterol (6mcg) + Fluticasone Propionate (250mcg),Treatment of Chronic obstructive pulmonary disease (COPD),Headache Cough Upper respiratory tract infection Nasopharyngitis inflammation of the throat and nasal passages Sinus inflammation Stomach discomfort Fungal infection of oropharynx Tremors Palpitations Voice change,"https://onemg.gumlet.io/l_watermark_346,w_480,h_480/a_ignore,w_480,h_480,c_fit,q_auto,f_auto/cropped/uknwr1prv6cwmlkbdwsg.jpg",Cipla Ltd,40,36,24
Mesacol CR 1gm Granules,Mesalazine (1gm), Ulcerative colitis Crohn’s disease,Stomach pain epigastric pain Flatulence Headache Vomiting Diarrhea Nausea Abdominal pain Rash,"https://onemg.gumlet.io/l_watermark_346,w_480,h_480/a_ignore,w_480,h_480,c_fit,q_auto,f_auto/cropped/gbtzow18vol8drhmcdso.jpg",Sun Pharmaceutical Industries Ltd,15,67,18
Myhep All Tablet,Sofosbuvir (400mg) + Velpatasvir (100mg),Treatment of Chronic hepatitis C virus (HCV) infection,Headache Tiredness,"https://onemg.gumlet.io/l_watermark_346,w_480,h_480/a_ignore,w_480,h_480,c_fit,q_auto,f_auto/dpqfpuqotvmpcvch52xu.jpg",Mylan Pharmaceuticals Pvt Ltd - A Viatris Company,39,22,39
Megatin DC Capsule,Ampicillin (250mg) + Dicloxacillin (250mg),Treatment of Bacterial infections,Rash Vomiting Allergic reaction Stomach pain Nausea Diarrhea,"https://onemg.gumlet.io/l_watermark_346,w_480,h_480/a_ignore,w_480,h_480,c_fit,q_auto,f_auto/787401f8ea72476bb2e33b44ac9a866e.jpg",Alkem Laboratories Ltd,28,16,56
Mycofit 500 Tablet,Mycophenolate mofetil (500mg), Prevention of organ rejection in transplant patients,Nausea Vomiting Diarrhea Abdominal pain Headache High blood pressure Decreased white blood cell count neutrophils Fungal infection Low blood platelets Anemia low number of red blood cells Skin cancer Bacterial infection Hypercholesterolemia high cholesterol Viral infection Electrolyte imbalance Gout Weight loss Tremors Convulsion Tumor,"https://onemg.gumlet.io/l_watermark_346,w_480,h_480/a_ignore,w_480,h_480,c_fit,q_auto,f_auto/cznhkeglhr0xppihgv3w.jpg",Intas Pharmaceuticals Ltd,44,23,33
Minirin 0.2mg Tablet,Desmopressin (0.2mg), Diabetes insipidus Bed-wetting,Headache Nausea Stomach pain,"https://onemg.gumlet.io/l_watermark_346,w_480,h_480/a_ignore,w_480,h_480,c_fit,q_auto,f_auto/cropped/k6twl88anl6t1aeiz62r.jpg",Ferring Pharmaceuticals,47,33,20
Mactor F Tablet,Atorvastatin (10mg) + Fenofibrate (160mg),Treatment of High cholesterolPrevention of Heart attack,Nausea Stomach pain Constipation Flatulence Headache Muscle pain Increased liver enzymes Increased glucose level in blood,"https://onemg.gumlet.io/l_watermark_346,w_480,h_480/a_ignore,w_480,h_480,c_fit,q_auto,f_auto/cropped/biu0ddydnc380cizbplv.jpg",Macleods Pharmaceuticals Pvt Ltd,25,50,25
Mahacef-Plus 100 Tablet,Cefixime (100mg) + Ofloxacin (100mg),Treatment of Typhoid feverTreatment of Bacterial infections,Loss of appetite Allergy,"https://onemg.gumlet.io/l_watermark_346,w_480,h_480/a_ignore,w_480,h_480,c_fit,q_auto,f_auto/279bb63e3ae94a20b3731e4c9b4f9fd3.jpg",Mankind Pharma Ltd,28,28,44
Megatas 50 Tablet ER,Mirabegron (50mg),Treatment of Overactive bladder (OAB) symptoms,Constipation Headache High blood pressure Nasal inflammation Urinary tract infection Fast heart rate Joint pain,"https://onemg.gumlet.io/l_watermark_346,w_480,h_480/a_ignore,w_480,h_480,c_fit,q_auto,f_auto/51999bcecba34e6eaa25d46b2abee1fc.jpg",Intas Pharmaceuticals Ltd,33,14,53
Metadec 25 Injection,Nandrolone Decanoate (25mg),Treatment of Post menopausal osteoporosis,Edema swelling Nausea Breast enlargement Acne,"https://onemg.gumlet.io/l_watermark_346,w_480,h_480/a_ignore,w_480,h_480,c_fit,q_auto,f_auto/8e81ad0a0a4e4650809388120d2ad4fb.jpg",Jagsonpal Pharmaceuticals Ltd,33,34,33
Mesacol 800 Tablet DR,Mesalazine (800mg), Ulcerative colitis Crohn’s disease,Stomach pain epigastric pain Flatulence Headache Vomiting Diarrhea Nausea Abdominal pain Rash,"https://onemg.gumlet.io/l_watermark_346,w_480,h_480/a_ignore,w_480,h_480,c_fit,q_auto,f_auto/2f94a7a4eb224f419c2c8a850afe68e3.jpg",Sun Pharmaceutical Industries Ltd,53,41,6
Moxinow Tablet SR,Moxifloxacin (400mg) + Cefixime (400mg),Treatment of Bacterial infections,Headache Dizziness Stomach pain Nausea Flatulence Diarrhea,"https://onemg.gumlet.io/l_watermark_346,w_480,h_480/a_ignore,w_480,h_480,c_fit,q_auto,f_auto/cropped/uecjudpvjjly8syvywoq.jpg",Lupin Ltd,30,31,39
Mobicam 20mg Tablet DT,Piroxicam (20mg), Pain relief,Vomiting Stomach pain Nausea Headache Dizziness,"https://onemg.gumlet.io/l_watermark_346,w_480,h_480/a_ignore,w_480,h_480,c_fit,q_auto,f_auto/edd56a8459bd4512812289418f5ecfdf.jpg",Cipla Ltd,44,28,28
Metzok 25 Tablet PR,Metoprolol Succinate (23.75mg),Treatment of Hypertension (high blood pressure)Treatment of Angina (heart-related chest pain)Treatment of ArrhythmiaPrevention of Heart attackPrevention of Migraine,Fatigue Headache Slow heart rate Dizziness Nausea Breathlessness Rash Diarrhea Depression,"https://onemg.gumlet.io/l_watermark_346,w_480,h_480/a_ignore,w_480,h_480,c_fit,q_auto,f_auto/cropped/sbe7yjyspzxzr3yyczc3.jpg",USV Ltd,43,39,18
Milflox DF Eye Drop,Moxifloxacin (0.5% w/v) + Difluprednate (0.05% w/v),Treatment of Bacterial eye infections,Eye irritation Eye discomfort Blurred vision,"https://onemg.gumlet.io/l_watermark_346,w_480,h_480/a_ignore,w_480,h_480,c_fit,q_auto,f_auto/b349d67a410a4490b3c8d1a91f2f1897.jpg",Sun Pharmaceutical Industries Ltd,42,29,29
Migon Tablet,Flunarizine (10mg),Prevention of Migraine,Sleepiness Weight gain Muscle pain Fatigue Constipation Nausea Insomnia difficulty in sleeping Runny nose Increased appetite Depression Stomach discomfort Breast pain,"https://onemg.gumlet.io/l_watermark_346,w_480,h_480/a_ignore,w_480,h_480,c_fit,q_auto,f_auto/cropped/ds6kxg7sxygtjntmjrzc.jpg",Cadila Pharmaceuticals Ltd,0,33,67
Mahacef Dry Syrup,Cefixime (50mg),Treatment of Bacterial infections,Abdominal pain Allergy Nausea Stomach pain Indigestion Diarrhea,"https://onemg.gumlet.io/l_watermark_346,w_480,h_480/a_ignore,w_480,h_480,c_fit,q_auto,f_auto/cropped/fpwdpu4qv4qdndqgzqi9.jpg",Mankind Pharma Ltd,0,11,89
Metasone F  Cream,Mometasone (0.1% w/w) + Fusidic Acid (2% w/w),Treatment of Skin conditions with inflammation & itching,Headache Sore throat Itching Nosebleeds Viral infection Upper respiratory tract infection Vomiting,"https://onemg.gumlet.io/l_watermark_346,w_480,h_480/a_ignore,w_480,h_480,c_fit,q_auto,f_auto/cropped/jthnpsgrkqztmbsmemri.jpg",Talent India ,33,41,26
Mupivate Ointment,Mupirocin (2%),Treatment of Bacterial skin infections,Itching Burning sensation Stinging sensation Pain,"https://onemg.gumlet.io/l_watermark_346,w_480,h_480/a_ignore,w_480,h_480,c_fit,q_auto,f_auto/cropped/bk1peprkpg42zc96td0e.jpg",Alkem Laboratories Ltd,37,41,22
Met XL 12.5 Tablet,Metoprolol Succinate (11.8mg),Treatment of Hypertension (high blood pressure)Treatment of Angina (heart-related chest pain)Treatment of ArrhythmiaPrevention of Heart attackPrevention of Migraine,Fatigue Headache Slow heart rate Dizziness Nausea Breathlessness Rash Diarrhea Depression,"https://onemg.gumlet.io/l_watermark_346,w_480,h_480/a_ignore,w_480,h_480,c_fit,q_auto,f_auto/940b3476a0204f16b719408121de8316.jpg",Ajanta Pharma Ltd,58,42,0
Macfast 650 Tablet,Paracetamol (650mg), Pain reliefTreatment of Fever,Stomach pain Nausea Vomiting,"https://onemg.gumlet.io/l_watermark_346,w_480,h_480/a_ignore,w_480,h_480,c_fit,q_auto,f_auto/wambn83po3ru1jfopm3x.jpg",Macleods Pharmaceuticals Pvt Ltd,27,30,43
Montair Plus Tablet,Bambuterol (10mg) + Montelukast (10mg),Treatment of Asthma,Diarrhea Upper respiratory tract infection Fever Headache Pharyngitis Cough Abdominal pain Otitis media infection of ear Influenza Runny nose Sinus inflammation Tremors Nervousness,"https://onemg.gumlet.io/l_watermark_346,w_480,h_480/a_ignore,w_480,h_480,c_fit,q_auto,f_auto/cropped/qak3v3ov1a27osjm8qo7.jpg",Cipla Ltd,42,42,16
Mfsudif Cream,Mometasone (0.1% w/w) + Fusidic Acid (2% w/w),Treatment of Skin conditions with inflammation & itching,Headache Sore throat Itching Nosebleeds Viral infection Upper respiratory tract infection Vomiting,"https://onemg.gumlet.io/l_watermark_346,w_480,h_480/a_ignore,w_480,h_480,c_fit,q_auto,f_auto/cropped/f2j4wiu5lc9tp2vdcdfw.jpg",KLM Laboratories Pvt Ltd,17,41,42
Moxigram Eye Ointment,Moxifloxacin (0.5% w/w),Treatment of Bacterial eye infections,Eye discomfort Dry eye Burning sensation in eye,"https://onemg.gumlet.io/l_watermark_346,w_480,h_480/a_ignore,w_480,h_480,c_fit,q_auto,f_auto/cropped/ftvxos4tywwi4gi5azkg.jpg",Micro Labs Ltd,50,17,33
Mikacin 100mg Injection,Amikacin (100mg), Bacterial infections,Increased blood urea Injection site reactions pain swelling redness,"https://onemg.gumlet.io/l_watermark_346,w_480,h_480/a_ignore,w_480,h_480,c_fit,q_auto,f_auto/cropped/uz9z6kst4xlvq6s8aa2w.jpg",Aristo Pharmaceuticals Pvt Ltd,20,60,20
Mahacef OZ New Tablet,Ofloxacin (200mg) + Ornidazole (500mg),Treatment of Bacterial & parasitic infections,Nausea Vomiting Dizziness Headache Insomnia difficulty in sleeping Itching Vaginal inflammation Diarrhea,"https://onemg.gumlet.io/l_watermark_346,w_480,h_480/a_ignore,w_480,h_480,c_fit,q_auto,f_auto/f4c1d897e60b42c385aee9c553d6e447.jpg",Mankind Pharma Ltd,67,33,0
Moxclav 375 Tablet,Amoxycillin  (250mg) +  Clavulanic Acid (125mg),Treatment of Bacterial infections,Vomiting Nausea Diarrhea Mucocutaneous candidiasis,"https://onemg.gumlet.io/l_watermark_346,w_480,h_480/a_ignore,w_480,h_480,c_fit,q_auto,f_auto/cropped/niwtpzjceyy3pompdodn.jpg",Sun Pharmaceutical Industries Ltd,43,28,29
Mendate 10 Tablet CR,Norethisterone (10mg),Treatment of Heavy menstrual bleedingTreatment of Pain during menstruationTreatment of EndometriosisTreatment of Premenstrual syndrome (PMS),Headache Dizziness Breast tenderness Nausea Vaginal spotting Vomiting Abdominal cramp,"https://onemg.gumlet.io/l_watermark_346,w_480,h_480/a_ignore,w_480,h_480,c_fit,q_auto,f_auto/32efdb281ffa44738ca38e54cc917550.jpg",Koye Pharmaceuticals Pvt ltd,45,19,36
ME-Pxl Tablet,Methylcobalamin (1500mcg) + Pregabalin (75mg),Treatment of Neuropathic pain,Dizziness Sleepiness Tiredness Uncoordinated body movements,"https://onemg.gumlet.io/l_watermark_346,w_480,h_480/a_ignore,w_480,h_480,c_fit,q_auto,f_auto/bedb28ea6de04f16a7cf6b75bcadf2c9.jpg",Systopic Laboratories Pvt Ltd,0,67,33
M-Cin Tablet,Moxifloxacin (400mg),Treatment of Bacterial eye infections,Eye discomfort Dry eye Burning sensation in eye,"https://onemg.gumlet.io/l_watermark_346,w_480,h_480/a_ignore,w_480,h_480,c_fit,q_auto,f_auto/86f4168322c348d5ad4ed714291ac02c.jpg",Lupin Ltd,17,31,52
Megamentin 625 Tablet,Amoxycillin  (500mg) +  Clavulanic Acid (125mg),Treatment of Bacterial infections,Vomiting Nausea Diarrhea Mucocutaneous candidiasis,"https://onemg.gumlet.io/l_watermark_346,w_480,h_480/a_ignore,w_480,h_480,c_fit,q_auto,f_auto/cropped/p06ivkmpzfspqo6fksap.jpg",Intas Pharmaceuticals Ltd,26,34,40
Moxisurge-D Eye Drop,Moxifloxacin (0.5% w/v) + Dexamethasone (0.1% w/v),Treatment of Bacterial eye infections,Eye irritation Eye discomfort Blurred vision,"https://onemg.gumlet.io/l_watermark_346,w_480,h_480/a_ignore,w_480,h_480,c_fit,q_auto,f_auto/dad8e769c9934109995eba213749dc54.jpg",Ipca Laboratories Ltd,89,11,0
Mirabet 25 Tablet ER,Mirabegron (25mg),Treatment of Overactive bladder (OAB) symptoms,Constipation Headache High blood pressure Nasal inflammation Urinary tract infection Fast heart rate Joint pain,"https://onemg.gumlet.io/l_watermark_346,w_480,h_480/a_ignore,w_480,h_480,c_fit,q_auto,f_auto/80295dc7d719456d99378d855862e5b6.jpg",Macleods Pharmaceuticals Pvt Ltd,0,17,83
Motilium M Tablet,Domperidone (10mg),Treatment of IndigestionTreatment of NauseaTreatment of Vomiting,Headache Dryness in mouth Stomach pain Diarrhea,"https://onemg.gumlet.io/l_watermark_346,w_480,h_480/a_ignore,w_480,h_480,c_fit,q_auto,f_auto/cropped/qw4j0mh4fbsqgxgidkch.jpg",Janssen Pharmaceuticals,19,48,33
Macfast 500 Tablet,Paracetamol (500mg), Pain reliefTreatment of Fever,Stomach pain Nausea Vomiting,"https://onemg.gumlet.io/l_watermark_346,w_480,h_480/a_ignore,w_480,h_480,c_fit,q_auto,f_auto/cropped/nvrlhcj67kxtk8jgcsx3.jpg",Macleods Pharmaceuticals Pvt Ltd,39,33,28
Moza MPS Chewable Tablet,Mosapride (5mg) + Dimethicone (125mg), Constipation Bloating,Diarrhea Dryness in mouth General discomfort Abnormal liver function tests Fulminant hepatitis viral infection of liver Jaundice,"https://onemg.gumlet.io/l_watermark_346,w_480,h_480/a_ignore,w_480,h_480,c_fit,q_auto,f_auto/a7b564544be34d91b9576eabda716683.jpg",Intas Pharmaceuticals Ltd,39,39,22
Minirin Nasal Spray,Desmopressin (0.1mg/ml),Treatment of Diabetes insipidusTreatment of Bed-wetting,Nasal discomfort Nasopharyngitis inflammation of the throat and nasal passages Nasal congestion stuffy nose Sneezing Nosebleeds Dizziness Headache Nausea Cough,"https://onemg.gumlet.io/l_watermark_346,w_480,h_480/a_ignore,w_480,h_480,c_fit,q_auto,f_auto/cropped/pevwnodmidmdzhbfbhp8.jpg",Ferring Pharmaceuticals,61,25,14
Melapik  Ever New Cream,Hydroquinone (2% w/w) + Tretinoin (0.0125% w/w) + Allantoin (1% w/w), Melasma,Skin peeling Stinging sensation Erythema skin redness Burning sensation at the site of application,"https://onemg.gumlet.io/l_watermark_346,w_480,h_480/a_ignore,w_480,h_480,c_fit,q_auto,f_auto/cropped/lhcgothrabzp5mqonxee.jpg",KLM Laboratories Pvt Ltd,21,39,40
Mosi Eye Ointment,Moxifloxacin (0.5% w/w),Treatment of Bacterial eye infections,Eye discomfort Dry eye Burning sensation in eye,"https://onemg.gumlet.io/l_watermark_346,w_480,h_480/a_ignore,w_480,h_480,c_fit,q_auto,f_auto/4b6667fff67f4abcaf6fd6bc600ea534.jpg",FDC Ltd,0,78,22
Mahacef-XL 200 New Tablet,Cefixime (200mg) + Dicloxacillin (500mg), Bacterial infections,Nausea Vomiting Diarrhea Stomach pain Indigestion Flatulence Rash,"https://onemg.gumlet.io/l_watermark_346,w_480,h_480/a_ignore,w_480,h_480,c_fit,q_auto,f_auto/cropped/jq0ugsdikepfygty4thd.png",Mankind Pharma Ltd,33,67,0
Mycofit-S 360 Tablet,Mycophenolate sodium (360mg), Prevention of organ rejection in transplant patients,Nausea Vomiting Diarrhea Abdominal pain Headache High blood pressure Decreased white blood cell count neutrophils Bacterial infection Fungal infection Pneumonia Increased uric acid level in blood Electrolyte imbalance Anxiety Breathlessness Increased creatinine level in blood Anemia low number of red blood cells Acne Muscle pain,"https://onemg.gumlet.io/l_watermark_346,w_480,h_480/a_ignore,w_480,h_480,c_fit,q_auto,f_auto/qnmupdircrmgwdzabngx.jpg",Intas Pharmaceuticals Ltd,42,40,18
Mox CV 375 Tablet,Amoxycillin  (250mg) +  Clavulanic Acid (125mg),Treatment of Bacterial infections,Vomiting Nausea Diarrhea Mucocutaneous candidiasis,"https://onemg.gumlet.io/l_watermark_346,w_480,h_480/a_ignore,w_480,h_480,c_fit,q_auto,f_auto/76f787db417949a1813c47a312789c96.jpg",Sun Pharmaceutical Industries Ltd,50,17,33
Moximac Tablet,Moxifloxacin (400mg),Treatment of Bacterial eye infections,Eye discomfort Dry eye Burning sensation in eye,"https://onemg.gumlet.io/l_watermark_346,w_480,h_480/a_ignore,w_480,h_480,c_fit,q_auto,f_auto/cropped/qkniih2h22gorcxdeqaa.jpg",Macleods Pharmaceuticals Pvt Ltd,11,61,28
Microcid-SR Capsule,Indomethacin (75mg), Pain relief,Visual disturbance Vomiting Stomach pain epigastric pain Nausea Indigestion Dizziness Drowsiness Visual disorder,"https://onemg.gumlet.io/l_watermark_346,w_480,h_480/a_ignore,w_480,h_480,c_fit,q_auto,f_auto/3edbc6bf6f1a40d49bb612a091fff44a.jpg",Micro Labs Ltd,21,55,24
Melnor Cream,Hydroquinone (2% w/w) + Mometasone (0.1% w/w) + Tretinoin (0.025% w/w),Treatment of Melasma,Application site reactions burning irritation itching and redness,"https://onemg.gumlet.io/l_watermark_346,w_480,h_480/a_ignore,w_480,h_480,c_fit,q_auto,f_auto/e6974a622bc54978ad276bf0ff1cf7d2.jpg",Glenmark Pharmaceuticals Ltd,52,15,33
Miofree 4 Capsule,Thiocolchicoside (4mg), Muscle relaxation,Sleepiness Diarrhea,"https://onemg.gumlet.io/l_watermark_346,w_480,h_480/a_ignore,w_480,h_480,c_fit,q_auto,f_auto/cropped/kken7bonhathctkwnmul.jpg",Lupin Ltd,83,17,0
Momoz Cream,Mometasone (0.1% w/w),Treatment of Skin conditions with inflammation & itching,Stinging sensation Itching Hair follicle inflammation,"https://onemg.gumlet.io/l_watermark_346,w_480,h_480/a_ignore,w_480,h_480,c_fit,q_auto,f_auto/90825d6d7a9249d9aded14be2350b966.jpg",Torrent Pharmaceuticals Ltd,33,53,14
Moxiblu-LP Eye Drop,Loteprednol etabonate (0.5% w/v) + Moxifloxacin (0.5% w/v),Treatment of Eye infection with inflammation,Eye irritation Eye discomfort,"https://onemg.gumlet.io/l_watermark_346,w_480,h_480/a_ignore,w_480,h_480,c_fit,q_auto,f_auto/cropped/iqcbhllpbgifsxd8rg5v.jpg",Lupin Ltd,47,26,27
Monticope Suspension,Levocetirizine (2.5mg/5ml) + Montelukast (4mg/5ml),Treatment of Sneezing and runny nose due to allergiesTreatment of Hay feverTreatment of Allergic skin conditions,Rash Nausea Diarrhea Dryness in mouth Fatigue Headache Skin rash Sleepiness Vomiting,"https://onemg.gumlet.io/l_watermark_346,w_480,h_480/a_ignore,w_480,h_480,c_fit,q_auto,f_auto/cropped/jfhrkk6tccgmd6gtkkix.jpg",Mankind Pharma Ltd,50,17,33
Melano-TX OD Tablet SR,Tranexamic Acid (500mg),Treatment of Bleeding,Musculoskeletal bone muscle or joint pain Joint pain Headache Back pain Vomiting Nausea Abdominal pain Fatigue Diarrhea Hypotension low blood pressure Sinus disorder Nasal discomfort Muscle cramp Migraine Anemia low number of red blood cells Allergic dermatitis Lightheadedness Thromboembolism,"https://onemg.gumlet.io/l_watermark_346,w_480,h_480/a_ignore,w_480,h_480,c_fit,q_auto,f_auto/cropped/fsttv7wyfclaxlduc6f5.png",La Pristine Bioceuticals Pvt Ltd,21,45,34
Mega-CV 375 Tablet,Amoxycillin  (250mg) +  Clavulanic Acid (125mg),Treatment of Bacterial infections,Vomiting Nausea Diarrhea Mucocutaneous candidiasis,"https://onemg.gumlet.io/l_watermark_346,w_480,h_480/a_ignore,w_480,h_480,c_fit,q_auto,f_auto/cropped/j1ptdiiycwtvgwsxbhdl.jpg",Aristo Pharmaceuticals Pvt Ltd,25,58,17
Myo Pyrolate Injection,Glycopyrrolate (0.5mg) + Neostigmine (2.5mg), Reversing the effects of certain drugs used during surgery,Allergic reaction,"https://onemg.gumlet.io/l_watermark_346,w_480,h_480/a_ignore,w_480,h_480,c_fit,q_auto,f_auto/c54da471fc69434eb7cb12f31022fc31.jpg",Neon Laboratories Ltd,83,17,0
MMS Cream,Mometasone (0.1% w/w),Treatment of Skin conditions with inflammation & itching,Stinging sensation Itching Hair follicle inflammation,"https://onemg.gumlet.io/l_watermark_346,w_480,h_480/a_ignore,w_480,h_480,c_fit,q_auto,f_auto/58456c24933b461ab00dd7d23b55d51a.jpg",Zydus Cadila,83,17,0
Mactor ASP 75 Capsule,Atorvastatin (10mg) + Aspirin (75mg),Treatment of Prevention of heart attack and stroke,Abdominal pain Constipation Flatulence Increased liver enzymes Hepatitis viral infection of liver Reye s syndrome like symptoms,"https://onemg.gumlet.io/l_watermark_346,w_480,h_480/a_ignore,w_480,h_480,c_fit,q_auto,f_auto/cropped/jcugimkgwjcllmuraivn.jpg",Macleods Pharmaceuticals Pvt Ltd,56,11,33
Moss Plus Eye Drop,Carboxymethylcellulose (0.5% w/v),Treatment of Dry eyes,Eye irritation Burning eyes Eye discomfort Eye itching Eye pain,"https://onemg.gumlet.io/l_watermark_346,w_480,h_480/a_ignore,w_480,h_480,c_fit,q_auto,f_auto/cropped/yobojgrxte37ci6dyf8u.jpg",Syntho Pharmaceuticals Pvt Ltd,67,33,0
Mycept-S 360 Tablet,Mycophenolate sodium (360mg), Prevention of organ rejection in transplant patients,Nausea Vomiting Diarrhea Abdominal pain Headache High blood pressure Decreased white blood cell count neutrophils Bacterial infection Fungal infection Pneumonia Increased uric acid level in blood Electrolyte imbalance Anxiety Breathlessness Increased creatinine level in blood Anemia low number of red blood cells Acne Muscle pain,"https://onemg.gumlet.io/l_watermark_346,w_480,h_480/a_ignore,w_480,h_480,c_fit,q_auto,f_auto/qtdk73ht2dw3d94lxhse.jpg",Panacea Biotec Ltd,50,33,17
Metpure -XL 12.5 Tablet,S-Metoprolol Succinate (11.88mg),Treatment of Hypertension (high blood pressure)Treatment of Angina (heart-related chest pain)Treatment of ArrhythmiaPrevention of Heart attackPrevention of StrokePrevention of Migraine,Fatigue Slow heart rate Constipation Diarrhea Dizziness Cold extremities,"https://onemg.gumlet.io/l_watermark_346,w_480,h_480/a_ignore,w_480,h_480,c_fit,q_auto,f_auto/cropped/ihltvjrisce0ohheoqpu.jpg",Emcure Pharmaceuticals Ltd,47,53,0
Montaz 250mg Injection,Ceftriaxone (250mg) + Tazobactum (31.25mg), Bacterial infections,Diarrhea Increased liver enzymes Allergic reaction Rash,"https://onemg.gumlet.io/l_watermark_346,w_480,h_480/a_ignore,w_480,h_480,c_fit,q_auto,f_auto/cropped/yckdfolen7tcx38trzju.jpg",Aristo Pharmaceuticals Pvt Ltd,50,17,33
Marzon Tablet,Sultamicillin tosilate (375mg), Bacterial infections,Vomiting Nausea Diarrhea,"https://onemg.gumlet.io/l_watermark_346,w_480,h_480/a_ignore,w_480,h_480,c_fit,q_auto,f_auto/cropped/rm23zynk4f6vvhwovpgx.jpg",Eris Lifesciences Ltd,46,54,0
Meronem 500mg Injection,Meropenem (500mg), Severe bacterial infections,Rash Headache Vomiting Nausea Itching Diarrhea Injection site inflammation Anemia low number of red blood cells Sepsis Constipation Apnea absence of breathing Shock,"https://onemg.gumlet.io/l_watermark_346,w_480,h_480/a_ignore,w_480,h_480,c_fit,q_auto,f_auto/e697dfc11021420c9bb17a02e5d7bf3d.jpg",Pfizer Ltd,13,34,53
Mixtard 50 HM 100IU/ml Penfill,Insulin Isophane/NPH   (50%) +   Human Insulin/Soluble Insulin (50%), Diabetes,Hypoglycemia low blood glucose level Injection site reactions pain swelling redness Weight gain,"https://onemg.gumlet.io/l_watermark_346,w_480,h_480/a_ignore,w_480,h_480,c_fit,q_auto,f_auto/c5b897436f47499eb0e8fc00daea3cbb.jpg",Novo Nordisk India Pvt Ltd,37,52,11
Mucoend 600mg Tablet Orange Sugar Free,Acetylcysteine (600mg),Treatment of Paracetamol toxicity,Fever Nausea Vomiting Rash Gastrointestinal discomfort,"https://onemg.gumlet.io/l_watermark_346,w_480,h_480/a_ignore,w_480,h_480,c_fit,q_auto,f_auto/3f5156816eb34ee0b62f54818b6e7b6c.jpg",Leeford Healthcare Ltd,0,33,67
Macsart CH 40 Tablet,Telmisartan (40mg) + Chlorthalidone (12.5mg), Hypertension (high blood pressure),Dizziness Back pain Sinus infection Diarrhea Skin ulcer,"https://onemg.gumlet.io/l_watermark_346,w_480,h_480/a_ignore,w_480,h_480,c_fit,q_auto,f_auto/cropped/egextixkrkzplungev5l.jpg",Macleods Pharmaceuticals Pvt Ltd,75,25,0
Macsart CC  Tablet,Telmisartan (40mg) + Cilnidipine (10mg) + Chlorthalidone (12.5mg), Hypertension (high blood pressure),Ankle swelling Headache Dizziness Tiredness Palpitations Sleepiness Increased blood uric acid Glucose intolerance Taste change Flushing sense of warmth in the face ears neck and trunk Upset stomach Altered blood lipid level,"https://onemg.gumlet.io/l_watermark_346,w_480,h_480/a_ignore,w_480,h_480,c_fit,q_auto,f_auto/31988ac82c404542bf9fa6c3438d7e52.jpg",Macleods Pharmaceuticals Pvt Ltd,44,56,0
Macpod 100-DT Tablet,Cefpodoxime Proxetil (100mg),Treatment of Bacterial infections,Rash Nausea Diarrhea,"https://onemg.gumlet.io/l_watermark_346,w_480,h_480/a_ignore,w_480,h_480,c_fit,q_auto,f_auto/a1a5e865569b49b5bdd4199e18c8ddf5.jpg",Macleods Pharmaceuticals Pvt Ltd,0,0,100
Moiz XL Cream,Cetyl Alcohol (2% w/w), Dry Skin,Limited data available,"https://onemg.gumlet.io/l_watermark_346,w_480,h_480/a_ignore,w_480,h_480,c_fit,q_auto,f_auto/e14e820fe3a34724906a2a001f02b586.jpg",Glowderma Labs Pvt Ltd,33,55,12
Mirabig 50mg Tablet ER,Mirabegron (50mg),Treatment of Overactive bladder (OAB) symptoms,Constipation Headache High blood pressure Nasal inflammation Urinary tract infection Fast heart rate Joint pain,"https://onemg.gumlet.io/l_watermark_346,w_480,h_480/a_ignore,w_480,h_480,c_fit,q_auto,f_auto/cropped/tuihars260uq8txum6xi.jpg",MSN Laboratories,56,11,33
Megahenz 160mg Tablet,Megestrol (160mg), Breast cancer Endometrial cancer,Increased appetite Weight gain Hot flashes High blood pressure Constipation Increased glucose level in blood,"https://onemg.gumlet.io/l_watermark_346,w_480,h_480/a_ignore,w_480,h_480,c_fit,q_auto,f_auto/cmgmeilwcayrailqlcyb.jpg",Alniche Life Sciences Pvt Ltd,50,50,0
Mahacef 100mg Tablet,Cefixime (100mg),Treatment of Bacterial infections,Nausea Stomach pain Indigestion Diarrhea,"https://onemg.gumlet.io/l_watermark_346,w_480,h_480/a_ignore,w_480,h_480,c_fit,q_auto,f_auto/05dc66c4280d4641a8277945ff98cee3.jpg",Mankind Pharma Ltd,0,0,100
Micronac PF Eye Drop,Nepafenac (0.1% w/v),Treatment of Post-operative eye pain and inflammation,Decreased vision Foreign body sensation in eyes Increased intraocular pressure Stickiness,"https://onemg.gumlet.io/l_watermark_346,w_480,h_480/a_ignore,w_480,h_480,c_fit,q_auto,f_auto/5cd7eede722d4760ab88a3b0d93660de.jpg",Micro Labs Ltd,0,0,100
Metsmall 1000 Tablet SR,Metformin (1000mg),Treatment of Type 2 diabetes mellitus,Diarrhea Nausea Vomiting Flatulence,"https://onemg.gumlet.io/l_watermark_346,w_480,h_480/a_ignore,w_480,h_480,c_fit,q_auto,f_auto/cropped/t3wcnvslbdchp3eat2fn.jpg",Dr Reddy's Laboratories Ltd,42,43,15
Macgest SR 200 Tablet,Progesterone (Natural Micronized) (200mg), Hormone replacement therapyTreatment of Female infertility,Abdominal pain Nausea Abnormal vaginal bleeding Edema swelling Hair loss Abdominal bloating Headache Breast pain Vomiting Vaginal yeast infection,"https://onemg.gumlet.io/l_watermark_346,w_480,h_480/a_ignore,w_480,h_480,c_fit,q_auto,f_auto/cropped/cgd3k2vjwno9xnrkna1m.jpg",Macleods Pharmaceuticals Pvt Ltd,33,25,42
Metgem 500 Tablet ER,Metformin (500mg),Treatment of Type 2 diabetes mellitus,Diarrhea Nausea Vomiting Flatulence,"https://onemg.gumlet.io/l_watermark_346,w_480,h_480/a_ignore,w_480,h_480,c_fit,q_auto,f_auto/cropped/pnppdsmkcfmirrigwt5l.jpg",Sun Pharmaceutical Industries Ltd,52,28,20
Mucotab ET Tablet Orange Sugar Free,Acetylcysteine (600mg),Treatment of Paracetamol toxicity,Fever Nausea Vomiting Rash Gastrointestinal discomfort,"https://onemg.gumlet.io/l_watermark_346,w_480,h_480/a_ignore,w_480,h_480,c_fit,q_auto,f_auto/cropped/c8ixihw2oious70yeewv.jpg",Zydus Cadila,13,67,20
Mox Drops Redimix,Amoxycillin (100mg),Treatment of Peptic ulcer diseaseTreatment of Bacterial infections,Allergy Nausea Diarrhea Skin rash Vomiting,"https://onemg.gumlet.io/l_watermark_346,w_480,h_480/a_ignore,w_480,h_480,c_fit,q_auto,f_auto/cropped/btzpczs71voub3msu6oe.jpg",Sun Pharmaceutical Industries Ltd,33,11,56
Metzok 50 Tablet PR,Metoprolol Succinate (47.5mg),Treatment of Hypertension (high blood pressure)Treatment of Angina (heart-related chest pain)Treatment of ArrhythmiaPrevention of Heart attackPrevention of Migraine,Fatigue Headache Slow heart rate Dizziness Nausea Breathlessness Rash Diarrhea Depression,"https://onemg.gumlet.io/l_watermark_346,w_480,h_480/a_ignore,w_480,h_480,c_fit,q_auto,f_auto/cropped/pe5cmauywt5t4r1t1um7.jpg",USV Ltd,13,34,53
Magadol 50mg/325mg Tablet,Diclofenac (50mg) + Paracetamol (325mg), Pain relief,Nausea Vomiting Stomach pain epigastric pain Heartburn Diarrhea Loss of appetite,"https://onemg.gumlet.io/l_watermark_346,w_480,h_480/a_ignore,w_480,h_480,c_fit,q_auto,f_auto/ukp2tlahoy9d1lat15dd.jpg",Alembic Pharmaceuticals Ltd,40,43,17
Minopep 5% Solution,Minoxidil (5% w/v),Treatment of Hair loss,Itching Chest pain Headache Hypertrichosis excessive hair growth Rash Dermatitis Hypersensitivity Weight gain Fluid retention Tachycardia,"https://onemg.gumlet.io/l_watermark_346,w_480,h_480/a_ignore,w_480,h_480,c_fit,q_auto,f_auto/0f7ca9a6a22e4129b984ed2f01bd33c6.jpg",Linux Laboratories,26,41,33
Methimez 5 Tablet,Methimazole (5mg), Hyperthyroidism,Skin rash Nausea Hair loss Headache Paresthesia tingling or pricking sensation Joint pain Taste change Drowsiness Muscle pain,"https://onemg.gumlet.io/l_watermark_346,w_480,h_480/a_ignore,w_480,h_480,c_fit,q_auto,f_auto/cropped/q8d0sokfru14i4tocrwv.jpg",Sun Pharmaceutical Industries Ltd,33,45,22
Minirin Melt 60mcg Tablet MD,Desmopressin (0.06mg), Diabetes insipidus Bed-wetting,Headache Nausea Stomach pain,"https://onemg.gumlet.io/l_watermark_346,w_480,h_480/a_ignore,w_480,h_480,c_fit,q_auto,f_auto/klid6mzhmf4ulsnryrur.jpg",Ferring Pharmaceuticals,42,37,21
Mintop Yuva Solution,Minoxidil (5% w/v),Treatment of Hair loss,Itching Chest pain Headache Hypertrichosis excessive hair growth Rash Dermatitis Hypersensitivity Weight gain Fluid retention Tachycardia,"https://onemg.gumlet.io/l_watermark_346,w_480,h_480/a_ignore,w_480,h_480,c_fit,q_auto,f_auto/zinffin5ourw8ak3gt6c.jpg",Dr Reddy's Laboratories Ltd,22,34,44
Mupimet Ointment,Mupirocin (2% w/w),Treatment of Bacterial skin infections,Itching Burning sensation Stinging sensation Pain,"https://onemg.gumlet.io/l_watermark_346,w_480,h_480/a_ignore,w_480,h_480,c_fit,q_auto,f_auto/cropped/uarlu0ybvnuxasqisd1r.jpg",Fourrts India Laboratories Pvt Ltd,33,14,53
Mucinac 20% Injection,Acetylcysteine (20% w/v),Treatment of Paracetamol toxicity,Rash Red spots or bumps Flushing sense of warmth in the face ears neck and trunk Itching,"https://onemg.gumlet.io/l_watermark_346,w_480,h_480/a_ignore,w_480,h_480,c_fit,q_auto,f_auto/dicqrczsyn58zvswzwnd.jpg",Cipla Ltd,67,11,22
Myospas TH 4 Capsule,Thiocolchicoside (4mg) + Diclofenac (50mg), Pain due to muscle spasm,Nausea Vomiting Diarrhea Heartburn Stomach pain epigastric pain Loss of appetite,"https://onemg.gumlet.io/l_watermark_346,w_480,h_480/a_ignore,w_480,h_480,c_fit,q_auto,f_auto/cropped/zudmaxkyk3bmasao9aqv.jpg",Win-Medicare Pvt Ltd,52,30,18
Macgest SR 300 Tablet,Progesterone (Natural Micronized) (300mg), Hormone replacement therapyTreatment of Female infertility,Abdominal pain Nausea Abnormal vaginal bleeding Edema swelling Hair loss Abdominal bloating Headache Breast pain Vomiting Vaginal yeast infection,"https://onemg.gumlet.io/l_watermark_346,w_480,h_480/a_ignore,w_480,h_480,c_fit,q_auto,f_auto/cropped/gsfvirjwgkux7ga7asds.jpg",Macleods Pharmaceuticals Pvt Ltd,44,12,44
Merocrit 1gm Injection,Meropenem (1gm), Severe bacterial infections,Rash Headache Vomiting Nausea Itching Diarrhea Injection site inflammation Anemia low number of red blood cells Sepsis Constipation Apnea absence of breathing Shock,"https://onemg.gumlet.io/l_watermark_346,w_480,h_480/a_ignore,w_480,h_480,c_fit,q_auto,f_auto/ff31dc29a46845548399d431c4e0a7bb.jpg",Cipla Ltd,67,8,25
Montair 5mg Chewable Tablet Strawberry,Montelukast (5mg),Prevention of AsthmaTreatment of Sneezing and runny nose due to allergies,Headache Diarrhea Abdominal pain Fever Upper respiratory tract infection Cough Sore throat Runny nose Sinus inflammation Ear inflammation,"https://onemg.gumlet.io/l_watermark_346,w_480,h_480/a_ignore,w_480,h_480,c_fit,q_auto,f_auto/cropped/qxthzigsvuaeayd3yqvw.jpg",Cipla Ltd,35,45,20
Macsart H Tablet,Telmisartan (40mg) + Hydrochlorothiazide (12.5mg),Treatment of Hypertension (high blood pressure),Fatigue Dizziness Nausea Diarrhea Sinus inflammation Flu like symptoms Upper respiratory tract infection,"https://onemg.gumlet.io/l_watermark_346,w_480,h_480/a_ignore,w_480,h_480,c_fit,q_auto,f_auto/cropped/trk5swj5dzkbzoxdflo.jpg",Macleods Pharmaceuticals Pvt Ltd,42,33,25
Morr 2% Solution,Minoxidil (2%),Treatment of Hair loss,Itching Chest pain Headache Hypertrichosis excessive hair growth Rash Dermatitis Hypersensitivity Weight gain Fluid retention Tachycardia,"https://onemg.gumlet.io/l_watermark_346,w_480,h_480/a_ignore,w_480,h_480,c_fit,q_auto,f_auto/87d09893554d4f3a8cb7e8e25cbb69e9.jpg",Intas Pharmaceuticals Ltd,11,30,59
Moxam 400 Tablet,Moxifloxacin (400mg),Treatment of Bacterial eye infections,Eye discomfort Dry eye Burning sensation in eye,"https://onemg.gumlet.io/l_watermark_346,w_480,h_480/a_ignore,w_480,h_480,c_fit,q_auto,f_auto/cropped/igbkrxeahoukixhg3khp.jpg",Alkem Laboratories Ltd,14,15,71
Meb SR Capsule,Mebeverine (200mg),Treatment of Irritable bowel syndrome,Fainting Skin rash Angioedema swelling of deeper layers of skin,"https://onemg.gumlet.io/l_watermark_346,w_480,h_480/a_ignore,w_480,h_480,c_fit,q_auto,f_auto/oky3kycfubov4gpai8ha.jpg",Intas Pharmaceuticals Ltd,73,7,20
Melalite 15 Cream,Hydroquinone (2% w/w) + Octinoxate (9% w/w) + Benzophenone (2.5% w/w),Treatment of Hyperpigmentation,Skin irritation Burning sensation at the site of application,"https://onemg.gumlet.io/l_watermark_346,w_480,h_480/a_ignore,w_480,h_480,c_fit,q_auto,f_auto/79530844dd694a2f8b258740970d2280.jpg",Abbott,13,40,47
Montegress-XL Tablet SR,Ambroxol (75mg) + Levocetirizine (5mg) + Montelukast (10mg),Treatment of Respiratory tract disorders associated with viscid mucus,Nausea Upset stomach Dryness in mouth Headache Fatigue Allergic reaction Sleepiness Flu like symptoms,"https://onemg.gumlet.io/l_watermark_346,w_480,h_480/a_ignore,w_480,h_480,c_fit,q_auto,f_auto/b455be048bbf41ab8aaac847739a5238.jpg",La Renon Healthcare Pvt Ltd,0,47,53
Mucinac 200 Effervescent Tablet Sugar Free,Acetylcysteine (200mg),Treatment of Paracetamol toxicity,Fever Nausea Vomiting Rash Gastrointestinal discomfort,"https://onemg.gumlet.io/l_watermark_346,w_480,h_480/a_ignore,w_480,h_480,c_fit,q_auto,f_auto/cropped/ndsko6rzd7nchbczyz8p.jpg",Cipla Ltd,27,33,40
Mupisoft Ointment,Mupirocin (2% w/w),Treatment of Bacterial skin infections,Itching Burning sensation Stinging sensation Pain,"https://onemg.gumlet.io/l_watermark_346,w_480,h_480/a_ignore,w_480,h_480,c_fit,q_auto,f_auto/cropped/ysl1rurluhlfgw3ecpkw.jpg",KLM Laboratories Pvt Ltd,33,34,33
Malidens 650 Tablet,Paracetamol (650mg), Pain reliefTreatment of Fever,Stomach pain Nausea Vomiting,"https://onemg.gumlet.io/l_watermark_346,w_480,h_480/a_ignore,w_480,h_480,c_fit,q_auto,f_auto/k10klc7glh1nhx3crzmu.jpg",Abbott,21,52,27
Motinorm DT 10mg Tablet,Domperidone (10mg),Treatment of IndigestionTreatment of NauseaTreatment of Vomiting,Headache Dryness in mouth Stomach pain Diarrhea,"https://onemg.gumlet.io/l_watermark_346,w_480,h_480/a_ignore,w_480,h_480,c_fit,q_auto,f_auto/226fbefe1e6b48a993c7d82edbb9a402.jpg",Medley Pharmaceuticals,78,22,0
Maintane 250 Injection,Hydroxyprogesterone (250mg),Prevention of Premature Labor,Injection site pain Injection site swelling Red spots or bumps Rash,"https://onemg.gumlet.io/l_watermark_346,w_480,h_480/a_ignore,w_480,h_480,c_fit,q_auto,f_auto/0563b074e9144e54a8463d7249e95803.jpg",Jagsonpal Pharmaceuticals Ltd,47,13,40
Mactor 10 Tablet,Atorvastatin (10mg), High cholesterolPrevention of Heart attack,Dyspepsia Abdominal pain Indigestion Diarrhea Joint pain Nasopharyngitis inflammation of the throat and nasal passages Nausea Pain in extremities Urinary tract infection Abnormal liver function tests,"https://onemg.gumlet.io/l_watermark_346,w_480,h_480/a_ignore,w_480,h_480,c_fit,q_auto,f_auto/cropped/h9n3iv60ihxsmqwwtwhl.jpg",Macleods Pharmaceuticals Pvt Ltd,100,0,0
Macgest 200 Capsule,Progesterone (Natural Micronized) (200mg), Hormone replacement therapyTreatment of Female infertility,Abdominal pain Nausea Abnormal vaginal bleeding Edema swelling Hair loss Abdominal bloating Headache Breast pain Vomiting Vaginal yeast infection,"https://onemg.gumlet.io/l_watermark_346,w_480,h_480/a_ignore,w_480,h_480,c_fit,q_auto,f_auto/cropped/z65gk2jbnjz9xkyk9h8t.jpg",Macleods Pharmaceuticals Pvt Ltd,33,67,0
Mofloren KT Eye Drop,Ketorolac (0.5% w/v) + Moxifloxacin (0.5% w/v),Treatment of Bacterial eye infections,Conjunctivitis Reduced visual acuity Dry eye Eye discomfort Ocular hyperemia Eye pain Eye twitching Subconjunctival hemorrhage Transient stinging Transient burning Allergic reaction Corneal edema Iritis inflammation of the middle layer of the eye Eye inflammation Superficial keratitis Eye infection Fever Cough Infection Otitis media infection of ear Sore throat Rash Inflammation of the nose Taste change,"https://onemg.gumlet.io/l_watermark_346,w_480,h_480/a_ignore,w_480,h_480,c_fit,q_auto,f_auto/d9c7b9aa5f3e41ca9b8057dada374f41.jpg",Indoco Remedies Ltd,0,56,44
Mahacef Drop,Cefixime (25mg),Treatment of Bacterial infections,Abdominal pain Allergy Nausea Stomach pain Indigestion Diarrhea,"https://onemg.gumlet.io/l_watermark_346,w_480,h_480/a_ignore,w_480,h_480,c_fit,q_auto,f_auto/cropped/tvar6dxptbkakgiskpgf.jpg",Mankind Pharma Ltd,33,34,33
Monotrate SR 30 Tablet,Isosorbide Mononitrate (30mg),Prevention of Angina (heart-related chest pain),Headache Flushing sense of warmth in the face ears neck and trunk Upper respiratory tract infection Abdominal pain Allergic reaction Chest pain Diarrhea,"https://onemg.gumlet.io/l_watermark_346,w_480,h_480/a_ignore,w_480,h_480,c_fit,q_auto,f_auto/cropped/oqnhlajgfbhi6gzt3hne.jpg",Sun Pharmaceutical Industries Ltd,56,44,0
Magneon 50% Injection,Magnesium Sulphate (50% w/v), Seizures in pregnant women with high blood pressure Decreased magnesium levels in blood,Injection site reactions pain swelling redness,"https://onemg.gumlet.io/l_watermark_346,w_480,h_480/a_ignore,w_480,h_480,c_fit,q_auto,f_auto/d8b61cfcdb5b4b6cadf27de63f35fb16.jpg",Neon Laboratories Ltd,67,33,0
Melapik Plus Cream,Hydroquinone (2% w/w) + Tretinoin (0.025% w/w) + Fluocinolone acetonide (0.01% w/w), Melasma,Erythema skin redness Skin peeling Burning sensation Dryness Itching,"https://onemg.gumlet.io/l_watermark_346,w_480,h_480/a_ignore,w_480,h_480,c_fit,q_auto,f_auto/cropped/mfqnhxoj2imzzyfkgzao.jpg",KLM Laboratories Pvt Ltd,22,43,35
Matilda PG  ER Tablet,Methylcobalamin (1500mcg) + Pregabalin (75mg),Treatment of Neuropathic pain,Dizziness Sleepiness Tiredness Uncoordinated body movements,"https://onemg.gumlet.io/l_watermark_346,w_480,h_480/a_ignore,w_480,h_480,c_fit,q_auto,f_auto/cropped/vsi0nvmn2blumky6mneu.jpg",Lupin Ltd,42,58,0
Meganano Gel,silver nano particles (0.002% w/w),Prevention of Infections,Limited data available,"https://onemg.gumlet.io/l_watermark_346,w_480,h_480/a_ignore,w_480,h_480,c_fit,q_auto,f_auto/cropped/wbckd8vflm5qfuikb8e2.jpg",Zuventus Healthcare Ltd,27,56,17
Maxgalin 150 Capsule,Pregabalin (150mg),Treatment of Neuropathic painTreatment of Epilepsy/SeizuresTreatment of Fibromyalgia,Blurred vision Difficulty in paying attention Dizziness Dryness in mouth Edema swelling Sleepiness Weight gain,"https://onemg.gumlet.io/l_watermark_346,w_480,h_480/a_ignore,w_480,h_480,c_fit,q_auto,f_auto/cropped/xs1p1ziwoijyzvjcashf.jpg",Sun Pharmaceutical Industries Ltd,39,43,18
Megavog 0.3 Tablet MD,Voglibose (0.3mg),Treatment of Type 2 diabetes mellitus,Skin rash Flatulence Abdominal pain Diarrhea,"https://onemg.gumlet.io/l_watermark_346,w_480,h_480/a_ignore,w_480,h_480,c_fit,q_auto,f_auto/16738e7f3f114ac5b4ada0ab70ba910c.jpg",Aristo Pharmaceuticals Pvt Ltd,52,29,19
Morr 10% Solution,Minoxidil (10%),Treatment of Hair loss,Itching Chest pain Headache Hypertrichosis excessive hair growth Rash Dermatitis Hypersensitivity Weight gain Fluid retention Tachycardia,"https://onemg.gumlet.io/l_watermark_346,w_480,h_480/a_ignore,w_480,h_480,c_fit,q_auto,f_auto/cropped/ma7i0j5ydzrkn4a7jmo7.jpg",Intas Pharmaceuticals Ltd,15,41,44
Minilactone Tablet,Furosemide (20mg) + Spironolactone (25mg),Treatment of Edema,Breast enlargement in male Electrolyte imbalance Volume depletion,"https://onemg.gumlet.io/l_watermark_346,w_480,h_480/a_ignore,w_480,h_480,c_fit,q_auto,f_auto/236cdaffb8f14933bbd60ec701222a8e.jpg",RPG Life Sciences Ltd,67,33,0
Moxiforce-CV 375 Tablet,Amoxycillin  (250mg) +  Clavulanic Acid (125mg),Treatment of Bacterial infections,Vomiting Nausea Diarrhea Mucocutaneous candidiasis,"https://onemg.gumlet.io/l_watermark_346,w_480,h_480/a_ignore,w_480,h_480,c_fit,q_auto,f_auto/cropped/z3lxothy62sexsxm2e5c.jpg",Mankind Pharma Ltd,20,47,33
Mirakem 50mg Tablet,Mirabegron (50mg),Treatment of Overactive bladder (OAB) symptoms,Constipation Headache High blood pressure Nasal inflammation Urinary tract infection Fast heart rate Joint pain,"https://onemg.gumlet.io/l_watermark_346,w_480,h_480/a_ignore,w_480,h_480,c_fit,q_auto,f_auto/ed95ebf1fe2d43989f32eb539437a2bb.jpg",Alkem Laboratories Ltd,100,0,0
Microgest 200mg Softgel Capsule,Progesterone (Natural Micronized) (200mg), Hormone replacement therapyTreatment of Female infertility,Abdominal pain Nausea Abnormal vaginal bleeding Edema swelling Hair loss Abdominal bloating Headache Breast pain Vomiting Vaginal yeast infection,"https://onemg.gumlet.io/l_watermark_346,w_480,h_480/a_ignore,w_480,h_480,c_fit,q_auto,f_auto/f26d8dd26aa24c26b072c278e53de9e3.jpg",Walter Bushnell,100,0,0
Mibeta SR 40 Tablet,Propranolol (40mg),Treatment of PheochromocytomaTreatment of Hypertension (high blood pressure) Prevention of migraineTreatment of AnxietyTreatment of ArrhythmiaPrevention of Heart attackPrevention of Angina (heart-related chest pain)Treatment of Tremors,Tiredness Weakness Raynaud s phenomenon Arrhythmia irregular heartbeats Nausea Vomiting Diarrhea,"https://onemg.gumlet.io/l_watermark_346,w_480,h_480/a_ignore,w_480,h_480,c_fit,q_auto,f_auto/cropped/tzy00huojjxozppsrhne.jpg",Tas Med India Pvt Ltd,23,40,37
Macitent 10mg Tablet,Macitentan (10mg), Pulmonary arterial hypertension (PAH),Headache Bronchitis inflammation of the airways Nasopharyngitis inflammation of the throat and nasal passages Anemia low number of red blood cells Urinary tract infection Influenza,"https://onemg.gumlet.io/l_watermark_346,w_480,h_480/a_ignore,w_480,h_480,c_fit,q_auto,f_auto/qrohtpvk0gsh78o7tgvo.jpg",MSN Laboratories,25,50,25
Mixtard 30 Suspension for Injection 100IU/ml,Insulin Isophane/NPH   (70%) +   Human Insulin/Soluble Insulin (30%), Diabetes,Hypoglycemia low blood glucose level Injection site reactions pain swelling redness Weight gain,"https://onemg.gumlet.io/l_watermark_346,w_480,h_480/a_ignore,w_480,h_480,c_fit,q_auto,f_auto/9117547b91cd4aa4a0f2454b113fb2da.jpg",Novo Nordisk India Pvt Ltd,35,57,8
Mikacin 250mg Injection,Amikacin (250mg), Bacterial infections,Increased blood urea Injection site reactions pain swelling redness,"https://onemg.gumlet.io/l_watermark_346,w_480,h_480/a_ignore,w_480,h_480,c_fit,q_auto,f_auto/9aaf99a215754b1d88e626457e5ee4c3.jpg",Aristo Pharmaceuticals Pvt Ltd,33,38,29
Moxikind-CV 1gm Tablet,Amoxycillin  (875mg) +  Clavulanic Acid (125mg),Treatment of Bacterial infections,Vomiting Nausea Diarrhea Mucocutaneous candidiasis,"https://onemg.gumlet.io/l_watermark_346,w_480,h_480/a_ignore,w_480,h_480,c_fit,q_auto,f_auto/cropped/zsbz0svpp0qocjfybufg.jpg",Mankind Pharma Ltd,33,67,0
Met XL R 25mg/2.5mg Tablet,Metoprolol Succinate (25mg) + Ramipril (2.5mg), Hypertension (high blood pressure),Nausea Taste change Vomiting Diarrhea Constipation Cough Dizziness Weakness Headache Cold extremities Slow heart rate Numbness of extremity Increased potassium level in blood Decreased blood pressure,"https://onemg.gumlet.io/l_watermark_346,w_480,h_480/a_ignore,w_480,h_480,c_fit,q_auto,f_auto/06f6aa00fc484fdbb5f668cdc71657ec.jpg",Ajanta Pharma Ltd,67,33,0
Moxifax Eye Drop,Moxifloxacin (0.5% w/v),Treatment of Bacterial eye infections,Eye discomfort Dry eye Burning sensation in eye,"https://onemg.gumlet.io/l_watermark_346,w_480,h_480/a_ignore,w_480,h_480,c_fit,q_auto,f_auto/c745d803d2fd4793b0516f9cfa6eb4f3.jpg",Optho Pharma Pvt Ltd,50,50,0
Mosi-DX Eye Drop,Moxifloxacin (0.5% w/v) + Dexamethasone (0.1% w/v),Treatment of Bacterial eye infections,Eye irritation Eye discomfort Blurred vision,"https://onemg.gumlet.io/l_watermark_346,w_480,h_480/a_ignore,w_480,h_480,c_fit,q_auto,f_auto/cropped/wfuqubzewtyxj4ghi7em.jpg",FDC Ltd,100,0,0
Macpred 16 Tablet,Methylprednisolone (16mg),Treatment of Rheumatic disorderTreatment of Systemic lupus erythematosus (SLE)Treatment of Allergic conditionsTreatment of Eye disordersTreatment of Skin disorders,Thinning of skin Increased risk of infection Reduction in bone density Weight gain Mood changes Upset stomach Behavioral changes,"https://onemg.gumlet.io/l_watermark_346,w_480,h_480/a_ignore,w_480,h_480,c_fit,q_auto,f_auto/da94d962fade44f09c7ef47e8ff2e2f9.jpg",Macleods Pharmaceuticals Pvt Ltd,40,47,13
Myface Gel,Clindamycin (1% w/w) + Nicotinamide (4% w/w),Treatment of Acne,Skin peeling Dry skin Erythema skin redness Burning sensation at the site of application,"https://onemg.gumlet.io/l_watermark_346,w_480,h_480/a_ignore,w_480,h_480,c_fit,q_auto,f_auto/84a84ccfa07448179280df9223ec0c15.jpg",Anhox Healthcare Pvt Ltd,35,32,33
Metocard XL 12.5 Tablet,Metoprolol Succinate (11.88mg),Treatment of Hypertension (high blood pressure)Treatment of Angina (heart-related chest pain)Treatment of ArrhythmiaPrevention of Heart attackPrevention of Migraine,Fatigue Headache Slow heart rate Dizziness Nausea Breathlessness Rash Diarrhea Depression,"https://onemg.gumlet.io/l_watermark_346,w_480,h_480/a_ignore,w_480,h_480,c_fit,q_auto,f_auto/cropped/yyq4xyzcz7kunhglb7ca.jpg",Torrent Pharmaceuticals Ltd,60,40,0
Mycolon SR Capsule,Mebeverine (200mg),Treatment of Irritable bowel syndrome,Fainting Skin rash Angioedema swelling of deeper layers of skin,"https://onemg.gumlet.io/l_watermark_346,w_480,h_480/a_ignore,w_480,h_480,c_fit,q_auto,f_auto/t1juzkylbagbeq0cho2f.jpg",Waterley Pharmaceuticals Pvt Ltd,25,33,42
Macsart Beta 50 Tablet ER,Telmisartan (40mg) + Metoprolol Succinate (50mg),Treatment of Hypertension (high blood pressure),Headache Weakness Dizziness Cold extremities Slow heart rate Increased potassium level in blood Numbness of extremity Decreased blood pressure,"https://onemg.gumlet.io/l_watermark_346,w_480,h_480/a_ignore,w_480,h_480,c_fit,q_auto,f_auto/99dac0f7a4a040e79d7f437036dd98fa.jpg",Macleods Pharmaceuticals Pvt Ltd,0,40,60
Medrogest 10mg Tablet,Medroxyprogesterone acetate (10mg),Treatment of AmenorrheaTreatment of Abnormal uterine bleedingTreatment of Endometriosis,Headache Abdominal pain Weakness Dizziness Irregular menstrual cycle Nervousness,"https://onemg.gumlet.io/l_watermark_346,w_480,h_480/a_ignore,w_480,h_480,c_fit,q_auto,f_auto/6f7e25ed8b554213813c92c406a8d279.jpg",Maneesh Pharmaceuticals Ltd,25,75,0
Moxikem 500mg Capsule,Amoxycillin (500mg),Treatment of Bacterial infections,Nausea Diarrhea Skin rash Vomiting,"https://onemg.gumlet.io/l_watermark_346,w_480,h_480/a_ignore,w_480,h_480,c_fit,q_auto,f_auto/c9c13eb71ee34ed29b76e003addae686.jpg",Alkem Laboratories Ltd,0,33,67
Metasone Plus Cream,Hydroquinone (2% w/w) + Mometasone (0.1% w/w) + Tretinoin (0.025% w/w),Treatment of Melasma,Application site reactions burning irritation itching and redness,"https://onemg.gumlet.io/l_watermark_346,w_480,h_480/a_ignore,w_480,h_480,c_fit,q_auto,f_auto/cropped/hu075b2jpeqr6dd9ln0l.jpg",Talent India ,31,46,23
Micogel F Ointment,Fluocinolone acetonide (0.01% w/w) + Miconazole (2% w/w),Treatment of Fungal skin infections,Skin peeling Blisters on skin Dry skin Application site reactions burning irritation itching and redness,"https://onemg.gumlet.io/l_watermark_346,w_480,h_480/a_ignore,w_480,h_480,c_fit,q_auto,f_auto/6dfd91ac9be348468cc94313ff887a32.jpg",Cipla Ltd,40,35,25
MX 10 Topical Solution,Minoxidil (10% w/v),Treatment of Hair loss,Itching Chest pain Headache Hypertrichosis excessive hair growth Rash Dermatitis Hypersensitivity Weight gain Fluid retention Tachycardia,"https://onemg.gumlet.io/l_watermark_346,w_480,h_480/a_ignore,w_480,h_480,c_fit,q_auto,f_auto/gilpzrxzuicy6gxcsv3p.jpg",Hegde and Hegde Pharmaceutical LLP,21,44,35
Megatas 25 Tablet ER,Mirabegron (25mg),Treatment of Overactive bladder (OAB) symptoms,Constipation Headache High blood pressure Nasal inflammation Urinary tract infection Fast heart rate Joint pain,"https://onemg.gumlet.io/l_watermark_346,w_480,h_480/a_ignore,w_480,h_480,c_fit,q_auto,f_auto/99db01648a124bcbb08711b8486b0e61.jpg",Intas Pharmaceuticals Ltd,0,33,67
Megazolid 100 Dry Syrup,Linezolid (100mg/5ml),Treatment of Resistant Tuberculosis (TB)Treatment of Severe bacterial infections,Decreased blood pressure Vomiting Headache Nausea Decreased blood cells red cells white cells and platelets Diarrhea,"https://onemg.gumlet.io/l_watermark_346,w_480,h_480/a_ignore,w_480,h_480,c_fit,q_auto,f_auto/2f3c10d4459544d9ba09962c59a14557.jpg",Aristo Pharmaceuticals Pvt Ltd,0,58,42
Mirena Intrauterine Delivery System,Levonorgestrel (intrauterine delivery system) (52mg), Contraception Heavy menstrual bleeding,Irregular uterine bleeding Ovarian cysts Pelvic pain Dizziness,"https://onemg.gumlet.io/l_watermark_346,w_480,h_480/a_ignore,w_480,h_480,c_fit,q_auto,f_auto/67dc9c3c5310427ca2767ac2e1e16e2d.jpg",Bayer Zydus Pharma Pvt Ltd,43,27,30
Macralfate Suspension Sugar Free,Sucralfate (1000mg),Treatment of Intestinal ulcersTreatment of Stomach ulcers,Constipation,"https://onemg.gumlet.io/l_watermark_346,w_480,h_480/a_ignore,w_480,h_480,c_fit,q_auto,f_auto/rfqgjxalza58muwgfnnz.jpg",Macleods Pharmaceuticals Pvt Ltd,47,30,23
Metolar 1mg Injection,Metoprolol Tartrate (1mg),Treatment of Hypertensive emergencyTreatment of Hypertension (high blood pressure)Treatment of Angina (heart-related chest pain)Treatment of ArrhythmiaPrevention of Heart attackTreatment of Migraine,Orthostatic hypotension sudden lowering of blood pressure on standing Slow heart rate Headache Dizziness Tiredness Nausea Stomach pain Breathlessness,"https://onemg.gumlet.io/l_watermark_346,w_480,h_480/a_ignore,w_480,h_480,c_fit,q_auto,f_auto/110033c702b34148a6a37d469fabfa5d.jpg",Cipla Ltd,33,34,33
Myestin 60mg Tablet,Pyridostigmine (60mg),Treatment of Myasthenia gravisTreatment of Paralytic ileusTreatment of Post-operative urinary retention,Nausea Excessive salivation Diarrhea Blurred vision Breathlessness Watery eyes Abdominal pain Altered frequency of urination Sweating Headache Dizziness Runny nose Heartburn Gastro esophageal reflux disease Paresthesia tingling or pricking sensation Muscle twitching Weakness Muscle cramp Increased bronchial secretions,"https://onemg.gumlet.io/l_watermark_346,w_480,h_480/a_ignore,w_480,h_480,c_fit,q_auto,f_auto/35fd5150ebf2461b9f4fadecca50e863.jpg",Vhb Life Sciences Inc,37,34,29
Microvir 500 Tablet,Famciclovir (500mg), Herpes labialis Herpes Simplex Virus Infections Shingles Genital herpes infection,Headache Dizziness Nausea Rash Abdominal pain Itching Abnormal liver function tests Increased lipase in the blood Elevated levels of serum amylase,"https://onemg.gumlet.io/l_watermark_346,w_480,h_480/a_ignore,w_480,h_480,c_fit,q_auto,f_auto/418d5816c55d400d81996829e33872a9.jpg",Micro Labs Ltd,0,33,67
Moxiforce-CV Dry Syrup,Amoxycillin  (200mg) +  Clavulanic Acid (28.5mg),Treatment of Resistance Tuberculosis (TB)Treatment of Bacterial infections,Abdominal pain Allergy Vomiting Nausea Diarrhea Mucocutaneous candidiasis,"https://onemg.gumlet.io/l_watermark_346,w_480,h_480/a_ignore,w_480,h_480,c_fit,q_auto,f_auto/cropped/r4vh0m0wwz1v5z2wi5h1.jpg",Mankind Pharma Ltd,0,67,33
Medomol 500mg Tablet,Paracetamol (500mg), Pain reliefTreatment of Fever,Stomach pain Nausea Vomiting,"https://onemg.gumlet.io/l_watermark_346,w_480,h_480/a_ignore,w_480,h_480,c_fit,q_auto,f_auto/cropped/o9rb9tyzqpn3lgyifur6.jpg",Medopharm,26,30,44
Metocard AM  Tablet PR,Amlodipine (5mg) + Metoprolol Succinate (50mg),Treatment of Hypertension (high blood pressure),Nausea Slow heart rate Abdominal pain Dizziness Fatigue Sleepiness Ankle swelling Constipation Edema swelling Flushing sense of warmth in the face ears neck and trunk Palpitations Headache Vomiting Visual disturbance Orthostatic hypotension sudden lowering of blood pressure on standing Breathlessness Muscle cramp,"https://onemg.gumlet.io/l_watermark_346,w_480,h_480/a_ignore,w_480,h_480,c_fit,q_auto,f_auto/b78ae5fe0fd14186be92896c58566003.jpg",Torrent Pharmaceuticals Ltd,39,44,17
Melboost 5mg Solution,Deca Peptide (5mg), Vitiligo,Dry skin Skin irritation Burning sensation,"https://onemg.gumlet.io/l_watermark_346,w_480,h_480/a_ignore,w_480,h_480,c_fit,q_auto,f_auto/cropped/ezsqyfaj9bvhvfpttlxy.jpg",KLM Laboratories Pvt Ltd,53,47,0
Melgain Lotion,Deca Peptide (1mg/ml), Vitiligo,Dry skin Skin irritation Burning sensation,"https://onemg.gumlet.io/l_watermark_346,w_480,h_480/a_ignore,w_480,h_480,c_fit,q_auto,f_auto/2e3453bbc0644a368d9a108712417bcb.jpg",Zydus Cadila,25,35,40
ME-PR Capsule,Methylcobalamin (750mcg) + Pregabalin (75mg),Treatment of Neuropathic pain,Dizziness Sleepiness Tiredness Uncoordinated body movements,"https://onemg.gumlet.io/l_watermark_346,w_480,h_480/a_ignore,w_480,h_480,c_fit,q_auto,f_auto/cropped/wp0j4kgovy3rrniorkpk.jpg",Systopic Laboratories Pvt Ltd,27,60,13
Maxigla Soft Gelatin Capsule,Gamma Linolenic acid (120mg) + Methylcobalamin (750mcg), Nutritional deficiencies,Limited data available,"https://onemg.gumlet.io/l_watermark_346,w_480,h_480/a_ignore,w_480,h_480,c_fit,q_auto,f_auto/fe949fcbe86f45c5995276cee84b392d.jpg",Stanwell Lifesciences Pvt Ltd,0,0,100
Montas-L,Levocetirizine (2.5mg/5ml) + Montelukast (4mg/5ml),Treatment of Sneezing and runny nose due to allergiesTreatment of Hay feverTreatment of Allergic skin conditions,Rash Nausea Diarrhea Dryness in mouth Fatigue Headache Skin rash Sleepiness Vomiting,"https://onemg.gumlet.io/l_watermark_346,w_480,h_480/a_ignore,w_480,h_480,c_fit,q_auto,f_auto/e8cf842d6ed5461cac6c4e1525161004.jpg",Intas Pharmaceuticals Ltd,100,0,0
Megaburn Capsule,Orlistat (120mg), Obesity,Fat in stool Bowel incontinence Flatus with discharge Oily spotting Increased urge to pass bowels Oily evacuation Increased bowel movements,"https://onemg.gumlet.io/l_watermark_346,w_480,h_480/a_ignore,w_480,h_480,c_fit,q_auto,f_auto/21342fd5b9124195bd26d148060411a7.jpg",Leeford Healthcare Ltd,0,33,67
Mymi Plus Capsule,Methylcobalamin (750mcg) + Pregabalin (75mg),Treatment of Neuropathic pain,Dizziness Sleepiness Tiredness Uncoordinated body movements,"https://onemg.gumlet.io/l_watermark_346,w_480,h_480/a_ignore,w_480,h_480,c_fit,q_auto,f_auto/824423f3d4dc4e84804a8482d8e01682.jpg",HBC Lifesciences Pvt Ltd,22,22,56
Mesacol Enema,Mesalazine (4gm),Treatment of Ulcerative colitis,Rectal discomfort Flatulence Headache Vomiting Diarrhea Nausea Abdominal pain Rash,"https://onemg.gumlet.io/l_watermark_346,w_480,h_480/a_ignore,w_480,h_480,c_fit,q_auto,f_auto/n5o8dfnozom1noaqpav0.jpg",Sun Pharmaceutical Industries Ltd,52,38,10
MTnL Tablet,Levocetirizine (5mg) + Montelukast (10mg),Treatment of Sneezing and runny nose due to allergiesTreatment of Hay feverTreatment of Allergic skin conditions,Nausea Diarrhea Dryness in mouth Fatigue Headache Skin rash Sleepiness Vomiting,"https://onemg.gumlet.io/l_watermark_346,w_480,h_480/a_ignore,w_480,h_480,c_fit,q_auto,f_auto/cropped/xgfvyp5mnd2x7vmmct1y.jpg",Centaur Pharmaceuticals Pvt Ltd,61,17,22
Metpure-AM 5  Tablet MR,Amlodipine (5mg) + Metoprolol Succinate (25mg),Treatment of Hypertension (high blood pressure),Nausea Slow heart rate Abdominal pain Dizziness Fatigue Sleepiness Ankle swelling Constipation Edema swelling Flushing sense of warmth in the face ears neck and trunk Palpitations Headache Vomiting Visual disturbance Orthostatic hypotension sudden lowering of blood pressure on standing Breathlessness Muscle cramp,"https://onemg.gumlet.io/l_watermark_346,w_480,h_480/a_ignore,w_480,h_480,c_fit,q_auto,f_auto/cropped/ltxdlzqryf0mcsoeghu9.jpg",Emcure Pharmaceuticals Ltd,22,67,11
Melgain Lotion,Deca Peptide (1mg/ml), Vitiligo,Dry skin Skin irritation Burning sensation,"https://onemg.gumlet.io/l_watermark_346,w_480,h_480/a_ignore,w_480,h_480,c_fit,q_auto,f_auto/ulblkpicm7y6l4fpx8sb.jpg",Zydus Cadila,23,35,42
Macphylline Capsule,Acebrophylline (100mg),Treatment of AsthmaTreatment of BronchitisTreatment of Chronic obstructive pulmonary disease (COPD),Vomiting Abdominal pain Drowsiness Heartburn Increased white blood cell count Loss of appetite Rash Itching Constipation Diarrhea Abdominal discomfort Abdominal distension Esophageal bleeding Red spots or bumps Breathing problems High white blood cell count Nasal inflammation,"https://onemg.gumlet.io/l_watermark_346,w_480,h_480/a_ignore,w_480,h_480,c_fit,q_auto,f_auto/d969360a1bf5473e8ac2eaef417470d2.jpg",Macleods Pharmaceuticals Pvt Ltd,67,33,0
Metolar AM  50 Tablet,Amlodipine (5mg) + Metoprolol Succinate (50mg),Treatment of Hypertension (high blood pressure),Nausea Slow heart rate Abdominal pain Dizziness Fatigue Sleepiness Ankle swelling Constipation Edema swelling Flushing sense of warmth in the face ears neck and trunk Palpitations Headache Vomiting Visual disturbance Orthostatic hypotension sudden lowering of blood pressure on standing Breathlessness Muscle cramp,"https://onemg.gumlet.io/l_watermark_346,w_480,h_480/a_ignore,w_480,h_480,c_fit,q_auto,f_auto/cropped/y8e4pqwhgwoaxgabpagj.jpg",Cipla Ltd,55,27,18
Mylamin Plus Injection,Vitamin B (1000mg),Treatment of Nutritional deficiencies,Flushing sense of warmth in the face ears neck and trunk Gastrointestinal disturbance Decreased white blood cell count,"https://onemg.gumlet.io/l_watermark_346,w_480,h_480/a_ignore,w_480,h_480,c_fit,q_auto,f_auto/12195a205bb34bddb0c686f8234a9979.jpg",Macleods Pharmaceuticals Pvt Ltd,17,50,33
Monocef 250mg Injection,Ceftriaxone (250mg),Treatment of Bacterial infections,Diarrhea Abnormal liver function tests Rash,"https://onemg.gumlet.io/l_watermark_346,w_480,h_480/a_ignore,w_480,h_480,c_fit,q_auto,f_auto/kjxi8rr0zos7pbh4f7wx.jpg",Aristo Pharmaceuticals Pvt Ltd,57,29,14
Mifenti Vaginal Capsule,Fenticonazole (600mg), Fungal infections of vagina,Erythema skin redness,"https://onemg.gumlet.io/l_watermark_346,w_480,h_480/a_ignore,w_480,h_480,c_fit,q_auto,f_auto/pjxm1v6jeab6ldlg5xol.jpg",Alembic Pharmaceuticals Ltd,0,0,100
Mucyst Injection,Acetylcysteine (400mg),Treatment of Paracetamol toxicity,Rash Red spots or bumps Flushing sense of warmth in the face ears neck and trunk Itching,"https://onemg.gumlet.io/l_watermark_346,w_480,h_480/a_ignore,w_480,h_480,c_fit,q_auto,f_auto/u6adp3a0f1vokbbcbh3l.jpg",Neon Laboratories Ltd,0,33,67
Mecoblend-PSR Tablet,Methylcobalamin (1500mcg) + Pregabalin (75mg),Treatment of Neuropathic pain,Dizziness Sleepiness Tiredness Uncoordinated body movements,"https://onemg.gumlet.io/l_watermark_346,w_480,h_480/a_ignore,w_480,h_480,c_fit,q_auto,f_auto/hkxwmk5bouiityjeiitl.jpg",Akesiss Pharma Pvt Ltd,0,67,33
Melmet 1000 SR Tablet,Metformin (1000mg),Treatment of Type 2 diabetes mellitus,Diarrhea Nausea Vomiting Flatulence,"https://onemg.gumlet.io/l_watermark_346,w_480,h_480/a_ignore,w_480,h_480,c_fit,q_auto,f_auto/cropped/zf799jnedgahdmnqfcjh.jpg",Micro Labs Ltd,27,44,29
Macflox Tablet,Moxifloxacin (400mg),Treatment of Bacterial eye infections,Eye discomfort Dry eye Burning sensation in eye,"https://onemg.gumlet.io/l_watermark_346,w_480,h_480/a_ignore,w_480,h_480,c_fit,q_auto,f_auto/cropped/k6uqtmsq3ydbfilz7c31.jpg",Macleods Pharmaceuticals Pvt Ltd,39,39,22
Montemac-FX Suspension,Montelukast (4mg/5ml) + Fexofenadine (30mg/5ml),Treatment of Sneezing and runny nose due to allergies,Nausea Diarrhea Vomiting Skin rash Flu like symptoms Headache Drowsiness Dizziness,"https://onemg.gumlet.io/l_watermark_346,w_480,h_480/a_ignore,w_480,h_480,c_fit,q_auto,f_auto/btoilhuqohknyb3eqagc.jpg",Macleods Pharmaceuticals Pvt Ltd,44,56,0
Mecobion-NP Tablet SR,Pregabalin (75mg) + Nortriptyline (10mg) + Methylcobalamin (1500mcg),Treatment of Neuropathic pain,Constipation Weight gain Orthostatic hypotension sudden lowering of blood pressure on standing Increased heart rate Dizziness Sleepiness Tiredness Blurred vision Dryness in mouth Difficulty in urination Uncoordinated body movements,"https://onemg.gumlet.io/l_watermark_346,w_480,h_480/a_ignore,w_480,h_480,c_fit,q_auto,f_auto/0ee94310e0274a3d9a4b0355abeda954.jpg",Medley Pharmaceuticals,17,25,58
Maxogest Tablet,Medroxyprogesterone acetate (10mg),Treatment of AmenorrheaTreatment of Abnormal uterine bleedingTreatment of Endometriosis,Headache Abdominal pain Weakness Dizziness Irregular menstrual cycle Nervousness,"https://onemg.gumlet.io/l_watermark_346,w_480,h_480/a_ignore,w_480,h_480,c_fit,q_auto,f_auto/f4ada9c73c844310ba2754cf10ba36bd.jpg",Corona Remedies Pvt Ltd,0,25,75
Martifur MR 50mg Tablet,Nitrofurantoin (50mg),Treatment of Bacterial infections of urinary tract,Nausea Vomiting Diarrhea,"https://onemg.gumlet.io/l_watermark_346,w_480,h_480/a_ignore,w_480,h_480,c_fit,q_auto,f_auto/4047d2ad5e6e4397b29a66f768969db3.jpg",Walter Bushnell,100,0,0
Magnatuss A Syrup,Loratadine (5mg/5ml) + Guaifenesin (50mg/5ml) + Ambroxol (30mg/5ml), Cough with mucus,Nausea Diarrhea Vomiting Stomach pain Rash Hives Dizziness Headache Allergic reaction Sleepiness,"https://onemg.gumlet.io/l_watermark_346,w_480,h_480/a_ignore,w_480,h_480,c_fit,q_auto,f_auto/3edaa0321dbb4fa796de3be5d078b4b9.jpg",Mankind Pharma Ltd,0,67,33
Mprol 25mg Tablet,Metoprolol Succinate (25mg),Treatment of Hypertension (high blood pressure)Treatment of Angina (heart-related chest pain)Treatment of ArrhythmiaPrevention of Heart attackPrevention of Migraine,Fatigue Headache Slow heart rate Dizziness Nausea Breathlessness Rash Diarrhea Depression,"https://onemg.gumlet.io/l_watermark_346,w_480,h_480/a_ignore,w_480,h_480,c_fit,q_auto,f_auto/0f52cb33625f498cb2544e7741191fe6.jpg",Unison Pharmaceuticals Pvt Ltd,33,67,0
Montemac A Tablet,Acebrophylline (200mg) + Montelukast (10mg),Treatment and prevention of Chronic obstructive pulmonary disease (COPD)Treatment of Sneezing and runny nose due to allergies,Vomiting Heartburn Stomach pain Rash Itching Hives Drowsiness Breathing problems Increased white blood cell count Nasal inflammation Flu like symptoms,"https://onemg.gumlet.io/l_watermark_346,w_480,h_480/a_ignore,w_480,h_480,c_fit,q_auto,f_auto/cropped/hknn1shry41j4jpxiicz.jpg",Macleods Pharmaceuticals Pvt Ltd,13,60,27
Momoz F Ointment,Mometasone (0.1% w/w) + Fusidic Acid (2% w/w),Treatment of Skin conditions with inflammation & itching,Headache Sore throat Itching Nosebleeds Viral infection Upper respiratory tract infection Vomiting,"https://onemg.gumlet.io/l_watermark_346,w_480,h_480/a_ignore,w_480,h_480,c_fit,q_auto,f_auto/cropped/nxreg0jqee713aqhamkh.jpg",Torrent Pharmaceuticals Ltd,56,33,11
Moxon 0.3 Tablet,Moxonidine (0.3mg), Hypertension (high blood pressure),Dryness in mouth Headache Rash Dizziness Back pain Insomnia difficulty in sleeping Sleepiness Vomiting Weakness Nausea Diarrhea Vertigo,"https://onemg.gumlet.io/l_watermark_346,w_480,h_480/a_ignore,w_480,h_480,c_fit,q_auto,f_auto/cropped/wtkmtetphboib1lalxem.jpg",Abbott,22,67,11
Megagliptin Tablet,Teneligliptin (20mg),Treatment of Type 2 diabetes mellitus,Dizziness Headache Diarrhea Hypoglycemia low blood glucose level Nausea Vomiting,"https://onemg.gumlet.io/l_watermark_346,w_480,h_480/a_ignore,w_480,h_480,c_fit,q_auto,f_auto/cropped/cfm3d6cw4wcczeuhhmqq.jpg",Aristo Pharmaceuticals Pvt Ltd,54,25,21
Mero 500mg Injection,Meropenem (500mg), Severe bacterial infections,Rash Headache Vomiting Nausea Itching Diarrhea Injection site inflammation Anemia low number of red blood cells Sepsis Constipation Apnea absence of breathing Shock,"https://onemg.gumlet.io/l_watermark_346,w_480,h_480/a_ignore,w_480,h_480,c_fit,q_auto,f_auto/0973719c8e514b0ebd7933b705f5c585.jpg",Aristo Pharmaceuticals Pvt Ltd,67,8,25
Mirumigest Tablet,Dienogest (2mg),Treatment of pelvic pain associated with Endometriosis,Headache Acne Breast pain Abnormal menstrual bleeding Weight gain Sleep disorder Nervousness Loss of libido Migraine Gastrointestinal disturbance Hair loss Back pain Breast engorgement Ovarian cysts Hot flushes Vaginal bleeding Asthenic conditions Irritability,"https://onemg.gumlet.io/l_watermark_346,w_480,h_480/a_ignore,w_480,h_480,c_fit,q_auto,f_auto/l4ta9rg4y09wcdl62zpt.jpg",Alembic Pharmaceuticals Ltd,28,55,17
MO 4 Eye Drop,Moxifloxacin (0.5% w/v),Treatment of Bacterial eye infections,Eye discomfort Dry eye Burning sensation in eye,"https://onemg.gumlet.io/l_watermark_346,w_480,h_480/a_ignore,w_480,h_480,c_fit,q_auto,f_auto/cropped/hzufhdgfp3jcdp4pgqu4.jpg",Nri Vision Care India Limited,33,67,0
Myotan 40 Tablet,Azilsartan medoxomil (40mg), Hypertension (high blood pressure) Heart failure Prevention of heart attack and stroke,Dizziness Muscle damage Diarrhea,"https://onemg.gumlet.io/l_watermark_346,w_480,h_480/a_ignore,w_480,h_480,c_fit,q_auto,f_auto/cropped/zlme5swu5unjmnqonf1a.jpg",J B Chemicals and Pharmaceuticals Ltd,31,42,27
Metpure-Tel 40 Tablet MR,Telmisartan (40mg) + Metoprolol Succinate (25mg),Treatment of Hypertension (high blood pressure),Headache Weakness Dizziness Cold extremities Slow heart rate Increased potassium level in blood Numbness of extremity Decreased blood pressure,"https://onemg.gumlet.io/l_watermark_346,w_480,h_480/a_ignore,w_480,h_480,c_fit,q_auto,f_auto/228a9ac3c9cb4011a2765d01544c13bc.jpg",Emcure Pharmaceuticals Ltd,39,50,11
Melanorm Cream,Hydroquinone (4% w/w), Melasma,Erythema skin redness Dryness and fissuring of paranasal and infraorbital areas Stinging sensation,"https://onemg.gumlet.io/l_watermark_346,w_480,h_480/a_ignore,w_480,h_480,c_fit,q_auto,f_auto/bgtsrekuyu6ajnqh9tzz.jpg",Unimarck Pharma India Ltd,19,29,52
Monit GTN 6.4 Tablet CR,Nitroglycerin (6.4mg),Treatment of Angina (heart-related chest pain),Blurred vision Decreased blood pressure Dizziness Headache Increased heart rate Lightheadedness Paresthesia tingling or pricking sensation,"https://onemg.gumlet.io/l_watermark_346,w_480,h_480/a_ignore,w_480,h_480,c_fit,q_auto,f_auto/52452e5ec5e3486fb9c79c121d213d3f.jpg",Intas Pharmaceuticals Ltd,33,17,50
Myospaz D Tablet,Diclofenac (50mg) + Metaxalone (400mg),Treatment of Pain due to muscle spasm,Nausea Vomiting Stomach pain epigastric pain Heartburn Diarrhea Sleepiness Loss of appetite,"https://onemg.gumlet.io/l_watermark_346,w_480,h_480/a_ignore,w_480,h_480,c_fit,q_auto,f_auto/64806196a9ab4debbeee23eb180d81b6.jpg",Win-Medicare Pvt Ltd,42,49,9
Misty Fresh Eye Drop,Sodium Hyaluronate (0.1% w/v),Treatment of Dry eyes,Limited data available,"https://onemg.gumlet.io/l_watermark_346,w_480,h_480/a_ignore,w_480,h_480,c_fit,q_auto,f_auto/cropped/nthh2ylkigqqd5tuulz7.jpg",Nri Vision Care India Limited,33,34,33
Moxifax P Eye Drop,Moxifloxacin (0.5% w/v) + Prednisolone (1% w/v),Treatment of Bacterial infections,Eye irritation Eye discomfort Blurred vision,"https://onemg.gumlet.io/l_watermark_346,w_480,h_480/a_ignore,w_480,h_480,c_fit,q_auto,f_auto/1badc64d57c844f098dca16a56174a2a.jpg",Optho Pharma Pvt Ltd,0,33,67
Minoz ER 45 Tablet,Minocycline (45mg),Treatment of Bacterial infectionsTreatment of Acne,Headache Dizziness Itching Fatigue,"https://onemg.gumlet.io/l_watermark_346,w_480,h_480/a_ignore,w_480,h_480,c_fit,q_auto,f_auto/trtbkkth1mq0ydtcdtzc.jpg",Sun Pharmaceutical Industries Ltd,33,29,38
Migranex 5 Tablet,Flunarizine (5mg),Prevention of Migraine,Sleepiness Weight gain Muscle pain Fatigue Constipation Nausea Insomnia difficulty in sleeping Runny nose Increased appetite Depression Stomach discomfort Breast pain,"https://onemg.gumlet.io/l_watermark_346,w_480,h_480/a_ignore,w_480,h_480,c_fit,q_auto,f_auto/cropped/o4ibbytkehjp2yftbijv.jpg",Intas Pharmaceuticals Ltd,0,50,50
Mariliv Drop,Silymarin (35mg) + Tricholine Citrate (90mg), Fatty liver disease,Dryness in mouth Drowsiness,"https://onemg.gumlet.io/l_watermark_346,w_480,h_480/a_ignore,w_480,h_480,c_fit,q_auto,f_auto/cropped/ro0oczrosx4yzuxmnqa7.png",Emcee Pharmaceuticals Pvt Ltd,33,34,33
Megapen 500mg Injection,Ampicillin (250mg) + Cloxacillin (250mg),Treatment of Bacterial infections,Allergic reaction Rash Stomach pain Nausea Diarrhea,"https://onemg.gumlet.io/l_watermark_346,w_480,h_480/a_ignore,w_480,h_480,c_fit,q_auto,f_auto/cropped/nhj2mcv9lkhztvqtgvax.jpg",Aristo Pharmaceuticals Pvt Ltd,67,33,0
Myelogen PG 75 Tablet SR,Pregabalin (75mg) + Methylcobalamin (1500mcg) + Vitamin B6 (Pyridoxine) (20mg) + Folic Acid (5mg), Neuropathic pain,Dizziness Sleepiness Tiredness Uncoordinated body movements,"https://onemg.gumlet.io/l_watermark_346,w_480,h_480/a_ignore,w_480,h_480,c_fit,q_auto,f_auto/cropped/agqjlba4ztk7ybwikiaw.jpg",Panacea Biotec Ltd,0,78,22
Macsart Beta 25 Tablet ER,Telmisartan (40mg) + Metoprolol Succinate (25mg),Treatment of Hypertension (high blood pressure),Headache Weakness Dizziness Cold extremities Slow heart rate Increased potassium level in blood Numbness of extremity Decreased blood pressure,"https://onemg.gumlet.io/l_watermark_346,w_480,h_480/a_ignore,w_480,h_480,c_fit,q_auto,f_auto/cropped/eiwh4vlnbgrbrigk4dq9.jpg",Macleods Pharmaceuticals Pvt Ltd,44,56,0
Mibeta SR 40 Tablet,Propranolol (40mg),Treatment of PheochromocytomaTreatment of Hypertension (high blood pressure) Prevention of migraineTreatment of AnxietyTreatment of ArrhythmiaPrevention of Heart attackPrevention of Angina (heart-related chest pain)Treatment of Tremors,Tiredness Weakness Raynaud s phenomenon Arrhythmia irregular heartbeats Nausea Vomiting Diarrhea,"https://onemg.gumlet.io/l_watermark_346,w_480,h_480/a_ignore,w_480,h_480,c_fit,q_auto,f_auto/6864bb975a7a43dd823a8fbbf87cc733.jpg",Tas Med India Pvt Ltd,33,67,0
Malirid 7.5mg Tablet,Primaquine (7.5mg), Malaria,Rash Vomiting Headache Dizziness Hives Stomach pain Nausea Abdominal pain Itching Heartburn Gastrointestinal discomfort Upper abdominal pain,"https://onemg.gumlet.io/l_watermark_346,w_480,h_480/a_ignore,w_480,h_480,c_fit,q_auto,f_auto/7f0e9b63783949d090d6fac0d24dd1c0.jpg",Ipca Laboratories Ltd,50,17,33
Montemac 10 Tablet,Montelukast (10mg),Prevention of Asthma,Headache Diarrhea Abdominal pain Fever Upper respiratory tract infection Cough Sore throat Runny nose Sinus inflammation Ear inflammation,"https://onemg.gumlet.io/l_watermark_346,w_480,h_480/a_ignore,w_480,h_480,c_fit,q_auto,f_auto/cropped/yzwbw5tvphqbjls61wkl.jpg",Macleods Pharmaceuticals Pvt Ltd,0,50,50
MFC-LT Eye Drop,Loteprednol etabonate (0.5% w/v) + Moxifloxacin (0.5% w/v),Treatment of Eye infection with inflammation,Eye irritation Eye discomfort,"https://onemg.gumlet.io/l_watermark_346,w_480,h_480/a_ignore,w_480,h_480,c_fit,q_auto,f_auto/8af03cba112c4717a262aff4b60dc56d.jpg",Jawa Pharmaceuticals  Pvt Ltd,0,67,33
Megagliptin MF Tablet PR,Metformin (500mg) + Teneligliptin (20mg),Treatment of Type 2 diabetes mellitus,Hypoglycemia low blood glucose level Nausea Vomiting Diarrhea Headache Bloating Flatulence,"https://onemg.gumlet.io/l_watermark_346,w_480,h_480/a_ignore,w_480,h_480,c_fit,q_auto,f_auto/53428a689fdd48a7a9249e9c2a1a55aa.jpg",Aristo Pharmaceuticals Pvt Ltd,47,33,20
Muciday Tablet SR,Acebrophylline (200mg) + Montelukast (10mg),Treatment and prevention of Chronic obstructive pulmonary disease (COPD)Treatment of Sneezing and runny nose due to allergies,Vomiting Heartburn Stomach pain Rash Itching Hives Drowsiness Breathing problems Increased white blood cell count Nasal inflammation Flu like symptoms,"https://onemg.gumlet.io/l_watermark_346,w_480,h_480/a_ignore,w_480,h_480,c_fit,q_auto,f_auto/cropped/qxgz8vlt4341gyw9s5mu.png",Seagull Pharmaceutical Pvt Ltd,29,47,24
Mabura 40mg Injection,Adalimumab (40mg), Ankylosing spondylitis Rheumatoid arthritis Psoriasis Ulcerative colitis Crohn’s disease,Headache Sinus inflammation Rash Upper respiratory tract infection Injection site reaction,"https://onemg.gumlet.io/l_watermark_346,w_480,h_480/a_ignore,w_480,h_480,c_fit,q_auto,f_auto/7936e2f94c2c45d0aa924830babd7d88.jpg",Hetero Drugs Ltd,72,28,0
Myoset-D 150mg/100mg Capsule SR,Eperisone (150mg) + Diclofenac (100mg), Pain due to muscle spasm,Nausea Vomiting Heartburn Stomach pain epigastric pain Diarrhea Loss of appetite Dizziness Weakness Sleepiness,"https://onemg.gumlet.io/l_watermark_346,w_480,h_480/a_ignore,w_480,h_480,c_fit,q_auto,f_auto/193b9dac45714cd38a5fe063aba36be1.jpg",Sparsh Remedies Pvt Ltd,0,53,47
Macfast 250 Oral Suspension,Paracetamol (250mg/5ml), Pain reliefTreatment of Fever,Indigestion Stomach pain Nausea Vomiting,"https://onemg.gumlet.io/l_watermark_346,w_480,h_480/a_ignore,w_480,h_480,c_fit,q_auto,f_auto/cropped/fo86aljrfzmc0h0ykv65.jpg",Macleods Pharmaceuticals Pvt Ltd,0,53,47
Mupimesh Ointment,Mupirocin (2% w/w),Treatment of Bacterial skin infections,Itching Burning sensation Stinging sensation Pain,"https://onemg.gumlet.io/l_watermark_346,w_480,h_480/a_ignore,w_480,h_480,c_fit,q_auto,f_auto/cropped/v4a1ljscdy9jbedrt1ul.jpg",Apex Laboratories Pvt Ltd,67,33,0
Mazetol 400 Tablet,Carbamazepine (400mg), Epilepsy/Seizures Trigeminal neuralgia Diabetic nerve pain,Dizziness Nausea Vomiting Constipation Sleepiness Abnormality of voluntary movements,"https://onemg.gumlet.io/l_watermark_346,w_480,h_480/a_ignore,w_480,h_480,c_fit,q_auto,f_auto/cropped/gbo7g09yf2dz461mdyd7.jpg",Abbott,67,33,0
Meftagesic P  50mg/125mg Tablet DT,Mefenamic Acid (50mg) + Paracetamol (125mg), Pain reliefTreatment of Fever,Nausea Vomiting Abdominal pain Heartburn Diarrhea Dizziness,"https://onemg.gumlet.io/l_watermark_346,w_480,h_480/a_ignore,w_480,h_480,c_fit,q_auto,f_auto/22f1a79d44114f3b8c5cfc49c49852ab.jpg",Blue Cross Laboratories Ltd,50,50,0
Minoxy 5% Solution,Minoxidil (5% w/v),Treatment of Hair loss,Itching Chest pain Headache Hypertrichosis excessive hair growth Rash Dermatitis Hypersensitivity Weight gain Fluid retention Tachycardia,"https://onemg.gumlet.io/l_watermark_346,w_480,h_480/a_ignore,w_480,h_480,c_fit,q_auto,f_auto/cropped/gdhlh9xyxbn2vq9likwf.jpg",Maxamus Pharma Pvt Ltd,19,37,44
Modlip-Asg 20 Capsule,Atorvastatin (20mg) + Aspirin (75mg),Treatment of Prevention of heart attack and stroke,Abdominal pain Constipation Flatulence Increased liver enzymes Hepatitis viral infection of liver Reye s syndrome like symptoms,"https://onemg.gumlet.io/l_watermark_346,w_480,h_480/a_ignore,w_480,h_480,c_fit,q_auto,f_auto/946d024ab41c483a9a1c20008f1dde5c.jpg",Torrent Pharmaceuticals Ltd,0,33,67
Mofecon 500 Tablet,Mycophenolate mofetil (500mg), Prevention of organ rejection in transplant patients,Nausea Vomiting Diarrhea Abdominal pain Headache High blood pressure Decreased white blood cell count neutrophils Fungal infection Low blood platelets Anemia low number of red blood cells Skin cancer Bacterial infection Hypercholesterolemia high cholesterol Viral infection Electrolyte imbalance Gout Weight loss Tremors Convulsion Tumor,"https://onemg.gumlet.io/l_watermark_346,w_480,h_480/a_ignore,w_480,h_480,c_fit,q_auto,f_auto/af8b55e3214a43a3b9dcf695f357afd4.jpg",Concord Biotech Ltd,0,44,56
Malidens 500 Tablet,Paracetamol (500mg), Pain reliefTreatment of Fever,Stomach pain Nausea Vomiting,"https://onemg.gumlet.io/l_watermark_346,w_480,h_480/a_ignore,w_480,h_480,c_fit,q_auto,f_auto/cropped/kqfafymukma6tixbwrj8.jpg",Abbott,32,42,26
Mext 10 Tablet,Methotrexate (10mg),Treatment of CancerTreatment of Rheumatoid arthritisTreatment of PsoriasisTreatment of Crohn’s disease,Ulcerative stomatitis Nausea Abdominal pain Increased liver enzymes Hair loss Decreased blood cells red cells white cells and platelets,"https://onemg.gumlet.io/l_watermark_346,w_480,h_480/a_ignore,w_480,h_480,c_fit,q_auto,f_auto/7cd7edaa3a4749b6ac4f3404fb90af4a.jpg",Wallace Pharmaceuticals Pvt Ltd,87,13,0
Morease-I Granules,Mebeverine (135mg) + Ispaghula (3.5gm), Irritable bowel syndrome,Skin rash Bloating,"https://onemg.gumlet.io/l_watermark_346,w_480,h_480/a_ignore,w_480,h_480,c_fit,q_auto,f_auto/01e60481bd07420a972821bae9b36513.jpg",Dr Reddy's Laboratories Ltd,56,31,13
Mesalo Foam,Mesalazine (1gm),Treatment of Ulcerative colitis,Rectal discomfort Flatulence Headache Vomiting Diarrhea Nausea Abdominal pain Rash,"https://onemg.gumlet.io/l_watermark_346,w_480,h_480/a_ignore,w_480,h_480,c_fit,q_auto,f_auto/cropped/gnjl0w6dwirr1euiy6pa.jpg",Cipla Ltd,28,42,30
Mofilet 500 Tablet,Mycophenolate mofetil (500mg), Prevention of organ rejection in transplant patients,Nausea Vomiting Diarrhea Abdominal pain Headache High blood pressure Decreased white blood cell count neutrophils Fungal infection Low blood platelets Anemia low number of red blood cells Skin cancer Bacterial infection Hypercholesterolemia high cholesterol Viral infection Electrolyte imbalance Gout Weight loss Tremors Convulsion Tumor,"https://onemg.gumlet.io/l_watermark_346,w_480,h_480/a_ignore,w_480,h_480,c_fit,q_auto,f_auto/dma3scdgrvbyx0cfb0fv.jpg",Emcure Pharmaceuticals Ltd,33,49,18
Metpure-AM 2.5 Tablet,Amlodipine (2.5mg) + Metoprolol Succinate (25mg),Treatment of Hypertension (high blood pressure),Nausea Slow heart rate Abdominal pain Dizziness Fatigue Sleepiness Ankle swelling Constipation Edema swelling Flushing sense of warmth in the face ears neck and trunk Palpitations Headache Vomiting Visual disturbance Orthostatic hypotension sudden lowering of blood pressure on standing Breathlessness Muscle cramp,"https://onemg.gumlet.io/l_watermark_346,w_480,h_480/a_ignore,w_480,h_480,c_fit,q_auto,f_auto/cropped/zth9ou0is5lvk06bxmf0.jpg",Emcure Pharmaceuticals Ltd,41,52,7
Macsart 20 Tablet,Telmisartan (20mg),Treatment of Hypertension (high blood pressure) Prevention of heart attack and strokeTreatment of Heart failure,Upper respiratory tract infection Sinus infection Back pain Diarrhea,"https://onemg.gumlet.io/l_watermark_346,w_480,h_480/a_ignore,w_480,h_480,c_fit,q_auto,f_auto/cropped/ld4fu1snuo2rmtvceh4x.jpg",Macleods Pharmaceuticals Pvt Ltd,80,20,0
Metride 2 Tablet PR,Glimepiride (2mg) + Metformin (500mg),Treatment of Type 2 diabetes mellitus,Hypoglycemia low blood glucose level Headache Nausea Diarrhea Flatulence,"https://onemg.gumlet.io/l_watermark_346,w_480,h_480/a_ignore,w_480,h_480,c_fit,q_auto,f_auto/46a06c6817eb4a02be782893058d125f.jpg",Torrent Pharmaceuticals Ltd,60,40,0
Montemac-L Kid  Tablet DT,Levocetirizine (2.5mg) + Montelukast (4mg),Treatment of Sneezing and runny nose due to allergiesTreatment of Hay feverTreatment of Allergic skin conditions,Rash Nausea Diarrhea Dryness in mouth Fatigue Headache Skin rash Sleepiness Vomiting,"https://onemg.gumlet.io/l_watermark_346,w_480,h_480/a_ignore,w_480,h_480,c_fit,q_auto,f_auto/cropped/p1lcsdsdfovr70ldwskd.jpg",Macleods Pharmaceuticals Pvt Ltd,0,50,50
Megacid Syrup,Magaldrate (400mg) + Simethicone (20mg), Acidity Stomach ulcers Bloating,Chalky taste Diarrhea Constipation,"https://onemg.gumlet.io/l_watermark_346,w_480,h_480/a_ignore,w_480,h_480,c_fit,q_auto,f_auto/cropped/cykxum6cy0mozsqcairq.jpg",Alliance Remedies,33,67,0
Metolar TL 25 Tablet,Telmisartan (40mg) + Metoprolol Succinate (25mg),Treatment of Hypertension (high blood pressure),Headache Weakness Dizziness Cold extremities Slow heart rate Increased potassium level in blood Numbness of extremity Decreased blood pressure,"https://onemg.gumlet.io/l_watermark_346,w_480,h_480/a_ignore,w_480,h_480,c_fit,q_auto,f_auto/886b94802ca24a66adbe439174b7ac11.jpg",Cipla Ltd,42,33,25
Metocard XL 75 Tablet,Metoprolol Succinate (71.25mg),Treatment of Hypertension (high blood pressure)Treatment of Angina (heart-related chest pain)Treatment of ArrhythmiaPrevention of Heart attackPrevention of Migraine,Fatigue Headache Slow heart rate Dizziness Nausea Breathlessness Rash Diarrhea Depression,"https://onemg.gumlet.io/l_watermark_346,w_480,h_480/a_ignore,w_480,h_480,c_fit,q_auto,f_auto/cropped/llszoknbzd5agtloikap.jpg",Torrent Pharmaceuticals Ltd,0,33,67
Metride 1 Tablet PR,Glimepiride (1mg) + Metformin (500mg),Treatment of Type 2 diabetes mellitus,Hypoglycemia low blood glucose level Headache Nausea Diarrhea Flatulence,"https://onemg.gumlet.io/l_watermark_346,w_480,h_480/a_ignore,w_480,h_480,c_fit,q_auto,f_auto/c977ff75ea2147a9897c52e301dc7abe.jpg",Torrent Pharmaceuticals Ltd,40,40,20
Menopur Injection,Menotrophin (75IU), Female infertility Male hypogonadism Male infertility,Headache Injection site pain Injection site allergic reaction Abdominal pain Abdominal cramp Nausea Ovarian hyperstimulation syndrome,"https://onemg.gumlet.io/l_watermark_346,w_480,h_480/a_ignore,w_480,h_480,c_fit,q_auto,f_auto/xgku0zfzxbywlf5fpzxw.jpg",Ferring Pharmaceuticals,33,11,56
Moxocard 0.3 Tablet,Moxonidine (0.3mg), Hypertension (high blood pressure),Dryness in mouth Headache Rash Dizziness Back pain Insomnia difficulty in sleeping Sleepiness Vomiting Weakness Nausea Diarrhea Vertigo,"https://onemg.gumlet.io/l_watermark_346,w_480,h_480/a_ignore,w_480,h_480,c_fit,q_auto,f_auto/cropped/dc7lzrwwvczxzbt0tj05.jpg",Lupin Ltd,50,17,33
Maxiflo 125 Inhaler,Formoterol (6mcg) + Fluticasone Propionate (125mcg),Treatment of Chronic obstructive pulmonary disease (COPD),Headache Cough Upper respiratory tract infection Nasopharyngitis inflammation of the throat and nasal passages Sinus inflammation Stomach discomfort Fungal infection of oropharynx Tremors Palpitations Voice change,"https://onemg.gumlet.io/l_watermark_346,w_480,h_480/a_ignore,w_480,h_480,c_fit,q_auto,f_auto/cropped/nt262k9pr7y1cua3bnvx.jpg",Cipla Ltd,33,29,38
Monoguard Cream,Sertaconazole (2% w/w),Treatment of Fungal skin infectionsTreatment of Fungal infections,Application site reactions burning irritation itching and redness Skin irritation,"https://onemg.gumlet.io/l_watermark_346,w_480,h_480/a_ignore,w_480,h_480,c_fit,q_auto,f_auto/94bb9514a870484c98d9771e6acd6df7.jpg",Micro Labs Ltd,21,38,41
Macsart CL 10mg/40mg Tablet,Cilnidipine (10mg) + Telmisartan (40mg),Treatment of Hypertension (high blood pressure),Sleepiness Ankle swelling Headache Flushing sense of warmth in the face ears neck and trunk Dizziness Tiredness Palpitations Upset stomach Increased potassium level in blood,"https://onemg.gumlet.io/l_watermark_346,w_480,h_480/a_ignore,w_480,h_480,c_fit,q_auto,f_auto/0e711c7cc82248d5bf9bc3923c0fb49d.jpg",Macleods Pharmaceuticals Pvt Ltd,0,50,50
Mext 15 Tablet,Methotrexate (15mg),Treatment of CancerTreatment of Rheumatoid arthritisTreatment of PsoriasisTreatment of Crohn’s disease,Ulcerative stomatitis Nausea Abdominal pain Increased liver enzymes Hair loss Decreased blood cells red cells white cells and platelets,"https://onemg.gumlet.io/l_watermark_346,w_480,h_480/a_ignore,w_480,h_480,c_fit,q_auto,f_auto/gijvi5xr3yxcq8zijagg.jpg",Wallace Pharmaceuticals Pvt Ltd,0,78,22
Muscoflex Tablet,Diclofenac (50mg) + Paracetamol (325mg) + Serratiopeptidase (15mg), Pain relief,Nausea Vomiting Stomach pain Indigestion Heartburn Loss of appetite Diarrhea,"https://onemg.gumlet.io/l_watermark_346,w_480,h_480/a_ignore,w_480,h_480,c_fit,q_auto,f_auto/4da2a1ba2e6448928346938d8688e528.jpg",Indchemie Health Specialities Pvt Ltd,53,27,20
Metadoze-IPR 850  Tablet SR,Metformin (850mg),Treatment of Type 2 diabetes mellitus,Diarrhea Nausea Vomiting Flatulence,"https://onemg.gumlet.io/l_watermark_346,w_480,h_480/a_ignore,w_480,h_480,c_fit,q_auto,f_auto/cropped/aajvbwxekzpysttvia5z.jpg",Biocon,50,43,7
MDD XR 25 Tablet,Desvenlafaxine (25mg), Depression,Anxiety Constipation Decreased appetite Dizziness Increased sweating Insomnia difficulty in sleeping Nausea Sexual dysfunction Vomiting,"https://onemg.gumlet.io/l_watermark_346,w_480,h_480/a_ignore,w_480,h_480,c_fit,q_auto,f_auto/35509f120846488996ea98ae8a3ffb97.jpg",Abbott,100,0,0
Metabol 25 Injection,Nandrolone Decanoate (25mg),Treatment of Post menopausal osteoporosis,Edema swelling Nausea Breast enlargement Acne,"https://onemg.gumlet.io/l_watermark_346,w_480,h_480/a_ignore,w_480,h_480,c_fit,q_auto,f_auto/cropped/mjxqtzuqwirercxsswcd.jpg",Jagsonpal Pharmaceuticals Ltd,0,0,100
Momoz T Cream,Mometasone (0.1% w/w) + Terbinafine (1% w/w),Treatment of Fungal skin infections,Application site reactions burning irritation itching and redness Burning sensation Skin atrophy Skin exfoliation,"https://onemg.gumlet.io/l_watermark_346,w_480,h_480/a_ignore,w_480,h_480,c_fit,q_auto,f_auto/cropped/hrxfvsrk3jbqkarybfnw.jpg",Torrent Pharmaceuticals Ltd,52,27,21
Modlip 10 Tablet,Atorvastatin (10mg), High cholesterolPrevention of Heart attack,Dyspepsia Abdominal pain Indigestion Diarrhea Joint pain Nasopharyngitis inflammation of the throat and nasal passages Nausea Pain in extremities Urinary tract infection Abnormal liver function tests,"https://onemg.gumlet.io/l_watermark_346,w_480,h_480/a_ignore,w_480,h_480,c_fit,q_auto,f_auto/cropped/a2zdt11gebjklxc6lhvl.jpg",Torrent Pharmaceuticals Ltd,67,33,0
Misty Soft Eye Drop,Carboxymethylcellulose (0.5% w/v) + Glycerin (0.5% w/v),Treatment of Dry eyes,Eye irritation Burning sensation Eye pain,"https://onemg.gumlet.io/l_watermark_346,w_480,h_480/a_ignore,w_480,h_480,c_fit,q_auto,f_auto/cropped/yp7ajbysd6skkmepazyf.jpg",Nri Vision Care India Limited,39,22,39
Monotax 1000mg Injection,Ceftriaxone (1000mg),Treatment of Bacterial infections,Diarrhea Abnormal liver function tests Rash,"https://onemg.gumlet.io/l_watermark_346,w_480,h_480/a_ignore,w_480,h_480,c_fit,q_auto,f_auto/cd6d21e2e0654146b91eca9b03b0231c.jpg",Zydus Healthcare Limited,0,67,33
Minolox 100 Tablet,Minocycline (100mg),Treatment of Bacterial infectionsTreatment of Acne,Headache Dizziness Itching Fatigue,"https://onemg.gumlet.io/l_watermark_346,w_480,h_480/a_ignore,w_480,h_480,c_fit,q_auto,f_auto/cropped/i7iv37hdtpeu5lf4mc9f.jpg",Micro Labs Ltd,40,40,20
Milixim-M 400mg/400mg Tablet SR,Moxifloxacin (400mg) + Cefixime (400mg),Treatment of Bacterial infections,Headache Dizziness Stomach pain Nausea Flatulence Diarrhea,"https://onemg.gumlet.io/l_watermark_346,w_480,h_480/a_ignore,w_480,h_480,c_fit,q_auto,f_auto/e685138e26bf435497dee25a43fda60e.jpg",Glenmark Pharmaceuticals Ltd,0,33,67
Magnova 1000 mg/125 mg Injection,Cefepime (1000mg) + Tazobactum (125mg), Bacterial infections,Diarrhea Increased white blood cell count eosinophils Injection site phlebitis Skin rash Increased liver enzymes Positive Coombs test,"https://onemg.gumlet.io/l_watermark_346,w_480,h_480/a_ignore,w_480,h_480,c_fit,q_auto,f_auto/d5a2ef3d6861457ba5993be34c2ea84a.jpg",Lupin Ltd,67,33,0
Monet LC 5mg/10mg Tablet,Levocetirizine (5mg) + Montelukast (10mg),Treatment of Sneezing and runny nose due to allergiesTreatment of Hay feverTreatment of Allergic skin conditions,Nausea Diarrhea Dryness in mouth Fatigue Headache Skin rash Sleepiness Vomiting,"https://onemg.gumlet.io/l_watermark_346,w_480,h_480/a_ignore,w_480,h_480,c_fit,q_auto,f_auto/92e4dfd875ab449f827d2087cf6a2099.jpg",Mapra Laboratories Pvt Ltd,22,45,33
Miofree 8mg Capsule,Thiocolchicoside (8mg), Muscle relaxation,Sleepiness Diarrhea,"https://onemg.gumlet.io/l_watermark_346,w_480,h_480/a_ignore,w_480,h_480,c_fit,q_auto,f_auto/gid6k7oeqzkaaygw2uhf.jpg",Lupin Ltd,0,0,100
Montegress FX 10mg/120mg Tablet,Montelukast (10mg) + Fexofenadine (120mg),Treatment of Sneezing and runny nose due to allergies,Nausea Diarrhea Vomiting Skin rash Flu like symptoms Headache Drowsiness Dizziness,"https://onemg.gumlet.io/l_watermark_346,w_480,h_480/a_ignore,w_480,h_480,c_fit,q_auto,f_auto/f5dcd5afbe6d49318ad00e723fa73ce0.jpg",La Renon Healthcare Pvt Ltd,33,38,29
Mac Rabonik Plus Capsule SR,Levosulpiride (75mg) + Rabeprazole (40mg),Treatment of Gastroesophageal reflux disease (Acid reflux)Treatment of Intestinal ulcersTreatment of Irritable bowel syndrome,Nausea Stomach pain Diarrhea Flatulence Constipation Headache Dizziness Weakness Sleepiness Flu like symptoms,"https://onemg.gumlet.io/l_watermark_346,w_480,h_480/a_ignore,w_480,h_480,c_fit,q_auto,f_auto/cropped/csyq9vejiyxbclk0tuhf.jpg",Eris Lifesciences Ltd,27,52,21
Migarid 10 Tablet,Flunarizine (10mg),Prevention of Migraine,Sleepiness Weight gain Muscle pain Fatigue Constipation Nausea Insomnia difficulty in sleeping Runny nose Increased appetite Depression Stomach discomfort Breast pain,"https://onemg.gumlet.io/l_watermark_346,w_480,h_480/a_ignore,w_480,h_480,c_fit,q_auto,f_auto/cropped/qihhtcsq9eovtf7gvxd4.jpg",Cipla Ltd,46,29,25
Miofree A 8mg Tablet,Aceclofenac (100mg) + Thiocolchicoside (8mg),Treatment of Pain due to muscle spasm,Nausea Vomiting Heartburn Stomach pain epigastric pain Loss of appetite Diarrhea,"https://onemg.gumlet.io/l_watermark_346,w_480,h_480/a_ignore,w_480,h_480,c_fit,q_auto,f_auto/75de4eec42f84e54acc7f97d77542499.jpg",Lupin Ltd,28,55,17
Minesse Tablet,Ethinyl Estradiol (15mcg) + Gestodene (60mcg), Contraception,Nausea Stomach pain Headache Weight gain Breast pain Irregular uterine bleeding,"https://onemg.gumlet.io/l_watermark_346,w_480,h_480/a_ignore,w_480,h_480,c_fit,q_auto,f_auto/6f43a93d40cb456c82665337bfac4218.jpg",Pfizer Ltd,42,33,25
Myotry Pediatric Eye Drop,Atropine (0.01% w/v),Treatment of Myopia,Stinging sensation,"https://onemg.gumlet.io/l_watermark_346,w_480,h_480/a_ignore,w_480,h_480,c_fit,q_auto,f_auto/ehlazf8lrfijpsgfbz5s.jpg",Nri Vision Care India Limited,33,34,33
Minym ER 65 Tablet,Minocycline (65mg),Treatment of Bacterial infectionsTreatment of Acne,Headache Dizziness Itching Fatigue,"https://onemg.gumlet.io/l_watermark_346,w_480,h_480/a_ignore,w_480,h_480,c_fit,q_auto,f_auto/do40iis05shikkvgohlk.jpg",Glenmark Pharmaceuticals Ltd,33,67,0
Metopole 25 XL Tablet,Metoprolol Succinate (25mg),Treatment of Hypertension (high blood pressure)Treatment of Angina (heart-related chest pain)Treatment of ArrhythmiaPrevention of Heart attackPrevention of Migraine,Fatigue Headache Slow heart rate Dizziness Nausea Breathlessness Rash Diarrhea Depression,"https://onemg.gumlet.io/l_watermark_346,w_480,h_480/a_ignore,w_480,h_480,c_fit,q_auto,f_auto/otpjve0sdiqlvfzpocyp.jpg",Knoll Pharmaceuticals Ltd,89,11,0
Moxivail Eye Drop,Moxifloxacin (0.5% w/v),Treatment of Bacterial eye infections,Eye discomfort Dry eye Burning sensation in eye,"https://onemg.gumlet.io/l_watermark_346,w_480,h_480/a_ignore,w_480,h_480,c_fit,q_auto,f_auto/28a48ad3374f40da9f4c1ae034221139.jpg",Vyonics Health Care Pvt Ltd,100,0,0
Mixbiotic-AC Ear Drop,Lidocaine (2% w/v) + Acetic acid (2% w/v) + Beclometasone (0.025% w/v) + Clotrimazole (1% w/v) + Ofloxacin (0.3% w/v),Treatment of Ear infection,Irritation Itching Burning sensation at the site of application Erythema skin redness,"https://onemg.gumlet.io/l_watermark_346,w_480,h_480/a_ignore,w_480,h_480,c_fit,q_auto,f_auto/100ddab8511742849577d73cf3693b8e.jpg",Nri Vision Care India Limited,56,11,33
Mirbeg-S 25 Combo Pack,Mirabegron (25mg) + Solifenacin (5mg), Overactive bladder (OAB) symptoms,Headache High blood pressure Nasopharyngitis inflammation of the throat and nasal passages Urinary tract infection,"https://onemg.gumlet.io/l_watermark_346,w_480,h_480/a_ignore,w_480,h_480,c_fit,q_auto,f_auto/cropped/sgja6l2udtwngw6mdb1c.jpg",Ipca Laboratories Ltd,67,33,0
Misty Gel,Carboxymethylcellulose (1% w/v),Treatment of Dry eyes,Eye irritation Burning eyes Eye discomfort Eye itching Eye pain,"https://onemg.gumlet.io/l_watermark_346,w_480,h_480/a_ignore,w_480,h_480,c_fit,q_auto,f_auto/cropped/ym1kxufhuvyoaecjmnky.jpg",Nri Vision Care India Limited,41,26,33
Maclar 500 Tablet,Clarithromycin (500mg),Treatment of Bacterial infections,Abdominal pain Diarrhea Nausea Vomiting Headache Rash Injection site phlebitis Insomnia difficulty in sleeping Abnormal taste Dyspepsia Taste change Abnormal liver function tests,"https://onemg.gumlet.io/l_watermark_346,w_480,h_480/a_ignore,w_480,h_480,c_fit,q_auto,f_auto/cropped/o4tmdssxuxau4bclnfew.jpg",Glenmark Pharmaceuticals Ltd,53,27,20
Miprogen 400 Soft Gelatin Capsule,Progesterone (Natural Micronized) (400mg), Hormone replacement therapyTreatment of Female infertility,Abdominal pain Nausea Abnormal vaginal bleeding Edema swelling Hair loss Abdominal bloating Headache Breast pain Vomiting Vaginal yeast infection,"https://onemg.gumlet.io/l_watermark_346,w_480,h_480/a_ignore,w_480,h_480,c_fit,q_auto,f_auto/9ad9e42271254d778f742eba323cb332.jpg",Bharat Serums & Vaccines Ltd,20,60,20
Metoder 50mg Tablet XL,Metoprolol Succinate (50mg),Treatment of Hypertension (high blood pressure)Treatment of Angina (heart-related chest pain)Treatment of ArrhythmiaPrevention of Heart attackPrevention of Migraine,Fatigue Headache Slow heart rate Dizziness Nausea Breathlessness Rash Diarrhea Depression,"https://onemg.gumlet.io/l_watermark_346,w_480,h_480/a_ignore,w_480,h_480,c_fit,q_auto,f_auto/94f1f334830042b2b0d224938a1315f6.jpg",Elder Pharmaceuticals Ltd,11,72,17
Motimesh Cream,Mometasone (0.1% w/w),Treatment of Skin conditions with inflammation & itching,Stinging sensation Itching Hair follicle inflammation,"https://onemg.gumlet.io/l_watermark_346,w_480,h_480/a_ignore,w_480,h_480,c_fit,q_auto,f_auto/ce81c857229a45d085b4871cab1289aa.jpg",Apex Laboratories Pvt Ltd,20,33,47
Metadoze-IPR 500 Tablet SR,Metformin (500mg),Treatment of Type 2 diabetes mellitus,Diarrhea Nausea Vomiting Flatulence,"https://onemg.gumlet.io/l_watermark_346,w_480,h_480/a_ignore,w_480,h_480,c_fit,q_auto,f_auto/cropped/kgtpu0w9bplivapcsjwx.jpg",Biocon,50,38,12
Momtas Cream,Mometasone (0.1% w/w),Treatment of Skin conditions with inflammation & itching,Stinging sensation Itching Hair follicle inflammation,"https://onemg.gumlet.io/l_watermark_346,w_480,h_480/a_ignore,w_480,h_480,c_fit,q_auto,f_auto/cropped/bmox3j88mmu0huos7lsx.jpg",Oaknet Healthcare Pvt Ltd,67,0,33
Mesalo OD Tablet,Mesalazine (1200mg), Ulcerative colitis Crohn’s disease,Stomach pain epigastric pain Flatulence Headache Vomiting Diarrhea Nausea Abdominal pain Rash,"https://onemg.gumlet.io/l_watermark_346,w_480,h_480/a_ignore,w_480,h_480,c_fit,q_auto,f_auto/oorobqu7qceto4f18kks.jpg",Cipla Ltd,29,55,16
Migiplex 40mg/10mg Tablet,Propranolol (40mg) + Flunarizine (10mg),Prevention of Migraine,Weight gain Slow heart rate Tiredness Depression Drowsiness Abnormal dreams Cold extremities,"https://onemg.gumlet.io/l_watermark_346,w_480,h_480/a_ignore,w_480,h_480,c_fit,q_auto,f_auto/xlmxp1wxpii56uombloj.jpg",Arinna Lifescience Pvt Ltd,27,40,33
MO 4 KT Eye Drops,Ketorolac (0.5% w/v) + Moxifloxacin (0.5% w/v),Treatment of Bacterial eye infections,Conjunctivitis Reduced visual acuity Dry eye Eye discomfort Ocular hyperemia Eye pain Eye twitching Subconjunctival hemorrhage Transient stinging Transient burning Allergic reaction Corneal edema Iritis inflammation of the middle layer of the eye Eye inflammation Superficial keratitis Eye infection Fever Cough Infection Otitis media infection of ear Sore throat Rash Inflammation of the nose Taste change,"https://onemg.gumlet.io/l_watermark_346,w_480,h_480/a_ignore,w_480,h_480,c_fit,q_auto,f_auto/cropped/my7mwskyg1zt8oy5defd.jpg",Nri Vision Care India Limited,0,0,100
Minolox 50 Tablet,Minocycline (50mg),Treatment of Bacterial infectionsTreatment of Acne,Headache Dizziness Itching Fatigue,"https://onemg.gumlet.io/l_watermark_346,w_480,h_480/a_ignore,w_480,h_480,c_fit,q_auto,f_auto/cropped/dw1h3x3ynikxo1akvjsy.jpg",Micro Labs Ltd,17,41,42
Mibeta-Plus 10 Tablet SR,Propranolol (40mg) + Flunarizine (10mg),Prevention of Migraine,Weight gain Slow heart rate Tiredness Depression Drowsiness Abnormal dreams Cold extremities,"https://onemg.gumlet.io/l_watermark_346,w_480,h_480/a_ignore,w_480,h_480,c_fit,q_auto,f_auto/8800fb9a637f4b2bbea1676d18ac0a2d.jpg",Tas Med India Pvt Ltd,67,20,13
Monzap-LC Tablet,Levocetirizine (5mg) + Montelukast (10mg),Treatment of Sneezing and runny nose due to allergiesTreatment of Hay feverTreatment of Allergic skin conditions,Nausea Diarrhea Dryness in mouth Fatigue Headache Skin rash Sleepiness Vomiting,"https://onemg.gumlet.io/l_watermark_346,w_480,h_480/a_ignore,w_480,h_480,c_fit,q_auto,f_auto/375674ab540e48a5b4ef6c7de3594bb1.jpg",Serum Institute Of India Ltd,50,50,0
Mucaryl Tablet Orange Sugar Free,Acetylcysteine (600mg),Treatment of Paracetamol toxicity,Fever Nausea Vomiting Rash Gastrointestinal discomfort,"https://onemg.gumlet.io/l_watermark_346,w_480,h_480/a_ignore,w_480,h_480,c_fit,q_auto,f_auto/cropped/ddzto06rj1nxgjoxcmys.jpg",Glenmark Pharmaceuticals Ltd,0,56,44
Maxoza Powder,Levo-carnitine (1.5gm) + Fructo Oligosaccharide (1gm) + Coenzyme Q10 (100mg) + Citric Acid (50mg) + Folic Acid (500mcg) + Methylcobalamin (2.5mcg) + Selenium (50mcg) + Zinc (10mg), Male infertility,Nausea Vomiting,"https://onemg.gumlet.io/l_watermark_346,w_480,h_480/a_ignore,w_480,h_480,c_fit,q_auto,f_auto/cropped/rigytevudmht2ra04waj.jpg",Sun Pharmaceutical Industries Ltd,29,46,25
Minado Tablet,Naproxen (250mg) + Domperidone (10mg),Prevention of Migraine,Flu like symptoms Indigestion Dryness in mouth,"https://onemg.gumlet.io/l_watermark_346,w_480,h_480/a_ignore,w_480,h_480,c_fit,q_auto,f_auto/cropped/ojgyakg04kg1om5dqfg6.jpg",Tas Med India Pvt Ltd,56,22,22
Monit 10 Tablet,Isosorbide Mononitrate (10mg),Prevention of Angina (heart-related chest pain),Headache Flushing sense of warmth in the face ears neck and trunk Upper respiratory tract infection Abdominal pain Allergic reaction Chest pain Diarrhea,"https://onemg.gumlet.io/l_watermark_346,w_480,h_480/a_ignore,w_480,h_480,c_fit,q_auto,f_auto/cropped/fhr73qat56mbqo6dpwme.jpg",Intas Pharmaceuticals Ltd,60,20,20
Mycoclear 100 Capsule,Itraconazole (100mg),Treatment of Fungal infections,Nausea Abdominal pain Constipation Dizziness Headache Indigestion Vomiting,"https://onemg.gumlet.io/l_watermark_346,w_480,h_480/a_ignore,w_480,h_480,c_fit,q_auto,f_auto/c0j5zsgunyx4ruog3g5h.jpg",Zydus Cadila,22,56,22
Mprol AM 5mg/50mg Tablet,Amlodipine (5mg) + Metoprolol Succinate (50mg),Treatment of Hypertension (high blood pressure),Nausea Slow heart rate Abdominal pain Dizziness Fatigue Sleepiness Ankle swelling Constipation Edema swelling Flushing sense of warmth in the face ears neck and trunk Palpitations Headache Vomiting Visual disturbance Orthostatic hypotension sudden lowering of blood pressure on standing Breathlessness Muscle cramp,"https://onemg.gumlet.io/l_watermark_346,w_480,h_480/a_ignore,w_480,h_480,c_fit,q_auto,f_auto/44b09875af104a9c8dea4b546c5e4784.jpg",Unison Pharmaceuticals Pvt Ltd,67,33,0
Metmin-A Tablet,Metformin (500mg) + Alpha Lipoic Acid (200mg),Treatment of Type 2 diabetes mellitus,Nausea Taste change Loss of appetite Diarrhea Stomach pain Vertigo Dizziness,"https://onemg.gumlet.io/l_watermark_346,w_480,h_480/a_ignore,w_480,h_480,c_fit,q_auto,f_auto/cropped/cbtgcfhtsfivtwupjtbf.jpg",Jenburkt Pharmaceuticals Ltd,24,43,33
Mupi-XL Ointment,Mupirocin (2% w/w),Treatment of Bacterial skin infections,Itching Burning sensation Stinging sensation Pain,"https://onemg.gumlet.io/l_watermark_346,w_480,h_480/a_ignore,w_480,h_480,c_fit,q_auto,f_auto/cropped/geu8qr7q1ledkl7vjvz9.jpg",Hegde and Hegde Pharmaceutical LLP,78,22,0
Mesacol CR 2gm Granules,Mesalazine (2gm), Ulcerative colitis Crohn’s disease,Stomach pain epigastric pain Flatulence Headache Vomiting Diarrhea Nausea Abdominal pain Rash,"https://onemg.gumlet.io/l_watermark_346,w_480,h_480/a_ignore,w_480,h_480,c_fit,q_auto,f_auto/fe3199f36ae04de2a7afb5528773af1d.jpg",Sun Pharmaceutical Industries Ltd,43,28,29
Moxicip Infusion,Moxifloxacin (400mg),Treatment of Bacterial eye infections,Injection site reactions pain swelling redness Eye discomfort Dry eye Burning sensation in eye,"https://onemg.gumlet.io/l_watermark_346,w_480,h_480/a_ignore,w_480,h_480,c_fit,q_auto,f_auto/cropped/ojzw7v2ohy3b7vokd3tl.jpg",Cipla Ltd,44,34,22
Mlobe Eye Ointment,Moxifloxacin (0.5% w/w),Treatment of Bacterial eye infections,Eye discomfort Dry eye Burning sensation in eye,"https://onemg.gumlet.io/l_watermark_346,w_480,h_480/a_ignore,w_480,h_480,c_fit,q_auto,f_auto/cropped/brehbhzu1rxn9939ikmn.jpg",Sapient Laboratories Pvt Ltd,100,0,0
Melanorm-HC Cream,Hydroquinone (2% w/w) + Tretinoin (0.025% w/w) + Hydrocortisone (1% w/w), Melasma,Thinning of skin Dry skin Application site reactions burning irritation itching and redness,"https://onemg.gumlet.io/l_watermark_346,w_480,h_480/a_ignore,w_480,h_480,c_fit,q_auto,f_auto/i1deu8tpmhrc6jronl7n.jpg",Unimarck Pharma India Ltd,14,38,48
Moxclav 1gm Tablet,Amoxycillin  (875mg) +  Clavulanic Acid (125mg),Treatment of Bacterial infections,Vomiting Nausea Diarrhea Mucocutaneous candidiasis,"https://onemg.gumlet.io/l_watermark_346,w_480,h_480/a_ignore,w_480,h_480,c_fit,q_auto,f_auto/cc2a67d5627c4f5bb3a5cd4698a699b1.jpg",Sun Pharmaceutical Industries Ltd,67,33,0
Maxbrim Eye Drop,Brinzolamide (1% w/v) + Brimonidine (0.2% w/v),Treatment of Glaucoma,Application site reactions burning irritation itching and redness Blurred vision,"https://onemg.gumlet.io/l_watermark_346,w_480,h_480/a_ignore,w_480,h_480,c_fit,q_auto,f_auto/a604237e88bc4fcb99d758128ba3abea.jpg",Intas Pharmaceuticals Ltd,100,0,0
Medkin AD Shampoo,Climbazole (1% w/w) + Piroctone Olamine (0.5% w/w),Treatment of Dandruff,Application site reactions burning irritation itching and redness,"https://onemg.gumlet.io/l_watermark_346,w_480,h_480/a_ignore,w_480,h_480,c_fit,q_auto,f_auto/806a2e5f-f110-44e6-a193-c8f62bceddc7.jpeg",Mediste Pharmaceuticals Pvt Ltd,56,27,17
Monoguard Sertaconazole &amp; Zinc Pyrithione Shampoo | Fights Dandruff,Sertaconazole (2% w/v) + Zinc pyrithione (1% w/v),Treatment of Dandruff,Limited data available,"https://onemg.gumlet.io/l_watermark_346,w_480,h_480/a_ignore,w_480,h_480,c_fit,q_auto,f_auto/cropped/h3uhmvddwi1dija2dujh.jpg",Micro Labs Ltd,33,45,22
Minirin Melt 120mcg Tablet,Desmopressin (120mcg), Diabetes insipidus Bed-wetting,Headache Nausea Stomach pain,"https://onemg.gumlet.io/l_watermark_346,w_480,h_480/a_ignore,w_480,h_480,c_fit,q_auto,f_auto/szw82hxydfoublg1qf39.jpg",Ferring Pharmaceuticals,33,17,50
Minosilk 5 Topical Solution,Minoxidil (5% w/v),Treatment of Hair loss,Itching Chest pain Headache Hypertrichosis excessive hair growth Rash Dermatitis Hypersensitivity Weight gain Fluid retention Tachycardia,"https://onemg.gumlet.io/l_watermark_346,w_480,h_480/a_ignore,w_480,h_480,c_fit,q_auto,f_auto/tm7qehxuwa6jspm9ugrp.jpg",Ethinext Pharma,11,67,22
Mupinase Ointment,Mupirocin (2% w/w),Treatment of Bacterial skin infections,Itching Burning sensation Stinging sensation Pain,"https://onemg.gumlet.io/l_watermark_346,w_480,h_480/a_ignore,w_480,h_480,c_fit,q_auto,f_auto/cropped/dd3rrxvldwrhbdcblulq.jpg",Cipla Ltd,42,25,33
Maxgalin ER 100 Tablet,Pregabalin (100mg),Treatment of Neuropathic painTreatment of Epilepsy/SeizuresTreatment of Fibromyalgia,Blurred vision Difficulty in paying attention Dizziness Dryness in mouth Edema swelling Sleepiness Weight gain,"https://onemg.gumlet.io/l_watermark_346,w_480,h_480/a_ignore,w_480,h_480,c_fit,q_auto,f_auto/c0b81471b09d4a3a843918fbf238d527.jpg",Sun Pharmaceutical Industries Ltd,33,67,0
Maxvoid 4mg Tablet,Silodosin (4mg),Treatment of Benign prostatic hyperplasia,Retrograde ejaculation Dizziness Diarrhea Orthostatic hypotension sudden lowering of blood pressure on standing Headache Blurred vision Nasopharyngitis inflammation of the throat and nasal passages Nasal congestion stuffy nose,"https://onemg.gumlet.io/l_watermark_346,w_480,h_480/a_ignore,w_480,h_480,c_fit,q_auto,f_auto/kpnipwewviytsdde9eyz.jpg",Alkem Laboratories Ltd,0,33,67
Mega-CV 228.5mg Dry Syrup,Amoxycillin  (200mg) +  Clavulanic Acid (28.5mg),Treatment of Resistance Tuberculosis (TB)Treatment of Bacterial infections,Abdominal pain Allergy Vomiting Nausea Diarrhea Mucocutaneous candidiasis,"https://onemg.gumlet.io/l_watermark_346,w_480,h_480/a_ignore,w_480,h_480,c_fit,q_auto,f_auto/cropped/qdmm00ldlmuzevkhqdpn.jpg",Aristo Pharmaceuticals Pvt Ltd,0,0,100
Metol XL 50 tablet,Metoprolol Succinate (47.5mg),Treatment of Hypertension (high blood pressure)Treatment of Angina (heart-related chest pain)Treatment of ArrhythmiaPrevention of Heart attackPrevention of Migraine,Fatigue Headache Slow heart rate Dizziness Nausea Breathlessness Rash Diarrhea Depression,"https://onemg.gumlet.io/l_watermark_346,w_480,h_480/a_ignore,w_480,h_480,c_fit,q_auto,f_auto/aac9eab383864353b30461fec8491433.jpg",Biochem Pharmaceutical Industries,67,33,0
Mactor 20 Tablet,Atorvastatin (20mg), High cholesterolPrevention of Heart attack,Dyspepsia Abdominal pain Indigestion Diarrhea Joint pain Nasopharyngitis inflammation of the throat and nasal passages Nausea Pain in extremities Urinary tract infection Abnormal liver function tests,"https://onemg.gumlet.io/l_watermark_346,w_480,h_480/a_ignore,w_480,h_480,c_fit,q_auto,f_auto/8e8c9eaa9a3b48b4a7a5530bddaa1e16.jpg",Macleods Pharmaceuticals Pvt Ltd,50,50,0
Metolar TL 50 Tablet,Telmisartan (40mg) + Metoprolol Succinate (47.50mg),Treatment of Hypertension (high blood pressure),Headache Weakness Dizziness Cold extremities Slow heart rate Increased potassium level in blood Numbness of extremity Decreased blood pressure,"https://onemg.gumlet.io/l_watermark_346,w_480,h_480/a_ignore,w_480,h_480,c_fit,q_auto,f_auto/dzw9tgppw3ccwj0srewe.jpg",Cipla Ltd,67,33,0
Marzon Duo Tablet,Sultamicillin tosilate (750mg), Bacterial infections,Vomiting Nausea Diarrhea,"https://onemg.gumlet.io/l_watermark_346,w_480,h_480/a_ignore,w_480,h_480,c_fit,q_auto,f_auto/cropped/ixyj04ynwwy1f2gmwqmc.jpg",Eris Lifesciences Ltd,44,56,0
Mgr 10mg Tablet,Flunarizine (10mg),Prevention of Migraine,Sleepiness Weight gain Muscle pain Fatigue Constipation Nausea Insomnia difficulty in sleeping Runny nose Increased appetite Depression Stomach discomfort Breast pain,"https://onemg.gumlet.io/l_watermark_346,w_480,h_480/a_ignore,w_480,h_480,c_fit,q_auto,f_auto/f2edefddeb524504b9c17e57151b7b76.jpg",Inga Laboratories Pvt Ltd,41,29,30
Morr 3% Solution,Minoxidil (30mg),Treatment of Hair loss,Itching Chest pain Headache Hypertrichosis excessive hair growth Rash Dermatitis Hypersensitivity Weight gain Fluid retention Tachycardia,"https://onemg.gumlet.io/l_watermark_346,w_480,h_480/a_ignore,w_480,h_480,c_fit,q_auto,f_auto/cropped/zi8ffvpg8whxunjjpyut.jpg",Intas Pharmaceuticals Ltd,8,38,54
Miprogen 200 Soft Gelatin Capsule,Progesterone (Natural Micronized) (200mg), Hormone replacement therapyTreatment of Female infertility,Abdominal pain Nausea Abnormal vaginal bleeding Edema swelling Hair loss Abdominal bloating Headache Breast pain Vomiting Vaginal yeast infection,"https://onemg.gumlet.io/l_watermark_346,w_480,h_480/a_ignore,w_480,h_480,c_fit,q_auto,f_auto/01488f3343144204b14e424664ecb9b2.jpg",Bharat Serums & Vaccines Ltd,24,43,33
MHG Lotion,Deca Peptide (3mg), Vitiligo,Dry skin Skin irritation Burning sensation,"https://onemg.gumlet.io/l_watermark_346,w_480,h_480/a_ignore,w_480,h_480,c_fit,q_auto,f_auto/311e8a01bed9416b9a3d2a826b8c7a10.jpg",Canixa Life Sciences Pvt,33,34,33
Mexate 7.5 Tablet,Methotrexate (7.5mg),Treatment of CancerTreatment of Rheumatoid arthritisTreatment of PsoriasisTreatment of Crohn’s disease,Ulcerative stomatitis Nausea Abdominal pain Increased liver enzymes Hair loss Decreased blood cells red cells white cells and platelets,"https://onemg.gumlet.io/l_watermark_346,w_480,h_480/a_ignore,w_480,h_480,c_fit,q_auto,f_auto/db4gbatgumzpohkyfwiq.jpg",Zydus Cadila,67,33,0
Melmet 500 Tablet,Metformin (500mg),Treatment of Type 2 diabetes mellitus,Diarrhea Nausea Vomiting Flatulence,"https://onemg.gumlet.io/l_watermark_346,w_480,h_480/a_ignore,w_480,h_480,c_fit,q_auto,f_auto/cropped/x1abtqky426ltp72umcc.jpg",Micro Labs Ltd,44,56,0
Methypreg Tablet,Methylcobalamin (1500mcg) + Pregabalin (75mg),Treatment of Neuropathic pain,Dizziness Sleepiness Tiredness Uncoordinated body movements,"https://onemg.gumlet.io/l_watermark_346,w_480,h_480/a_ignore,w_480,h_480,c_fit,q_auto,f_auto/vjxe0vpgzxsejl61qbeo.jpg",Zuventus Healthcare Ltd,67,33,0
Migrof 10 Capsule,Propranolol (40mg) + Flunarizine (10mg),Prevention of Migraine,Weight gain Slow heart rate Tiredness Depression Drowsiness Abnormal dreams Cold extremities,"https://onemg.gumlet.io/l_watermark_346,w_480,h_480/a_ignore,w_480,h_480,c_fit,q_auto,f_auto/ce7674193bea4e169f018aeac6866da1.jpg",Unimarck Healthcare Ltd,67,33,0
Metffil G1 Tablet,Glimepiride (1mg) + Metformin (500mg),Treatment of Type 2 diabetes mellitus,Hypoglycemia low blood glucose level Headache Nausea Diarrhea Flatulence,"https://onemg.gumlet.io/l_watermark_346,w_480,h_480/a_ignore,w_480,h_480,c_fit,q_auto,f_auto/34202108f8224f25b4491e96f77ade3f.jpg",Fourrts India Laboratories Pvt Ltd,60,40,0
Moxtif LP Ophthalmic Suspension,Loteprednol etabonate (0.5% w/v) + Moxifloxacin (0.5% w/v),Treatment of Eye infection with inflammation,Eye irritation Eye discomfort,"https://onemg.gumlet.io/l_watermark_346,w_480,h_480/a_ignore,w_480,h_480,c_fit,q_auto,f_auto/dc77593b9cf249808e1b21ffe3886e44.jpg",Zydus Cadila,0,67,33
Maclar 250 Tablet,Clarithromycin (250mg),Treatment of Bacterial infections,Abdominal pain Diarrhea Nausea Vomiting Headache Rash Injection site phlebitis Insomnia difficulty in sleeping Abnormal taste Dyspepsia Taste change Abnormal liver function tests,"https://onemg.gumlet.io/l_watermark_346,w_480,h_480/a_ignore,w_480,h_480,c_fit,q_auto,f_auto/eyiklg3upnqf7fl2dnlm.jpg",Glenmark Pharmaceuticals Ltd,0,67,33
Melbild Solution,Deca Peptide (1mg/ml), Vitiligo,Dry skin Skin irritation Burning sensation,"https://onemg.gumlet.io/l_watermark_346,w_480,h_480/a_ignore,w_480,h_480,c_fit,q_auto,f_auto/mlibsdsospdkccmkqmup.jpg",Alkem Laboratories Ltd,26,56,18
Mefomin 500 SR Tablet,Metformin (500mg),Treatment of Type 2 diabetes mellitus,Diarrhea Nausea Vomiting Flatulence,"https://onemg.gumlet.io/l_watermark_346,w_480,h_480/a_ignore,w_480,h_480,c_fit,q_auto,f_auto/cropped/flknjkublcsbzenzea6k.jpg",Macleods Pharmaceuticals Pvt Ltd,28,55,17
Mighty Mox-LP Eye drop,Loteprednol etabonate (0.5% w/v) + Moxifloxacin (0.5% w/v),Treatment of Eye infection with inflammation,Eye irritation Eye discomfort,"https://onemg.gumlet.io/l_watermark_346,w_480,h_480/a_ignore,w_480,h_480,c_fit,q_auto,f_auto/cropped/rgxil1plucoxt5lcgnqj.jpg",Optho Life Sciences Pvt Ltd,0,0,100
Mepresso D 40mg Injection,Methylprednisolone (40mg),Treatment of Rheumatic disorderTreatment of Systemic lupus erythematosus (SLE)Treatment of Allergic conditionsTreatment of Eye disordersTreatment of Skin disorders,Nausea Sweating Edema swelling Thinning of skin Increased risk of infection Reduction in bone density Weight gain Mood changes Upset stomach Behavioral changes,"https://onemg.gumlet.io/l_watermark_346,w_480,h_480/a_ignore,w_480,h_480,c_fit,q_auto,f_auto/nc7oswdvnd4s1fovps7k.jpg",Intas Pharmaceuticals Ltd,56,44,0
Maxstine Tablet,Bilastine (20mg),Treatment of Allergic conditions,Headache Drowsiness,"https://onemg.gumlet.io/l_watermark_346,w_480,h_480/a_ignore,w_480,h_480,c_fit,q_auto,f_auto/cropped/ftpblnsxiawrhqaqzggs.jpg",Zuventus Healthcare Ltd,28,61,11
Moza Plus Capsule SR,Pantoprazole (40mg) + Mosapride (15mg), Gastroesophageal reflux disease (Acid reflux) Peptic ulcer disease,Diarrhea Stomach pain Flatulence Headache Dizziness,"https://onemg.gumlet.io/l_watermark_346,w_480,h_480/a_ignore,w_480,h_480,c_fit,q_auto,f_auto/cropped/dfkseqj8u3zpgt8z4da7.jpg",Intas Pharmaceuticals Ltd,0,67,33
Montefex Tablet,Montelukast (10mg) + Fexofenadine (120mg),Treatment of Sneezing and runny nose due to allergies,Nausea Diarrhea Vomiting Skin rash Flu like symptoms Headache Drowsiness Dizziness,"https://onemg.gumlet.io/l_watermark_346,w_480,h_480/a_ignore,w_480,h_480,c_fit,q_auto,f_auto/c3ac5cdca5ee47c99813afb77cf36b77.jpg",Zuventus Healthcare Ltd,25,54,21
Metolar AM  25 Tablet,Amlodipine (5mg) + Metoprolol Succinate (25mg),Treatment of Hypertension (high blood pressure),Nausea Slow heart rate Abdominal pain Dizziness Fatigue Sleepiness Ankle swelling Constipation Edema swelling Flushing sense of warmth in the face ears neck and trunk Palpitations Headache Vomiting Visual disturbance Orthostatic hypotension sudden lowering of blood pressure on standing Breathlessness Muscle cramp,"https://onemg.gumlet.io/l_watermark_346,w_480,h_480/a_ignore,w_480,h_480,c_fit,q_auto,f_auto/cropped/gohypewb7rsl7raqpjh0.jpg",Cipla Ltd,50,33,17
Montu 10mg Tablet,Montelukast (10mg),Prevention of Asthma,Headache Diarrhea Abdominal pain Fever Upper respiratory tract infection Cough Sore throat Runny nose Sinus inflammation Ear inflammation,"https://onemg.gumlet.io/l_watermark_346,w_480,h_480/a_ignore,w_480,h_480,c_fit,q_auto,f_auto/8ba31c8b4388431788117c55c37409fb.jpg",Knoll Pharmaceuticals Ltd,0,17,83
Metomac 50 Tablet ER,Metoprolol Succinate (47.5mg),Treatment of Hypertension (high blood pressure)Treatment of Angina (heart-related chest pain)Treatment of ArrhythmiaPrevention of Heart attackPrevention of Migraine,Fatigue Headache Slow heart rate Dizziness Nausea Breathlessness Rash Diarrhea Depression,"https://onemg.gumlet.io/l_watermark_346,w_480,h_480/a_ignore,w_480,h_480,c_fit,q_auto,f_auto/cropped/umxsvlwmaw4m32j2mgzo.jpg",Macleods Pharmaceuticals Pvt Ltd,50,17,33
Minotas 65mg Tablet ER,Minocycline (65mg),Treatment of Bacterial infectionsTreatment of Acne,Headache Dizziness Itching Fatigue,"https://onemg.gumlet.io/l_watermark_346,w_480,h_480/a_ignore,w_480,h_480,c_fit,q_auto,f_auto/de2e850b445442568dbf725ece56ac50.jpg",Intas Pharmaceuticals Ltd,28,50,22
Metpure H Tablet,Metoprolol Succinate (25mg) + Hydrochlorothiazide (12.5mg), Hypertension (high blood pressure),Fatigue Nasopharyngitis inflammation of the throat and nasal passages,"https://onemg.gumlet.io/l_watermark_346,w_480,h_480/a_ignore,w_480,h_480,c_fit,q_auto,f_auto/cropped/ym6vuwcvnhnogyysfltw.jpg",Emcure Pharmaceuticals Ltd,67,33,0
Monotrate OD 25 Tablet PR,Isosorbide Mononitrate (25mg),Prevention of Angina (heart-related chest pain),Headache Flushing sense of warmth in the face ears neck and trunk Upper respiratory tract infection Abdominal pain Allergic reaction Chest pain Diarrhea,"https://onemg.gumlet.io/l_watermark_346,w_480,h_480/a_ignore,w_480,h_480,c_fit,q_auto,f_auto/cropped/qwyvv4omfntm6uraza1v.jpg",Sun Pharmaceutical Industries Ltd,67,33,0
Megavog 0.2 Tablet MD,Voglibose (0.2mg),Treatment of Type 2 diabetes mellitus,Skin rash Flatulence Abdominal pain Diarrhea,"https://onemg.gumlet.io/l_watermark_346,w_480,h_480/a_ignore,w_480,h_480,c_fit,q_auto,f_auto/55f4a74b0445430fa8635319dda94442.jpg",Aristo Pharmaceuticals Pvt Ltd,17,66,17
Mefomin GZ  80 Tablet SR,Gliclazide (80mg) + Metformin (500mg),Treatment of Type 2 diabetes mellitus,Hypoglycemia low blood glucose level Headache Nausea Dizziness Diarrhea Flatulence,"https://onemg.gumlet.io/l_watermark_346,w_480,h_480/a_ignore,w_480,h_480,c_fit,q_auto,f_auto/cropped/vrlc0ov6gu9inaohayzr.jpg",Macleods Pharmaceuticals Pvt Ltd,27,53,20
Mycoclin Cream,Sertaconazole (2% w/w),Treatment of Fungal skin infectionsTreatment of Fungal infections,Application site reactions burning irritation itching and redness Skin irritation,"https://onemg.gumlet.io/l_watermark_346,w_480,h_480/a_ignore,w_480,h_480,c_fit,q_auto,f_auto/ka0vkyzqkb3d9kzz7tgp.jpg",Canixa Life Sciences Pvt,0,56,44
Microgest 100mg Softgel Capsule,Progesterone (Natural Micronized) (100mg), Hormone replacement therapyTreatment of Female infertility,Abdominal pain Nausea Abnormal vaginal bleeding Edema swelling Hair loss Abdominal bloating Headache Breast pain Vomiting Vaginal yeast infection,"https://onemg.gumlet.io/l_watermark_346,w_480,h_480/a_ignore,w_480,h_480,c_fit,q_auto,f_auto/3266743932874265b106382cddda1b1f.jpg",Walter Bushnell,56,11,33
Melbild-XL Solution,Deca Peptide (10mg), Vitiligo,Dry skin Skin irritation Burning sensation,"https://onemg.gumlet.io/l_watermark_346,w_480,h_480/a_ignore,w_480,h_480,c_fit,q_auto,f_auto/cropped/yuz9ayzr8mqcck5igmu7.jpg",Alkem Laboratories Ltd,7,30,63
Monolosin DFT Tablet,Tamsulosin (0.4mg) + Deflazacort (30mg),Treatment of Kidney stone,Runny nose Ejaculation disorder Dizziness,"https://onemg.gumlet.io/l_watermark_346,w_480,h_480/a_ignore,w_480,h_480,c_fit,q_auto,f_auto/3af4319e10ba4e848a975d9a4e6a1144.jpg",Samarth Life Sciences Pvt Ltd,0,33,67
Mefast P Suspension,Mefenamic Acid (50mg/5ml) + Paracetamol (125mg/5ml), Pain reliefTreatment of Fever,Nausea Vomiting Abdominal pain Heartburn Diarrhea Dizziness,"https://onemg.gumlet.io/l_watermark_346,w_480,h_480/a_ignore,w_480,h_480,c_fit,q_auto,f_auto/cropped/i4ghy3lpnrss16mp5j7c.jpg",Zuventus Healthcare Ltd,0,58,42
Moxon 0.2mg Tablet,Moxonidine (0.2mg), Hypertension (high blood pressure),Dryness in mouth Headache Rash Dizziness Back pain Insomnia difficulty in sleeping Sleepiness Vomiting Weakness Nausea Diarrhea Vertigo,"https://onemg.gumlet.io/l_watermark_346,w_480,h_480/a_ignore,w_480,h_480,c_fit,q_auto,f_auto/a6309c0fd7834a13898cf9e7fa54155a.jpg",Abbott,33,23,44
Mozep 2 Tablet,Pimozide (2mg),Treatment of Schizophrenia,Sleepiness Orthostatic hypotension sudden lowering of blood pressure on standing Dryness in mouth Abnormality of voluntary movements Weight gain Increased prolactin level in blood Urinary retention Constipation Abnormal vision Tremors,"https://onemg.gumlet.io/l_watermark_346,w_480,h_480/a_ignore,w_480,h_480,c_fit,q_auto,f_auto/db4493abbd2f441a970e979c4e633c71.jpg",Intas Pharmaceuticals Ltd,33,45,22
Meflotas Tablet,Mefloquine (250mg), Malaria,Abdominal pain Abnormal dreams Anxiety Chills Depression Diarrhea Dizziness Fever Headache Atrial arrhythmias altered heart rate Insomnia difficulty in sleeping Itching Loss of appetite Muscle pain Nausea Rash Ringing in ear Vertigo Visual impairment Vomiting Fatigue,"https://onemg.gumlet.io/l_watermark_346,w_480,h_480/a_ignore,w_480,h_480,c_fit,q_auto,f_auto/cropped/bbfhkx2mjje3lzg2qgda.jpg",Intas Pharmaceuticals Ltd,33,67,0
Mosart-OD Tablet,Mesalazine (1200mg), Ulcerative colitis Crohn’s disease,Stomach pain epigastric pain Flatulence Headache Vomiting Diarrhea Nausea Abdominal pain Rash,"https://onemg.gumlet.io/l_watermark_346,w_480,h_480/a_ignore,w_480,h_480,c_fit,q_auto,f_auto/5291639cb22642e49f75bfdb67495381.jpg",Cadila Pharmaceuticals Ltd,44,30,26
Mucaryl LS Syrup,Ambroxol (30mg/5ml) + Levosalbutamol (1mg/5ml) + Guaifenesin (50mg/5ml),Treatment of Cough with mucus,Nausea Vomiting Diarrhea Upset stomach Stomach pain Allergic reaction Dizziness Headache Rash Hives Tremors Palpitations Muscle cramp Increased heart rate,"https://onemg.gumlet.io/l_watermark_346,w_480,h_480/a_ignore,w_480,h_480,c_fit,q_auto,f_auto/usnavkowfpp2c4kdc1ds.jpg",Glenmark Pharmaceuticals Ltd,19,41,40
Mesahenz 800 Tablet,Mesalazine (800mg), Ulcerative colitis Crohn’s disease,Stomach pain epigastric pain Flatulence Headache Vomiting Diarrhea Nausea Abdominal pain Rash,"https://onemg.gumlet.io/l_watermark_346,w_480,h_480/a_ignore,w_480,h_480,c_fit,q_auto,f_auto/zmkm9uebjwocicnywyed.jpg",La Renon Healthcare Pvt Ltd,24,76,0
Metlong 500 Tablet SR,Metformin (500mg),Treatment of Type 2 diabetes mellitus,Diarrhea Nausea Vomiting Flatulence,"https://onemg.gumlet.io/l_watermark_346,w_480,h_480/a_ignore,w_480,h_480,c_fit,q_auto,f_auto/cropped/jyseysvro5ftejxa9ehl.jpg",Panacea Biotec Ltd,0,67,33
MY 360 Tablet,Mycophenolate sodium (360mg), Prevention of organ rejection in transplant patients,Nausea Vomiting Diarrhea Abdominal pain Headache High blood pressure Decreased white blood cell count neutrophils Bacterial infection Fungal infection Pneumonia Increased uric acid level in blood Electrolyte imbalance Anxiety Breathlessness Increased creatinine level in blood Anemia low number of red blood cells Acne Muscle pain,"https://onemg.gumlet.io/l_watermark_346,w_480,h_480/a_ignore,w_480,h_480,c_fit,q_auto,f_auto/a1b44d012ab04b2db48ba1fd97338214.jpg",Steadfast Medishield Pvt Ltd,25,25,50
Methimercazole 10 Tablet,Methimazole (10mg), Hyperthyroidism,Skin rash Nausea Hair loss Headache Paresthesia tingling or pricking sensation Joint pain Taste change Drowsiness Muscle pain,"https://onemg.gumlet.io/l_watermark_346,w_480,h_480/a_ignore,w_480,h_480,c_fit,q_auto,f_auto/eknrbepmr0jwqtsszupv.jpg",Abbott,67,33,0
Mupitret Cream,Mupirocin (2% w/w),Treatment of Bacterial skin infections,Itching Burning sensation Stinging sensation Pain,"https://onemg.gumlet.io/l_watermark_346,w_480,h_480/a_ignore,w_480,h_480,c_fit,q_auto,f_auto/cropped/zrmyx51p8hg2jbogh4nv.jpg",KLM Laboratories Pvt Ltd,0,50,50
Mone Cream,Mometasone (0.1% w/w),Treatment of Skin conditions with inflammation & itching,Stinging sensation Itching Hair follicle inflammation,"https://onemg.gumlet.io/l_watermark_346,w_480,h_480/a_ignore,w_480,h_480,c_fit,q_auto,f_auto/cefb3238fb784fd7a73674a104c91311.jpg",Glowderma Labs Pvt Ltd,0,0,100
Morr 12.5% Solution,Minoxidil (12.5% w/v),Treatment of Hair loss,Itching Chest pain Headache Hypertrichosis excessive hair growth Rash Dermatitis Hypersensitivity Weight gain Fluid retention Tachycardia,"https://onemg.gumlet.io/l_watermark_346,w_480,h_480/a_ignore,w_480,h_480,c_fit,q_auto,f_auto/ujmfenefa4nkbkwmpexg.jpg",Intas Pharmaceuticals Ltd,17,41,42
Melanorm-MS Cream,Hydroquinone (2% w/w) + Mometasone (0.1% w/w) + Tretinoin (0.025% w/w),Treatment of Melasma,Application site reactions burning irritation itching and redness,"https://onemg.gumlet.io/l_watermark_346,w_480,h_480/a_ignore,w_480,h_480,c_fit,q_auto,f_auto/wzbbjpvjrkjahvhik5ws.jpg",Unimarck Pharma India Ltd,46,44,10
Maxgalin ER 150 Tablet,Pregabalin (150mg),Treatment of Neuropathic painTreatment of Epilepsy/SeizuresTreatment of Fibromyalgia,Blurred vision Difficulty in paying attention Dizziness Dryness in mouth Edema swelling Sleepiness Weight gain,"https://onemg.gumlet.io/l_watermark_346,w_480,h_480/a_ignore,w_480,h_480,c_fit,q_auto,f_auto/cropped/h356chhqoqk0wpmx4uce.jpg",Sun Pharmaceutical Industries Ltd,30,47,23
Maxolid Tablet,Linezolid (600mg),Treatment of Severe bacterial infections,Vomiting Headache Nausea Decreased blood cells red cells white cells and platelets Diarrhea,"https://onemg.gumlet.io/l_watermark_346,w_480,h_480/a_ignore,w_480,h_480,c_fit,q_auto,f_auto/f66862508d83477ead5bba9ca13459e0.jpg",Macleods Pharmaceuticals Pvt Ltd,33,45,22
Microcef-CV 50 Dry Syrup,Cefpodoxime Proxetil (50mg) + Clavulanic Acid (31.25mg),Treatment of Respiratory tract infection,Nausea Diarrhea Headache Rash Abdominal pain Vaginal infection Fungal infection of vagina,"https://onemg.gumlet.io/l_watermark_346,w_480,h_480/a_ignore,w_480,h_480,c_fit,q_auto,f_auto/cropped/ntqxlkfatsfba4jfecbs.jpg",Micro Labs Ltd,0,0,100
Materna Hmg 150i.u Injection,Menotrophin (150i.u), Female infertility Male hypogonadism Male infertility,Headache Injection site pain Injection site allergic reaction Abdominal pain Abdominal cramp Nausea Ovarian hyperstimulation syndrome,"https://onemg.gumlet.io/l_watermark_346,w_480,h_480/a_ignore,w_480,h_480,c_fit,q_auto,f_auto/57c9f9fa7b5046a9a9a5c922263360fd.jpg",Emcure Pharmaceuticals Ltd,0,33,67
Moxcent 0.3 Tablet,Moxonidine (0.3mg), Hypertension (high blood pressure),Dryness in mouth Headache Rash Dizziness Back pain Insomnia difficulty in sleeping Sleepiness Vomiting Weakness Nausea Diarrhea Vertigo,"https://onemg.gumlet.io/l_watermark_346,w_480,h_480/a_ignore,w_480,h_480,c_fit,q_auto,f_auto/4540081cbc5b4026ae0b516a07c3cf4e.jpg",Torrent Pharmaceuticals Ltd,17,33,50
Momate Ointment,Mometasone (0.1% w/w),Treatment of Skin conditions with inflammation & itching,Stinging sensation Itching Hair follicle inflammation,"https://onemg.gumlet.io/l_watermark_346,w_480,h_480/a_ignore,w_480,h_480,c_fit,q_auto,f_auto/264a596c52ae458fb3660e852e363792.jpg",Glenmark Pharmaceuticals Ltd,33,20,47
Metolar XR 100 Capsule,Metoprolol Succinate (95mg),Treatment of Hypertension (high blood pressure)Treatment of Angina (heart-related chest pain)Treatment of ArrhythmiaPrevention of Heart attackPrevention of Migraine,Fatigue Headache Slow heart rate Dizziness Nausea Breathlessness Rash Diarrhea Depression,"https://onemg.gumlet.io/l_watermark_346,w_480,h_480/a_ignore,w_480,h_480,c_fit,q_auto,f_auto/cropped/wyuv6chaa1polk6h22ve.jpg",Cipla Ltd,67,33,0
Methonac Tablet,Acetylcysteine (600mg),Treatment of Paracetamol toxicity,Fever Nausea Vomiting Rash Gastrointestinal discomfort,"https://onemg.gumlet.io/l_watermark_346,w_480,h_480/a_ignore,w_480,h_480,c_fit,q_auto,f_auto/cropped/gjmlfkl9gskoe9u6g714.jpg",Linux Laboratories,0,67,33
Momesone-T Cream,Mometasone (0.1% w/w) + Terbinafine (1% w/w),Treatment of Fungal skin infections,Application site reactions burning irritation itching and redness Burning sensation Skin atrophy Skin exfoliation,"https://onemg.gumlet.io/l_watermark_346,w_480,h_480/a_ignore,w_480,h_480,c_fit,q_auto,f_auto/gefx6bwhjcfuhvmtohw0.jpg",Intas Pharmaceuticals Ltd,22,78,0
Mopaday Forte Tablet ER,Pioglitazone (15mg) + Metformin (1000mg),Treatment of Type 2 diabetes mellitus,Headache Dizziness Hypoglycemia low blood glucose level Diarrhea Nausea Vomiting Flatulence Urinary tract infection Upper respiratory tract infection Edema swelling,"https://onemg.gumlet.io/l_watermark_346,w_480,h_480/a_ignore,w_480,h_480,c_fit,q_auto,f_auto/cropped/lod8nphbb4jrmgnnbk2h.jpg",Wockhardt Ltd,44,45,11
Mitraa 200mg Capsule,Itraconazole (200mg),Treatment of Fungal infections,Nausea Abdominal pain Constipation Dizziness Headache Indigestion Vomiting,"https://onemg.gumlet.io/l_watermark_346,w_480,h_480/a_ignore,w_480,h_480,c_fit,q_auto,f_auto/796ab01ea4534c4c97f3d92dc7bc5b51.jpg",Prism Life Sciences Ltd,42,45,13
Macpril 5 Tablet,Ramipril (5mg),Treatment of Hypertension (high blood pressure) Prevention of heart attack and strokeTreatment of Heart failure,Dry cough Headache Fatigue,"https://onemg.gumlet.io/l_watermark_346,w_480,h_480/a_ignore,w_480,h_480,c_fit,q_auto,f_auto/cropped/yeh3yibnzlsghnuqshxa.jpg",Macleods Pharmaceuticals Pvt Ltd,42,33,25
Migrest Solo Tablet,Flunarizine (10mg),Prevention of Migraine,Sleepiness Weight gain Muscle pain Fatigue Constipation Nausea Insomnia difficulty in sleeping Runny nose Increased appetite Depression Stomach discomfort Breast pain,"https://onemg.gumlet.io/l_watermark_346,w_480,h_480/a_ignore,w_480,h_480,c_fit,q_auto,f_auto/eiflba7mjxhblxssy6ce.jpg",Tidal Laboratories Pvt Ltd,56,44,0
Maxiflo Forte Rotacap,Formoterol (12mcg) + Fluticasone Propionate (500mcg),Treatment of Chronic obstructive pulmonary disease (COPD),Headache Cough Upper respiratory tract infection Nasopharyngitis inflammation of the throat and nasal passages Sinus inflammation Stomach discomfort Fungal infection of oropharynx Tremors Palpitations Voice change,"https://onemg.gumlet.io/l_watermark_346,w_480,h_480/a_ignore,w_480,h_480,c_fit,q_auto,f_auto/cropped/g7j8i0mmmljn5oxcfsz9.jpg",Cipla Ltd,44,34,22
Met Stamlo Capsule ER,Amlodipine (5mg) + Metoprolol Succinate (50mg),Treatment of Hypertension (high blood pressure),Nausea Slow heart rate Abdominal pain Dizziness Fatigue Sleepiness Ankle swelling Constipation Edema swelling Flushing sense of warmth in the face ears neck and trunk Palpitations Headache Vomiting Visual disturbance Orthostatic hypotension sudden lowering of blood pressure on standing Breathlessness Muscle cramp,"https://onemg.gumlet.io/l_watermark_346,w_480,h_480/a_ignore,w_480,h_480,c_fit,q_auto,f_auto/cropped/ph7a9q8uhecnryr3ehu4.jpg",Dr Reddy's Laboratories Ltd,78,22,0
Microvir 250 Tablet,Famciclovir (250mg), Herpes labialis Herpes Simplex Virus Infections Shingles Genital herpes infection,Headache Dizziness Nausea Rash Abdominal pain Itching Abnormal liver function tests Increased lipase in the blood Elevated levels of serum amylase,"https://onemg.gumlet.io/l_watermark_346,w_480,h_480/a_ignore,w_480,h_480,c_fit,q_auto,f_auto/cropped/fy6vhumxrb4yaqjn9zxf.jpg",Micro Labs Ltd,20,27,53
Mega-CV Kid  Tablet DT,Amoxycillin  (200mg) +  Clavulanic Acid (28.5mg),Treatment of Resistance Tuberculosis (TB)Treatment of Bacterial infections,Abdominal pain Allergy Vomiting Nausea Diarrhea Mucocutaneous candidiasis,"https://onemg.gumlet.io/l_watermark_346,w_480,h_480/a_ignore,w_480,h_480,c_fit,q_auto,f_auto/cropped/sugtsprn2ujpl8glijva.jpg",Aristo Pharmaceuticals Pvt Ltd,100,0,0
Mtaz Cream,Mometasone (0.1%),Treatment of Skin conditions with inflammation & itching,Stinging sensation Itching Hair follicle inflammation,"https://onemg.gumlet.io/l_watermark_346,w_480,h_480/a_ignore,w_480,h_480,c_fit,q_auto,f_auto/8b0bcb54cdf146d89b2cf0fd644ed0dc.jpg",Wallace Pharmaceuticals Pvt Ltd,0,33,67
Merrobe 1000mg Injection,Meropenem (1000mg), Severe bacterial infections,Rash Headache Vomiting Nausea Itching Diarrhea Injection site inflammation Anemia low number of red blood cells Sepsis Constipation Apnea absence of breathing Shock,"https://onemg.gumlet.io/l_watermark_346,w_480,h_480/a_ignore,w_480,h_480,c_fit,q_auto,f_auto/365d41593cea4dca89cee524e70c3977.jpg",Glenmark Pharmaceuticals Ltd,0,0,100
Maxvoid Plus 4mg/0.5mg Tablet,Silodosin (4mg) + Dutasteride (0.5mg),Treatment of Benign prostatic hyperplasia,Ejaculation disorder Impotence Headache Dizziness Decreased libido Orthostatic hypotension sudden lowering of blood pressure on standing Nausea Abdominal pain Breast enlargement in male Breast tenderness in male,"https://onemg.gumlet.io/l_watermark_346,w_480,h_480/a_ignore,w_480,h_480,c_fit,q_auto,f_auto/c7127a82924343c391d84699d576064b.jpg",Alkem Laboratories Ltd,0,67,33
Morr F 5% Solution (60ml) Therapy Compliance Pack,Minoxidil (5% w/v) + Finasteride (0.1% w/v),Treatment of Hair loss,Breast engorgement,"https://onemg.gumlet.io/l_watermark_346,w_480,h_480/a_ignore,w_480,h_480,c_fit,q_auto,f_auto/ymzt7awhaih5czsm1uj0.jpg",Intas Pharmaceuticals Ltd,17,41,42
Minonil ER 65 Tablet,Minocycline (65mg),Treatment of Bacterial infectionsTreatment of Acne,Headache Dizziness Itching Fatigue,"https://onemg.gumlet.io/l_watermark_346,w_480,h_480/a_ignore,w_480,h_480,c_fit,q_auto,f_auto/qjn3vs1kx6pcoud4rdh5.jpg",Ajanta Pharma Ltd,19,41,40
Mesacol CR 500mg Tablet,Mesalazine (500mg), Ulcerative colitis Crohn’s disease,Stomach pain epigastric pain Flatulence Headache Vomiting Diarrhea Nausea Abdominal pain Rash,"https://onemg.gumlet.io/l_watermark_346,w_480,h_480/a_ignore,w_480,h_480,c_fit,q_auto,f_auto/327bfebfb18148cf8ad4ec63884bde54.jpg",Sun Pharmaceutical Industries Ltd,58,42,0
Myospas F Tablet,Diclofenac (50mg) + Chlorzoxazone (500mg), Pain due to muscle spasm,Nausea Vomiting Heartburn Diarrhea Stomach pain epigastric pain Loss of appetite Dizziness Sleepiness,"https://onemg.gumlet.io/l_watermark_346,w_480,h_480/a_ignore,w_480,h_480,c_fit,q_auto,f_auto/cropped/zg8cpsqwkebgyw4vvosw.jpg",Win-Medicare Pvt Ltd,33,45,22
Moss Fresh Gel Eye Drop,Carboxymethylcellulose (1% w/v),Treatment of Dry eyes,Eye irritation Burning eyes Eye discomfort Eye itching Eye pain,"https://onemg.gumlet.io/l_watermark_346,w_480,h_480/a_ignore,w_480,h_480,c_fit,q_auto,f_auto/cropped/j7rjibmzk3kpagz0eya2.jpg",Syntho Pharmaceuticals Pvt Ltd,37,36,27
Myotan CT 40/12.5 Tablet,Azilsartan medoxomil (40mg) + Chlorthalidone (12.5mg), Hypertension (high blood pressure),Dizziness Tiredness Decreased potassium level in blood Decreased blood pressure Increased creatinine level in blood Increased uric acid level in blood,"https://onemg.gumlet.io/l_watermark_346,w_480,h_480/a_ignore,w_480,h_480,c_fit,q_auto,f_auto/32e8277c41f94535af4d2d8189c97b46.jpg",J B Chemicals and Pharmaceuticals Ltd,76,24,0
Morr 7.5% Solution,Minoxidil (75mg),Treatment of Hair loss,Itching Chest pain Headache Hypertrichosis excessive hair growth Rash Dermatitis Hypersensitivity Weight gain Fluid retention Tachycardia,"https://onemg.gumlet.io/l_watermark_346,w_480,h_480/a_ignore,w_480,h_480,c_fit,q_auto,f_auto/cropped/udecfgxjbco7zdqme3fb.jpg",Intas Pharmaceuticals Ltd,19,56,25
Momesone Cream,Mometasone (0.1% w/w),Treatment of Skin conditions with inflammation & itching,Stinging sensation Itching Hair follicle inflammation,"https://onemg.gumlet.io/l_watermark_346,w_480,h_480/a_ignore,w_480,h_480,c_fit,q_auto,f_auto/jewjpf94vninxzmaglhm.jpg",Intas Pharmaceuticals Ltd,27,60,13
Meltor 10 Tablet,Torasemide (10mg),Treatment of Hypertension (high blood pressure)Treatment of Edema,Headache Dizziness Dehydration Constipation Decreased blood pressure Upset stomach,"https://onemg.gumlet.io/l_watermark_346,w_480,h_480/a_ignore,w_480,h_480,c_fit,q_auto,f_auto/t698ijjqn1vltyv3lrut.jpg",Centaur Pharmaceuticals Pvt Ltd,0,33,67
Metafort 500 Tablet SR,Metformin (500mg),Treatment of Type 2 diabetes mellitus,Diarrhea Nausea Vomiting Flatulence,"https://onemg.gumlet.io/l_watermark_346,w_480,h_480/a_ignore,w_480,h_480,c_fit,q_auto,f_auto/a7b75958de964f91bf5941216e8e369d.jpg",Eris Lifesciences Ltd,33,29,38
Montek 5 Chewable Tablet,Montelukast (5mg),Prevention of AsthmaTreatment of Sneezing and runny nose due to allergies,Headache Diarrhea Abdominal pain Fever Upper respiratory tract infection Cough Sore throat Runny nose Sinus inflammation Ear inflammation,"https://onemg.gumlet.io/l_watermark_346,w_480,h_480/a_ignore,w_480,h_480,c_fit,q_auto,f_auto/cropped/qaw0fwoqjuflse7z9k4o.jpg",Sun Pharmaceutical Industries Ltd,56,11,33
Macphylline SR 200 Tablet,Acebrophylline (200mg),Treatment of AsthmaTreatment of BronchitisTreatment of Chronic obstructive pulmonary disease (COPD),Vomiting Abdominal pain Drowsiness Heartburn Increased white blood cell count Loss of appetite Rash Itching Constipation Diarrhea Abdominal discomfort Abdominal distension Esophageal bleeding Red spots or bumps Breathing problems High white blood cell count Nasal inflammation,"https://onemg.gumlet.io/l_watermark_346,w_480,h_480/a_ignore,w_480,h_480,c_fit,q_auto,f_auto/y5zargqgcgdrkyhiheo1.jpg",Macleods Pharmaceuticals Pvt Ltd,0,0,100
Milixim 100 DS Dry Syrup,Cefixime (100mg/5ml),Treatment of Bacterial infections,Nausea Stomach pain Indigestion Diarrhea,"https://onemg.gumlet.io/l_watermark_346,w_480,h_480/a_ignore,w_480,h_480,c_fit,q_auto,f_auto/cropped/jo415jrnddirsmrhkpbl.jpg",Glenmark Pharmaceuticals Ltd,22,22,56
Migarid 5 Tablet,Flunarizine (5mg),Prevention of Migraine,Sleepiness Weight gain Muscle pain Fatigue Constipation Nausea Insomnia difficulty in sleeping Runny nose Increased appetite Depression Stomach discomfort Breast pain,"https://onemg.gumlet.io/l_watermark_346,w_480,h_480/a_ignore,w_480,h_480,c_fit,q_auto,f_auto/cropped/ojkzxm6g2zhthvbkuccy.jpg",Cipla Ltd,20,47,33
Mendate 15 Tablet CR,Norethisterone (15mg),Treatment of Heavy menstrual bleedingTreatment of Pain during menstruationTreatment of EndometriosisTreatment of Premenstrual syndrome (PMS),Headache Dizziness Breast tenderness Nausea Vaginal spotting Vomiting Abdominal cramp,"https://onemg.gumlet.io/l_watermark_346,w_480,h_480/a_ignore,w_480,h_480,c_fit,q_auto,f_auto/mneqdx5vmjtrpwyafeoj.jpg",Koye Pharmaceuticals Pvt ltd,50,50,0
Mycomune-S 360 Tablet,Mycophenolate sodium (360mg), Prevention of organ rejection in transplant patients,Nausea Vomiting Diarrhea Abdominal pain Headache High blood pressure Decreased white blood cell count neutrophils Bacterial infection Fungal infection Pneumonia Increased uric acid level in blood Electrolyte imbalance Anxiety Breathlessness Increased creatinine level in blood Anemia low number of red blood cells Acne Muscle pain,"https://onemg.gumlet.io/l_watermark_346,w_480,h_480/a_ignore,w_480,h_480,c_fit,q_auto,f_auto/69c4b975912745e6bcb11b808973378a.jpg",Zydus Cadila,22,11,67
Modlip 20 Tablet,Atorvastatin (20mg), High cholesterolPrevention of Heart attack,Dyspepsia Abdominal pain Indigestion Diarrhea Joint pain Nasopharyngitis inflammation of the throat and nasal passages Nausea Pain in extremities Urinary tract infection Abnormal liver function tests,"https://onemg.gumlet.io/l_watermark_346,w_480,h_480/a_ignore,w_480,h_480,c_fit,q_auto,f_auto/d65a0524d2a943748af124e6097cda53.jpg",Torrent Pharmaceuticals Ltd,50,50,0
Met XL H 50 Tablet,Metoprolol Succinate (50mg) + Hydrochlorothiazide (12.5mg), Hypertension (high blood pressure),Fatigue Nasopharyngitis inflammation of the throat and nasal passages,"https://onemg.gumlet.io/l_watermark_346,w_480,h_480/a_ignore,w_480,h_480,c_fit,q_auto,f_auto/0107c7c5ef0a4a5bac45742be49c47af.jpg",Ajanta Pharma Ltd,33,67,0
Monovisc 88mg Injection,Sodium Hyaluronate (88mg),Treatment of Osteoarthritis,Injection site reactions pain swelling redness Muscle pain Joint pain,"https://onemg.gumlet.io/l_watermark_346,w_480,h_480/a_ignore,w_480,h_480,c_fit,q_auto,f_auto/8bdd4b1e086446d4a9e2d2e035f0693f.jpg",Modi Mundi Pharma Pvt Ltd,100,0,0
Metzok 12.5 Tablet PR,Metoprolol Succinate (11.8mg),Treatment of Hypertension (high blood pressure)Treatment of Angina (heart-related chest pain)Treatment of ArrhythmiaPrevention of Heart attackPrevention of Migraine,Fatigue Headache Slow heart rate Dizziness Nausea Breathlessness Rash Diarrhea Depression,"https://onemg.gumlet.io/l_watermark_346,w_480,h_480/a_ignore,w_480,h_480,c_fit,q_auto,f_auto/cropped/ge9abma6krosqtxudnkw.jpg",USV Ltd,0,87,13
Moxigood Tablet,Moxifloxacin (400mg),Treatment of Bacterial eye infections,Eye discomfort Dry eye Burning sensation in eye,"https://onemg.gumlet.io/l_watermark_346,w_480,h_480/a_ignore,w_480,h_480,c_fit,q_auto,f_auto/cropped/ag97ogmmvsdf3vbqej5p.jpg",Cadila Pharmaceuticals Ltd,0,0,100
Minokem-N 2% Solution,Minoxidil (2% w/v) + Azelaic Acid (1.5% w/v) + Tretinoin (0.01% w/v), Hair loss,Application site irritation Itching Headache,"https://onemg.gumlet.io/l_watermark_346,w_480,h_480/a_ignore,w_480,h_480,c_fit,q_auto,f_auto/cropped/xffvsdchpbtj1yezyj46.jpg",Alkem Laboratories Ltd,16,35,49
Minopep Eva Topical Solution,Minoxidil (2% w/v),Treatment of Hair loss,Itching Chest pain Headache Hypertrichosis excessive hair growth Rash Dermatitis Hypersensitivity Weight gain Fluid retention Tachycardia,"https://onemg.gumlet.io/l_watermark_346,w_480,h_480/a_ignore,w_480,h_480,c_fit,q_auto,f_auto/1e249cecb9034792a331d796ea1ae8e7.jpg",Linux Laboratories,23,37,40
Myonit SR 6.4 Tablet,Nitroglycerin (6.4mg),Treatment of Angina (heart-related chest pain),Blurred vision Decreased blood pressure Dizziness Headache Increased heart rate Lightheadedness Paresthesia tingling or pricking sensation,"https://onemg.gumlet.io/l_watermark_346,w_480,h_480/a_ignore,w_480,h_480,c_fit,q_auto,f_auto/39a9e50dabb548268a0388ea83323c35.jpg",Troikaa Pharmaceuticals Ltd,67,33,0
Miprogen 300mg Tablet SR,Progesterone (Natural Micronized) (300mg), Hormone replacement therapyTreatment of Female infertility,Abdominal pain Nausea Abnormal vaginal bleeding Edema swelling Hair loss Abdominal bloating Headache Breast pain Vomiting Vaginal yeast infection,"https://onemg.gumlet.io/l_watermark_346,w_480,h_480/a_ignore,w_480,h_480,c_fit,q_auto,f_auto/kj9kuxgyubqpcmdqvqcq.jpg",Bharat Serums & Vaccines Ltd,28,39,33
Maxformin 750 Tablet PR,Metformin (750mg),Treatment of Type 2 diabetes mellitus,Diarrhea Nausea Vomiting Flatulence,"https://onemg.gumlet.io/l_watermark_346,w_480,h_480/a_ignore,w_480,h_480,c_fit,q_auto,f_auto/cropped/f8iavcvnhgu4ehcutkcf.jpg",Eris Lifesciences Ltd,50,25,25
Melaroc Tablet,Phenylalanine (300mg),Treatment of Nutritional deficiencies,No common side effects seen,"https://onemg.gumlet.io/l_watermark_346,w_480,h_480/a_ignore,w_480,h_480,c_fit,q_auto,f_auto/cropped/auamxqceg2mv7cigmhi0.jpg",Rivan Pharma,16,42,42
Medace Tablet,Medroxyprogesterone acetate (10mg),Treatment of AmenorrheaTreatment of Abnormal uterine bleedingTreatment of Endometriosis,Headache Abdominal pain Weakness Dizziness Irregular menstrual cycle Nervousness,"https://onemg.gumlet.io/l_watermark_346,w_480,h_480/a_ignore,w_480,h_480,c_fit,q_auto,f_auto/03f4ea69de7a423282a8cb52759363cd.jpg",Rowez Life Sciences Pvt. Ltd.,33,42,25
Myoprol XL 50 Tablet,Metoprolol Succinate (47.5mg),Treatment of Hypertension (high blood pressure)Treatment of Angina (heart-related chest pain)Treatment of ArrhythmiaPrevention of Heart attackPrevention of Migraine,Fatigue Headache Slow heart rate Dizziness Nausea Breathlessness Rash Diarrhea Depression,"https://onemg.gumlet.io/l_watermark_346,w_480,h_480/a_ignore,w_480,h_480,c_fit,q_auto,f_auto/ed2492eed7e8469ab37b59001e3717cb.jpg",Aristo Pharmaceuticals Pvt Ltd,0,67,33
Mankind's Ring-Out Dusting Powder,Clotrimazole (1% w/w),Treatment of Fungal skin infections,Blisters Skin peeling Swelling Application site irritation,"https://onemg.gumlet.io/l_watermark_346,w_480,h_480/a_ignore,w_480,h_480,c_fit,q_auto,f_auto/cropped/nsuq9s7ywlkphnyg548v.jpg",Mankind Pharma Ltd,100,0,0
Metafolate Tablet,Metformin  (500mg) +  L-Methyl Folate  (0.5mg) +  Methylcobalamin/Mecobalamin  (750mcg) +  Myo-Inositol (550mg), Polycystic ovarian syndrome (PCOS),Taste change Nausea Diarrhea Stomach pain Loss of appetite,"https://onemg.gumlet.io/l_watermark_346,w_480,h_480/a_ignore,w_480,h_480,c_fit,q_auto,f_auto/w68ywaw7dhttcfu1itcu.jpg",Ajanta Pharma Ltd,11,50,39
Mo-Floren Eye Ointment,Moxifloxacin (0.5% w/w),Treatment of Bacterial eye infections,Eye discomfort Dry eye Burning sensation in eye,"https://onemg.gumlet.io/l_watermark_346,w_480,h_480/a_ignore,w_480,h_480,c_fit,q_auto,f_auto/70d9e3fbde74411dbf0306a304c79e75.jpg",Indoco Remedies Ltd,0,33,67
Mycoclin B Cream,Sertaconazole (2% w/w) + Beclometasone (0.025% w/w), Skin infections,Application site reactions burning irritation itching and redness Thinning of skin Skin peeling,"https://onemg.gumlet.io/l_watermark_346,w_480,h_480/a_ignore,w_480,h_480,c_fit,q_auto,f_auto/0c68cc4b3cea451db6ea4ef04da3001a.jpg",Canixa Life Sciences Pvt,0,44,56
Melanorm-F Cream,Hydroquinone (2% w/w) + Tretinoin (0.025% w/w) + Fluocinolone acetonide (0.01% w/w), Melasma,Erythema skin redness Skin peeling Burning sensation Dryness Itching,"https://onemg.gumlet.io/l_watermark_346,w_480,h_480/a_ignore,w_480,h_480,c_fit,q_auto,f_auto/dfepuwqu22s8lhrd7bb7.jpg",Unimarck Pharma India Ltd,47,20,33
Mucomix Injection,Acetylcysteine (200mg/ml),Treatment of Paracetamol toxicity,Rash Red spots or bumps Flushing sense of warmth in the face ears neck and trunk Itching,"https://onemg.gumlet.io/l_watermark_346,w_480,h_480/a_ignore,w_480,h_480,c_fit,q_auto,f_auto/783d27c35516482890f9de313959ee60.jpg",Samarth Life Sciences Pvt Ltd,0,67,33
Miliclav Tablet,Amoxycillin  (500mg) +  Clavulanic Acid (125mg),Treatment of Bacterial infections,Vomiting Nausea Diarrhea Mucocutaneous candidiasis,"https://onemg.gumlet.io/l_watermark_346,w_480,h_480/a_ignore,w_480,h_480,c_fit,q_auto,f_auto/1116a727e4e54ef9b6908904f051abe7.jpg",Glenmark Pharmaceuticals Ltd,50,0,50
Minoqilib 5% Solution,Minoxidil (5% w/v),Treatment of Hair loss,Itching Chest pain Headache Hypertrichosis excessive hair growth Rash Dermatitis Hypersensitivity Weight gain Fluid retention Tachycardia,"https://onemg.gumlet.io/l_watermark_346,w_480,h_480/a_ignore,w_480,h_480,c_fit,q_auto,f_auto/cropped/dupih3fwwctizcydph16.jpg",Galderma India Pvt Ltd,20,37,43
Minscalp 5% Solution,Minoxidil (5% w/v),Treatment of Hair loss,Itching Chest pain Headache Hypertrichosis excessive hair growth Rash Dermatitis Hypersensitivity Weight gain Fluid retention Tachycardia,"https://onemg.gumlet.io/l_watermark_346,w_480,h_480/a_ignore,w_480,h_480,c_fit,q_auto,f_auto/a4jfscfix6ojswmb9o2n.jpg",East West Pharma,31,41,28
Moxigram Tablet,Moxifloxacin (400mg),Treatment of Bacterial eye infections,Eye discomfort Dry eye Burning sensation in eye,"https://onemg.gumlet.io/l_watermark_346,w_480,h_480/a_ignore,w_480,h_480,c_fit,q_auto,f_auto/93f2bec54fb44a43b7aa371b1ed0fcb3.jpg",Micro Labs Ltd,0,17,83
Mibeta 20mg Tablet,Propranolol (20mg),Treatment of PheochromocytomaTreatment of Hypertension (high blood pressure) Prevention of migraineTreatment of AnxietyTreatment of ArrhythmiaPrevention of Heart attackPrevention of Angina (heart-related chest pain)Treatment of Tremors,Tiredness Weakness Raynaud s phenomenon Arrhythmia irregular heartbeats Nausea Vomiting Diarrhea,"https://onemg.gumlet.io/l_watermark_346,w_480,h_480/a_ignore,w_480,h_480,c_fit,q_auto,f_auto/674d8999dfd44ba38993086c3c0fd452.jpg",Tas Med India Pvt Ltd,0,0,100
Montegress LC 5mg/10mg Tablet,Levocetirizine (5mg) + Montelukast (10mg),Treatment of Sneezing and runny nose due to allergiesTreatment of Hay feverTreatment of Allergic skin conditions,Nausea Diarrhea Dryness in mouth Fatigue Headache Skin rash Sleepiness Vomiting,"https://onemg.gumlet.io/l_watermark_346,w_480,h_480/a_ignore,w_480,h_480,c_fit,q_auto,f_auto/ddea4537412f4d53b2acd829ef4c9548.jpg",La Renon Healthcare Pvt Ltd,44,48,8
MS 240 Capsule DR,Dimethyl fumarate (240mg), Multiple sclerosis (MS),Flushing sense of warmth in the face ears neck and trunk Abdominal pain Diarrhea Nausea Vomiting Indigestion Stomach inflammation Increased liver enzymes Rash,"https://onemg.gumlet.io/l_watermark_346,w_480,h_480/a_ignore,w_480,h_480,c_fit,q_auto,f_auto/6a3544b60d924f16b253629698968a3c.jpg",MSN Laboratories,19,67,14
Mydrat-J Eye Drop,Atropine (0.01% w/v),Treatment of Myopia,Stinging sensation,"https://onemg.gumlet.io/l_watermark_346,w_480,h_480/a_ignore,w_480,h_480,c_fit,q_auto,f_auto/ocx03rnqvmlht6nsqz4b.jpg",Jawa Pharmaceuticals  Pvt Ltd,0,56,44
Montina-L Syrup,Levocetirizine (2.5mg/5ml) + Montelukast (4mg/5ml),Treatment of Sneezing and runny nose due to allergiesTreatment of Hay feverTreatment of Allergic skin conditions,Rash Nausea Diarrhea Dryness in mouth Fatigue Headache Skin rash Sleepiness Vomiting,"https://onemg.gumlet.io/l_watermark_346,w_480,h_480/a_ignore,w_480,h_480,c_fit,q_auto,f_auto/cropped/fqaqu9r8fsgyomllwujk.jpg",Aristo Pharmaceuticals Pvt Ltd,50,22,28
MP 8mg Tablet,Methylprednisolone (8mg),Treatment of Rheumatic disorderTreatment of Systemic lupus erythematosus (SLE)Treatment of Allergic conditionsTreatment of Eye disordersTreatment of Skin disorders,Thinning of skin Increased risk of infection Reduction in bone density Weight gain Mood changes Upset stomach Behavioral changes,"https://onemg.gumlet.io/l_watermark_346,w_480,h_480/a_ignore,w_480,h_480,c_fit,q_auto,f_auto/c602a3399b80457c835a42dc8b2672ee.jpg",Icon Life Sciences,0,0,100
Metaglez Forte Tablet,Glipizide (5mg) + Metformin (500mg),Treatment of Type 2 diabetes mellitus,Hypoglycemia low blood glucose level Diarrhea Headache Upper respiratory tract infection,"https://onemg.gumlet.io/l_watermark_346,w_480,h_480/a_ignore,w_480,h_480,c_fit,q_auto,f_auto/cropped/gynqsperqoruqqjqxkrh.jpg",Aristo Pharmaceuticals Pvt Ltd,67,33,0
MCM Gel Eye Drop,Carboxymethylcellulose (0.5% w/v),Treatment of Dry eyes,Eye irritation Burning eyes Eye discomfort Eye itching Eye pain,"https://onemg.gumlet.io/l_watermark_346,w_480,h_480/a_ignore,w_480,h_480,c_fit,q_auto,f_auto/cropped/jc7aftegitd9uwldujln.jpg",Medivision Pharm,17,58,25
Meganano Gel,silver nano particles (0.002% w/w),Prevention of Infections,Limited data available,"https://onemg.gumlet.io/l_watermark_346,w_480,h_480/a_ignore,w_480,h_480,c_fit,q_auto,f_auto/xsjfu2twzbwudtlojpwr.jpg",Zuventus Healthcare Ltd,56,22,22
Myfortic 180mg Tablet,Mycophenolate sodium (180mg), Prevention of organ rejection in transplant patients,Nausea Vomiting Diarrhea Abdominal pain Headache High blood pressure Decreased white blood cell count neutrophils Bacterial infection Fungal infection Pneumonia Increased uric acid level in blood Electrolyte imbalance Anxiety Breathlessness Increased creatinine level in blood Anemia low number of red blood cells Acne Muscle pain,"https://onemg.gumlet.io/l_watermark_346,w_480,h_480/a_ignore,w_480,h_480,c_fit,q_auto,f_auto/z3u0kfnvvttgha95jclf.jpg",Novartis India Ltd,50,50,0
Metride Plus 2 Tablet SR,Glimepiride (2mg) + Metformin (500mg) + Pioglitazone (15mg),Treatment of Type 2 diabetes mellitus,Hypoglycemia low blood glucose level Dizziness Headache Nausea Vomiting Diarrhea Flatulence Bronchitis inflammation of the airways Anemia low number of red blood cells Edema swelling,"https://onemg.gumlet.io/l_watermark_346,w_480,h_480/a_ignore,w_480,h_480,c_fit,q_auto,f_auto/8c0618e47b7a4fdc8559750e5cc8bddc.jpg",Torrent Pharmaceuticals Ltd,47,53,0
Mutop Ointment,Mupirocin (2% w/w),Treatment of Bacterial skin infections,Itching Burning sensation Stinging sensation Pain,"https://onemg.gumlet.io/l_watermark_346,w_480,h_480/a_ignore,w_480,h_480,c_fit,q_auto,f_auto/cropped/qk8lweegu6jxbibd4dda.jpg",Dupen Laboratories Pvt Ltd,47,40,13
Mflotas LP Eye Drop,Loteprednol etabonate (0.5% w/v) + Moxifloxacin (0.5% w/v),Treatment of Eye infection with inflammation,Eye irritation Eye discomfort,"https://onemg.gumlet.io/l_watermark_346,w_480,h_480/a_ignore,w_480,h_480,c_fit,q_auto,f_auto/d479b13f157a4406b12ac144832460a7.jpg",Intas Pharmaceuticals Ltd,58,42,0
Maxtra-O Nasal Spray,Oxymetazoline (0.05% w/v), Nasal congestion (blocked nose),Irritation Dryness in mouth Dry throat,"https://onemg.gumlet.io/l_watermark_346,w_480,h_480/a_ignore,w_480,h_480,c_fit,q_auto,f_auto/e9xokuynhnlavxnqqqjk.jpg",Zuventus Healthcare Ltd,33,67,0
Maxiflo 100 Rotacap,Formoterol (6mcg) + Fluticasone Propionate (100mcg),Treatment of Chronic obstructive pulmonary disease (COPD),Headache Cough Upper respiratory tract infection Nasopharyngitis inflammation of the throat and nasal passages Sinus inflammation Stomach discomfort Fungal infection of oropharynx Tremors Palpitations Voice change,"https://onemg.gumlet.io/l_watermark_346,w_480,h_480/a_ignore,w_480,h_480,c_fit,q_auto,f_auto/v3jipou7dymbp85p4axd.jpg",Cipla Ltd,33,45,22
Monit 60-SR Tablet,Isosorbide Mononitrate (60mg),Prevention of Angina (heart-related chest pain),Headache Flushing sense of warmth in the face ears neck and trunk Upper respiratory tract infection Abdominal pain Allergic reaction Chest pain Diarrhea,"https://onemg.gumlet.io/l_watermark_346,w_480,h_480/a_ignore,w_480,h_480,c_fit,q_auto,f_auto/cropped/metdrxpvvlyasab29twh.jpg",Intas Pharmaceuticals Ltd,50,25,25
Monit 60-SR Tablet,Isosorbide Mononitrate (60mg),Prevention of Angina (heart-related chest pain),Headache Flushing sense of warmth in the face ears neck and trunk Upper respiratory tract infection Abdominal pain Allergic reaction Chest pain Diarrhea,"https://onemg.gumlet.io/l_watermark_346,w_480,h_480/a_ignore,w_480,h_480,c_fit,q_auto,f_auto/cropped/metdrxpvvlyasab29twh.jpg",Intas Pharmaceuticals Ltd,50,25,25
Modin 5 Tablet,Procyclidine (5mg), Parkinson's disease Drug induced abnormal movements,Dryness in mouth Nausea Vomiting Constipation Blurred vision Dizziness Lightheadedness Dilatation of pupil Epigastric pain,"https://onemg.gumlet.io/l_watermark_346,w_480,h_480/a_ignore,w_480,h_480,c_fit,q_auto,f_auto/pjnl9lsyy8dlsbtk2rs2.jpg",Mova Pharmaceutical Pvt Ltd,0,78,22
Moxocard 0.2 Tablet,Moxonidine (0.2mg), Hypertension (high blood pressure),Dryness in mouth Headache Rash Dizziness Back pain Insomnia difficulty in sleeping Sleepiness Vomiting Weakness Nausea Diarrhea Vertigo,"https://onemg.gumlet.io/l_watermark_346,w_480,h_480/a_ignore,w_480,h_480,c_fit,q_auto,f_auto/cropped/pry1mxnzuc65yekhm3wi.jpg",Lupin Ltd,100,0,0
Michelle -SR Tablet,Progesterone (300mg), Hormone replacement therapy Female infertility,Abdominal bloating Hot flushes Vaginal discharge Urinary incontinence Headache Fatigue Joint pain Cough Abnormal menstrual bleeding Musculoskeletal bone muscle or joint pain Slurred speech Pain behind eyes Vertigo,"https://onemg.gumlet.io/l_watermark_346,w_480,h_480/a_ignore,w_480,h_480,c_fit,q_auto,f_auto/fhybn4q9n9qkodc4tzpn.jpg",Akumentis Healthcare Ltd,100,0,0
Mazetol SR 300 Tablet,Carbamazepine (300mg), Epilepsy/Seizures Trigeminal neuralgia Diabetic nerve pain,Dizziness Nausea Vomiting Constipation Sleepiness Abnormality of voluntary movements,"https://onemg.gumlet.io/l_watermark_346,w_480,h_480/a_ignore,w_480,h_480,c_fit,q_auto,f_auto/3c22f073f9d948fe9c0b1f586df4028e.jpg",Abbott,50,50,0
Microgest SR 200 Tablet,Progesterone (Natural Micronized) (200mg), Hormone replacement therapyTreatment of Female infertility,Abdominal pain Nausea Abnormal vaginal bleeding Edema swelling Hair loss Abdominal bloating Headache Breast pain Vomiting Vaginal yeast infection,"https://onemg.gumlet.io/l_watermark_346,w_480,h_480/a_ignore,w_480,h_480,c_fit,q_auto,f_auto/b9ba9d8e488a41c29411cc7b37eb9a36.jpg",Walter Bushnell,56,11,33
Merislon 6 Tablet,Betahistine (6mg),Treatment of Meniere's disease,Headache Indigestion Nausea Stomach pain Bloating,"https://onemg.gumlet.io/l_watermark_346,w_480,h_480/a_ignore,w_480,h_480,c_fit,q_auto,f_auto/cropped/fnvlaobpbufpshsaf1zu.jpg",Eisai Pharmaceuticals India Pvt Ltd,48,40,12
Macgest 200mg Injection,Progesterone (Natural Micronized) (200mg), Hormone replacement therapyTreatment of Female infertility,Abdominal pain Breast tenderness Dizziness Abdominal cramp Back pain Hypotension low blood pressure Vaginal bleeding,"https://onemg.gumlet.io/l_watermark_346,w_480,h_480/a_ignore,w_480,h_480,c_fit,q_auto,f_auto/d193741b90ce43108a1eda5081b876b7.jpg",Macleods Pharmaceuticals Pvt Ltd,22,11,67
Macfast 125 Oral Suspension,Paracetamol (125mg/5ml), Pain reliefTreatment of Fever,Indigestion Stomach pain Nausea Vomiting,"https://onemg.gumlet.io/l_watermark_346,w_480,h_480/a_ignore,w_480,h_480,c_fit,q_auto,f_auto/cropped/zrg7wmyuxcsrbqsprbyc.jpg",Macleods Pharmaceuticals Pvt Ltd,0,33,67
Metacortil  Cream,Mometasone (0.1% w/w),Treatment of Skin conditions with inflammation & itching,Stinging sensation Itching Hair follicle inflammation,"https://onemg.gumlet.io/l_watermark_346,w_480,h_480/a_ignore,w_480,h_480,c_fit,q_auto,f_auto/cropped/e3ef49uyolzduokfrowx.jpg",Macleods Pharmaceuticals Pvt Ltd,50,0,50
Mupinase Cream,Mupirocin (2%),Treatment of Bacterial skin infections,Itching Burning sensation Stinging sensation Pain,"https://onemg.gumlet.io/l_watermark_346,w_480,h_480/a_ignore,w_480,h_480,c_fit,q_auto,f_auto/v5dcvj8hbjskm7bd78n7.jpg",Cipla Ltd,33,39,28
Metapro 25 Tablet,Metoprolol Tartrate (25mg),Treatment of Hypertension (high blood pressure)Treatment of Angina (heart-related chest pain)Treatment of ArrhythmiaPrevention of Heart attackPrevention of Migraine,Orthostatic hypotension sudden lowering of blood pressure on standing Slow heart rate Headache Dizziness Tiredness Stomach pain Nausea Breathlessness,"https://onemg.gumlet.io/l_watermark_346,w_480,h_480/a_ignore,w_480,h_480,c_fit,q_auto,f_auto/e5bf8c42731b4d91ad02c337320c5def.jpg",Micro Labs Ltd,0,0,100
Mlobe-PD Eye Drop,Moxifloxacin (0.5% w/v) + Prednisolone (1% w/v),Treatment of Bacterial infections,Eye irritation Eye discomfort Blurred vision,"https://onemg.gumlet.io/l_watermark_346,w_480,h_480/a_ignore,w_480,h_480,c_fit,q_auto,f_auto/cropped/hkwkvnq0rcgzbrqffmqf.jpg",Sapient Laboratories Pvt Ltd,100,0,0
Myofest Tablet,Levo-carnitine (500mg) + L-Arginine (100mg) + Vitamin E (100mg) + Methylcobalamin (750mcg), Nutritional deficiencies,Nausea Vomiting,"https://onemg.gumlet.io/l_watermark_346,w_480,h_480/a_ignore,w_480,h_480,c_fit,q_auto,f_auto/a4d87e9efd9c42bfad72b4b5e413394a.jpg",Holy Lifesciences,100,0,0
Mycept 250 Capsule,Mycophenolate mofetil (250mg), Prevention of organ rejection in transplant patients,Nausea Vomiting Diarrhea Abdominal pain Headache High blood pressure Decreased white blood cell count neutrophils Fungal infection Low blood platelets Anemia low number of red blood cells Skin cancer Bacterial infection Hypercholesterolemia high cholesterol Viral infection Electrolyte imbalance Gout Weight loss Tremors Convulsion Tumor,"https://onemg.gumlet.io/l_watermark_346,w_480,h_480/a_ignore,w_480,h_480,c_fit,q_auto,f_auto/7828c1a44a734e1aa08b08217be26609.jpg",Panacea Biotec Ltd,67,33,0
Momefit Nasal Spray,Mometasone (50mcg),Treatment and prevention of Sneezing and runny nose due to allergiesTreatment of Nasal congestion (blocked nose)Treatment of Nasal polyps,Nasal irritation Sore throat Nosebleeds Upper respiratory tract infection Viral infection Vomiting Wheezing,"https://onemg.gumlet.io/l_watermark_346,w_480,h_480/a_ignore,w_480,h_480,c_fit,q_auto,f_auto/a5d6c1cc0215460d93900bd8d239e313.jpg",Entod Pharmaceuticals Ltd,100,0,0
Mibcal Soft Gelatin Capsule,Calcitriol (0.25mcg) + Calcium citrate (1000mg) + Zinc Sulphate Monohydrate (7.5mg) + Methylcobalamin (1500mcg) + L-Methyl Folate (800mcg) + Boron (5mg) + Magnesium Oxide (50mg), Nutritional deficiencies,Limited data available,"https://onemg.gumlet.io/l_watermark_346,w_480,h_480/a_ignore,w_480,h_480,c_fit,q_auto,f_auto/715403d6ee7f4ed694a4ec5785e0d759.jpg",Mibsons Pharmaceutical Pvt Ltd,67,33,0
Monoguard-B Cream,Sertaconazole (2% w/w) + Beclometasone (0.025% w/w), Skin infections,Application site reactions burning irritation itching and redness Thinning of skin Skin peeling,"https://onemg.gumlet.io/l_watermark_346,w_480,h_480/a_ignore,w_480,h_480,c_fit,q_auto,f_auto/78450c3ca08f4e6ab5f55d1cb91e648b.jpg",Micro Labs Ltd,53,47,0
Metonce 25mg Tablet PR,Metoprolol Succinate (25mg),Treatment of Hypertension (high blood pressure)Treatment of Angina (heart-related chest pain)Treatment of ArrhythmiaPrevention of Heart attackPrevention of Migraine,Fatigue Headache Slow heart rate Dizziness Nausea Breathlessness Rash Diarrhea Depression,"https://onemg.gumlet.io/l_watermark_346,w_480,h_480/a_ignore,w_480,h_480,c_fit,q_auto,f_auto/29a2dea0438747da90e9795885aff418.jpg",MSN Laboratories,0,50,50
Mycoclin Shampoo,Sertaconazole (2% w/w) + Zinc pyrithione (1% w/w),Treatment of Dandruff,Limited data available,"https://onemg.gumlet.io/l_watermark_346,w_480,h_480/a_ignore,w_480,h_480,c_fit,q_auto,f_auto/cropped/gck8rlcqunn9gpxg5otk.jpg",Canixa Life Sciences Pvt,44,30,26
Momoz S Ointment,Mometasone (0.1% w/w) + Salicylic Acid (5% w/w), Eczema Psoriasis,Itching Burning sensation Erythema skin redness Scaling,"https://onemg.gumlet.io/l_watermark_346,w_480,h_480/a_ignore,w_480,h_480,c_fit,q_auto,f_auto/d2cde185c234413990fa9b56f8247c4c.jpg",Torrent Pharmaceuticals Ltd,28,61,11
Meslo 1200 Tablet PR,Mesalazine (1200mg), Ulcerative colitis Crohn’s disease,Stomach pain epigastric pain Flatulence Headache Vomiting Diarrhea Nausea Abdominal pain Rash,"https://onemg.gumlet.io/l_watermark_346,w_480,h_480/a_ignore,w_480,h_480,c_fit,q_auto,f_auto/gxtfm6qus5uley5srkim.jpg",Zydus Cadila,49,36,15
Metpure-H 50 Tablet,Metoprolol Succinate (50mg) + Hydrochlorothiazide (12.5mg), Hypertension (high blood pressure),Fatigue Nasopharyngitis inflammation of the throat and nasal passages,"https://onemg.gumlet.io/l_watermark_346,w_480,h_480/a_ignore,w_480,h_480,c_fit,q_auto,f_auto/iql9cjxw0lzsuizih8g4.jpg",Emcure Pharmaceuticals Ltd,25,8,67
Montek Plus Tablet,Bambuterol (10mg) + Montelukast (10mg),Treatment of Asthma,Diarrhea Upper respiratory tract infection Fever Headache Pharyngitis Cough Abdominal pain Otitis media infection of ear Influenza Runny nose Sinus inflammation Tremors Nervousness,"https://onemg.gumlet.io/l_watermark_346,w_480,h_480/a_ignore,w_480,h_480,c_fit,q_auto,f_auto/ccjzioazhr4wmdlz3pdf.jpg",Sun Pharmaceutical Industries Ltd,67,33,0
Minokem 5% Spray,Minoxidil (5% w/v),Treatment of Hair loss,Itching Chest pain Headache Hypertrichosis excessive hair growth Rash Dermatitis Hypersensitivity Weight gain Fluid retention Tachycardia,"https://onemg.gumlet.io/l_watermark_346,w_480,h_480/a_ignore,w_480,h_480,c_fit,q_auto,f_auto/cropped/zs8m88vdvsvu3mtrsz0v.jpg",Alkem Laboratories Ltd,26,44,30
Mucocoat-O Suspension Sugar Free,Sucralfate (1000mg) + Oxetacaine (20mg),Treatment of AcidityTreatment of HeartburnTreatment of Stomach ulcers,Constipation Nausea Vomiting Dizziness Insomnia difficulty in sleeping Allergic reaction,"https://onemg.gumlet.io/l_watermark_346,w_480,h_480/a_ignore,w_480,h_480,c_fit,q_auto,f_auto/cd4467ca6a9d4657b28458f86376793b.jpg",Nexgen Rx Life Science Pvt Ltd,0,67,33
Myophage Tablet SR,Metformin (500mg) + Myo-Inositol (600mg),Treatment of Polycystic ovarian syndrome (PCOS),Taste change Dizziness Stomach pain Nausea Diarrhea Loss of appetite,"https://onemg.gumlet.io/l_watermark_346,w_480,h_480/a_ignore,w_480,h_480,c_fit,q_auto,f_auto/nx54gk0xzq0dguwcgd6k.jpg",Strivo Pharma Pvt Ltd,0,0,100
Metgem 1gm Tablet ER,Metformin (1000mg),Treatment of Type 2 diabetes mellitus,Diarrhea Nausea Vomiting Flatulence,"https://onemg.gumlet.io/l_watermark_346,w_480,h_480/a_ignore,w_480,h_480,c_fit,q_auto,f_auto/cropped/etwnihumcvdx7ntvs2q0.jpg",Sun Pharmaceutical Industries Ltd,22,39,39
Montemac Plus Tablet,Bambuterol (10mg) + Montelukast (10mg),Treatment of Asthma,Diarrhea Upper respiratory tract infection Fever Headache Pharyngitis Cough Abdominal pain Otitis media infection of ear Influenza Runny nose Sinus inflammation Tremors Nervousness,"https://onemg.gumlet.io/l_watermark_346,w_480,h_480/a_ignore,w_480,h_480,c_fit,q_auto,f_auto/8af6748084bb4986a9957b40312d3d5b.jpg",Macleods Pharmaceuticals Pvt Ltd,67,33,0
Minscalp 5% Gel (30gm Each) Gel,Minoxidil (5% w/v),Treatment of Hair loss,Itching Chest pain Headache Hypertrichosis excessive hair growth Rash Dermatitis Hypersensitivity Weight gain Fluid retention Tachycardia,"https://onemg.gumlet.io/l_watermark_346,w_480,h_480/a_ignore,w_480,h_480,c_fit,q_auto,f_auto/5943f5bac2054b80b0abbf5efb81193f.jpg",East West Pharma,0,56,44
Monoguard Cream,Sertaconazole (2% w/w),Treatment of Fungal skin infectionsTreatment of Fungal infections,Application site reactions burning irritation itching and redness Skin irritation,"https://onemg.gumlet.io/l_watermark_346,w_480,h_480/a_ignore,w_480,h_480,c_fit,q_auto,f_auto/o6c4pvkgxxpztqcyokb9.jpg",Micro Labs Ltd,29,44,27
Mylimus 0.1% Ointment,Tacrolimus (0.1% w/w),Treatment of Atopic dermatitis,Application site reactions burning irritation itching and redness Headache Hair follicle inflammation,"https://onemg.gumlet.io/l_watermark_346,w_480,h_480/a_ignore,w_480,h_480,c_fit,q_auto,f_auto/cropped/l5yamwyt8zuojmmqfrhy.jpg",Mylan Pharmaceuticals Pvt Ltd - A Viatris Company,0,33,67
Momben-F Cream,Mometasone (0.1% w/w) + Fusidic Acid (2% w/w),Treatment of Skin conditions with inflammation & itching,Headache Sore throat Itching Nosebleeds Viral infection Upper respiratory tract infection Vomiting,"https://onemg.gumlet.io/l_watermark_346,w_480,h_480/a_ignore,w_480,h_480,c_fit,q_auto,f_auto/cropped/onw2vmfigosc2bos3jjv.png",Rockmed Pharma Pvt. Ltd.,33,34,33
Mytiflam Tablet,Diclofenac (NA) + Paracetamol (NA) + Serratiopeptidase (NA), Pain relief,Nausea Vomiting Stomach pain Indigestion Heartburn Loss of appetite Diarrhea,"https://onemg.gumlet.io/l_watermark_346,w_480,h_480/a_ignore,w_480,h_480,c_fit,q_auto,f_auto/6a473e2f4b5f45eb8738ae321d6a74ec.jpg",Uniprogen Biotech Pvt Ltd,67,33,0
Montelo LC Tablet,Levocetirizine (5mg) + Montelukast (10mg),Treatment of Sneezing and runny nose due to allergiesTreatment of Hay feverTreatment of Allergic skin conditions,Nausea Diarrhea Dryness in mouth Fatigue Headache Skin rash Sleepiness Vomiting,"https://onemg.gumlet.io/l_watermark_346,w_480,h_480/a_ignore,w_480,h_480,c_fit,q_auto,f_auto/c79e9f041062407495a4fef3438abc0c.jpg",Mascot Health Series Pvt Ltd,33,34,33
Monzem LC Tablet,Levocetirizine (5mg) + Montelukast (10mg),Treatment of Sneezing and runny nose due to allergiesTreatment of Hay feverTreatment of Allergic skin conditions,Nausea Diarrhea Dryness in mouth Fatigue Headache Skin rash Sleepiness Vomiting,"https://onemg.gumlet.io/l_watermark_346,w_480,h_480/a_ignore,w_480,h_480,c_fit,q_auto,f_auto/o49wkeurwoqazjr3m13x.jpg",Saffron Therapeutics Pvt Ltd,0,0,100
Metromax-XL 50 Tablet,Metoprolol Succinate (47.5mg),Treatment of Hypertension (high blood pressure)Treatment of Angina (heart-related chest pain)Treatment of ArrhythmiaPrevention of Heart attackPrevention of Migraine,Fatigue Headache Slow heart rate Dizziness Nausea Breathlessness Rash Diarrhea Depression,"https://onemg.gumlet.io/l_watermark_346,w_480,h_480/a_ignore,w_480,h_480,c_fit,q_auto,f_auto/5929dec5677f462bb4a4653253821223.jpg",Akumentis Healthcare Ltd,33,67,0
Methimercazole 5 Tablet,Methimazole (5mg), Hyperthyroidism,Skin rash Nausea Hair loss Headache Paresthesia tingling or pricking sensation Joint pain Taste change Drowsiness Muscle pain,"https://onemg.gumlet.io/l_watermark_346,w_480,h_480/a_ignore,w_480,h_480,c_fit,q_auto,f_auto/aac3efc9f72142a9b2875d49dc03775d.jpg",Abbott,67,33,0
Meganerv G 300mg/500mcg Tablet,Gabapentin (300mg) + Methylcobalamin (500mcg),Treatment of Neuropathic pain,Dizziness Sleepiness Tiredness Uncoordinated body movements,"https://onemg.gumlet.io/l_watermark_346,w_480,h_480/a_ignore,w_480,h_480,c_fit,q_auto,f_auto/de1aa02aec954a87ba720d0f142917ef.jpg",Alkem Laboratories Ltd,67,33,0
Momenta 50mcg Nasal Spray,Mometasone (50mcg),Treatment and prevention of Sneezing and runny nose due to allergiesTreatment of Nasal congestion (blocked nose)Treatment of Nasal polyps,Nasal irritation Sore throat Nosebleeds Upper respiratory tract infection Viral infection Vomiting Wheezing,"https://onemg.gumlet.io/l_watermark_346,w_480,h_480/a_ignore,w_480,h_480,c_fit,q_auto,f_auto/jcj9sya3qiuwihupxr5h.jpg",NuLife Pharmaceuticals,100,0,0
Mirator 0.25 Tablet,Pramipexole (0.25mg), Parkinson's disease Restless leg syndrome,Dizziness Sleepiness Nausea Dryness in mouth Fatigue Hallucination Constipation Peripheral edema Muscle spasm,"https://onemg.gumlet.io/l_watermark_346,w_480,h_480/a_ignore,w_480,h_480,c_fit,q_auto,f_auto/b3e0d390e7284fe898a40dbedd85f906.jpg",Torrent Pharmaceuticals Ltd,22,45,33
MR Met 500mg Tablet,Metformin (500mg),Treatment of Type 2 diabetes mellitus,Diarrhea Nausea Vomiting Flatulence,"https://onemg.gumlet.io/l_watermark_346,w_480,h_480/a_ignore,w_480,h_480,c_fit,q_auto,f_auto/f10f23d156d14c45b0b4ffc3eb9dca2e.jpg",Akesiss Pharma Pvt Ltd,0,33,67
Magnatuss-DX Syrup Sugar Free,Chlorpheniramine Maleate (4mg/5ml) + Dextromethorphan Hydrobromide (10mg/5ml),Treatment of Dry cough,Upset stomach Sleepiness,"https://onemg.gumlet.io/l_watermark_346,w_480,h_480/a_ignore,w_480,h_480,c_fit,q_auto,f_auto/cropped/yohzz9znfjpdnrorpj9v.png",Mankind Pharma Ltd,0,0,100
Metozaar XL 50 Tablet,Metoprolol Succinate (47.5mg),Treatment of Hypertension (high blood pressure)Treatment of Angina (heart-related chest pain)Treatment of ArrhythmiaPrevention of Heart attackPrevention of Migraine,Fatigue Headache Slow heart rate Dizziness Nausea Breathlessness Rash Diarrhea Depression,"https://onemg.gumlet.io/l_watermark_346,w_480,h_480/a_ignore,w_480,h_480,c_fit,q_auto,f_auto/1aacf4e0fc74443c9b22235a86dfea86.jpg",Corona Remedies Pvt Ltd,33,45,22
Maxpride 50 Tablet,Amisulpride (50mg), Schizophrenia,Nausea Vomiting Dryness in mouth Constipation Weight gain Decreased blood pressure Dystonia involuntary muscle contractions Akathisia inability to stay still Parkinsonism Increased prolactin level in blood,"https://onemg.gumlet.io/l_watermark_346,w_480,h_480/a_ignore,w_480,h_480,c_fit,q_auto,f_auto/cropped/wnpvr8rdwyq1zps7vmsv.jpg",Micro Labs Ltd,67,33,0
Monit GTN 2.6 Tablet CR,Nitroglycerin (2.6mg),Treatment of Angina (heart-related chest pain),Blurred vision Decreased blood pressure Dizziness Headache Increased heart rate Lightheadedness Paresthesia tingling or pricking sensation,"https://onemg.gumlet.io/l_watermark_346,w_480,h_480/a_ignore,w_480,h_480,c_fit,q_auto,f_auto/2969b1b13279458a9aacce2e399f4007.jpg",Intas Pharmaceuticals Ltd,50,50,0
Merotrol 500mg Injection,Meropenem (500mg), Severe bacterial infections,Rash Headache Vomiting Nausea Itching Diarrhea Injection site inflammation Anemia low number of red blood cells Sepsis Constipation Apnea absence of breathing Shock,"https://onemg.gumlet.io/l_watermark_346,w_480,h_480/a_ignore,w_480,h_480,c_fit,q_auto,f_auto/43f2ab593662493387962ee28a900354.jpg",Lupin Ltd,50,17,33
Minotreat 5% Lotion,Minoxidil (5% w/v),Treatment of Hair loss,Itching Chest pain Headache Hypertrichosis excessive hair growth Rash Dermatitis Hypersensitivity Weight gain Fluid retention Tachycardia,"https://onemg.gumlet.io/l_watermark_346,w_480,h_480/a_ignore,w_480,h_480,c_fit,q_auto,f_auto/ipif6cslunpxe6m77ubq.jpg",Ikon Remedies Pvt Ltd,67,33,0
Metasone S Ointment,Mometasone (0.1% w/w) + Salicylic Acid (5% w/w), Eczema Psoriasis,Itching Burning sensation Erythema skin redness Scaling,"https://onemg.gumlet.io/l_watermark_346,w_480,h_480/a_ignore,w_480,h_480,c_fit,q_auto,f_auto/fjlk3lqgm4t6uxcheplx.jpg",Talent India ,0,67,33
Medomol Drop,Paracetamol (100mg/ml), Pain reliefTreatment of Fever,Indigestion Stomach pain Nausea Vomiting,"https://onemg.gumlet.io/l_watermark_346,w_480,h_480/a_ignore,w_480,h_480,c_fit,q_auto,f_auto/cropped/gcglui6gtrjjgg85c6no.jpg",Medopharm,67,33,0
Minotas 45mg Tablet ER,Minocycline (45mg),Treatment of Bacterial infectionsTreatment of Acne,Headache Dizziness Itching Fatigue,"https://onemg.gumlet.io/l_watermark_346,w_480,h_480/a_ignore,w_480,h_480,c_fit,q_auto,f_auto/33ef37f0e2294eb59e9612fa64356530.jpg",Intas Pharmaceuticals Ltd,33,17,50
Metopole-AM 5mg/50mg Tablet,Amlodipine (5mg) + Metoprolol Succinate (50mg),Treatment of Hypertension (high blood pressure),Nausea Slow heart rate Abdominal pain Dizziness Fatigue Sleepiness Ankle swelling Constipation Edema swelling Flushing sense of warmth in the face ears neck and trunk Palpitations Headache Vomiting Visual disturbance Orthostatic hypotension sudden lowering of blood pressure on standing Breathlessness Muscle cramp,"https://onemg.gumlet.io/l_watermark_346,w_480,h_480/a_ignore,w_480,h_480,c_fit,q_auto,f_auto/0b6c91201fc84c4faffe2a65d3608fec.jpg",Knoll Pharmaceuticals Ltd,22,78,0
Makair Tablet,Levocetirizine (NA) + Montelukast (NA),Treatment of Sneezing and runny nose due to allergiesTreatment of Hay feverTreatment of Allergic skin conditions,Nausea Diarrhea Dryness in mouth Fatigue Headache Skin rash Sleepiness Vomiting,"https://onemg.gumlet.io/l_watermark_346,w_480,h_480/a_ignore,w_480,h_480,c_fit,q_auto,f_auto/cropped/wbahpjof3cejkejpgqkl.png",Makers Laboratories Ltd,67,33,0
Minscalp 10% Topical Solution,Minoxidil (10% w/v),Treatment of Hair loss,Itching Chest pain Headache Hypertrichosis excessive hair growth Rash Dermatitis Hypersensitivity Weight gain Fluid retention Tachycardia,"https://onemg.gumlet.io/l_watermark_346,w_480,h_480/a_ignore,w_480,h_480,c_fit,q_auto,f_auto/465611fbf41f4024969f988c1dd29eb7.jpg",East West Pharma,29,54,17
Merimol 650mg Tablet DT,Paracetamol (650mg), Pain reliefTreatment of Fever,Stomach pain Nausea Vomiting,"https://onemg.gumlet.io/l_watermark_346,w_480,h_480/a_ignore,w_480,h_480,c_fit,q_auto,f_auto/bnfztzmiottteiw7qese.jpg",Wockhardt Ltd,33,34,33
Minolast 10 Tablet,Levocetirizine (5mg) + Montelukast (10mg),Treatment of Sneezing and runny nose due to allergiesTreatment of Hay feverTreatment of Allergic skin conditions,Nausea Diarrhea Dryness in mouth Fatigue Headache Skin rash Sleepiness Vomiting,"https://onemg.gumlet.io/l_watermark_346,w_480,h_480/a_ignore,w_480,h_480,c_fit,q_auto,f_auto/04ab5f95546545f0ab4db12dc2b48812.jpg",Leeford Healthcare Ltd,21,40,39
Myonal 100mg Tablet,Nimesulide (100mg), Pain reliefTreatment of Fever,Vomiting Nausea Diarrhea,"https://onemg.gumlet.io/l_watermark_346,w_480,h_480/a_ignore,w_480,h_480,c_fit,q_auto,f_auto/efc42eb9ff034889b1851a75d555f303.jpg",Sanzyme Ltd,0,67,33
Micogel F Cream,Fluocinolone acetonide (0.01% w/w) + Miconazole (2% w/w),Treatment of Fungal skin infections,Skin peeling Blisters on skin Dry skin Application site reactions burning irritation itching and redness,"https://onemg.gumlet.io/l_watermark_346,w_480,h_480/a_ignore,w_480,h_480,c_fit,q_auto,f_auto/4fb7a7c526db40b88a5358de544f68b7.jpg",Cipla Ltd,39,61,0
Monosopt Eye Drop,Dorzolamide (2% w/v),Treatment of Glaucoma,Bitter taste Blurred vision Stinging in the eyes Burning eyes Eyelid inflammation,"https://onemg.gumlet.io/l_watermark_346,w_480,h_480/a_ignore,w_480,h_480,c_fit,q_auto,f_auto/8ec26b9e6f7c4b6ea95676961dae6ad7.jpg",Micro Labs Ltd,17,66,17
Minokem-N 5% Solution,Minoxidil (5% w/v) + Azelaic Acid (1.5% w/v) + Tretinoin (0.01% w/v), Hair loss,Application site irritation Itching Headache,"https://onemg.gumlet.io/l_watermark_346,w_480,h_480/a_ignore,w_480,h_480,c_fit,q_auto,f_auto/cropped/bcxyzrh1zex2vjucxkvh.jpg",Alkem Laboratories Ltd,19,56,25
Metcy 50 Tablet SR,Metoprolol Succinate (47.5mg),Treatment of Hypertension (high blood pressure)Treatment of Angina (heart-related chest pain)Treatment of ArrhythmiaPrevention of Heart attackPrevention of Migraine,Fatigue Headache Slow heart rate Dizziness Nausea Breathlessness Rash Diarrhea Depression,"https://onemg.gumlet.io/l_watermark_346,w_480,h_480/a_ignore,w_480,h_480,c_fit,q_auto,f_auto/2ace09e413314b13852793ed41a00e42.jpg",C M R Life Sciences,50,50,0
Mefanorm Suspension,Mefenamic Acid (100mg/5ml), Pain relief,Vomiting Stomach pain Nausea Headache Dizziness,"https://onemg.gumlet.io/l_watermark_346,w_480,h_480/a_ignore,w_480,h_480,c_fit,q_auto,f_auto/nnfpxpfyo9h7hokeyrr2.jpg",Serum Institute Of India Ltd,50,50,0
Myket Cream,Ketoconazole (NA), Fungal skin infections,Skin peeling Application site reactions burning irritation itching and redness Nausea Vomiting Abdominal pain Increased liver enzymes Application site redness Itching Diarrhea Abnormal liver function tests Adrenal insufficiency Application site burning,"https://onemg.gumlet.io/l_watermark_346,w_480,h_480/a_ignore,w_480,h_480,c_fit,q_auto,f_auto/cropped/edmpiyoq0ekrc9qysxxd.jpg",Kivi Labs Ltd,21,54,25
Migitus 5mg Tablet SR,Propranolol (40mg) + Flunarizine (5mg),Prevention of Migraine,Weight gain Slow heart rate Tiredness Depression Drowsiness Abnormal dreams Cold extremities,"https://onemg.gumlet.io/l_watermark_346,w_480,h_480/a_ignore,w_480,h_480,c_fit,q_auto,f_auto/cropped/w9zhano4ikbfn1gxknxx.jpg",Emcure Pharmaceuticals Ltd,17,41,42
Mostika-LP Eye Drop,Loteprednol etabonate (0.5% w/v) + Moxifloxacin (0.5% w/v),Treatment of Eye infection with inflammation,Eye irritation Eye discomfort,"https://onemg.gumlet.io/l_watermark_346,w_480,h_480/a_ignore,w_480,h_480,c_fit,q_auto,f_auto/b24058fa91724188a81f62527e4889f7.jpg",Opticarma India SMC Pvt Ltd,0,33,67
Macorate CR 300 Tablet,Magnesium Valproate (300mg), Epilepsy/SeizuresPrevention of Migraine Bipolar disorder,Headache Dizziness Blurred vision Loss of appetite Nausea Vomiting Sleepiness Hair loss Weight gain Double vision Diarrhea Impaired coordination Tremors Weakness Stomach pain Increased appetite,"https://onemg.gumlet.io/l_watermark_346,w_480,h_480/a_ignore,w_480,h_480,c_fit,q_auto,f_auto/cropped/beuwtxmyluhlslujmax1.jpg",Sun Pharmaceutical Industries Ltd,33,20,47
Metro PV Ointment,Metronidazole (1% w/w) + Povidone Iodine (5% w/w),Treatment of Wound infection,Dry skin Application site reactions burning irritation itching and redness,"https://onemg.gumlet.io/l_watermark_346,w_480,h_480/a_ignore,w_480,h_480,c_fit,q_auto,f_auto/cropped/xlgu4m4qgry0qphlabos.jpg",Calibar Pharmaceuticals,0,50,50
Metacortil-C Cream,Mometasone (0.1% w/w) + Clotrimazole (1% w/w),Treatment of Fungal skin infections,Application site reactions burning irritation itching and redness,"https://onemg.gumlet.io/l_watermark_346,w_480,h_480/a_ignore,w_480,h_480,c_fit,q_auto,f_auto/cropped/dt76zg1dxsij0hbgyidv.jpg",Macleods Pharmaceuticals Pvt Ltd,28,50,22
Modlip-AM Tablet,Amlodipine (2.5mg) + Atorvastatin (10mg), High blood pressure with high cholesterol,Nausea Stomach pain Headache Sleepiness Ankle swelling Flushing sense of warmth in the face ears neck and trunk Palpitations Constipation Muscle pain Increased glucose level in blood Increased liver enzymes Tiredness,"https://onemg.gumlet.io/l_watermark_346,w_480,h_480/a_ignore,w_480,h_480,c_fit,q_auto,f_auto/1edd561bc1154d95ba20bda998b7bc60.jpg",Torrent Pharmaceuticals Ltd,83,17,0
Minym 45mg Tablet ER,Minocycline (45mg),Treatment of Bacterial infectionsTreatment of Acne,Headache Dizziness Itching Fatigue,"https://onemg.gumlet.io/l_watermark_346,w_480,h_480/a_ignore,w_480,h_480,c_fit,q_auto,f_auto/1bcb21d6d6014d479b9a6dfa176b9672.jpg",Glenmark Pharmaceuticals Ltd,0,0,100
Myket-ZP Shampoo,Ketoconazole (2% w/v) + Zinc pyrithione (1% w/v),Treatment of Dandruff,Application site reactions burning irritation itching and redness,"https://onemg.gumlet.io/l_watermark_346,w_480,h_480/a_ignore,w_480,h_480,c_fit,q_auto,f_auto/cropped/n6fldbv4dyw67isehcql.png",Kivi Labs Ltd,13,60,27
Mecolab PG 750mcg/75mg Capsule,Methylcobalamin (750mcg) + Pregabalin (75mg),Treatment of Neuropathic pain,Dizziness Sleepiness Tiredness Uncoordinated body movements,"https://onemg.gumlet.io/l_watermark_346,w_480,h_480/a_ignore,w_480,h_480,c_fit,q_auto,f_auto/fa4362c0be674a8cb992372d0a737ce5.jpg",Medileb Speaciality Laboratories Pvt Ltd,67,33,0
Macgest 100 Capsule,Progesterone (Natural Micronized) (100mg), Hormone replacement therapyTreatment of Female infertility,Abdominal pain Nausea Abnormal vaginal bleeding Edema swelling Hair loss Abdominal bloating Headache Breast pain Vomiting Vaginal yeast infection,"https://onemg.gumlet.io/l_watermark_346,w_480,h_480/a_ignore,w_480,h_480,c_fit,q_auto,f_auto/cropped/foylfp6vzpszu3fcch9r.jpg",Macleods Pharmaceuticals Pvt Ltd,40,7,53
Montrelief-LC Tablet,Levocetirizine (5mg) + Montelukast (10mg),Treatment of Sneezing and runny nose due to allergiesTreatment of Hay feverTreatment of Allergic skin conditions,Nausea Diarrhea Dryness in mouth Fatigue Headache Skin rash Sleepiness Vomiting,"https://onemg.gumlet.io/l_watermark_346,w_480,h_480/a_ignore,w_480,h_480,c_fit,q_auto,f_auto/cropped/nmvbhvmpnkvmxwhf7zao.jpg",Signature Phytochemical Industries,56,44,0
MHG 6mg Lotion,Deca Peptide (6mg), Vitiligo,Dry skin Skin irritation Burning sensation,"https://onemg.gumlet.io/l_watermark_346,w_480,h_480/a_ignore,w_480,h_480,c_fit,q_auto,f_auto/587a646b305e4511aa015f9a3f3ac050.jpg",Canixa Life Sciences Pvt,0,0,100
Monteshine F 10mg/120mg Tablet,Montelukast (10mg) + Fexofenadine (120mg),Treatment of Sneezing and runny nose due to allergies,Nausea Diarrhea Vomiting Skin rash Flu like symptoms Headache Drowsiness Dizziness,"https://onemg.gumlet.io/l_watermark_346,w_480,h_480/a_ignore,w_480,h_480,c_fit,q_auto,f_auto/9cb923563df6466db0d5c5800567fd6d.jpg",Jupiter Biolabs Pvt Ltd,67,33,0
Meztec 1.2g Tablet PR,Mesalazine (1200mg), Ulcerative colitis Crohn’s disease,Stomach pain epigastric pain Flatulence Headache Vomiting Diarrhea Nausea Abdominal pain Rash,"https://onemg.gumlet.io/l_watermark_346,w_480,h_480/a_ignore,w_480,h_480,c_fit,q_auto,f_auto/cropped/plaqevvt1jwpzbl9y1xr.jpg",Zuventus Healthcare Ltd,33,45,22
Meltor 5 Tablet,Torasemide (5mg),Treatment of Hypertension (high blood pressure)Treatment of Edema,Headache Dizziness Dehydration Constipation Decreased blood pressure Upset stomach,"https://onemg.gumlet.io/l_watermark_346,w_480,h_480/a_ignore,w_480,h_480,c_fit,q_auto,f_auto/a21064ede31347e9b0870e1fbd6d30bb.jpg",Centaur Pharmaceuticals Pvt Ltd,67,33,0
Merispas Tablet,Dicyclomine (20mg) + Mefenamic Acid (250mg),Treatment of Menstrual painTreatment of Abdominal cramp,Dizziness Dryness in mouth Blurred vision Nausea Sleepiness Weakness Nervousness,"https://onemg.gumlet.io/l_watermark_346,w_480,h_480/a_ignore,w_480,h_480,c_fit,q_auto,f_auto/oyfxltxbyv4mltexr2bb.jpg",Unimarck Pharma India Ltd,0,0,100
Monti-DL Tablet,Desloratadine (5mg) + Montelukast (10mg), Sneezing and runny nose due to allergies,Nausea Diarrhea Dryness in mouth Vomiting Skin rash Flu like symptoms Fatigue Headache,"https://onemg.gumlet.io/l_watermark_346,w_480,h_480/a_ignore,w_480,h_480,c_fit,q_auto,f_auto/cropped/ycser5bas4q02toxolze.jpg",Elis Pharmaceuticals India Pvt Ltd,67,33,0
Melboost 2mg Solution,Deca Peptide (2mg), Vitiligo,Dry skin Skin irritation Burning sensation,"https://onemg.gumlet.io/l_watermark_346,w_480,h_480/a_ignore,w_480,h_480,c_fit,q_auto,f_auto/7c7974d721bf4664a7f40ca56d864f18.jpg",KLM Laboratories Pvt Ltd,50,17,33
Minotress Lotion,Minoxidil (5% w/v),Treatment of Hair loss,Itching Chest pain Headache Hypertrichosis excessive hair growth Rash Dermatitis Hypersensitivity Weight gain Fluid retention Tachycardia,"https://onemg.gumlet.io/l_watermark_346,w_480,h_480/a_ignore,w_480,h_480,c_fit,q_auto,f_auto/cropped/r4datedwriactdsxda1p.jpg",Prism Life Sciences Ltd,7,51,42
Minokem-N 2% Solution,Minoxidil (2% w/v) + Azelaic Acid (1.5% w/v) + Tretinoin (0.01% w/v), Hair loss,Application site irritation Itching Headache,"https://onemg.gumlet.io/l_watermark_346,w_480,h_480/a_ignore,w_480,h_480,c_fit,q_auto,f_auto/cropped/wyudnjieh6zwd5ctj5o8.jpg",Alkem Laboratories Ltd,25,23,52
Macorate CR 500 Tablet,Magnesium Valproate (500mg), Epilepsy/SeizuresPrevention of Migraine Bipolar disorder,Headache Dizziness Blurred vision Loss of appetite Nausea Vomiting Sleepiness Hair loss Weight gain Double vision Diarrhea Impaired coordination Tremors Weakness Stomach pain Increased appetite,"https://onemg.gumlet.io/l_watermark_346,w_480,h_480/a_ignore,w_480,h_480,c_fit,q_auto,f_auto/gq1sazkqkhod76adbikv.jpg",Sun Pharmaceutical Industries Ltd,0,33,67
Migrabeta-TR 80 Tablet,Propranolol (80mg),Treatment of PheochromocytomaTreatment of Hypertension (high blood pressure) Prevention of migraineTreatment of AnxietyTreatment of ArrhythmiaPrevention of Heart attackPrevention of Angina (heart-related chest pain)Treatment of Tremors,Tiredness Weakness Raynaud s phenomenon Arrhythmia irregular heartbeats Nausea Vomiting Diarrhea,"https://onemg.gumlet.io/l_watermark_346,w_480,h_480/a_ignore,w_480,h_480,c_fit,q_auto,f_auto/xwxydxtbqmidesxj1hcg.jpg",Alkem Laboratories Ltd,0,0,100
Metwon XR 50 Tablet,Metoprolol Succinate (47.5mg),Treatment of Hypertension (high blood pressure)Treatment of Angina (heart-related chest pain)Treatment of ArrhythmiaPrevention of Heart attackPrevention of Migraine,Fatigue Headache Slow heart rate Dizziness Nausea Breathlessness Rash Diarrhea Depression,"https://onemg.gumlet.io/l_watermark_346,w_480,h_480/a_ignore,w_480,h_480,c_fit,q_auto,f_auto/612257d1663245fd84701dbd1fe8802e.jpg",Walron Healthcare Pvt Ltd,67,33,0
Macorate CR 400 Tablet,Magnesium Valproate (400mg), Epilepsy/SeizuresPrevention of Migraine Bipolar disorder,Headache Dizziness Blurred vision Loss of appetite Nausea Vomiting Sleepiness Hair loss Weight gain Double vision Diarrhea Impaired coordination Tremors Weakness Stomach pain Increased appetite,"https://onemg.gumlet.io/l_watermark_346,w_480,h_480/a_ignore,w_480,h_480,c_fit,q_auto,f_auto/cropped/pwviryhoudpboufdib9l.jpg",Sun Pharmaceutical Industries Ltd,33,67,0
Mycept-S 180 Tablet,Mycophenolate sodium (180mg), Prevention of organ rejection in transplant patients,Nausea Vomiting Diarrhea Abdominal pain Headache High blood pressure Decreased white blood cell count neutrophils Bacterial infection Fungal infection Pneumonia Increased uric acid level in blood Electrolyte imbalance Anxiety Breathlessness Increased creatinine level in blood Anemia low number of red blood cells Acne Muscle pain,"https://onemg.gumlet.io/l_watermark_346,w_480,h_480/a_ignore,w_480,h_480,c_fit,q_auto,f_auto/36df693ffbcc403baa71bbee02ea78b3.jpg",Panacea Biotec Ltd,67,33,0
Macpril H 5 Tablet,Ramipril (5mg) + Hydrochlorothiazide (12.5mg), Hypertension (high blood pressure),Nausea Indigestion Taste change Diarrhea Stomach pain Headache Dizziness Weakness Glucose intolerance Increased uric acid level in blood Increased blood lipid level Electrolyte imbalance Cough Decreased blood pressure,"https://onemg.gumlet.io/l_watermark_346,w_480,h_480/a_ignore,w_480,h_480,c_fit,q_auto,f_auto/cropped/svzf1qarqwdyqqe5jh3c.jpg",Macleods Pharmaceuticals Pvt Ltd,83,17,0
Metspot XL 50 Tablet,Metoprolol Succinate (47.5mg),Treatment of Hypertension (high blood pressure)Treatment of Angina (heart-related chest pain)Treatment of ArrhythmiaPrevention of Heart attackPrevention of Migraine,Fatigue Headache Slow heart rate Dizziness Nausea Breathlessness Rash Diarrhea Depression,"https://onemg.gumlet.io/l_watermark_346,w_480,h_480/a_ignore,w_480,h_480,c_fit,q_auto,f_auto/a4a8a146cbbb4985ad45ba5ffb5d0f5b.jpg",Cadila Pharmaceuticals Ltd,67,33,0
Mac OS 1000mg/20mg Suspension,Sucralfate (1000mg) + Oxetacaine (20mg),Treatment of AcidityTreatment of HeartburnTreatment of Stomach ulcers,Constipation Nausea Vomiting Dizziness Insomnia difficulty in sleeping Allergic reaction,"https://onemg.gumlet.io/l_watermark_346,w_480,h_480/a_ignore,w_480,h_480,c_fit,q_auto,f_auto/cif7duzvixsuetes1qqd.jpg",Corona Remedies Pvt Ltd,0,50,50
Mycoclin Dusting Powder,Sertaconazole (2% w/w),Treatment of Fungal skin infectionsTreatment of Fungal infections,Application site reactions burning irritation itching and redness Skin irritation,"https://onemg.gumlet.io/l_watermark_346,w_480,h_480/a_ignore,w_480,h_480,c_fit,q_auto,f_auto/93653b703f57497e9cf4c3f2a5084446.jpg",Canixa Life Sciences Pvt,33,67,0
Mignar 25 Tablet,Miglitol (25mg),Treatment of Type 2 diabetes mellitus,Skin rash Flatulence Abdominal pain Diarrhea,"https://onemg.gumlet.io/l_watermark_346,w_480,h_480/a_ignore,w_480,h_480,c_fit,q_auto,f_auto/cropped/hi09mug9fmybqxtch9mo.jpg",Glenmark Pharmaceuticals Ltd,78,22,0
Maxgalin M 150 Capsule,Methylcobalamin (750mcg) + Pregabalin (150mg),Treatment of Neuropathic pain,Dizziness Sleepiness Tiredness Uncoordinated body movements,"https://onemg.gumlet.io/l_watermark_346,w_480,h_480/a_ignore,w_480,h_480,c_fit,q_auto,f_auto/cropped/zqptx0bqx3satzw3tcoz.jpg",Sun Pharmaceutical Industries Ltd,100,0,0
Monoguard Cream,Sertaconazole (2% w/w),Treatment of Fungal skin infectionsTreatment of Fungal infections,Application site reactions burning irritation itching and redness Skin irritation,"https://onemg.gumlet.io/l_watermark_346,w_480,h_480/a_ignore,w_480,h_480,c_fit,q_auto,f_auto/cropped/kwvwpvg03e7zodnrfklt.png",Micro Labs Ltd,38,44,18
Mixderm Cream,Clotrimazole (1% w/w) + Clobetasol (0.05% w/w) + Neomycin (0.5% w/w),Treatment of Skin infections,Application site reactions burning irritation itching and redness,"https://onemg.gumlet.io/l_watermark_346,w_480,h_480/a_ignore,w_480,h_480,c_fit,q_auto,f_auto/cropped/ximwy3innvtvi3xdzkz4.jpg",Omega Remedies Pvt Ltd,89,11,0
M-Laz Tablet,Tranexamic Acid (250mg) + Pine bark extract (75mg), Bleeding,Headache Sinus infection Back pain Abdominal pain Musculoskeletal bone muscle or joint pain Migraine Anemia low number of red blood cells Fatigue,"https://onemg.gumlet.io/l_watermark_346,w_480,h_480/a_ignore,w_480,h_480,c_fit,q_auto,f_auto/e09285f14b1640db944d9fe83383e9a2.jpg",Craza Lifesciences Pvt Ltd,44,56,0
Metatime 1000 XR Tablet,Metformin (1000mg),Treatment of Type 2 diabetes mellitus,Diarrhea Nausea Vomiting Flatulence,"https://onemg.gumlet.io/l_watermark_346,w_480,h_480/a_ignore,w_480,h_480,c_fit,q_auto,f_auto/f6294267bcdb4c56bcff826908627a86.jpg",Mankind Pharma Ltd,78,22,0
Metasens 500 Tablet SR,Metformin (500mg),Treatment of Type 2 diabetes mellitus,Diarrhea Nausea Vomiting Flatulence,"https://onemg.gumlet.io/l_watermark_346,w_480,h_480/a_ignore,w_480,h_480,c_fit,q_auto,f_auto/ubpfkhgo19eqmml9nq63.jpg",Anthem Biopharma,100,0,0
Metafine Cream,Mometasone (0.1% w/w) + Terbinafine (1% w/w),Treatment of Fungal skin infections,Application site reactions burning irritation itching and redness Burning sensation Skin atrophy Skin exfoliation,"https://onemg.gumlet.io/l_watermark_346,w_480,h_480/a_ignore,w_480,h_480,c_fit,q_auto,f_auto/cropped/mopyws81ywcna0snsrkh.png",Sanstuti Pharmaceuticals Pvt Ltd,44,56,0
Metozox 25mg Tablet ER,Metoprolol Succinate (25mg),Treatment of Hypertension (high blood pressure)Treatment of Angina (heart-related chest pain)Treatment of ArrhythmiaPrevention of Heart attackPrevention of Migraine,Fatigue Headache Slow heart rate Dizziness Nausea Breathlessness Rash Diarrhea Depression,"https://onemg.gumlet.io/l_watermark_346,w_480,h_480/a_ignore,w_480,h_480,c_fit,q_auto,f_auto/qdj5qnczzodttegxwrql.jpg",Lloyd Healthcare Pvt Ltd,100,0,0
Metlong-DS Tablet SR,Metformin (1000mg),Treatment of Type 2 diabetes mellitus,Diarrhea Nausea Vomiting Flatulence,"https://onemg.gumlet.io/l_watermark_346,w_480,h_480/a_ignore,w_480,h_480,c_fit,q_auto,f_auto/cropped/dviagdtiftcutqqxvhr9.jpg",Panacea Biotec Ltd,50,50,0
Mataret Cream,Mometasone (0.1% w/w),Treatment of Skin conditions with inflammation & itching,Stinging sensation Itching Hair follicle inflammation,"https://onemg.gumlet.io/l_watermark_346,w_480,h_480/a_ignore,w_480,h_480,c_fit,q_auto,f_auto/cropped/kjxwidmcdf226hiketuj.jpg",Dermakare Pharmaceuticals Pvt Ltd,50,0,50